CODIGO_SINIESTRO,FECHA_SINIESTRO,HORA_SINIESTRO,CLASE_SINIESTRO,CANTIDAD_FALLECIDOS,CANTIDAD_LESIONADOS,CANTIDAD_VEHICULOS,DEPARTAMENTO,PROVINCIA,DISTRITO,ZONA,TIPO_VIA,RED_VIAL,COD_CARRETERA,LATITUD,LONGITUD,CONDICION_CLIMATICA,ZONIFICACION,CARACTERISTICAS_VIA,PERFIL_VIA,SUPERFICIE_CALZADA,EXISTE_SENIAL_VERTICAL,CLASIFICACION_SENIAL_VERTICAL_1,CLASIFICACION_SENIAL_VERTICAL_2,EXISTE_SENIAL_HORIZONTAL,CAUSA_FACTOR_PRINCIPAL,CAUSA_ESPECIFICA,HORA,severidad,EDAD_PROMEDIO,EDAD_MEDIANA,EDAD_MIN,EDAD_MAX,TOTAL_MASCULINOS,TOTAL_CONDUCTORES,TOTAL_FALLECIDOS_AGG,TOTAL_LESIONADOS_AGG,TOTAL_LICENCIA,TOTAL_ALCOHOL_POSITIVO,TOTAL_PERSONAS
A-2021-01-119,2021-01-12,12:00,DESPISTE,1,0,1,MOQUEGUA,GENERAL SANCHEZ CERRO,ICHUÑA,RURAL,CARRETERA,DEPARTAMENTAL,MO-103,-16.144516,-70.5461854,SOLEADO,RURAL,TRAMO RECTO,PLANA ,TROCHA,,,,,IMPRUDENCIA DEL CONDUCTOR,EXCESO DE VELOCIDAD,12.0,0,47.0,47.0,47.0,47.0,1,1,1,0,0,0,1
A-2021-01-74,2021-01-12,19:39,CHOQUE,1,0,3,LIMA,HUAURA,HUACHO,RURAL,CARRETERA,NACIONAL,PE-1N,-11.18428545214436,-77.57624035482478,DESPEJADO,RURAL,TRAMO RECTO,PLANA ,ASFALTADA,,,,,NEGLIGENCIA DEL CONDUCTOR,OTRO (NEGLIGENCIA DEL CONDUCTOR),19.0,0,40.5,37.5,34.0,53.0,3,3,1,0,3,0,4
A-2021-01-82,2021-01-13,03:10,ATROPELLO FUGA,1,0,1,LA LIBERTAD,ASCOPE,CHICAMA,RURAL,CARRETERA,NACIONAL,PE-1N,-7.879217,-79.130121,DESPEJADO,RURAL,TRAMO RECTO,PLANA ,ASFALTADA,,,,,EN PROCESO DE INVESTIGACIÓN,NO CUENTA CON CAUSA ESPECIFICA,3.0,0,,,,,1,0,1,0,0,0,2
A-2021-01-70,2021-01-13,05:16,ATROPELLO,1,0,1,JUNIN,HUANCAYO,SAN JERONIMO DE TUNAN,URBANA,CARRETERA,NACIONAL,PE-3S,-11.9379866,-75.3100902,DESPEJADO,RURAL,TRAMO RECTO,INCLINADA,ASFALTADA,SI,PREVENTIVA (P),,SI,IMPRUDENCIA DEL PEATÓN,CRUCE INDEBIDO POR LA CALZADA,5.0,0,41.0,41.0,41.0,41.0,2,1,1,0,1,0,2
A-2021-01-236,2021-01-13,10:30,DESPISTE,1,0,1,PUNO,SANDIA,PATAMBUCO,RURAL,CARRETERA,SIN CLASIFICAR,SIN CLASIFICAR,-14.362895,-69.605853,NUBLADO,RURAL,SINUOSA,INCLINADA,TROCHA,,,,,IMPRUDENCIA DEL CONDUCTOR,EXCESO DE VELOCIDAD,10.0,0,25.0,25.0,25.0,25.0,1,1,1,0,0,0,1
A-2021-01-148,2021-01-13,19:30,CHOQUE,1,1,3,PASCO,PASCO,NINACACA,RURAL,CARRETERA,NACIONAL,PE-3N,-10.8866919,-76.0892939,LLUVIOSO,RURAL,TRAMO RECTO,PLANA ,ASFALTADA,,,,,EN PROCESO DE INVESTIGACIÓN,NO CUENTA CON CAUSA ESPECIFICA,19.0,0,44.25,45.5,33.0,53.0,3,3,1,1,3,0,4
A-2021-01-114,2021-01-14,00:10,VOLCADURA,1,0,1,SAN MARTIN,RIOJA,POSIC,RURAL,CARRETERA,DEPARTAMENTAL,SM-114,-5.986513,-77.189591,DESPEJADO,RURAL,TRAMO RECTO,PLANA ,ASFALTADA,,,,,IMPRUDENCIA DEL CONDUCTOR,EXCESO DE VELOCIDAD,0.0,0,24.0,24.0,24.0,24.0,1,1,1,0,1,0,1
A-2021-01-337,2021-01-14,00:40,DESPISTE,1,0,1,AREQUIPA,CAYLLOMA,MAJES,RURAL,CARRETERA,NACIONAL,PE-1S,-16.500643,-72.4077,DESPEJADO,RURAL,TRAMO RECTO,PLANA ,ASFALTADA,,,,,EN PROCESO DE INVESTIGACIÓN,NO CUENTA CON CAUSA ESPECIFICA,0.0,0,44.5,44.5,34.0,55.0,2,1,1,0,1,0,2
A-2021-01-267,2021-01-14,01:10,VOLCADURA,1,0,0,LIMA,LIMA,LURIN,URBANA,OTRO,URBANO,NO CORRESPONDE,-12.252695,-76.898016,DESPEJADO,COMERCIAL,TRAMO RECTO,INCLINADA,ASFALTADA,,,,,IMPRUDENCIA DEL CONDUCTOR,CONDUCIR EN ESTADO DE EBRIEDAD Y/O DROGADICCIÓN,1.0,0,29.666666666666668,32.0,22.0,35.0,3,2,1,0,0,0,3
A-2021-01-266,2021-01-14,06:00,ATROPELLO,1,0,0,LIMA,LIMA,SANTA ANITA,URBANA,AVENIDA,URBANO,NO CORRESPONDE,-12.0436,-76.971412,DESPEJADO,INDUSTRIAL,TRAMO RECTO,PLANA ,ASFALTADA,,,,,IMPRUDENCIA DEL CONDUCTOR,EXCESO DE VELOCIDAD,6.0,0,47.5,47.5,35.0,60.0,2,1,1,0,0,0,2
A-2021-01-380,2021-01-14,13:30,CHOQUE,1,0,2,AREQUIPA,CAYLLOMA,MAJES,URBANA,CALLE,URBANO,NO CORRESPONDE,-16.354465086246055,-72.18903239920719,DESPEJADO,RESIDENCIAL,INTERSECCIÓN,INCLINADA,ASFALTADA,SI,REGULADORA (R),REGULADORA (R),SI,IMPRUDENCIA DEL CONDUCTOR,OTRO (IMPRUDENCIA DEL CONDUCTOR),13.0,0,46.0,46.0,39.0,53.0,2,2,1,0,2,0,2
A-2021-01-209,2021-01-14,17:00,CAÍDA DE PASAJERO,1,0,1,LA LIBERTAD,TRUJILLO,LAREDO,RURAL,CARRETERA,NACIONAL,PE-10A,-8.099108,-78.982811,DESPEJADO,RURAL,TRAMO RECTO,PLANA ,ASFALTADA,,,,,NEGLIGENCIA DEL CONDUCTOR,CONDUCIR CON FALLAS DE CARROCERÍA,17.0,0,34.0,34.0,28.0,40.0,2,1,1,0,1,0,2
A-2021-01-139,2021-01-14,18:30,CHOQUE,1,1,1,APURIMAC,ABANCAY,TAMBURCO,URBANA,CARRETERA,NACIONAL,PE-3S,-13.614821498578369,-72.86526021208026,SOLEADO,INDUSTRIAL,CURVA,PLANA ,ASFALTADA,SI,PREVENTIVA (P),REGULADORA (R),SI,IMPRUDENCIA DEL CONDUCTOR,CONDUCIR EN ESTADO DE EBRIEDAD Y/O DROGADICCIÓN,18.0,0,30.333333333333332,23.0,23.0,45.0,3,2,1,1,2,1,3
A-2021-01-125,2021-01-14,19:30,CHOQUE,1,1,2,SAN MARTIN,HUALLAGA,SACANCHE,RURAL,CARRETERA,NACIONAL,PE-5N,-7.073887318598815,-76.72643989863553,LLUVIOSO,RURAL,TRAMO RECTO,PLANA ,ASFALTADA,,,,,IMPRUDENCIA DEL CONDUCTOR,CONDUCIR EN ESTADO DE EBRIEDAD Y/O DROGADICCIÓN,19.0,0,60.0,56.0,56.0,68.0,2,2,1,1,2,1,3
A-2021-01-238,2021-01-14,22:50,DESPISTE,2,0,1,CUSCO,PARURO,COLCHA,RURAL,CARRETERA,DEPARTAMENTAL,CU-117,-13.819589,-71.832778,NUBLADO,RURAL,CURVA,INCLINADA,TROCHA,,,,,IMPRUDENCIA DEL CONDUCTOR,EXCESO DE VELOCIDAD,22.0,1,26.5,26.5,25.0,28.0,1,1,2,0,1,0,2
A-2021-01-197,2021-01-15,06:00,DESPISTE,1,3,1,CUSCO,LA CONVENCION,OCOBAMBA,RURAL,CARRETERA,DEPARTAMENTAL,CU-106,-13.014916,-72.184,NUBLADO,RURAL,CURVA,INCLINADA,ASFALTADA,SI,PREVENTIVA (P),PREVENTIVA (P),NO,NEGLIGENCIA DEL CONDUCTOR,OTRO (NEGLIGENCIA DEL CONDUCTOR),6.0,0,33.0,33.5,14.0,51.0,3,1,1,3,1,0,4
A-2021-01-152,2021-01-15,08:15,CHOQUE,1,0,2,LA LIBERTAD,TRUJILLO,LA ESPERANZA,URBANA,CALLE,URBANO,NO CORRESPONDE,-8.081327,-79.04702,DESPEJADO,COMERCIAL,INTERSECCIÓN,PLANA ,ASFALTADA,,,,,EN PROCESO DE INVESTIGACIÓN,NO CUENTA CON CAUSA ESPECIFICA,8.0,0,52.5,52.5,25.0,80.0,2,2,1,0,0,0,2
A-2021-01-390,2021-01-15,17:00,VOLCADURA,1,0,1,PASCO,DANIEL ALCIDES CARRION,TAPUC,RURAL,CARRETERA,SIN CLASIFICAR,SIN CLASIFICAR,-10.43104458276907,-76.47718197112216,LLUVIOSO,RURAL,CURVA,INCLINADA,TROCHA,,,,,NEGLIGENCIA DEL CONDUCTOR,OTRO (NEGLIGENCIA DEL CONDUCTOR),17.0,0,23.0,23.0,23.0,23.0,1,1,1,0,0,0,1
A-2021-01-245,2021-01-16,12:30,CHOQUE,1,4,2,JUNIN,JAUJA,LLOCLLAPAMPA,RURAL,CARRETERA,NACIONAL,PE-3S,-11.7902744,-75.5797941,SOLEADO,RURAL,CURVA,PLANA ,ASFALTADA,SI,PREVENTIVA (P),,SI,IMPRUDENCIA DEL CONDUCTOR,EXCESO DE VELOCIDAD,12.0,0,31.2,32.0,3.0,68.0,3,2,1,4,2,0,5
A-2021-01-322,2021-01-16,15:30,ATROPELLO,1,0,0,PIURA,TALARA,MANCORA,URBANA,CARRETERA,NACIONAL,PE-1N,-4.106487634262628,-81.0503375330624,SOLEADO,COMERCIAL,TRAMO RECTO,PLANA ,ASFALTADA,,,,,IMPRUDENCIA DEL PEATÓN,OTRO (IMPRUDENCIA DEL PEATÓN),15.0,0,66.0,66.0,64.0,68.0,2,1,1,0,1,0,2
A-2021-01-120,2021-01-16,16:00,CHOQUE,1,0,2,CAJAMARCA,HUALGAYOC,BAMBAMARCA,RURAL,CARRETERA,NACIONAL,PE-3N,-6.644675,-78.562526,DESPEJADO,RURAL,CURVA,INCLINADA,ASFALTADA,SI,PREVENTIVA (P),,SI,IMPRUDENCIA DEL CONDUCTOR,INVASIÓN DE CARRIL,16.0,0,33.5,33.5,32.0,35.0,2,2,1,0,1,0,2
A-2021-01-269,2021-01-16,18:30,DESPISTE,1,1,0,LIMA,LIMA,COMAS,URBANA,AVENIDA,URBANO,NO CORRESPONDE,-11.9575,-77.049211,DESPEJADO,COMERCIAL,TRAMO RECTO,PLANA ,ASFALTADA,,,,,EN PROCESO DE INVESTIGACIÓN,NO CUENTA CON CAUSA ESPECIFICA,18.0,0,11.0,11.0,1.0,21.0,2,1,1,1,0,0,2
A-2021-01-392,2021-01-16,19:45,ATROPELLO,1,1,1,CALLAO,CALLAO,LA PERLA,URBANA,AVENIDA,URBANO,NO CORRESPONDE,-12.064691074671408,-77.11554660204865,DESPEJADO,RESIDENCIAL,TRAMO RECTO,PLANA ,ASFALTADA,,,,,EN PROCESO DE INVESTIGACIÓN,NO CUENTA CON CAUSA ESPECIFICA,19.0,0,46.0,46.0,27.0,65.0,1,1,1,1,1,0,2
A-2021-01-210,2021-01-16,19:50,ATROPELLO,1,0,1,LA LIBERTAD,TRUJILLO,TRUJILLO,URBANA,AVENIDA,URBANO,NO CORRESPONDE,-8.116272,-79.016396,DESPEJADO,COMERCIAL,TRAMO RECTO,PLANA ,ASFALTADA,,,,,EN PROCESO DE INVESTIGACIÓN,NO CUENTA CON CAUSA ESPECIFICA,19.0,0,41.5,41.5,39.0,44.0,2,1,1,0,1,0,2
A-2021-01-410,2021-01-16,21:00,DESPISTE,1,0,1,AMAZONAS,CHACHAPOYAS,MARISCAL CASTILLA,RURAL,CARRETERA,NACIONAL,PE-08B,-6.5638356,-77.83009232,LLUVIOSO,RURAL,CURVA,INCLINADA,ASFALTADA,,,,,EN PROCESO DE INVESTIGACIÓN,NO CUENTA CON CAUSA ESPECIFICA,21.0,0,35.0,35.0,24.0,46.0,2,1,1,0,0,0,2
A-2021-01-121,2021-01-17,04:00,DESPISTE,1,0,1,CAJAMARCA,HUALGAYOC,BAMBAMARCA,RURAL,CARRETERA,NACIONAL,PE-3N,-6.68536,-78.535275,DESPEJADO,RURAL,TRAMO RECTO,INCLINADA,TROCHA,,,,,IMPRUDENCIA DEL CONDUCTOR,EXCESO DE VELOCIDAD,4.0,0,20.0,20.0,20.0,20.0,1,1,1,0,1,0,1
A-2021-01-377,2021-01-17,05:30,VOLCADURA,1,0,1,LIMA,HUAURA,HUAURA,RURAL,CARRETERA,NACIONAL,PE-1NE,-11.081563591935444,-77.48472744108078,DESPEJADO,RURAL,TRAMO RECTO,PLANA ,ASFALTADA,,,,,EN PROCESO DE INVESTIGACIÓN,NO CUENTA CON CAUSA ESPECIFICA,5.0,0,31.0,31.0,31.0,31.0,1,1,1,0,0,0,1
A-2021-01-129,2021-01-17,08:00,CAÍDA DE PASAJERO,1,0,0,CALLAO,CALLAO,CALLAO,URBANA,CARRETERA,NACIONAL,PE-20,-12.05437213181773,-77.14261674714892,DESPEJADO,INDUSTRIAL,TRAMO RECTO,PLANA ,ASFALTADA,,,,,IMPRUDENCIA DEL PEATÓN,OTRO (IMPRUDENCIA DEL PEATÓN),8.0,0,27.0,27.0,25.0,29.0,2,1,1,0,1,0,2
A-2021-01-196,2021-01-17,11:31,DESPISTE,5,3,1,CUSCO,PAUCARTAMBO,PAUCARTAMBO,RURAL,CARRETERA,DEPARTAMENTAL,CU-113,-13.234828,-71.491858,LLUVIOSO,RURAL,CURVA,INCLINADA,AFIRMADO,SI,PREVENTIVA (P),PREVENTIVA (P),NO,NEGLIGENCIA DEL CONDUCTOR,OTRO (NEGLIGENCIA DEL CONDUCTOR),11.0,2,17.333333333333332,24.0,1.0,27.0,5,1,5,3,0,0,8
A-2021-01-138,2021-01-17,16:00,CHOQUE FUGA,1,1,1,AMAZONAS,BONGARA,CHURUJA,URBANA,CARRETERA,NACIONAL,PE-08C,-6.022337627219859,-77.95092654049742,DESPEJADO,RURAL,OTRO,PLANA ,ASFALTADA,SI,PREVENTIVA (P),PREVENTIVA (P),SI,EN PROCESO DE INVESTIGACIÓN,NO CUENTA CON CAUSA ESPECIFICA,16.0,0,20.5,20.5,12.0,29.0,2,1,1,1,1,0,3
A-2021-01-141,2021-01-17,16:30,DESPISTE,1,1,1,APURIMAC,ABANCAY,ABANCAY,RURAL,CARRETERA,DEPARTAMENTAL,AP-103,-13.5640123,-72.9789162,NIEBLA,RURAL,TÚNEL,PLANA ,AFIRMADO,,,,,IMPRUDENCIA DEL CONDUCTOR,FATIGA Y/O CANSANCIO,16.0,0,21.0,21.0,20.0,22.0,1,1,1,1,1,0,2
A-2021-01-225,2021-01-17,20:15,CHOQUE,1,3,2,LA LIBERTAD,CHEPEN,PACANGA,RURAL,CARRETERA,NACIONAL,PE-1N,-7.16757,-79.440498,DESPEJADO,RURAL,TRAMO RECTO,PLANA ,ASFALTADA,,,,,EN PROCESO DE INVESTIGACIÓN,NO CUENTA CON CAUSA ESPECIFICA,20.0,0,24.0,23.0,23.0,27.0,3,2,1,3,0,0,5
A-2021-01-123,2021-01-17,23:40,CHOQUE,1,1,2,HUANUCO,LEONCIO PRADO,LUYANDO,RURAL,CARRETERA,NACIONAL,PE-18A,-9.267493,-75.989647,LLUVIOSO,RURAL,TRAMO RECTO,PLANA ,CONCRETO,,,,,EN PROCESO DE INVESTIGACIÓN,NO CUENTA CON CAUSA ESPECIFICA,23.0,0,21.333333333333332,17.0,16.0,31.0,3,2,1,1,1,0,3
A-2021-01-131,2021-01-18,06:30,DESPISTE,3,0,1,HUANUCO,LEONCIO PRADO,JOSE CRESPO Y CASTILLO,RURAL,CARRETERA,NACIONAL,PE-5N,-8.746876,-76.16051,LLUVIOSO,RURAL,TRAMO RECTO,PLANA ,AFIRMADO,SI,PREVENTIVA (P),PREVENTIVA (P),NO,IMPRUDENCIA DEL CONDUCTOR,CONDUCIR EN SENTIDO CONTRARIO,6.0,2,34.25,38.5,7.0,53.0,2,0,3,0,0,0,4
A-2021-01-217,2021-01-18,08:25,CHOQUE,1,7,2,CUSCO,QUISPICANCHI,CCATCA,RURAL,CARRETERA,NACIONAL,PE-30C,-13.623972,-71.58057,DESPEJADO,RURAL,CURVA,INCLINADA,ASFALTADA,,,,,NEGLIGENCIA DEL CONDUCTOR,OTRO (NEGLIGENCIA DEL CONDUCTOR),8.0,0,26.2,27.0,1.0,41.0,7,2,1,7,2,0,10
A-2021-01-338,2021-01-18,10:00,ATROPELLO,1,3,1,AREQUIPA,CAMANA,MARIANO NICOLAS VALCARCEL,RURAL,OTRO,URBANO,NO CORRESPONDE,-15.97882,-73.174736,DESPEJADO,RURAL,OTRO,INCLINADA,TROCHA,,,,,EN PROCESO DE INVESTIGACIÓN,NO CUENTA CON CAUSA ESPECIFICA,10.0,0,30.4,28.0,17.0,44.0,5,1,1,3,1,0,5
A-2021-01-283,2021-01-18,12:15,ESPECIAL,1,3,1,PUNO,SANDIA,SANDIA,URBANA,OTRO,URBANO,NO CORRESPONDE,-14.320530785831728,-69.46549582332315,LLUVIOSO,RURAL,PUENTE,PLANA ,CONCRETO,,,,,INFRAESTRUCTURA Y ENTORNO VIAL,FACTOR AMBIENTAL,12.0,0,47.75,52.5,27.0,59.0,3,1,1,3,1,0,4
A-2021-01-240,2021-01-18,13:30,CHOQUE,2,2,2,PUNO,SAN ROMAN,SAN MIGUEL,RURAL,CARRETERA,NACIONAL,PE-3S,-15.4318244,-70.1419972,DESPEJADO,RURAL,TRAMO RECTO,PLANA ,ASFALTADA,SI,INFORMATIVA (I),INFORMATIVA (I),SI,NEGLIGENCIA DEL CONDUCTOR,OTRO (NEGLIGENCIA DEL CONDUCTOR),13.0,1,38.6,36.0,18.0,67.0,5,2,2,2,2,0,5
A-2021-01-241,2021-01-19,07:00,ATROPELLO,1,0,1,JUNIN,JAUJA,PARCO,URBANA,CARRETERA,NACIONAL,PE-3S,-11.7990963,-75.5462135,DESPEJADO,RESIDENCIAL,CURVA,PLANA ,ASFALTADA,SI,REGULADORA (R),REGULADORA (R),SI,IMPRUDENCIA DEL PEATÓN,CRUCE INDEBIDO POR LA CALZADA,7.0,0,69.0,69.0,61.0,77.0,1,1,1,0,1,0,2
A-2021-01-270,2021-01-19,09:30,CHOQUE,1,4,0,LIMA,LIMA,LURIGANCHO,URBANA,AVENIDA,URBANO,NO CORRESPONDE,-12.017421,-76.946914,DESPEJADO,COMERCIAL,TRAMO RECTO,PLANA ,ASFALTADA,,,,,IMPRUDENCIA DEL CONDUCTOR,OTRO (IMPRUDENCIA DEL CONDUCTOR),9.0,0,31.833333333333332,33.0,13.0,50.0,5,2,1,4,0,0,6
A-2021-01-331,2021-01-19,10:30,ATROPELLO,1,0,1,LAMBAYEQUE,LAMBAYEQUE,OLMOS,RURAL,CARRETERA,NACIONAL,PE-1NJ,-5.798397,-79.835812,DESPEJADO,RURAL,TRAMO RECTO,PLANA ,ASFALTADA,,,,,EN PROCESO DE INVESTIGACIÓN,NO CUENTA CON CAUSA ESPECIFICA,10.0,0,14.5,14.5,4.0,25.0,1,1,1,0,1,0,2
A-2021-01-403,2021-01-19,10:31,DESPISTE,1,0,1,CUSCO,QUISPICANCHI,CAMANTI,RURAL,CARRETERA,NACIONAL,PE-30C,-13.185256374970326,-70.42503835104611,DESPEJADO,RURAL,CURVA,INCLINADA,ASFALTADA,,,,,IMPRUDENCIA DEL CONDUCTOR,EXCESO DE VELOCIDAD,10.0,0,34.0,34.0,34.0,34.0,1,1,1,0,1,0,1
A-2021-01-344,2021-01-19,20:30,ATROPELLO,1,0,1,AREQUIPA,CARAVELI,CHALA,URBANA,CARRETERA,NACIONAL,PE-1S,-15.848355,-74.258278,DESPEJADO,RURAL,OTRO,INCLINADA,ASFALTADA,,,,,EN PROCESO DE INVESTIGACIÓN,NO CUENTA CON CAUSA ESPECIFICA,20.0,0,34.0,34.0,23.0,45.0,2,1,1,0,1,0,2
A-2021-01-149,2021-01-19,21:21,DESPISTE,1,1,2,ICA,ICA,SALAS,URBANA,CARRETERA,NACIONAL,PE-1S,-14.001949,-75.767842,DESPEJADO,RURAL,TRAMO RECTO,PLANA ,ASFALTADA,,,,,IMPRUDENCIA DEL CONDUCTOR,EXCESO DE VELOCIDAD,21.0,0,26.0,26.0,26.0,26.0,2,1,1,1,0,0,2
A-2021-01-161,2021-01-21,14:00,DESPISTE,1,3,1,PIURA,MORROPON,BUENOS AIRES,RURAL,CARRETERA,NACIONAL,PE-02A,-5.283625,-79.9524199,DESPEJADO,RURAL,TRAMO RECTO,PLANA ,ASFALTADA,SI,REGULADORA (R),,SI,IMPRUDENCIA DEL CONDUCTOR,EXCESO DE VELOCIDAD,14.0,0,52.5,54.0,35.0,67.0,3,1,1,3,0,0,4
A-2021-01-308,2021-01-21,16:30,ATROPELLO,1,0,1,JUNIN,JUNIN,CARHUAMAYO,RURAL,CARRETERA,NACIONAL,PE-3N,-10.9409313,-76.0498808,DESPEJADO,RURAL,CURVA,PLANA ,ASFALTADA,,,,,EN PROCESO DE INVESTIGACIÓN,NO CUENTA CON CAUSA ESPECIFICA,16.0,0,22.5,22.5,17.0,28.0,2,1,1,0,1,0,2
A-2021-01-177,2021-01-21,16:40,DESPISTE,1,3,1,ICA,ICA,SANTIAGO,URBANA,CARRETERA,NACIONAL,PE-1S,-14.33265468433435,-75.664020917132,DESPEJADO,RURAL,TRAMO RECTO,PLANA ,ASFALTADA,,,,,NEGLIGENCIA DEL CONDUCTOR,CONDUCIR CON FALLAS DE NEUMÁTICOS,16.0,0,27.0,22.0,7.0,59.0,3,1,1,3,0,0,5
A-2021-01-323,2021-01-21,17:30,ATROPELLO,1,0,0,PIURA,SULLANA,SULLANA,URBANA,CARRETERA,NACIONAL,PE-1N,-4.911118771722453,-80.69726784119618,SOLEADO,COMERCIAL,TRAMO RECTO,PLANA ,ASFALTADA,SI,REGULADORA (R),REGULADORA (R),NO,IMPRUDENCIA DEL PEATÓN,OTRO (IMPRUDENCIA DEL PEATÓN),17.0,0,54.0,54.0,54.0,54.0,2,1,1,0,1,0,2
A-2021-01-157,2021-01-21,18:40,ATROPELLO,1,0,0,JUNIN,HUANCAYO,CHILCA,URBANA,CARRETERA,NACIONAL,PE-3SC,-12.0831302,-75.2030827,DESPEJADO,COMERCIAL,TRAMO RECTO,PLANA ,ASFALTADA,,,,,EN PROCESO DE INVESTIGACIÓN,NO CUENTA CON CAUSA ESPECIFICA,18.0,0,45.5,45.5,31.0,60.0,2,1,1,0,1,0,2
A-2021-01-246,2021-01-22,16:00,CHOQUE,1,2,2,HUANCAVELICA,CHURCAMPA,PAUCARBAMBA,RURAL,CARRETERA,DEPARTAMENTAL,HV-103,-12.551354,-74.5466811,SOLEADO,RURAL,CURVA,INCLINADA,AFIRMADO,,,,,EN PROCESO DE INVESTIGACIÓN,NO CUENTA CON CAUSA ESPECIFICA,16.0,0,25.0,27.0,9.0,37.0,3,2,1,2,1,0,4
A-2021-01-170,2021-01-22,21:00,CHOQUE,1,0,2,AREQUIPA,AREQUIPA,CERRO COLORADO,URBANA,CARRETERA,NACIONAL,PE-34A,-16.3180079,-71.6027605,DESPEJADO,COMERCIAL,TRAMO RECTO,PLANA ,ASFALTADA,SI,PREVENTIVA (P),,SI,IMPRUDENCIA DEL CONDUCTOR,OTRO (IMPRUDENCIA DEL CONDUCTOR),21.0,0,45.0,45.0,40.0,50.0,2,2,1,0,2,0,2
A-2021-01-205,2021-01-23,02:47,CHOQUE,1,2,2,TACNA,TACNA,CORONEL GREGORIO ALBARRACIN LANCHIPA,URBANA,AVENIDA,URBANO,NO CORRESPONDE,-18.050638,-70.251433,SOLEADO,RESIDENCIAL,INTERSECCIÓN,PLANA ,ASFALTADA,SI,REGULADORA (R),PREVENTIVA (P),SI,IMPRUDENCIA DEL CONDUCTOR,OTRO (IMPRUDENCIA DEL CONDUCTOR),2.0,0,24.5,24.5,23.0,26.0,1,2,1,2,2,0,3
A-2021-01-301,2021-01-23,06:00,CHOQUE FUGA,1,1,2,JUNIN,CONCEPCION,CONCEPCION,URBANA,CARRETERA,NACIONAL,PE-3S,-11.9108847,-75.3279751,LLUVIOSO,RESIDENCIAL,TRAMO RECTO,PLANA ,ASFALTADA,,,,,EN PROCESO DE INVESTIGACIÓN,NO CUENTA CON CAUSA ESPECIFICA,6.0,0,31.0,36.0,10.0,47.0,2,1,1,1,1,0,4
A-2021-01-287,2021-01-23,07:00,CHOQUE,1,2,2,PUNO,SAN ANTONIO DE PUTINA,QUILCAPUNCU,RURAL,CARRETERA,NACIONAL,PE-34H,-14.90459240150889,-69.7541340962868,LLUVIOSO,RURAL,TRAMO RECTO,PLANA ,ASFALTADA,,,,,IMPRUDENCIA DEL CONDUCTOR,CONDUCIR EN SENTIDO CONTRARIO,7.0,0,26.6,31.0,7.0,36.0,4,2,1,2,2,0,5
A-2021-01-362,2021-01-23,08:31,CHOQUE,1,1,2,AYACUCHO,HUAMANGA,VINCHOS,URBANA,CARRETERA,NACIONAL,PE-28A,-13.341398,-74.538772,DESPEJADO,RURAL,TRAMO RECTO,PLANA ,ASFALTADA,,,,,IMPRUDENCIA DEL CONDUCTOR,INVASIÓN DE CARRIL,8.0,0,45.5,45.5,33.0,58.0,2,2,1,1,2,0,2
A-2021-01-271,2021-01-23,13:00,ATROPELLO,1,0,0,LIMA,LIMA,LOS OLIVOS,URBANA,AVENIDA,URBANO,NO CORRESPONDE,-11.991702,-77.070611,DESPEJADO,COMERCIAL,TRAMO RECTO,PLANA ,ASFALTADA,,,,,IMPRUDENCIA DEL CONDUCTOR,EXCESO DE VELOCIDAD,13.0,0,55.0,55.0,42.0,68.0,2,1,1,0,0,0,2
A-2021-01-272,2021-01-23,17:35,ATROPELLO,1,0,0,LIMA,LIMA,PUENTE PIEDRA,URBANA,CARRETERA,NACIONAL,PE-1N,-11.897187,-77.067866,DESPEJADO,COMERCIAL,TRAMO RECTO,PLANA ,ASFALTADA,,,,,EN PROCESO DE INVESTIGACIÓN,NO CUENTA CON CAUSA ESPECIFICA,17.0,0,37.5,37.5,31.0,44.0,2,1,1,0,0,0,2
A-2021-01-244,2021-01-23,19:30,VOLCADURA,2,4,1,HUANCAVELICA,HUAYTARA,OCOYO,RURAL,CARRETERA,DEPARTAMENTAL,HV-121,-13.968207,-75.049075,DESPEJADO,RURAL,SINUOSA,INCLINADA,TROCHA,,,,,INFRAESTRUCTURA Y ENTORNO VIAL,SUPERFICIE DETERIORADA,19.0,1,31.0,29.5,20.0,43.0,6,1,2,4,1,0,6
A-2021-01-218,2021-01-23,19:50,ATROPELLO,1,0,1,CUSCO,URUBAMBA,OLLANTAYTAMBO,RURAL,CARRETERA,NACIONAL,PE-28B,-13.258314,-72.250823,DESPEJADO,RURAL,TRAMO RECTO,PLANA ,ASFALTADA,SI,REGULADORA (R),PREVENTIVA (P),SI,IMPRUDENCIA DEL CONDUCTOR,EXCESO DE VELOCIDAD,19.0,0,36.0,36.0,23.0,49.0,1,1,1,0,1,0,2
A-2021-01-176,2021-01-23,20:25,DESPISTE,2,0,1,AREQUIPA,AREQUIPA,CERRO COLORADO,URBANA,CARRETERA,NACIONAL,PE-34A,-16.3944495,-71.5835,DESPEJADO,COMERCIAL,INTERSECCIÓN,PLANA ,ASFALTADA,SI,REGULADORA (R),,SI,EN PROCESO DE INVESTIGACIÓN,NO CUENTA CON CAUSA ESPECIFICA,20.0,1,36.333333333333336,42.0,8.0,59.0,2,1,2,0,1,0,3