CODIGO_SINIESTRO,FECHA_SINIESTRO,HORA_SINIESTRO,CLASE_SINIESTRO,CANTIDAD_FALLECIDOS,CANTIDAD_LESIONADOS,CANTIDAD_VEHICULOS,DEPARTAMENTO,PROVINCIA,DISTRITO,ZONA,TIPO_VIA,RED_VIAL,COD_CARRETERA,LATITUD,LONGITUD,CONDICION_CLIMATICA,ZONIFICACION,CARACTERISTICAS_VIA,PERFIL_VIA,SUPERFICIE_CALZADA,EXISTE_SENIAL_VERTICAL,CLASIFICACION_SENIAL_VERTICAL_1,CLASIFICACION_SENIAL_VERTICAL_2,EXISTE_SENIAL_HORIZONTAL,CAUSA_FACTOR_PRINCIPAL,CAUSA_ESPECIFICA,HORA,severidad,EDAD_PROMEDIO,EDAD_MEDIANA,EDAD_MIN,EDAD_MAX,TOTAL_MASCULINOS,TOTAL_CONDUCTORES,TOTAL_FALLECIDOS_AGG,TOTAL_LESIONADOS_AGG,TOTAL_LICENCIA,TOTAL_ALCOHOL_POSITIVO,TOTAL_PERSONAS
A-2021-02-31,2021-02-03,13:30,DESPISTE,2,2,1,ANCASH,HUARI,UCO,RURAL,CARRETERA,NACIONAL,PE-14A,-9.160781225717082,-76.92738104820685,NUBLADO,RURAL,TRAMO RECTO,INCLINADA,TROCHA,SI,PREVENTIVA (P),PREVENTIVA (P),SI,IMPRUDENCIA DEL CONDUCTOR,FATIGA Y/O CANSANCIO,13.0,1,31.5,20.5,19.0,66.0,4,1,2,2,1,0,4
A-2021-02-75,2021-02-03,15:30,DESPISTE,1,0,1,MOQUEGUA,MARISCAL NIETO,CARUMAS,RURAL,CARRETERA,NACIONAL,PE-36B,-16.72916,-70.453007,GRANIZADO,RURAL,CURVA,INCLINADA,ASFALTADA,,,,,INFRAESTRUCTURA Y ENTORNO VIAL,FACTOR AMBIENTAL,15.0,0,51.5,51.5,48.0,55.0,1,1,1,0,1,0,2
A-2021-02-286,2021-02-03,19:15,ATROPELLO,1,0,1,SAN MARTIN,SAN MARTIN,TARAPOTO,URBANA,AVENIDA,URBANO,NO CORRESPONDE,-6.47596,-76.36267,DESPEJADO,COMERCIAL,TRAMO RECTO,PLANA ,ASFALTADA,,,,,IMPRUDENCIA DEL CONDUCTOR,NO DAR PASO PREFERENTE AL PEATÓN,19.0,0,39.5,39.5,22.0,57.0,2,1,1,0,1,1,2
A-2021-02-8,2021-02-04,02:30,CHOQUE FUGA,1,0,1,PUNO,EL COLLAO,PILCUYO,RURAL,CARRETERA,NACIONAL,PE-3S,-16.11862696,-69.59255185,DESPEJADO,RURAL,TRAMO RECTO,PLANA ,ASFALTADA,SI,PREVENTIVA (P),,NO,IMPRUDENCIA DEL CONDUCTOR,EXCESO DE VELOCIDAD,2.0,0,50.0,50.0,50.0,50.0,1,1,1,0,0,0,2
A-2021-02-78,2021-02-04,09:45,ATROPELLO,1,0,1,CUSCO,CANAS,PAMPAMARCA,URBANA,CALLE,URBANO,NO CORRESPONDE,-14.14751,-71.46,DESPEJADO,RESIDENCIAL,INTERSECCIÓN,PLANA ,AFIRMADO,,,INFORMATIVA (I),,NEGLIGENCIA DEL CONDUCTOR,OTRO (NEGLIGENCIA DEL CONDUCTOR),9.0,0,31.5,31.5,4.0,59.0,1,1,1,0,0,0,2
A-2021-02-240,2021-02-04,12:00,DESPISTE,1,0,1,CAJAMARCA,CAJAMARCA,LLACANORA,RURAL,CARRETERA,PROVINCIAL,CA-1495,-7.174738,-78.423229,DESPEJADO,RURAL,CURVA,INCLINADA,ASFALTADA,SI,PREVENTIVA (P),,SI,EN PROCESO DE INVESTIGACIÓN,NO CUENTA CON CAUSA ESPECIFICA,12.0,0,21.0,21.0,21.0,21.0,1,1,1,0,0,0,1
A-2021-02-56,2021-02-04,12:00,CHOQUE,1,0,2,PUNO,AZANGARO,SAN JOSE,RURAL,CARRETERA,DEPARTAMENTAL,PU-111,-14.8922844,-70.1617261,NUBLADO,RURAL,TRAMO RECTO,PLANA ,ASFALTADA,SI,INFORMATIVA (I),PREVENTIVA (P),SI,IMPRUDENCIA DEL CONDUCTOR,EXCESO DE VELOCIDAD,12.0,0,24.0,24.0,22.0,26.0,2,2,1,0,1,0,2
A-2021-02-277,2021-02-04,14:30,DESPISTE,1,0,1,HUANUCO,HUANUCO,CHINCHAO,RURAL,CARRETERA,NACIONAL,PE-18A,-9.712672764117524,-76.09245650562782,NUBLADO,RURAL,CURVA,INCLINADA,ASFALTADA,,,,,IMPRUDENCIA DEL CONDUCTOR,OTRO (IMPRUDENCIA DEL CONDUCTOR),14.0,0,30.0,30.0,30.0,30.0,1,1,1,0,0,0,2
A-2021-02-20,2021-02-04,22:10,CHOQUE,1,3,2,PIURA,PIURA,PIURA,URBANA,AVENIDA,URBANO,NO CORRESPONDE,-5.167524,-80.655907,DESPEJADO,RURAL,TRAMO RECTO,PLANA ,ASFALTADA,SI,INFORMATIVA (I),PREVENTIVA (P),SI,IMPRUDENCIA DEL CONDUCTOR,CONDUCIR EN ESTADO DE EBRIEDAD Y/O DROGADICCIÓN,22.0,0,31.25,28.0,18.0,51.0,4,2,1,3,0,0,4
A-2021-02-276,2021-02-05,09:00,DESPISTE,1,0,1,PIURA,PIURA,TAMBO GRANDE,RURAL,CARRETERA,SIN CLASIFICAR,SIN CLASIFICAR,-4.885024319059653,-80.33600611919029,DESPEJADO,RURAL,TRAMO RECTO,PLANA ,ASFALTADA,,,,,EN PROCESO DE INVESTIGACIÓN,NO CUENTA CON CAUSA ESPECIFICA,9.0,0,51.0,51.0,51.0,51.0,1,1,1,0,0,0,1
A-2021-02-95,2021-02-05,09:45,ATROPELLO,1,0,1,CUSCO,CANCHIS,SICUANI,URBANA,CARRETERA,NACIONAL,PE-3S,-14.2758759830276,-71.2356738655972,DESPEJADO,RESIDENCIAL,TRAMO RECTO,PLANA ,ASFALTADA,SI,PREVENTIVA (P),INFORMATIVA (I),NO,IMPRUDENCIA DEL CONDUCTOR,EXCESO DE VELOCIDAD,9.0,0,41.0,41.0,19.0,63.0,2,1,1,0,1,0,2
A-2021-02-164,2021-02-05,10:30,CAÍDA DE PASAJERO,1,0,0,CUSCO,CALCA,SAN SALVADOR,RURAL,CARRETERA,PROVINCIAL,CU-1073,-13.493,-71.7882,DESPEJADO,RURAL,TRAMO RECTO,PLANA ,ASFALTADA,,,,,IMPRUDENCIA DEL CONDUCTOR,GIRAR IMPRUDENTEMENTE,10.0,0,20.0,20.0,19.0,21.0,1,1,1,0,1,1,2
A-2021-02-24,2021-02-05,12:00,CHOQUE,1,1,3,ICA,ICA,SALAS,RURAL,CARRETERA,NACIONAL,PE-1S,-13.934894,-75.869417,DESPEJADO,RURAL,TRAMO RECTO,PLANA ,ASFALTADA,,,,,IMPRUDENCIA DEL CONDUCTOR,EXCESO DE VELOCIDAD,12.0,0,39.0,39.5,33.0,44.0,4,3,1,1,3,0,4
A-2021-02-17,2021-02-05,14:30,ATROPELLO,1,0,0,LIMA,CAJATAMBO,MANAS,RURAL,CARRETERA,DEPARTAMENTAL,LM-112,-10.572365864241098,-77.15383704151937,NUBLADO,RURAL,SINUOSA,INCLINADA,CASCAJO/RIPIO,,,,,EN PROCESO DE INVESTIGACIÓN,NO CUENTA CON CAUSA ESPECIFICA,14.0,0,48.5,48.5,47.0,50.0,2,1,1,0,0,0,2
A-2021-02-15,2021-02-05,17:30,DESPISTE,1,3,1,AREQUIPA,ISLAY,MOLLENDO,RURAL,CARRETERA,NACIONAL,PE-34,-16.6779758,-71.9100334,DESPEJADO,RURAL,TRAMO RECTO,PLANA ,ASFALTADA,NO,,,SI,IMPRUDENCIA DEL CONDUCTOR,EXCESO DE VELOCIDAD,17.0,0,23.0,23.0,23.0,23.0,3,1,1,3,0,0,4
A-2021-02-87,2021-02-05,22:00,ATROPELLO,1,0,1,LA LIBERTAD,ASCOPE,PAIJAN,RURAL,CARRETERA,NACIONAL,PE-1N,-7.733987,-79.300616,DESPEJADO,RURAL,TRAMO RECTO,PLANA ,ASFALTADA,,,,,IMPRUDENCIA DEL PEATÓN,CRUCE INDEBIDO POR LA CALZADA,22.0,0,26.5,26.5,11.0,42.0,2,1,1,0,1,0,2
A-2021-02-23,2021-02-06,07:45,DESPISTE,2,1,1,APURIMAC,CHINCHEROS,OCOBAMBA,RURAL,CARRETERA,DEPARTAMENTAL,AP-102,-13.57507,-73.46999,NIEBLA,RURAL,TRAMO RECTO,PLANA ,CASCAJO/RIPIO,,,,,NEGLIGENCIA DEL CONDUCTOR,OTRO (NEGLIGENCIA DEL CONDUCTOR),7.0,1,42.0,42.0,42.0,42.0,2,1,2,1,1,0,3
A-2021-02-25,2021-02-07,12:00,CHOQUE,2,0,2,ICA,ICA,SALAS,URBANA,CARRETERA,NACIONAL,PE-1S,-14.005534,-75.766709,DESPEJADO,RURAL,TRAMO RECTO,PLANA ,ASFALTADA,,,,,IMPRUDENCIA DEL CONDUCTOR,INVASIÓN DE CARRIL,12.0,1,33.666666666666664,33.0,32.0,36.0,3,2,2,0,1,0,3
A-2021-02-293,2021-02-07,13:15,DESPISTE,1,0,1,AREQUIPA,CAMANA,SAMUEL PASTOR,RURAL,CARRETERA,NACIONAL,PE-1S,-16.604922514552918,-72.63072251414734,DESPEJADO,RURAL,TRAMO RECTO,INCLINADA,ASFALTADA,,,,,EN PROCESO DE INVESTIGACIÓN,NO CUENTA CON CAUSA ESPECIFICA,13.0,0,62.0,62.0,62.0,62.0,1,1,1,0,1,0,1
A-2021-02-241,2021-02-07,17:00,DESPISTE,1,1,1,JUNIN,CONCEPCION,COMAS,RURAL,CARRETERA,PROVINCIAL,JU-1167,-11.7295272,-75.074987,SOLEADO,RURAL,CURVA,INCLINADA,ASFALTADA,SI,PREVENTIVA (P),,NO,IMPRUDENCIA DEL CONDUCTOR,EXCESO DE VELOCIDAD,17.0,0,29.0,29.0,26.0,32.0,2,1,1,1,1,0,2
A-2021-02-124,2021-02-08,11:30,CHOQUE,1,0,1,LIMA,LIMA,SAN JUAN DE LURIGANCHO,URBANA,AVENIDA,URBANO,NO CORRESPONDE,-12.025888,-76.98613,DESPEJADO,COMERCIAL,INTERSECCIÓN,PLANA ,ASFALTADA,,,,,IMPRUDENCIA DEL CONDUCTOR,EXCESO DE VELOCIDAD,11.0,0,38.5,38.5,35.0,42.0,1,2,1,0,0,0,2
A-2021-02-171,2021-02-08,15:00,DESPISTE,1,3,1,CUSCO,LA CONVENCION,SANTA ANA,RURAL,CARRETERA,DEPARTAMENTAL,CU-118,-12.9186583170426,-72.736736539381,DESPEJADO,RURAL,TRAMO RECTO,PLANA ,TROCHA,,,,,IMPRUDENCIA DEL CONDUCTOR,EXCESO DE VELOCIDAD,15.0,0,48.0,46.0,35.0,65.0,4,1,1,3,0,0,4
A-2021-02-40,2021-02-08,15:30,DESPISTE,1,0,1,APURIMAC,AYMARAES,CHALHUANCA,RURAL,CARRETERA,SIN CLASIFICAR,SIN CLASIFICAR,-14.323716971911608,-73.24946437688853,LLUVIOSO,RURAL,TRAMO RECTO,PLANA ,CASCAJO/RIPIO,,,,,IMPRUDENCIA DEL CONDUCTOR,FATIGA Y/O CANSANCIO,15.0,0,38.0,38.0,38.0,38.0,1,1,1,0,1,0,1
A-2021-02-127,2021-02-08,15:40,ATROPELLO,1,0,1,LIMA,LIMA,EL AGUSTINO,URBANA,AVENIDA,URBANO,NO CORRESPONDE,-12.029121,-76.99979,DESPEJADO,COMERCIAL,INTERSECCIÓN,PLANA ,ASFALTADA,,REGULADORA (R),,,IMPRUDENCIA DEL CONDUCTOR,CONDUCIR EN ESTADO DE EBRIEDAD Y/O DROGADICCIÓN,15.0,0,33.0,33.0,29.0,37.0,2,1,1,0,0,0,2
A-2021-02-42,2021-02-08,17:30,CHOQUE,1,0,2,ANCASH,HUAYLAS,CARAZ,RURAL,CARRETERA,NACIONAL,PE-3N,-9.02562827779985,-77.8208550385728,NUBLADO,RURAL,CURVA,INCLINADA,ASFALTADA,SI,PREVENTIVA (P),PREVENTIVA (P),SI,EN PROCESO DE INVESTIGACIÓN,NO CUENTA CON CAUSA ESPECIFICA,17.0,0,32.5,32.5,26.0,39.0,2,2,1,0,2,0,2
A-2021-02-45,2021-02-08,18:20,DESPISTE,2,0,1,APURIMAC,AYMARAES,YANACA,RURAL,CARRETERA,DEPARTAMENTAL,AP-108,-14.20255817645848,-73.13044804455083,DESPEJADO,RURAL,PUENTE,INCLINADA,AFIRMADO,,,,,IMPRUDENCIA DEL CONDUCTOR,FATIGA Y/O CANSANCIO,18.0,1,36.5,36.5,34.0,39.0,2,1,2,0,1,0,2
A-2021-02-28,2021-02-08,18:30,CHOQUE,1,0,0,MADRE DE DIOS,TAMBOPATA,TAMBOPATA,RURAL,CARRETERA,NACIONAL,PE-30C,-12.6768762957303,-69.3683650006837,,,,,,,,,,EN PROCESO DE INVESTIGACIÓN,NO CUENTA CON CAUSA ESPECIFICA,18.0,0,29.0,29.0,29.0,29.0,1,1,1,0,0,0,2
A-2021-02-46,2021-02-09,08:30,DESPISTE,1,1,1,APURIMAC,COTABAMBAS,HAQUIRA,RURAL,CARRETERA,NACIONAL,PE-3SG,-14.223052227128653,-72.15168099959223,LLUVIOSO,RURAL,TRAMO RECTO,PLANA ,ASFALTADA,,,,,EN PROCESO DE INVESTIGACIÓN,NO CUENTA CON CAUSA ESPECIFICA,8.0,0,49.0,49.0,28.0,70.0,2,1,1,1,1,0,2
A-2021-02-249,2021-02-09,20:00,ATROPELLO,1,0,0,LIMA,LIMA,SAN JUAN DE MIRAFLORES,URBANA,CARRETERA,NACIONAL,PE-1S,-12.156762275040451,-76.98325306177139,DESPEJADO,RESIDENCIAL,TRAMO RECTO,PLANA ,ASFALTADA,,,,,IMPRUDENCIA DEL PEATÓN,ESTADO DE EBRIEDAD Y/O DROGADICCIÓN,20.0,0,56.5,56.5,56.0,57.0,2,1,1,0,1,0,2
A-2021-02-250,2021-02-09,21:12,DESPISTE,1,0,0,LIMA,LIMA,LA VICTORIA,URBANA,AVENIDA,URBANO,NO CORRESPONDE,-12.076163677993936,-77.02763028722859,DESPEJADO,RESIDENCIAL,TRAMO RECTO,INCLINADA,ASFALTADA,,,,,IMPRUDENCIA DEL CONDUCTOR,EXCESO DE VELOCIDAD,21.0,0,22.0,22.0,22.0,22.0,1,1,1,0,1,0,1
A-2021-02-254,2021-02-10,13:00,CHOQUE,1,0,0,LIMA,LIMA,SURQUILLO,URBANA,AVENIDA,URBANO,NO CORRESPONDE,-12.117716928281103,-77.00858920812608,DESPEJADO,COMERCIAL,INTERSECCIÓN,PLANA ,ASFALTADA,,,,,IMPERICIA DEL CONDUCTOR,,13.0,0,30.333333333333332,29.0,29.0,33.0,3,2,1,0,2,0,3
A-2021-02-77,2021-02-10,14:45,CHOQUE,1,0,1,LA LIBERTAD,ASCOPE,CHICAMA,RURAL,CARRETERA,NACIONAL,PE-1N,-7.834859,-79.157289,DESPEJADO,RURAL,TRAMO RECTO,PLANA ,ASFALTADA,,,,,IMPRUDENCIA DEL CONDUCTOR,OTRO (IMPRUDENCIA DEL CONDUCTOR),14.0,0,40.5,40.5,23.0,58.0,2,2,1,0,1,1,2
A-2021-02-252,2021-02-10,15:30,DESPISTE,1,0,1,LIMA,LIMA,LURIN,URBANA,CARRETERA,NACIONAL,PE-1S,-12.290935854275048,-76.86632484197618,DESPEJADO,INDUSTRIAL,TRAMO RECTO,PLANA ,ASFALTADA,,,,,IMPRUDENCIA DEL CONDUCTOR,EXCESO DE VELOCIDAD,15.0,0,35.5,35.5,21.0,50.0,2,2,1,0,1,0,2
A-2021-02-253,2021-02-10,16:15,ATROPELLO,1,0,1,LIMA,LIMA,SAN LUIS,URBANA,AVENIDA,URBANO,NO CORRESPONDE,-12.081299174313552,-76.99488312005998,DESPEJADO,RESIDENCIAL,TRAMO RECTO,PLANA ,ASFALTADA,,,,,IMPRUDENCIA DEL PEATÓN,USO DE DISPOSITIVOS MÓVILES Y/O ELECTRÓNICOS,16.0,0,53.5,53.5,26.0,81.0,1,1,1,0,0,0,2
A-2021-02-285,2021-02-10,19:40,CHOQUE FUGA,1,0,1,SAN MARTIN,MARISCAL CACERES,JUANJUI,RURAL,CARRETERA,NACIONAL,PE-5N,-7.191479494207583,-76.73389059871813,SOLEADO,RURAL,OTRO,PLANA ,AFIRMADO,,,,,EN PROCESO DE INVESTIGACIÓN,NO CUENTA CON CAUSA ESPECIFICA,19.0,0,58.0,58.0,58.0,58.0,2,1,1,0,1,0,2
A-2021-02-88,2021-02-10,20:30,CHOQUE,1,1,2,LA LIBERTAD,SANCHEZ CARRION,HUAMACHUCO,RURAL,AVENIDA,URBANO,NO CORRESPONDE,-7.81973,-78.028613,DESPEJADO,RURAL,TRAMO RECTO,PLANA ,AFIRMADO,,,,,EN PROCESO DE INVESTIGACIÓN,NO CUENTA CON CAUSA ESPECIFICA,20.0,0,35.666666666666664,24.0,23.0,60.0,2,2,1,1,1,0,3
A-2021-02-99,2021-02-10,23:30,DESPISTE,1,0,1,CUSCO,CHUMBIVILCAS,CAPACMARCA,RURAL,CARRETERA,DEPARTAMENTAL,CU-119,-13.974894,-71.962837,NUBLADO,RURAL,CURVA,PLANA ,AFIRMADO,,,,,IMPRUDENCIA DEL CONDUCTOR,FATIGA Y/O CANSANCIO,23.0,0,71.0,71.0,54.0,88.0,1,1,1,0,1,0,2
A-2021-02-279,2021-02-11,12:35,CHOQUE,1,1,2,HUANUCO,HUANUCO,SAN FRANCISCO DE CAYRAN,RURAL,CARRETERA,PROVINCIAL,HU-1093,-9.978324,-76.272743,DESPEJADO,RURAL,SINUOSA,INCLINADA,AFIRMADO,,,,,IMPRUDENCIA DEL CONDUCTOR,EXCESO DE VELOCIDAD,12.0,0,40.0,40.0,39.0,41.0,2,2,1,1,0,0,2
A-2021-02-47,2021-02-11,15:00,DESPISTE,1,1,1,APURIMAC,GRAU,CURPAHUASI,RURAL,CARRETERA,PROVINCIAL,AP-883,-14.027349884168968,-72.60715432872891,DESPEJADO,RURAL,CURVA,INCLINADA,TROCHA,,,,,EN PROCESO DE INVESTIGACIÓN,NO CUENTA CON CAUSA ESPECIFICA,15.0,0,34.5,34.5,34.0,35.0,2,1,1,1,1,0,2
A-2021-02-50,2021-02-11,17:25,CHOQUE,1,2,2,AREQUIPA,AREQUIPA,CERRO COLORADO,URBANA,OTRO,URBANO,NO CORRESPONDE,-16.323438,-71.594112,DESPEJADO,RESIDENCIAL,INTERSECCIÓN,PLANA ,ASFALTADA,SI,PREVENTIVA (P),PREVENTIVA (P),SI,IMPRUDENCIA DEL CONDUCTOR,NO ESTABLECER EL DERECHO DE PASO,17.0,0,30.5,28.0,14.0,52.0,3,2,1,2,1,0,4
A-2021-02-246,2021-02-11,22:30,CHOQUE,1,0,2,CAJAMARCA,JAEN,PUCARA,URBANA,CARRETERA,NACIONAL,PE-3N,-6.0414394,-79.1254947,DESPEJADO,INDUSTRIAL,CURVA,INCLINADA,ASFALTADA,SI,PREVENTIVA (P),PREVENTIVA (P),NO,EN PROCESO DE INVESTIGACIÓN,NO CUENTA CON CAUSA ESPECIFICA,22.0,0,33.5,33.5,20.0,47.0,2,2,1,0,2,0,2
A-2021-02-63,2021-02-12,02:20,VOLCADURA,1,13,1,CUSCO,PARURO,HUANOQUITE,RURAL,CARRETERA,DEPARTAMENTAL,CU-118,-13.6828285595271,-72.0160588098124,LLUVIOSO,RURAL,TRAMO RECTO,PLANA ,AFIRMADO,,,,,NEGLIGENCIA DEL CONDUCTOR,OTRO (NEGLIGENCIA DEL CONDUCTOR),2.0,0,48.38461538461539,52.0,13.0,67.0,7,1,1,13,0,0,14
A-2021-02-255,2021-02-12,07:15,ATROPELLO,1,0,0,LIMA,LIMA,SAN MARTIN DE PORRES,URBANA,CARRETERA,NACIONAL,PE-20F,-11.954708647868603,-77.08510190248491,DESPEJADO,COMERCIAL,INTERSECCIÓN,PLANA ,ASFALTADA,,,,,EN PROCESO DE INVESTIGACIÓN,NO CUENTA CON CAUSA ESPECIFICA,7.0,0,44.5,44.5,34.0,55.0,2,1,1,0,0,0,2
A-2021-02-66,2021-02-12,11:15,CHOQUE,1,0,2,AREQUIPA,ISLAY,PUNTA DE BOMBON,RURAL,CARRETERA,PROVINCIAL,AR-827,-17.1583427,-71.7933493,DESPEJADO,RURAL,OTRO,INCLINADA,ASFALTADA,SI,PREVENTIVA (P),PREVENTIVA (P),SI,IMPRUDENCIA DEL CONDUCTOR,INVASIÓN DE CARRIL,11.0,0,32.0,32.0,29.0,35.0,2,2,1,0,1,1,2
A-2021-02-244,2021-02-12,11:50,CHOQUE,1,0,1,CALLAO,CALLAO,CALLAO,URBANA,AVENIDA,URBANO,NO CORRESPONDE,-12.055772845365071,-77.12188849777318,DESPEJADO,RESIDENCIAL,TRAMO RECTO,PLANA ,ASFALTADA,,,,,NEGLIGENCIA DEL CONDUCTOR,OTRO (NEGLIGENCIA DEL CONDUCTOR),11.0,0,48.5,48.5,47.0,50.0,2,2,1,0,1,0,2
A-2021-02-79,2021-02-12,13:20,ATROPELLO,1,0,0,CUSCO,CALCA,PISAC,URBANA,CARRETERA,DEPARTAMENTAL,CU-112,-13.40901,-71.83107314,DESPEJADO,RESIDENCIAL,TRAMO RECTO,PLANA ,ASFALTADA,,,,,NEGLIGENCIA DEL CONDUCTOR,OTRO (NEGLIGENCIA DEL CONDUCTOR),13.0,0,18.5,18.5,3.0,34.0,2,1,1,0,0,0,2
A-2021-02-86,2021-02-12,20:26,CHOQUE,1,0,2,LAMBAYEQUE,CHICLAYO,JOSE LEONARDO ORTIZ,RURAL,CARRETERA,DEPARTAMENTAL,LA-111,-6.7453118,-79.8012296,DESPEJADO,RURAL,TRAMO RECTO,PLANA ,ASFALTADA,SI,PREVENTIVA (P),PREVENTIVA (P),SI,IMPRUDENCIA DEL CONDUCTOR,EXCESO DE VELOCIDAD,20.0,0,50.0,50.0,37.0,63.0,2,2,1,0,2,0,2
A-2021-02-258,2021-02-13,08:00,ATROPELLO,1,0,0,LIMA,LIMA,EL AGUSTINO,URBANA,CARRETERA,NACIONAL,PE-1N,-12.030233594117089,-76.99354463022675,DESPEJADO,RESIDENCIAL,INTERSECCIÓN,PLANA ,ASFALTADA,,,,,IMPRUDENCIA DEL CONDUCTOR,EXCESO DE VELOCIDAD,8.0,0,77.0,77.0,70.0,84.0,2,1,1,0,1,0,2
A-2021-02-68,2021-02-13,10:00,DESPISTE,1,0,1,ANCASH,POMABAMBA,QUINUABAMBA,RURAL,CARRETERA,PROVINCIAL,AN-585,-8.691887465999999,-77.36824103548135,NUBLADO,RURAL,SINUOSA,INCLINADA,TROCHA,,,,,IMPRUDENCIA DEL CONDUCTOR,OTRO (IMPRUDENCIA DEL CONDUCTOR),10.0,0,42.0,42.0,42.0,42.0,1,1,1,0,0,0,1
A-2021-02-256,2021-02-13,17:20,CHOQUE,1,2,0,LIMA,LIMA,VILLA EL SALVADOR,URBANA,AVENIDA,URBANO,NO CORRESPONDE,-12.199057991412102,-76.94201409816743,DESPEJADO,RESIDENCIAL,INTERSECCIÓN,PLANA ,ASFALTADA,,,,,IMPRUDENCIA DEL CONDUCTOR,EXCESO DE VELOCIDAD,17.0,0,21.75,21.5,19.0,25.0,2,2,1,2,2,0,4
A-2021-02-213,2021-02-13,18:50,ATROPELLO,1,1,1,PUNO,CHUCUITO,JULI,RURAL,CARRETERA,NACIONAL,PE-3S,-16.21621,-69.45559,DESPEJADO,RURAL,TRAMO RECTO,PLANA ,ASFALTADA,,,,,IMPRUDENCIA DEL PEATÓN,OTRO (IMPRUDENCIA DEL PEATÓN),18.0,0,16.333333333333332,5.0,4.0,40.0,3,1,1,1,1,0,3
A-2021-02-259,2021-02-13,18:50,VOLCADURA,1,0,0,LIMA,LIMA,MIRAFLORES,URBANA,CALLE,URBANO,NO CORRESPONDE,-12.116940683422827,-77.03471392393112,DESPEJADO,RESIDENCIAL,INTERSECCIÓN,PLANA ,ASFALTADA,,,,,IMPRUDENCIA DEL CONDUCTOR,EXCESO DE VELOCIDAD,18.0,0,29.0,29.0,29.0,29.0,1,1,1,0,1,0,1
A-2021-02-181,2021-02-13,19:20,CHOQUE,1,2,0,SAN MARTIN,PICOTA,PICOTA,RURAL,CARRETERA,NACIONAL,PE-5N,-6.91336178149583,-76.3323315713814,DESPEJADO,RURAL,TRAMO RECTO,PLANA ,ASFALTADA,,,,,IMPRUDENCIA DEL CONDUCTOR,CONDUCIR EN ESTADO DE EBRIEDAD Y/O DROGADICCIÓN,19.0,0,39.333333333333336,33.0,31.0,54.0,2,2,1,2,1,0,3
A-2021-02-91,2021-02-13,20:00,ATROPELLO,1,0,1,LA LIBERTAD,TRUJILLO,HUANCHACO,RURAL,CARRETERA,NACIONAL,PE-1N,-8.012936,-79.071356,DESPEJADO,RURAL,TRAMO RECTO,PLANA ,AFIRMADO,,,,,IMPRUDENCIA DEL CONDUCTOR,CONDUCIR EN ESTADO DE EBRIEDAD Y/O DROGADICCIÓN,20.0,0,35.0,35.0,30.0,40.0,2,1,1,0,1,0,2
A-2021-02-257,2021-02-13,20:40,ATROPELLO FUGA,1,0,0,LIMA,LIMA,CARABAYLLO,URBANA,AVENIDA,URBANO,NO CORRESPONDE,-11.861366118567192,-77.05357243780493,DESPEJADO,INDUSTRIAL,INTERSECCIÓN,PLANA ,ASFALTADA,NO,,,NO,IMPRUDENCIA DEL PEATÓN,CRUCE INDEBIDO POR LA CALZADA,20.0,0,35.5,35.5,30.0,41.0,2,1,1,0,0,0,2
A-2021-02-74,2021-02-14,06:00,CHOQUE,1,0,2,PIURA,PIURA,PIURA,URBANA,OTRO,URBANO,NO CORRESPONDE,-5.1824885,-80.6313471,DESPEJADO,RESIDENCIAL,INTERSECCIÓN,PLANA ,ASFALTADA,SI,REGULADORA (R),REGULADORA (R),NO,IMPRUDENCIA DEL CONDUCTOR,EXCESO DE VELOCIDAD,6.0,0,34.0,34.0,26.0,42.0,2,2,1,0,2,1,2
A-2021-02-71,2021-02-14,20:30,DESPISTE,1,0,1,APURIMAC,CHINCHEROS,ONGOY,RURAL,CARRETERA,PROVINCIAL,AP-527,-13.405828,-73.604734,DESPEJADO,RURAL,CURVA,INCLINADA,TROCHA,,,,,IMPRUDENCIA DEL CONDUCTOR,CONDUCIR EN ESTADO DE EBRIEDAD Y/O DROGADICCIÓN,20.0,0,24.0,24.0,24.0,24.0,1,1,1,0,1,0,1
A-2021-02-273,2021-02-14,21:30,VOLCADURA,1,0,1,PIURA,SULLANA,IGNACIO ESCUDERO,RURAL,CARRETERA,NACIONAL,PE-1N,-4.844994929619984,-80.88665301972264,DESPEJADO,RURAL,CURVA,PLANA ,ASFALTADA,,,,,EN PROCESO DE INVESTIGACIÓN,NO CUENTA CON CAUSA ESPECIFICA,21.0,0,64.0,64.0,64.0,64.0,1,1,1,0,0,0,1
A-2021-02-80,2021-02-15,07:30,ESPECIAL,2,4,2,CAJAMARCA,CONTUMAZA,TANTARICA,RURAL,CARRETERA,NACIONAL,PE-08,-7.19824358,-78.95239371,SOLEADO,RURAL,CURVA,INCLINADA,ASFALTADA,SI,PREVENTIVA (P),,SI,IMPRUDENCIA DEL CONDUCTOR,INVASIÓN DE CARRIL,7.0,1,39.5,41.0,26.0,48.0,3,2,2,4,2,0,6
A-2021-02-92,2021-02-15,08:30,DESPISTE,1,0,1,LA LIBERTAD,PATAZ,HUANCASPATA,RURAL,CARRETERA,SIN CLASIFICAR,SIN CLASIFICAR,-8.459044,-77.300349,DESPEJADO,RURAL,TRAMO RECTO,PLANA ,AFIRMADO,,,,,EN PROCESO DE INVESTIGACIÓN,NO CUENTA CON CAUSA ESPECIFICA,8.0,0,25.0,25.0,25.0,25.0,1,1,1,0,0,0,1