CODIGO_SINIESTRO,FECHA_SINIESTRO,HORA_SINIESTRO,CLASE_SINIESTRO,CANTIDAD_FALLECIDOS,CANTIDAD_LESIONADOS,CANTIDAD_VEHICULOS,DEPARTAMENTO,PROVINCIA,DISTRITO,ZONA,TIPO_VIA,RED_VIAL,COD_CARRETERA,LATITUD,LONGITUD,CONDICION_CLIMATICA,ZONIFICACION,CARACTERISTICAS_VIA,PERFIL_VIA,SUPERFICIE_CALZADA,EXISTE_SENIAL_VERTICAL,CLASIFICACION_SENIAL_VERTICAL_1,CLASIFICACION_SENIAL_VERTICAL_2,EXISTE_SENIAL_HORIZONTAL,CAUSA_FACTOR_PRINCIPAL,CAUSA_ESPECIFICA,HORA,severidad,EDAD_PROMEDIO,EDAD_MEDIANA,EDAD_MIN,EDAD_MAX,TOTAL_MASCULINOS,TOTAL_CONDUCTORES,TOTAL_FALLECIDOS_AGG,TOTAL_LESIONADOS_AGG,TOTAL_LICENCIA,TOTAL_ALCOHOL_POSITIVO,TOTAL_PERSONAS
A-2021-02-69,2021-02-15,15:38,CAÍDA DE PASAJERO,1,0,0,AMAZONAS,UTCUBAMBA,CAJARURO,URBANA,CARRETERA,DEPARTAMENTAL,AM-102,-5.750702122519955,-78.42147209445628,SOLEADO,RURAL,CURVA,INCLINADA,ASFALTADA,,,,,EN PROCESO DE INVESTIGACIÓN,NO CUENTA CON CAUSA ESPECIFICA,15.0,0,35.0,35.0,9.0,61.0,1,1,1,0,1,0,2
A-2021-02-106,2021-02-16,04:40,CHOQUE,6,3,2,PUNO,HUANCANE,TARACO,RURAL,CARRETERA,NACIONAL,PE-34H,-15.2968047,-69.9693645,DESPEJADO,RURAL,TRAMO RECTO,PLANA ,ASFALTADA,SI,INFORMATIVA (I),REGULADORA (R),SI,IMPRUDENCIA DEL CONDUCTOR,INVASIÓN DE CARRIL,4.0,2,26.77777777777778,30.0,2.0,48.0,4,2,6,3,2,0,9
A-2021-02-261,2021-02-16,08:00,CHOQUE,1,0,0,LIMA,LIMA,LIMA,URBANA,AVENIDA,URBANO,NO CORRESPONDE,-12.07343065154641,-77.0361972507521,DESPEJADO,RESIDENCIAL,INTERSECCIÓN,PLANA ,ASFALTADA,,,,,IMPRUDENCIA DEL CONDUCTOR,EXCESO DE VELOCIDAD,8.0,0,42.0,42.0,35.0,49.0,2,2,1,0,1,0,2
A-2021-02-197,2021-02-16,09:30,DESPISTE,1,0,1,HUANCAVELICA,ACOBAMBA,PAUCARA,RURAL,CARRETERA,DEPARTAMENTAL,HV-105,-12.769323,-74.734499,DESPEJADO,RURAL,SINUOSA,PLANA ,TROCHA,,,,,EN PROCESO DE INVESTIGACIÓN,NO CUENTA CON CAUSA ESPECIFICA,9.0,0,53.0,53.0,28.0,78.0,1,1,1,0,1,0,2
A-2021-02-85,2021-02-16,14:30,ATROPELLO,1,0,1,JUNIN,HUANCAYO,VIQUES,URBANA,CARRETERA,NACIONAL,PE-3SZ,-12.1572836,-75.2356973,DESPEJADO,RESIDENCIAL,CURVA,PLANA ,ASFALTADA,,,,,EN PROCESO DE INVESTIGACIÓN,NO CUENTA CON CAUSA ESPECIFICA,14.0,0,41.0,41.0,21.0,61.0,2,1,1,0,1,1,2
A-2021-02-135,2021-02-16,15:27,CHOQUE,1,1,2,JUNIN,JAUJA,ACOLLA,RURAL,CARRETERA,NACIONAL,PE-3SA,-11.708441,-75.55653763,SOLEADO,RURAL,TRAMO RECTO,PLANA ,ASFALTADA,SI,REGULADORA (R),,NO,EN PROCESO DE INVESTIGACIÓN,NO CUENTA CON CAUSA ESPECIFICA,15.0,0,48.333333333333336,52.0,41.0,52.0,2,2,1,1,1,0,3
A-2021-02-144,2021-02-16,16:10,ESPECIAL,1,1,3,AMAZONAS,BAGUA,BAGUA,RURAL,CARRETERA,DEPARTAMENTAL,AM-101,-5.633006,-78.555329,SOLEADO,RURAL,TRAMO RECTO,PLANA ,ASFALTADA,,,,,EN PROCESO DE INVESTIGACIÓN,NO CUENTA CON CAUSA ESPECIFICA,16.0,0,37.5,36.0,29.0,49.0,3,3,1,1,2,0,4
A-2021-02-110,2021-02-16,17:30,DESPISTE,1,0,1,LAMBAYEQUE,LAMBAYEQUE,OLMOS,RURAL,CARRETERA,NACIONAL,PE-04B,-5.960593,-79.672984,DESPEJADO,RURAL,TRAMO RECTO,PLANA ,ASFALTADA,,,,,EN PROCESO DE INVESTIGACIÓN,NO CUENTA CON CAUSA ESPECIFICA,17.0,0,48.0,48.0,48.0,48.0,1,1,1,0,1,0,1
A-2021-02-260,2021-02-16,18:30,CHOQUE,1,0,0,LIMA,LIMA,LINCE,URBANA,AVENIDA,URBANO,NO CORRESPONDE,-12.08513,-77.04855,DESPEJADO,RESIDENCIAL,TRAMO RECTO,PLANA ,ASFALTADA,,,,,IMPRUDENCIA DEL CONDUCTOR,OTRO (IMPRUDENCIA DEL CONDUCTOR),18.0,0,43.5,43.5,38.0,49.0,2,2,1,0,0,0,2
A-2021-02-82,2021-02-17,06:15,CHOQUE,1,4,2,ICA,NASCA,VISTA ALEGRE,RURAL,CARRETERA,NACIONAL,PE-1S,-14.97386555992674,-74.98803833433065,DESPEJADO,RURAL,CURVA,PLANA ,ASFALTADA,SI,PREVENTIVA (P),INFORMATIVA (I),NO,IMPRUDENCIA DEL CONDUCTOR,INVASIÓN DE CARRIL,6.0,0,38.2,42.0,17.0,63.0,4,2,1,4,2,0,5
A-2021-02-242,2021-02-17,07:10,CHOQUE FUGA,1,1,2,LAMBAYEQUE,CHICLAYO,PICSI,RURAL,CARRETERA,DEPARTAMENTAL,LA-111,-6.732341,-79.785366,DESPEJADO,RURAL,CURVA,PLANA ,ASFALTADA,,,,,EN PROCESO DE INVESTIGACIÓN,NO CUENTA CON CAUSA ESPECIFICA,7.0,0,41.333333333333336,39.0,20.0,65.0,3,2,1,1,0,0,3
A-2021-02-195,2021-02-17,09:35,CHOQUE,1,2,1,LORETO,MAYNAS,BELEN,URBANA,AVENIDA,URBANO,NO CORRESPONDE,-3.7657412959985743,-73.26442118723445,SOLEADO,ESCOLAR,TRAMO RECTO,PLANA ,ASFALTADA,,,,,EN PROCESO DE INVESTIGACIÓN,NO CUENTA CON CAUSA ESPECIFICA,9.0,0,30.0,33.0,14.0,40.0,4,3,1,2,1,0,5
A-2021-02-262,2021-02-17,11:30,ATROPELLO,1,0,0,LIMA,LIMA,RIMAC,URBANA,AVENIDA,URBANO,NO CORRESPONDE,-12.026901980340384,-77.04017210949648,DESPEJADO,RESIDENCIAL,INTERSECCIÓN,PLANA ,ASFALTADA,,,,,IMPRUDENCIA DEL PEATÓN,DESACATO DE SEÑAL DE TRÁNSITO,11.0,0,55.5,55.5,37.0,74.0,2,1,1,0,0,0,2
A-2021-02-112,2021-02-17,13:10,ATROPELLO,1,1,0,PIURA,SULLANA,SULLANA,RURAL,CARRETERA,PROVINCIAL,PI-986,-4.957413,-80.64223,DESPEJADO,RURAL,TRAMO RECTO,PLANA ,AFIRMADO,,,,,EN PROCESO DE INVESTIGACIÓN,NO CUENTA CON CAUSA ESPECIFICA,13.0,0,40.333333333333336,40.0,22.0,59.0,3,2,1,1,1,0,4
A-2021-02-111,2021-02-17,17:30,ATROPELLO FUGA,1,2,0,PIURA,PIURA,CASTILLA,RURAL,CARRETERA,NACIONAL,PE-1NJ,-5.1798425,-80.5700802,DESPEJADO,RURAL,TRAMO RECTO,PLANA ,ASFALTADA,,,,,EN PROCESO DE INVESTIGACIÓN,NO CUENTA CON CAUSA ESPECIFICA,17.0,0,23.666666666666668,27.0,14.0,30.0,3,0,1,2,0,0,4
A-2021-02-89,2021-02-17,19:20,ATROPELLO,1,0,1,ICA,ICA,ICA,URBANA,AVENIDA,URBANO,NO CORRESPONDE,-14.055739,-75.728511,DESPEJADO,RESIDENCIAL,TRAMO RECTO,PLANA ,ASFALTADA,,,,,IMPRUDENCIA DEL PEATÓN,CRUCE INDEBIDO POR LA CALZADA,19.0,0,38.0,38.0,35.0,41.0,2,1,1,0,1,0,2
A-2021-02-83,2021-02-17,19:25,ATROPELLO,1,0,1,CAJAMARCA,CAJAMARCA,CAJAMARCA,URBANA,JIRÓN,URBANO,NO CORRESPONDE,-7.13840293,-78.52786045,DESPEJADO,INDUSTRIAL,TRAMO RECTO,INCLINADA,AFIRMADO,,,,,NEGLIGENCIA DEL CONDUCTOR,OTRO (NEGLIGENCIA DEL CONDUCTOR),19.0,0,46.0,46.0,29.0,63.0,1,1,1,0,1,0,2
A-2021-02-192,2021-02-17,23:46,ATROPELLO FUGA,1,0,0,LAMBAYEQUE,CHICLAYO,PIMENTEL,RURAL,CARRETERA,NACIONAL,PE-06,-6.833033,-79.926935,DESPEJADO,RESIDENCIAL,TRAMO RECTO,PLANA ,ASFALTADA,,,,,IMPRUDENCIA DEL CONDUCTOR,EXCESO DE VELOCIDAD,23.0,0,45.0,45.0,45.0,45.0,1,0,1,0,0,0,2
A-2021-02-93,2021-02-18,00:10,DESPISTE,1,1,1,ICA,ICA,SALAS,URBANA,CARRETERA,NACIONAL,PE-1S,-13.923069,-75.993168,DESPEJADO,RURAL,TRAMO RECTO,PLANA ,ASFALTADA,,,,,IMPRUDENCIA DEL CONDUCTOR,FATIGA Y/O CANSANCIO,0.0,0,34.0,34.0,27.0,41.0,3,1,1,1,1,0,3
A-2021-02-84,2021-02-18,07:40,DESPISTE,1,0,0,PUNO,YUNGUYO,YUNGUYO,RURAL,CARRETERA,DEPARTAMENTAL,PU-130,-16.266,-69.08,DESPEJADO,RURAL,CURVA,INCLINADA,ASFALTADA,SI,PREVENTIVA (P),,SI,IMPRUDENCIA DEL CONDUCTOR,CONDUCIR EN ESTADO DE EBRIEDAD Y/O DROGADICCIÓN,7.0,0,26.0,26.0,22.0,30.0,1,1,1,0,1,0,2
A-2021-02-100,2021-02-18,10:30,VOLCADURA,2,0,2,AREQUIPA,CAMANA,QUILCA,RURAL,CARRETERA,NACIONAL,PE-1SD,-16.666286,-72.556992,DESPEJADO,RURAL,CURVA,INCLINADA,ASFALTADA,SI,PREVENTIVA (P),,SI,IMPRUDENCIA DEL CONDUCTOR,EXCESO DE VELOCIDAD,10.0,1,33.0,33.0,33.0,33.0,2,1,2,0,1,0,2
A-2021-02-148,2021-02-18,11:00,VOLCADURA,1,0,1,CUSCO,LA CONVENCION,QUELLOUNO,RURAL,CARRETERA,DEPARTAMENTAL,CU-105,-12.6365227,-72.55693921,NUBLADO,RURAL,CURVA,PLANA ,AFIRMADO,,,,,NEGLIGENCIA DEL CONDUCTOR,OTRO (NEGLIGENCIA DEL CONDUCTOR),11.0,0,42.0,42.0,42.0,42.0,1,1,1,0,0,0,1
A-2021-02-178,2021-02-18,11:40,ATROPELLO,1,0,0,PUNO,SAN ANTONIO DE PUTINA,PUTINA,URBANA,JIRÓN,URBANO,NO CORRESPONDE,-14.913518951915876,-69.86333177050078,LLUVIOSO,RESIDENCIAL,TRAMO RECTO,PLANA ,CONCRETO,,,,,IMPRUDENCIA DEL PEATÓN,OTRO (IMPRUDENCIA DEL PEATÓN),11.0,0,65.5,65.5,49.0,82.0,2,1,1,0,1,0,2
A-2021-02-264,2021-02-18,15:25,CHOQUE CON OBJETO FIJO,1,3,0,LIMA,LIMA,VILLA MARIA DEL TRIUNFO,RURAL,CALLE,URBANO,NO CORRESPONDE,-12.14029,-76.9112,DESPEJADO,RURAL,PASE A DESNIVEL,INCLINADA,AFIRMADO,,,,,IMPRUDENCIA DEL CONDUCTOR,EXCESO DE VELOCIDAD,15.0,0,23.0,31.0,2.0,39.0,1,1,1,3,0,0,5
A-2021-02-263,2021-02-18,18:00,ATROPELLO FUGA,1,0,0,LIMA,LIMA,RIMAC,URBANA,CARRETERA,NACIONAL,PE-1N,-12.043103204032894,-77.02317771163345,DESPEJADO,INDUSTRIAL,TRAMO RECTO,PLANA ,ASFALTADA,,,,,EN PROCESO DE INVESTIGACIÓN,NO CUENTA CON CAUSA ESPECIFICA,18.0,0,30.0,30.0,30.0,30.0,1,0,1,0,0,0,2
A-2021-02-94,2021-02-19,03:50,ATROPELLO FUGA,1,0,0,PUNO,CHUCUITO,POMATA,RURAL,CARRETERA,NACIONAL,PE-3S,-16.34595052,-69.24282331,DESPEJADO,RURAL,TRAMO RECTO,PLANA ,ASFALTADA,,,,,IMPRUDENCIA DEL PEATÓN,CRUCE INDEBIDO POR LA CALZADA,3.0,0,27.0,27.0,27.0,27.0,0,0,1,0,0,0,2
A-2021-02-201,2021-02-19,06:55,ATROPELLO FUGA,1,0,0,LAMBAYEQUE,CHICLAYO,JOSE LEONARDO ORTIZ,URBANA,AVENIDA,URBANO,NO CORRESPONDE,-6.7546582,-79.8478185,DESPEJADO,COMERCIAL,TRAMO RECTO,PLANA ,ASFALTADA,,,,,IMPRUDENCIA DEL CONDUCTOR,CONDUCIR EN SENTIDO CONTRARIO,6.0,0,75.0,75.0,75.0,75.0,1,0,1,0,0,0,2
A-2021-02-235,2021-02-19,08:30,CHOQUE,1,0,1,CALLAO,CALLAO,CALLAO,URBANA,CARRETERA,NACIONAL,PE-20,-11.959804478406474,-77.12836781252078,DESPEJADO,INDUSTRIAL,TRAMO RECTO,PLANA ,CONCRETO,,,,,EN PROCESO DE INVESTIGACIÓN,NO CUENTA CON CAUSA ESPECIFICA,8.0,0,43.5,43.5,21.0,66.0,2,2,1,0,2,0,2
A-2021-02-281,2021-02-19,10:20,DESPISTE,2,2,0,ANCASH,PALLASCA,TAUCA,RURAL,CARRETERA,NACIONAL,PE-3N,-8.449816342225832,-78.02931243646064,DESPEJADO,RURAL,CURVA,INCLINADA,AFIRMADO,,,,,IMPERICIA DEL CONDUCTOR,,10.0,1,47.75,49.0,37.0,56.0,4,1,2,2,1,0,4
A-2021-02-104,2021-02-19,16:30,DESPISTE,1,1,1,PUNO,EL COLLAO,CAPAZO,RURAL,CARRETERA,DEPARTAMENTAL,PU-131,-17.183,-69.645,DESPEJADO,RURAL,TRAMO RECTO,PLANA ,TROCHA,,,,,IMPRUDENCIA DEL CONDUCTOR,OTRO (IMPRUDENCIA DEL CONDUCTOR),16.0,0,22.0,22.0,21.0,23.0,1,1,1,1,0,0,2
A-2021-02-103,2021-02-19,17:31,VOLCADURA,1,0,1,AREQUIPA,CAMANA,SAMUEL PASTOR,RURAL,CARRETERA,PROVINCIAL,AR-541,-16.610207,-72.715164,DESPEJADO,RURAL,TRAMO RECTO,PLANA ,ASFALTADA,,,,,EN PROCESO DE INVESTIGACIÓN,NO CUENTA CON CAUSA ESPECIFICA,17.0,0,,,,,1,1,1,0,0,0,1
A-2021-02-165,2021-02-19,19:15,CHOQUE,1,0,3,CUSCO,CHUMBIVILCAS,QUIÑOTA,RURAL,CARRETERA,NACIONAL,PE-3SG,-14.320065,-72.13885,DESPEJADO,RURAL,TRAMO RECTO,PLANA ,ASFALTADA,,,,,IMPRUDENCIA DEL CONDUCTOR,EXCESO DE VELOCIDAD,19.0,0,30.666666666666668,29.0,26.0,37.0,3,3,1,0,1,1,3
A-2021-02-265,2021-02-19,20:20,ATROPELLO,2,0,0,LIMA,LIMA,LIMA,URBANA,AVENIDA,URBANO,NO CORRESPONDE,-12.061018898523397,-77.01281365599989,DESPEJADO,COMERCIAL,INTERSECCIÓN,PLANA ,ASFALTADA,,,,,IMPRUDENCIA DEL CONDUCTOR,EXCESO DE VELOCIDAD,20.0,1,22.666666666666668,27.0,7.0,34.0,1,1,2,0,1,0,3
A-2021-02-278,2021-02-19,21:00,ATROPELLO FUGA,1,0,0,HUANUCO,HUANUCO,AMARILIS,URBANA,CARRETERA,NACIONAL,PE-18A,-9.913444,-76.231121,DESPEJADO,RESIDENCIAL,TRAMO RECTO,PLANA ,ASFALTADA,,,,,EN PROCESO DE INVESTIGACIÓN,NO CUENTA CON CAUSA ESPECIFICA,21.0,0,,,,,1,0,1,0,0,0,2
A-2021-02-128,2021-02-19,22:39,DESPISTE,1,1,0,PIURA,PIURA,LA ARENA,RURAL,CARRETERA,NACIONAL,PE-1NK,-5.35371130978209,-80.7164430447336,DESPEJADO,RURAL,CURVA,PLANA ,TROCHA,,,,,EN PROCESO DE INVESTIGACIÓN,NO CUENTA CON CAUSA ESPECIFICA,22.0,0,20.0,20.0,16.0,24.0,2,1,1,1,0,0,2
A-2021-02-96,2021-02-20,05:30,DESPISTE,1,0,1,HUANUCO,LEONCIO PRADO,CASTILLO GRANDE,URBANA,CARRETERA,PROVINCIAL,HU-556,-9.2972753,-76.0076681,DESPEJADO,COMERCIAL,TRAMO RECTO,PLANA ,ASFALTADA,,,,,EN PROCESO DE INVESTIGACIÓN,NO CUENTA CON CAUSA ESPECIFICA,5.0,0,49.0,49.0,49.0,49.0,1,1,1,0,0,0,1
A-2021-02-280,2021-02-20,10:00,DESPISTE,1,0,1,HUANUCO,HUANUCO,QUISQUI (KICHKI),RURAL,CARRETERA,NACIONAL,PE-3N,-9.89296941835359,-76.4520505758337,DESPEJADO,RURAL,CURVA,INCLINADA,AFIRMADO,,,,,IMPRUDENCIA DEL CONDUCTOR,OTRO (IMPRUDENCIA DEL CONDUCTOR),10.0,0,45.0,45.0,45.0,45.0,1,1,1,0,1,0,1
A-2021-02-166,2021-02-20,19:30,CHOQUE,1,2,2,LA LIBERTAD,CHEPEN,CHEPEN,RURAL,CALLE,URBANO,NO CORRESPONDE,-7.243284,-79.399869,DESPEJADO,RURAL,TRAMO RECTO,PLANA ,ASFALTADA,,,,,EN PROCESO DE INVESTIGACIÓN,NO CUENTA CON CAUSA ESPECIFICA,19.0,0,30.333333333333332,34.0,22.0,35.0,3,1,1,2,0,0,4
A-2021-02-212,2021-02-20,21:19,ATROPELLO FUGA,1,1,0,PUNO,PUNO,ACORA,RURAL,CARRETERA,NACIONAL,PE-3S,-15.967404649767197,-69.80668923289836,DESPEJADO,RURAL,TRAMO RECTO,PLANA ,ASFALTADA,,,,,EN PROCESO DE INVESTIGACIÓN,NO CUENTA CON CAUSA ESPECIFICA,21.0,0,36.0,36.0,28.0,44.0,2,0,1,1,0,0,3
A-2021-02-147,2021-02-20,23:00,DESPISTE,1,0,0,PUNO,CHUCUITO,POMATA,RURAL,CARRETERA,SIN CLASIFICAR,SIN CLASIFICAR,-16.267506795376008,-69.29679018408967,DESPEJADO,RURAL,CURVA,PLANA ,TROCHA,,,,,IMPRUDENCIA DEL CONDUCTOR,EXCESO DE VELOCIDAD,23.0,0,28.0,28.0,28.0,28.0,1,1,1,0,0,0,1
A-2021-02-284,2021-02-21,19:45,DESPISTE,1,1,1,PIURA,MORROPON,SALITRAL,RURAL,CARRETERA,NACIONAL,PE-02A,-5.371868812921817,-79.820396398911,DESPEJADO,RURAL,TRAMO RECTO,PLANA ,ASFALTADA,,,,,EN PROCESO DE INVESTIGACIÓN,NO CUENTA CON CAUSA ESPECIFICA,19.0,0,25.5,25.5,16.0,35.0,2,1,1,1,1,1,2
A-2021-02-115,2021-02-21,20:00,CHOQUE,1,2,2,PIURA,PIURA,VEINTISEIS DE OCTUBRE,RURAL,CARRETERA,NACIONAL,PE-1N,-5.160125,-80.693127,DESPEJADO,RURAL,TRAMO RECTO,PLANA ,ASFALTADA,SI,REGULADORA (R),,NO,IMPRUDENCIA DEL CONDUCTOR,CONDUCIR EN ESTADO DE EBRIEDAD Y/O DROGADICCIÓN,20.0,0,38.25,40.5,21.0,51.0,4,2,1,2,1,1,4
A-2021-02-275,2021-02-21,20:00,VOLCADURA,1,0,1,PIURA,SULLANA,QUERECOTILLO,RURAL,CARRETERA,NACIONAL,PE-1NN,-4.807883,-80.623159,DESPEJADO,RURAL,TRAMO RECTO,PLANA ,ASFALTADA,,,,,EN PROCESO DE INVESTIGACIÓN,NO CUENTA CON CAUSA ESPECIFICA,20.0,0,19.0,19.0,19.0,19.0,1,1,1,0,0,0,1
A-2021-02-274,2021-02-21,20:30,DESPISTE,1,0,1,PIURA,SULLANA,QUERECOTILLO,RURAL,CARRETERA,NACIONAL,PE-1NN,-4.7495287,-80.5879604,DESPEJADO,RURAL,TRAMO RECTO,PLANA ,ASFALTADA,,,,,EN PROCESO DE INVESTIGACIÓN,NO CUENTA CON CAUSA ESPECIFICA,20.0,0,29.0,29.0,29.0,29.0,1,1,1,0,0,0,1
A-2021-02-237,2021-02-21,21:40,CHOQUE CON OBJETO FIJO,1,0,0,LIMA,LIMA,MAGDALENA DEL MAR,URBANA,OTRO,URBANO,NO CORRESPONDE,-12.096810104208997,-77.0752579074752,SOLEADO,RURAL,TRAMO RECTO,PLANA ,ASFALTADA,,,,,EN PROCESO DE INVESTIGACIÓN,NO CUENTA CON CAUSA ESPECIFICA,21.0,0,22.5,22.5,20.0,25.0,1,1,1,0,0,0,2
A-2021-02-167,2021-02-21,23:15,CHOQUE,3,2,3,LA LIBERTAD,PACASMAYO,SAN PEDRO DE LLOC,RURAL,CARRETERA,NACIONAL,PE-1N,-7.434894,-79.50161,DESPEJADO,RURAL,TRAMO RECTO,PLANA ,ASFALTADA,,,,,IMPRUDENCIA DEL CONDUCTOR,CONDUCIR EN ESTADO DE EBRIEDAD Y/O DROGADICCIÓN,23.0,2,31.285714285714285,24.0,17.0,56.0,5,3,3,2,2,0,7
A-2021-02-282,2021-02-22,06:00,ATROPELLO FUGA,1,0,0,ANCASH,SANTA,NUEVO CHIMBOTE,URBANA,CARRETERA,NACIONAL,PE-1N,-9.15415057421513,-78.50331610768579,DESPEJADO,RESIDENCIAL,TRAMO RECTO,PLANA ,ASFALTADA,,,,,EN PROCESO DE INVESTIGACIÓN,NO CUENTA CON CAUSA ESPECIFICA,6.0,0,57.0,57.0,57.0,57.0,1,0,1,0,0,0,2
A-2021-02-266,2021-02-22,07:30,VOLCADURA,1,0,0,LIMA,LIMA,INDEPENDENCIA,URBANA,CARRETERA,NACIONAL,PE-1N,-11.988294226428462,-77.06414607991313,DESPEJADO,COMERCIAL,INTERSECCIÓN,PLANA ,ASFALTADA,,,,,IMPRUDENCIA DEL CONDUCTOR,EXCESO DE VELOCIDAD,7.0,0,,,,,1,1,1,0,0,0,2
A-2021-02-179,2021-02-22,07:50,ATROPELLO,1,0,1,PUNO,SAN ROMAN,JULIACA,URBANA,AVENIDA,URBANO,NO CORRESPONDE,-15.492512,-70.116788,DESPEJADO,RESIDENCIAL,TRAMO RECTO,PLANA ,CONCRETO,NO,,,SI,IMPRUDENCIA DEL PEATÓN,CRUCE INDEBIDO POR LA CALZADA,7.0,0,50.5,50.5,23.0,78.0,2,1,1,0,0,0,2
A-2021-02-175,2021-02-22,08:30,ATROPELLO,1,0,1,LAMBAYEQUE,CHICLAYO,LA VICTORIA,URBANA,CARRETERA,NACIONAL,PE-1N,-6.802063778798723,-79.84676677752996,DESPEJADO,RESIDENCIAL,INTERSECCIÓN,PLANA ,ASFALTADA,SI,REGULADORA (R),PREVENTIVA (P),NO,EN PROCESO DE INVESTIGACIÓN,NO CUENTA CON CAUSA ESPECIFICA,8.0,0,39.5,39.5,33.0,46.0,2,1,1,0,1,0,2
A-2021-02-202,2021-02-22,14:00,DESPISTE,1,2,1,APURIMAC,GRAU,GAMARRA,RURAL,CARRETERA,PROVINCIAL,AP-906,-13.902034194238322,-72.53300183276687,DESPEJADO,RURAL,CURVA,PLANA ,TROCHA,,,,,IMPRUDENCIA DEL CONDUCTOR,CONDUCIR EN ESTADO DE EBRIEDAD Y/O DROGADICCIÓN,14.0,0,41.666666666666664,37.0,25.0,63.0,2,1,1,2,1,0,3
A-2021-02-182,2021-02-22,14:40,DESPISTE,1,0,2,LIMA,HUAURA,HUAURA,URBANA,CARRETERA,NACIONAL,PE-1NE,-11.062979683742768,-77.5774509197476,DESPEJADO,RURAL,TRAMO RECTO,PLANA ,ASFALTADA,,,,,EN PROCESO DE INVESTIGACIÓN,NO CUENTA CON CAUSA ESPECIFICA,14.0,0,24.0,24.0,24.0,24.0,1,1,1,0,1,0,2
A-2021-02-129,2021-02-22,16:40,CHOQUE,1,0,2,PIURA,PIURA,VEINTISEIS DE OCTUBRE,URBANA,AVENIDA,URBANO,NO CORRESPONDE,-5.1761019142593,-80.6619739068756,DESPEJADO,ESCOLAR,INTERSECCIÓN,PLANA ,CONCRETO,SI,PREVENTIVA (P),PREVENTIVA (P),SI,EN PROCESO DE INVESTIGACIÓN,NO CUENTA CON CAUSA ESPECIFICA,16.0,0,47.5,47.5,39.0,56.0,2,2,1,0,2,0,2
A-2021-02-183,2021-02-23,07:00,CHOQUE,1,1,2,LA LIBERTAD,GRAN CHIMU,CASCAS,RURAL,CARRETERA,NACIONAL,PE-1NF,-7.530991,-78.806241,DESPEJADO,RURAL,TRAMO RECTO,PLANA ,ASFALTADA,,,,,IMPRUDENCIA DEL CONDUCTOR,CONDUCIR EN ESTADO DE EBRIEDAD Y/O DROGADICCIÓN,7.0,0,52.333333333333336,56.0,44.0,57.0,2,2,1,1,1,1,3
A-2021-02-214,2021-02-23,11:20,DESPISTE,1,0,1,LAMBAYEQUE,CHICLAYO,LA VICTORIA,URBANA,CARRETERA,NACIONAL,PE-1N,-6.8379207,-79.8293674,DESPEJADO,RESIDENCIAL,TRAMO RECTO,PLANA ,ASFALTADA,,,,,EN PROCESO DE INVESTIGACIÓN,NO CUENTA CON CAUSA ESPECIFICA,11.0,0,40.0,40.0,40.0,40.0,1,1,1,0,0,0,1
A-2021-02-184,2021-02-23,14:20,ATROPELLO,1,0,1,LA LIBERTAD,TRUJILLO,TRUJILLO,URBANA,AVENIDA,URBANO,NO CORRESPONDE,-8.112031,-79.032938,DESPEJADO,COMERCIAL,INTERSECCIÓN,PLANA ,ASFALTADA,,,,,IMPRUDENCIA DEL PEATÓN,CRUCE INDEBIDO POR LA CALZADA,14.0,0,61.5,61.5,39.0,84.0,1,1,1,0,1,0,2
A-2021-02-236,2021-02-23,17:00,DESPISTE,1,0,1,CALLAO,CALLAO,CALLAO,URBANA,CARRETERA,NACIONAL,PE-20I,-12.050285363986184,-77.11806391190329,DESPEJADO,RESIDENCIAL,TRAMO RECTO,PLANA ,CONCRETO,,,,,EN PROCESO DE INVESTIGACIÓN,NO CUENTA CON CAUSA ESPECIFICA,17.0,0,32.0,32.0,32.0,32.0,1,1,1,0,1,0,1
A-2021-02-283,2021-02-23,20:05,ATROPELLO FUGA,1,0,0,ANCASH,SANTA,SAMANCO,RURAL,CARRETERA,NACIONAL,PE-1N,-9.251160715910917,-78.4393731434623,DESPEJADO,RURAL,TRAMO RECTO,PLANA ,ASFALTADA,,,,,EN PROCESO DE INVESTIGACIÓN,NO CUENTA CON CAUSA ESPECIFICA,20.0,0,,,,,0,0,1,0,0,0,2
A-2021-02-267,2021-02-23,21:00,ATROPELLO FUGA,1,0,0,LIMA,LIMA,SANTA ANITA,URBANA,CARRETERA,NACIONAL,PE-1N,-12.057,-76.974,DESPEJADO,RESIDENCIAL,TRAMO RECTO,PLANA ,ASFALTADA,,,,,EN PROCESO DE INVESTIGACIÓN,NO CUENTA CON CAUSA ESPECIFICA,21.0,0,,,,,1,0,1,0,0,0,2
A-2021-02-168,2021-02-24,05:40,CHOQUE,1,1,2,LA LIBERTAD,ASCOPE,CHICAMA,RURAL,CARRETERA,NACIONAL,PE-1NF,-7.838814,-79.152311,DESPEJADO,RURAL,TRAMO RECTO,PLANA ,ASFALTADA,,,,,IMPRUDENCIA DEL CONDUCTOR,FATIGA Y/O CANSANCIO,5.0,0,30.0,24.0,22.0,44.0,3,2,1,1,1,0,3