CODIGO_SINIESTRO,FECHA_SINIESTRO,HORA_SINIESTRO,CLASE_SINIESTRO,CANTIDAD_FALLECIDOS,CANTIDAD_LESIONADOS,CANTIDAD_VEHICULOS,DEPARTAMENTO,PROVINCIA,DISTRITO,ZONA,TIPO_VIA,RED_VIAL,COD_CARRETERA,LATITUD,LONGITUD,CONDICION_CLIMATICA,ZONIFICACION,CARACTERISTICAS_VIA,PERFIL_VIA,SUPERFICIE_CALZADA,EXISTE_SENIAL_VERTICAL,CLASIFICACION_SENIAL_VERTICAL_1,CLASIFICACION_SENIAL_VERTICAL_2,EXISTE_SENIAL_HORIZONTAL,CAUSA_FACTOR_PRINCIPAL,CAUSA_ESPECIFICA,HORA,severidad,EDAD_PROMEDIO,EDAD_MEDIANA,EDAD_MIN,EDAD_MAX,TOTAL_MASCULINOS,TOTAL_CONDUCTORES,TOTAL_FALLECIDOS_AGG,TOTAL_LESIONADOS_AGG,TOTAL_LICENCIA,TOTAL_ALCOHOL_POSITIVO,TOTAL_PERSONAS
A-2021-03-202,2021-03-06,03:50,ATROPELLO,3,0,0,LIMA,LIMA,COMAS,URBANA,CARRETERA,NACIONAL,PE-1N,-11.939114,-77.071492,DESPEJADO,RESIDENCIAL,OTRO,PLANA ,ASFALTADA,,,,,IMPRUDENCIA DEL CONDUCTOR,OTRO (IMPRUDENCIA DEL CONDUCTOR),3.0,2,17.25,22.5,0.0,24.0,1,1,3,0,0,0,4
A-2021-03-101,2021-03-06,04:30,DESPISTE,1,0,1,LIMA,HUARAL,SANTA CRUZ DE ANDAMARCA,RURAL,CARRETERA,NACIONAL,PE-20C,-11.129518303906018,-76.62382890757128,LLUVIOSO,RURAL,SINUOSA,INCLINADA,CASCAJO/RIPIO,,,,,EN PROCESO DE INVESTIGACIÓN,NO CUENTA CON CAUSA ESPECIFICA,4.0,0,34.0,34.0,34.0,34.0,1,1,1,0,1,0,1
A-2021-03-23,2021-03-06,06:15,DESPISTE,1,1,1,AREQUIPA,AREQUIPA,TIABAYA,URBANA,AVENIDA,URBANO,NO CORRESPONDE,-16.442496,-71.586279,DESPEJADO,RESIDENCIAL,SINUOSA,INCLINADA,ASFALTADA,,,,,IMPRUDENCIA DEL CONDUCTOR,OTRO (IMPRUDENCIA DEL CONDUCTOR),6.0,0,44.0,54.0,18.0,60.0,2,1,1,1,0,0,3
A-2021-03-46,2021-03-06,06:30,DESPISTE,1,0,1,CUSCO,LA CONVENCION,ECHARATE,RURAL,CARRETERA,DEPARTAMENTAL,CU-101,-12.7681,-72.5767,DESPEJADO,RURAL,TRAMO RECTO,PLANA ,AFIRMADO,,,,,IMPRUDENCIA DEL CONDUCTOR,CONDUCIR EN ESTADO DE EBRIEDAD Y/O DROGADICCIÓN,6.0,0,32.0,32.0,32.0,32.0,1,1,1,0,0,0,1
A-2021-03-32,2021-03-06,08:30,ATROPELLO,1,0,1,JUNIN,SATIPO,RIO NEGRO,RURAL,CARRETERA,NACIONAL,PE-5S,-11.214738164264311,-74.6551090295526,DESPEJADO,RURAL,INTERSECCIÓN,PLANA ,ASFALTADA,,,,,EN PROCESO DE INVESTIGACIÓN,NO CUENTA CON CAUSA ESPECIFICA,8.0,0,46.0,46.0,43.0,49.0,2,1,1,0,1,0,2
A-2021-03-90,2021-03-06,12:00,ATROPELLO,1,0,0,LORETO,MAYNAS,IQUITOS,URBANA,CALLE,URBANO,NO CORRESPONDE,-3.757262362820321,-73.25272629123265,SOLEADO,COMERCIAL,INTERSECCIÓN,PLANA ,ASFALTADA,,,,,EN PROCESO DE INVESTIGACIÓN,NO CUENTA CON CAUSA ESPECIFICA,12.0,0,69.0,69.0,69.0,69.0,2,1,1,0,0,0,2
A-2021-03-24,2021-03-06,17:30,DESPISTE,1,0,1,AREQUIPA,AREQUIPA,AREQUIPA,URBANA,AVENIDA,URBANO,NO CORRESPONDE,-16.403636,-71.544713,DESPEJADO,RESIDENCIAL,CURVA,INCLINADA,ASFALTADA,NO,,,SI,IMPRUDENCIA DEL CONDUCTOR,EXCESO DE VELOCIDAD,17.0,0,22.0,22.0,22.0,22.0,1,1,1,0,0,0,1
A-2021-03-137,2021-03-06,18:00,DESPISTE,1,1,1,PIURA,AYABACA,FRIAS,RURAL,CARRETERA,PROVINCIAL,PI-789,-4.9969,-79.958187,LLUVIOSO,RURAL,CURVA,INCLINADA,AFIRMADO,,,,,EN PROCESO DE INVESTIGACIÓN,NO CUENTA CON CAUSA ESPECIFICA,18.0,0,36.0,43.0,15.0,50.0,3,1,1,1,0,1,3
A-2021-03-94,2021-03-06,19:45,ATROPELLO,1,0,1,MOQUEGUA,MARISCAL NIETO,MOQUEGUA,RURAL,CARRETERA,NACIONAL,PE-1S,-17.639785,-70.930033,DESPEJADO,RURAL,TRAMO RECTO,PLANA ,ASFALTADA,SI,PREVENTIVA (P),,SI,IMPRUDENCIA DEL PEATÓN,CRUCE INDEBIDO POR LA CALZADA,19.0,0,55.0,55.0,30.0,80.0,1,1,1,0,1,0,2
A-2021-03-335,2021-03-06,19:50,ATROPELLO,1,1,1,UCAYALI,CORONEL PORTILLO,MANANTAY,URBANA,AVENIDA,URBANO,NO CORRESPONDE,-8.405868002013198,-74.55392539503238,DESPEJADO,RURAL,INTERSECCIÓN,PLANA ,AFIRMADO,,,,,EN PROCESO DE INVESTIGACIÓN,NO CUENTA CON CAUSA ESPECIFICA,19.0,0,41.5,41.5,20.0,63.0,2,1,1,1,0,0,2
A-2021-03-41,2021-03-07,00:35,DESPISTE,1,0,1,LAMBAYEQUE,CHICLAYO,JOSE LEONARDO ORTIZ,URBANA,AVENIDA,URBANO,NO CORRESPONDE,-6.7463873,-79.8359186,DESPEJADO,RESIDENCIAL,INTERSECCIÓN,PLANA ,ASFALTADA,SI,REGULADORA (R),PREVENTIVA (P),NO,IMPRUDENCIA DEL CONDUCTOR,EXCESO DE VELOCIDAD,0.0,0,22.0,22.0,22.0,22.0,1,1,1,0,0,0,1
A-2021-03-31,2021-03-07,01:30,DESPISTE,1,1,1,CAJAMARCA,CAJAMARCA,ENCAÑADA,RURAL,CARRETERA,PROVINCIAL,CA-1071,-7.06915203,-78.39827421,LLUVIOSO,RURAL,TRAMO RECTO,INCLINADA,AFIRMADO,,,,,IMPRUDENCIA DEL CONDUCTOR,FATIGA Y/O CANSANCIO,1.0,0,38.0,38.0,37.0,39.0,2,1,1,1,1,0,2
A-2021-03-349,2021-03-07,12:30,CHOQUE CON OBJETO FIJO,1,0,1,LIMA,LIMA,SANTA ROSA,URBANA,CARRETERA,NACIONAL,PE-1N,-11.790793427187957,-77.14873099633672,DESPEJADO,RESIDENCIAL,TRAMO RECTO,PLANA ,ASFALTADA,,,,,IMPRUDENCIA DEL CONDUCTOR,OTRO (IMPRUDENCIA DEL CONDUCTOR),12.0,0,,,,,1,1,1,0,0,0,1
A-2021-03-367,2021-03-07,20:00,ATROPELLO,1,0,1,HUANUCO,AMBO,CONCHAMARCA,RURAL,CARRETERA,NACIONAL,PE-3N,-10.066035262288748,-76.21928850486164,DESPEJADO,RURAL,TRAMO RECTO,PLANA ,ASFALTADA,,,,,EN PROCESO DE INVESTIGACIÓN,NO CUENTA CON CAUSA ESPECIFICA,20.0,0,21.5,21.5,2.0,41.0,1,1,1,0,1,0,2
A-2021-03-26,2021-03-07,21:23,CHOQUE,1,1,2,PIURA,PIURA,CATACAOS,RURAL,CARRETERA,NACIONAL,PE-1N,-5.283955992646325,-80.61486486635837,LLUVIOSO,RURAL,TRAMO RECTO,PLANA ,ASFALTADA,NO,,,SI,IMPRUDENCIA DEL CONDUCTOR,INVASIÓN DE CARRIL,21.0,0,38.333333333333336,29.0,27.0,59.0,3,0,1,1,0,0,3
A-2021-03-323,2021-03-08,02:30,CHOQUE,1,0,2,LAMBAYEQUE,LAMBAYEQUE,JAYANCA,RURAL,CARRETERA,NACIONAL,PE-1NJ,-6.3450316,-79.770666,DESPEJADO,RURAL,TRAMO RECTO,PLANA ,ASFALTADA,SI,PREVENTIVA (P),INFORMATIVA (I),NO,EN PROCESO DE INVESTIGACIÓN,NO CUENTA CON CAUSA ESPECIFICA,2.0,0,27.0,27.0,26.0,28.0,2,2,1,0,2,0,2
A-2021-03-60,2021-03-08,05:00,CHOQUE FUGA,1,0,2,LA LIBERTAD,ASCOPE,CASA GRANDE,RURAL,CARRETERA,PROVINCIAL,LI-620,-7.679810922969303,-79.23708866294055,DESPEJADO,RURAL,TRAMO RECTO,PLANA ,ASFALTADA,,,,,EN PROCESO DE INVESTIGACIÓN,NO CUENTA CON CAUSA ESPECIFICA,5.0,0,63.0,63.0,63.0,63.0,1,1,1,0,0,0,2
A-2021-03-305,2021-03-08,06:00,CHOQUE CON OBJETO FIJO,1,0,0,PIURA,SULLANA,MARCAVELICA,,CARRETERA,NACIONAL,PE-1N,-4.859390536930436,-80.77017540941709,,,,,,,,,,EN PROCESO DE INVESTIGACIÓN,NO CUENTA CON CAUSA ESPECIFICA,6.0,0,45.0,45.0,45.0,45.0,1,1,1,0,0,0,1
A-2021-03-372,2021-03-08,06:20,DESPISTE,1,0,0,ANCASH,SANTA,CHIMBOTE,URBANA,AVENIDA,URBANO,NO CORRESPONDE,-9.078415681082886,-78.59126234022105,DESPEJADO,RESIDENCIAL,INTERSECCIÓN,PLANA ,ASFALTADA,,,,,IMPRUDENCIA DEL CONDUCTOR,CONDUCIR EN ESTADO DE EBRIEDAD Y/O DROGADICCIÓN,6.0,0,27.0,27.0,27.0,27.0,1,1,1,0,0,0,1
A-2021-03-102,2021-03-08,06:30,VOLCADURA,3,2,1,LIMA,HUARAL,SAN MIGUEL DE ACOS,RURAL,CARRETERA,NACIONAL,PE-20C,-11.276480953144809,-76.82007008530744,LLUVIOSO,RURAL,SINUOSA,INCLINADA,ASFALTADA,SI,PREVENTIVA (P),,NO,EN PROCESO DE INVESTIGACIÓN,NO CUENTA CON CAUSA ESPECIFICA,6.0,2,42.833333333333336,43.5,26.0,63.0,3,1,3,2,1,0,6
A-2021-03-61,2021-03-08,11:10,CHOQUE,1,0,2,LA LIBERTAD,PACASMAYO,GUADALUPE,RURAL,CARRETERA,NACIONAL,PE-1N,-7.238599,-79.459271,DESPEJADO,RURAL,TRAMO RECTO,PLANA ,ASFALTADA,,,,,IMPRUDENCIA DEL CONDUCTOR,INVASIÓN DE CARRIL,11.0,0,40.5,40.5,39.0,42.0,2,2,1,0,1,0,2
A-2021-03-112,2021-03-08,15:30,CHOQUE,1,7,2,PUNO,AZANGARO,SAN ANTON,RURAL,CARRETERA,NACIONAL,PE-34B,-14.4807473,-70.2578329,DESPEJADO,RURAL,CURVA,PLANA ,ASFALTADA,SI,PREVENTIVA (P),REGULADORA (R),SI,IMPRUDENCIA DEL CONDUCTOR,EXCESO DE VELOCIDAD,15.0,0,22.1,26.0,0.0,56.0,4,2,1,7,2,0,10
A-2021-03-300,2021-03-08,15:30,DESPISTE,1,0,1,AMAZONAS,RODRIGUEZ DE MENDOZA,CHIRIMOTO,RURAL,CARRETERA,PROVINCIAL,AM-693,-6.528155635882059,-77.41589920908366,LLUVIOSO,RURAL,CURVA,INCLINADA,TROCHA,,,,,EN PROCESO DE INVESTIGACIÓN,NO CUENTA CON CAUSA ESPECIFICA,15.0,0,49.0,49.0,49.0,49.0,1,1,1,0,1,0,1
A-2021-03-28,2021-03-08,16:30,CHOQUE,1,0,2,PUNO,CHUCUITO,JULI,RURAL,CARRETERA,NACIONAL,PE-3S,-16.18222040768753,-69.53192410164623,DESPEJADO,RURAL,TRAMO RECTO,PLANA ,ASFALTADA,,,,,IMPRUDENCIA DEL CONDUCTOR,GIRAR IMPRUDENTEMENTE,16.0,0,65.5,65.5,61.0,70.0,2,2,1,0,1,0,2
A-2021-03-336,2021-03-08,17:00,CHOQUE,1,0,2,CAJAMARCA,JAEN,JAEN,RURAL,CARRETERA,NACIONAL,PE-5N,-5.685918175899451,-78.79005609596572,DESPEJADO,RURAL,TRAMO RECTO,PLANA ,ASFALTADA,,,,,EN PROCESO DE INVESTIGACIÓN,NO CUENTA CON CAUSA ESPECIFICA,17.0,0,40.5,40.5,38.0,43.0,2,2,1,0,2,0,2
A-2021-03-194,2021-03-08,17:40,DESPISTE,1,3,1,LIMA,HUAURA,SAYAN,RURAL,CARRETERA,NACIONAL,PE-18,-11.209470868955776,-77.30811335932076,DESPEJADO,RURAL,TRAMO RECTO,PLANA ,ASFALTADA,,,,,EN PROCESO DE INVESTIGACIÓN,NO CUENTA CON CAUSA ESPECIFICA,17.0,0,25.4,21.0,17.0,42.0,3,1,1,3,0,0,5
A-2021-03-83,2021-03-08,19:45,CHOQUE,1,8,2,LAMBAYEQUE,CHICLAYO,PICSI,RURAL,CARRETERA,DEPARTAMENTAL,LA-111,-6.687525,-79.779782,LLUVIOSO,RURAL,TRAMO RECTO,PLANA ,ASFALTADA,,,,,IMPRUDENCIA DEL CONDUCTOR,INVASIÓN DE CARRIL,19.0,0,26.666666666666668,26.0,20.0,40.0,3,2,1,8,2,0,9
A-2021-03-106,2021-03-08,19:50,ATROPELLO FUGA,1,0,0,LIMA,BARRANCA,SUPE,URBANA,CARRETERA,NACIONAL,PE-1N,-10.847684232280365,-77.69390695701968,DESPEJADO,RURAL,TRAMO RECTO,PLANA ,ASFALTADA,,,,,EN PROCESO DE INVESTIGACIÓN,NO CUENTA CON CAUSA ESPECIFICA,19.0,0,20.0,20.0,20.0,20.0,0,0,1,0,0,0,2
A-2021-03-80,2021-03-08,20:00,CHOQUE CON OBJETO FIJO,1,0,1,LAMBAYEQUE,LAMBAYEQUE,OLMOS,RURAL,CARRETERA,NACIONAL,PE-1N,-6.154283393625945,-80.4744833231973,DESPEJADO,RURAL,OTRO,PLANA ,ASFALTADA,SI,PREVENTIVA (P),REGULADORA (R),NO,EN PROCESO DE INVESTIGACIÓN,NO CUENTA CON CAUSA ESPECIFICA,20.0,0,30.0,30.0,30.0,30.0,1,1,1,0,1,0,1
A-2021-03-42,2021-03-08,21:30,DESPISTE,1,0,1,LAMBAYEQUE,LAMBAYEQUE,MOTUPE,RURAL,CARRETERA,PROVINCIAL,LA-535,-6.299153,-79.758988,LLUVIOSO,RURAL,SINUOSA,PLANA ,TROCHA,,,,,EN PROCESO DE INVESTIGACIÓN,NO CUENTA CON CAUSA ESPECIFICA,21.0,0,31.0,31.0,31.0,31.0,1,1,1,0,0,0,1
A-2021-03-315,2021-03-09,03:00,DESPISTE,1,0,1,PIURA,AYABACA,AYABACA,,CARRETERA,NACIONAL,PE-1NT,-4.704679385931243,-79.79501006503793,LLUVIOSO,RURAL,TRAMO RECTO,INCLINADA,ASFALTADA,,,,,EN PROCESO DE INVESTIGACIÓN,NO CUENTA CON CAUSA ESPECIFICA,3.0,0,30.0,30.0,30.0,30.0,1,1,1,0,1,0,1
A-2021-03-62,2021-03-09,20:30,CHOQUE FUGA,1,0,2,LA LIBERTAD,TRUJILLO,HUANCHACO,RURAL,CARRETERA,NACIONAL,PE-1N,-7.99302,-79.074555,DESPEJADO,RURAL,TRAMO RECTO,PLANA ,ASFALTADA,,,,,EN PROCESO DE INVESTIGACIÓN,NO CUENTA CON CAUSA ESPECIFICA,20.0,0,81.0,81.0,81.0,81.0,1,1,1,0,0,0,2
A-2021-03-74,2021-03-09,21:30,DESPISTE,2,1,1,CAJAMARCA,CHOTA,QUEROCOTO,RURAL,CARRETERA,PROVINCIAL,CA-827,-6.40624446,-79.03196898,LLUVIOSO,RURAL,CURVA,PLANA ,AFIRMADO,,,,,EN PROCESO DE INVESTIGACIÓN,NO CUENTA CON CAUSA ESPECIFICA,21.0,1,25.333333333333332,21.0,18.0,37.0,2,1,2,1,0,0,4
A-2021-03-306,2021-03-10,05:00,CHOQUE CON OBJETO FIJO,1,0,1,PIURA,TALARA,PARIÑAS,,CARRETERA,NACIONAL,PE-1N,-4.5940524,-81.1739242,DESPEJADO,RURAL,TRAMO RECTO,PLANA ,ASFALTADA,,,,,INFRAESTRUCTURA Y ENTORNO VIAL,OTRO (INFRAESTRUCTURA Y ENTORNO VIAL),5.0,0,31.0,31.0,31.0,31.0,1,1,1,0,0,0,1
A-2021-03-44,2021-03-10,07:00,DESPISTE,1,3,1,AREQUIPA,CAMANA,OCOÑA,RURAL,CARRETERA,NACIONAL,PE-1S,-16.48163,-73.000389,DESPEJADO,RURAL,TRAMO RECTO,PLANA ,ASFALTADA,NO,,,SI,EN PROCESO DE INVESTIGACIÓN,NO CUENTA CON CAUSA ESPECIFICA,7.0,0,20.333333333333332,14.0,9.0,38.0,2,1,1,3,1,0,4
A-2021-03-363,2021-03-10,10:00,DESPISTE,2,0,1,PIURA,PAITA,LA HUACA,RURAL,CARRETERA,NACIONAL,PE-02,-5.11413,-80.88071,DESPEJADO,RURAL,TRAMO RECTO,PLANA ,ASFALTADA,,,,,EN PROCESO DE INVESTIGACIÓN,NO CUENTA CON CAUSA ESPECIFICA,10.0,1,,,,,2,1,2,0,0,0,2
A-2021-03-54,2021-03-11,04:00,DESPISTE,1,1,1,PIURA,PIURA,VEINTISEIS DE OCTUBRE,RURAL,CARRETERA,NACIONAL,PE-1N,-5.140422,-80.699239,DESPEJADO,RURAL,TRAMO RECTO,PLANA ,ASFALTADA,,,,,IMPRUDENCIA DEL CONDUCTOR,FATIGA Y/O CANSANCIO,4.0,0,23.666666666666668,29.0,2.0,40.0,2,1,1,1,1,0,3
A-2021-03-218,2021-03-11,17:40,CHOQUE CON OBJETO FIJO,1,0,1,LIMA,LIMA,PUENTE PIEDRA,URBANA,CARRETERA,NACIONAL,PE-1N,-11.91275,-77.07335,DESPEJADO,INDUSTRIAL,TRAMO RECTO,PLANA ,ASFALTADA,,,,,IMPRUDENCIA DEL CONDUCTOR,EXCESO DE VELOCIDAD,17.0,0,,,,,1,1,1,0,0,0,1
A-2021-03-43,2021-03-11,20:30,ATROPELLO,1,0,1,PUNO,EL COLLAO,ILAVE,RURAL,CARRETERA,PROVINCIAL,PU-1149,-16.0551,-69.6171,DESPEJADO,RURAL,TRAMO RECTO,PLANA ,ASFALTADA,,,,,IMPRUDENCIA DEL PEATÓN,ESTADO DE EBRIEDAD Y/O DROGADICCIÓN,20.0,0,29.5,29.5,20.0,39.0,2,1,1,0,1,0,2
A-2021-03-77,2021-03-12,04:30,DESPISTE,1,8,1,CUSCO,CANCHIS,MARANGANI,RURAL,CARRETERA,PROVINCIAL,CU-1430,-14.3569,-71.1589,LLUVIOSO,RURAL,CURVA,INCLINADA,AFIRMADO,,,,,IMPRUDENCIA DEL CONDUCTOR,EXCESO DE PASAJEROS O CARGA,4.0,0,55.111111111111114,61.0,15.0,77.0,4,1,1,8,1,0,10
A-2021-03-50,2021-03-12,06:30,CHOQUE,2,1,2,HUANUCO,LEONCIO PRADO,JOSE CRESPO Y CASTILLO,RURAL,CARRETERA,NACIONAL,PE-5N,-8.894713,-76.096844,NUBLADO,RURAL,TRAMO RECTO,PLANA ,ASFALTADA,,,,,IMPRUDENCIA DEL CONDUCTOR,EXCESO DE VELOCIDAD,6.0,1,27.5,28.0,16.0,38.0,4,2,2,1,1,0,4
A-2021-03-48,2021-03-12,06:45,ATROPELLO,1,0,1,CUSCO,CUSCO,SAN SEBASTIAN,URBANA,AVENIDA,URBANO,NO CORRESPONDE,-13.531674,-71.916772,DESPEJADO,RESIDENCIAL,TRAMO RECTO,PLANA ,ASFALTADA,SI,PREVENTIVA (P),REGULADORA (R),NO,NEGLIGENCIA DEL CONDUCTOR,OTRO (NEGLIGENCIA DEL CONDUCTOR),6.0,0,21.0,21.0,21.0,21.0,2,1,1,0,1,0,2
A-2021-03-180,2021-03-12,07:35,CHOQUE,1,23,2,LAMBAYEQUE,LAMBAYEQUE,OLMOS,RURAL,CARRETERA,NACIONAL,PE-1N,-6.3690787,-80.2055165,DESPEJADO,RURAL,OTRO,PLANA ,ASFALTADA,SI,REGULADORA (R),PREVENTIVA (P),NO,EN PROCESO DE INVESTIGACIÓN,NO CUENTA CON CAUSA ESPECIFICA,7.0,0,32.875,33.0,20.0,49.0,9,2,1,23,2,0,24
A-2021-03-78,2021-03-12,08:00,ATROPELLO,1,0,0,PIURA,PIURA,CASTILLA,URBANA,CARRETERA,NACIONAL,PE-1NJ,-5.185041,-80.586141,DESPEJADO,RURAL,TRAMO RECTO,PLANA ,ASFALTADA,SI,PREVENTIVA (P),PREVENTIVA (P),NO,EN PROCESO DE INVESTIGACIÓN,NO CUENTA CON CAUSA ESPECIFICA,8.0,0,35.5,35.5,2.0,69.0,1,1,1,0,1,0,2
A-2021-03-63,2021-03-12,10:00,CHOQUE,1,0,2,LA LIBERTAD,TRUJILLO,LAREDO,RURAL,CARRETERA,NACIONAL,PE-10A,-8.016867521254301,-78.83514398371496,DESPEJADO,RURAL,TRAMO RECTO,PLANA ,ASFALTADA,,,,,IMPRUDENCIA DEL CONDUCTOR,OTRO (IMPRUDENCIA DEL CONDUCTOR),10.0,0,25.0,25.0,20.0,30.0,2,2,1,0,1,0,2
A-2021-03-105,2021-03-12,13:00,VOLCADURA,1,0,1,CUSCO,ESPINAR,ESPINAR,URBANA,CALLE,URBANO,NO CORRESPONDE,-14.784459,-71.462374,DESPEJADO,RESIDENCIAL,TRAMO RECTO,PLANA ,AFIRMADO,,,,,IMPRUDENCIA DEL CONDUCTOR,CONDUCIR EN ESTADO DE EBRIEDAD Y/O DROGADICCIÓN,13.0,0,28.0,28.0,28.0,28.0,1,1,1,0,0,0,1
A-2021-03-221,2021-03-12,16:00,ATROPELLO,1,0,1,LIMA,LIMA,PUEBLO LIBRE,URBANA,AVENIDA,URBANO,NO CORRESPONDE,-12.08142,-77.05889,DESPEJADO,INDUSTRIAL,TRAMO RECTO,PLANA ,ASFALTADA,,,,,EN PROCESO DE INVESTIGACIÓN,NO CUENTA CON CAUSA ESPECIFICA,16.0,0,51.0,51.0,39.0,63.0,2,1,1,0,0,0,2
A-2021-03-92,2021-03-12,18:30,CHOQUE FUGA,1,1,2,JUNIN,CHANCHAMAYO,SAN RAMON,URBANA,CARRETERA,NACIONAL,PE-22B,-11.126949689311978,-75.36334645316921,DESPEJADO,RURAL,TRAMO RECTO,INCLINADA,ASFALTADA,,,,,IMPRUDENCIA DEL CONDUCTOR,EXCESO DE VELOCIDAD,18.0,0,32.0,27.5,25.0,48.0,4,1,1,1,1,1,4
A-2021-03-70,2021-03-12,19:00,DESPISTE,1,0,1,PIURA,SECHURA,VICE,RURAL,CARRETERA,NACIONAL,PE-1NK,-5.402755,-80.752317,DESPEJADO,RURAL,TRAMO RECTO,PLANA ,ASFALTADA,,,,,IMPRUDENCIA DEL CONDUCTOR,OTRO (IMPRUDENCIA DEL CONDUCTOR),19.0,0,43.0,43.0,43.0,43.0,1,1,1,0,0,0,1
A-2021-03-67,2021-03-12,19:50,CHOQUE,1,0,2,AREQUIPA,AREQUIPA,YURA,URBANA,CARRETERA,NACIONAL,PE-34A,-16.278201,-71.658954,DESPEJADO,RURAL,TRAMO RECTO,INCLINADA,ASFALTADA,NO,,,SI,IMPRUDENCIA DEL CONDUCTOR,INVASIÓN DE CARRIL,19.0,0,37.5,37.5,31.0,44.0,2,2,1,0,2,0,2
A-2021-03-282,2021-03-12,20:20,CHOQUE,1,1,1,PASCO,PASCO,VICCO,URBANA,CARRETERA,NACIONAL,PE-3N,-10.818273679466634,-76.20787658954369,LLUVIOSO,RURAL,TRAMO RECTO,PLANA ,ASFALTADA,,,,,EN PROCESO DE INVESTIGACIÓN,NO CUENTA CON CAUSA ESPECIFICA,20.0,0,44.333333333333336,45.0,41.0,47.0,3,2,1,1,2,0,3
A-2021-03-76,2021-03-12,23:00,CHOQUE CON OBJETO FIJO,1,0,1,ICA,ICA,SANTIAGO,RURAL,CARRETERA,SIN CLASIFICAR,SIN CLASIFICAR,-14.25426,-75.692065,DESPEJADO,RURAL,TRAMO RECTO,PLANA ,ASFALTADA,,,,,IMPRUDENCIA DEL CONDUCTOR,OTRO (IMPRUDENCIA DEL CONDUCTOR),23.0,0,33.0,33.0,33.0,33.0,1,1,1,0,0,0,1
A-2021-03-73,2021-03-13,00:10,ATROPELLO,1,0,1,AREQUIPA,AREQUIPA,CERRO COLORADO,URBANA,CARRETERA,NACIONAL,PE-34A,-16.3758069,-71.5751028,DESPEJADO,COMERCIAL,TRAMO RECTO,INCLINADA,ASFALTADA,NO,,,SI,IMPRUDENCIA DEL CONDUCTOR,OTRO (IMPRUDENCIA DEL CONDUCTOR),0.0,0,28.5,28.5,28.0,29.0,2,1,1,0,1,0,2
A-2021-03-274,2021-03-13,01:00,CHOQUE,2,8,2,HUANCAVELICA,HUAYTARA,PILPICHACA,RURAL,CARRETERA,NACIONAL,PE-28E,-13.353474,-74.954488,DESPEJADO,RURAL,TRAMO RECTO,PLANA ,ASFALTADA,,,,,IMPRUDENCIA DEL CONDUCTOR,OTRO (IMPRUDENCIA DEL CONDUCTOR),1.0,1,30.4,28.0,17.0,48.0,7,2,2,8,0,0,10
A-2021-03-107,2021-03-13,03:00,DESPISTE,2,0,1,LIMA,HUAURA,HUACHO,RURAL,CARRETERA,NACIONAL,PE-1N,-11.248954826898862,-77.52969139879113,DESPEJADO,RURAL,TRAMO RECTO,PLANA ,ASFALTADA,SI,REGULADORA (R),,NO,EN PROCESO DE INVESTIGACIÓN,NO CUENTA CON CAUSA ESPECIFICA,3.0,1,37.5,37.5,36.0,39.0,2,1,2,0,1,0,2
A-2021-03-168,2021-03-13,08:29,ESPECIAL,1,0,0,SAN MARTIN,RIOJA,PARDO MIGUEL,URBANA,CARRETERA,NACIONAL,PE-5N,-5.746693705628321,-77.47625704613425,LLUVIOSO,RESIDENCIAL,TRAMO RECTO,PLANA ,ASFALTADA,,,,,IMPRUDENCIA DEL CONDUCTOR,CONDUCIR EN ESTADO DE EBRIEDAD Y/O DROGADICCIÓN,8.0,0,36.0,36.0,36.0,36.0,1,1,1,0,0,0,1
A-2021-03-79,2021-03-13,15:40,ATROPELLO,1,0,1,SAN MARTIN,RIOJA,NUEVA CAJAMARCA,URBANA,CARRETERA,NACIONAL,PE-5N,-5.92532612047425,-77.31517099342778,DESPEJADO,COMERCIAL,TRAMO RECTO,PLANA ,ASFALTADA,,PREVENTIVA (P),PREVENTIVA (P),,IMPRUDENCIA DEL CONDUCTOR,OTRO (IMPRUDENCIA DEL CONDUCTOR),15.0,0,40.5,40.5,20.0,61.0,2,1,1,0,0,1,2
A-2021-03-82,2021-03-13,16:50,CHOQUE,1,5,2,PIURA,MORROPON,CHULUCANAS,RURAL,CARRETERA,SIN CLASIFICAR,SIN CLASIFICAR,-5.00954765882599,-80.2211168608005,DESPEJADO,RURAL,CURVA,PLANA ,TROCHA,,,,,EN PROCESO DE INVESTIGACIÓN,NO CUENTA CON CAUSA ESPECIFICA,16.0,0,27.666666666666668,30.5,2.0,52.0,2,2,1,5,0,0,6
A-2021-03-373,2021-03-13,20:20,ATROPELLO FUGA,1,0,0,ANCASH,SANTA,CHIMBOTE,RURAL,CARRETERA,DEPARTAMENTAL,AN-107,-9.033604854509422,-78.56125272044436,DESPEJADO,RURAL,TRAMO RECTO,PLANA ,ASFALTADA,,,,,EN PROCESO DE INVESTIGACIÓN,NO CUENTA CON CAUSA ESPECIFICA,20.0,0,,,,,0,0,1,0,0,0,2
A-2021-03-320,2021-03-13,21:00,CHOQUE FUGA,1,0,1,LAMBAYEQUE,FERREÑAFE,FERREÑAFE,RURAL,CARRETERA,PROVINCIAL,LA-712,-6.678596,-79.781781,DESPEJADO,RURAL,OTRO,PLANA ,TROCHA,,,,,EN PROCESO DE INVESTIGACIÓN,NO CUENTA CON CAUSA ESPECIFICA,21.0,0,41.0,41.0,41.0,41.0,1,1,1,0,0,0,2