CODIGO_SINIESTRO,FECHA_SINIESTRO,HORA_SINIESTRO,CLASE_SINIESTRO,CANTIDAD_FALLECIDOS,CANTIDAD_LESIONADOS,CANTIDAD_VEHICULOS,DEPARTAMENTO,PROVINCIA,DISTRITO,ZONA,TIPO_VIA,RED_VIAL,COD_CARRETERA,LATITUD,LONGITUD,CONDICION_CLIMATICA,ZONIFICACION,CARACTERISTICAS_VIA,PERFIL_VIA,SUPERFICIE_CALZADA,EXISTE_SENIAL_VERTICAL,CLASIFICACION_SENIAL_VERTICAL_1,CLASIFICACION_SENIAL_VERTICAL_2,EXISTE_SENIAL_HORIZONTAL,CAUSA_FACTOR_PRINCIPAL,CAUSA_ESPECIFICA,HORA,severidad,EDAD_PROMEDIO,EDAD_MEDIANA,EDAD_MIN,EDAD_MAX,TOTAL_MASCULINOS,TOTAL_CONDUCTORES,TOTAL_FALLECIDOS_AGG,TOTAL_LESIONADOS_AGG,TOTAL_LICENCIA,TOTAL_ALCOHOL_POSITIVO,TOTAL_PERSONAS
A-2021-03-81,2021-03-13,23:30,ATROPELLO FUGA,1,1,1,AREQUIPA,AREQUIPA,CAYMA,URBANA,AVENIDA,URBANO,NO CORRESPONDE,-16.31881119565338,-71.52969234622411,DESPEJADO,RESIDENCIAL,CURVA,INCLINADA,ASFALTADA,,,,,IMPRUDENCIA DEL CONDUCTOR,EXCESO DE VELOCIDAD,23.0,0,46.0,52.0,32.0,54.0,2,0,1,1,0,0,3
A-2021-03-346,2021-03-14,03:00,ATROPELLO FUGA,1,0,1,LIMA,LIMA,COMAS,URBANA,CARRETERA,NACIONAL,PE-1N,-11.946883,-77.070858,DESPEJADO,RESIDENCIAL,INTERSECCIÓN,PLANA ,ASFALTADA,,,,,EN PROCESO DE INVESTIGACIÓN,NO CUENTA CON CAUSA ESPECIFICA,3.0,0,,,,,1,0,1,0,0,0,2
A-2021-03-75,2021-03-14,14:44,DESPISTE,1,0,1,AREQUIPA,CAYLLOMA,SAN ANTONIO DE CHUCA,RURAL,CARRETERA,NACIONAL,PE-34J,-15.663868,-71.05266,GRANIZADO,RURAL,TRAMO RECTO,PLANA ,ASFALTADA,NO,,,SI,IMPRUDENCIA DEL CONDUCTOR,EXCESO DE VELOCIDAD,14.0,0,43.0,43.0,40.0,46.0,1,1,1,0,1,0,2
A-2021-03-265,2021-03-14,18:00,CHOQUE,1,0,2,JUNIN,CONCEPCION,MATAHUASI,RURAL,CARRETERA,NACIONAL,PE-3S,-11.894049,-75.341376,LLUVIOSO,RURAL,TÚNEL,PLANA ,ASFALTADA,SI,REGULADORA (R),PREVENTIVA (P),NO,EN PROCESO DE INVESTIGACIÓN,NO CUENTA CON CAUSA ESPECIFICA,18.0,0,24.0,24.0,17.0,31.0,2,2,1,0,1,0,2
A-2021-03-140,2021-03-14,22:30,CHOQUE,1,0,2,LA LIBERTAD,ASCOPE,PAIJAN,RURAL,CARRETERA,PROVINCIAL,LI-616,-7.73735125059365,-79.30589344133942,DESPEJADO,RURAL,TRAMO RECTO,PLANA ,ASFALTADA,,,,,IMPRUDENCIA DEL CONDUCTOR,CONDUCIR EN ESTADO DE EBRIEDAD Y/O DROGADICCIÓN,22.0,0,39.5,39.5,31.0,48.0,2,2,1,0,1,2,2
A-2021-03-296,2021-03-15,01:00,CHOQUE,1,4,2,AYACUCHO,LA MAR,AYNA,URBANA,CARRETERA,NACIONAL,PE-28B,-12.624625,-73.789154,DESPEJADO,RURAL,CURVA,PLANA ,TROCHA,NO,,,SI,NEGLIGENCIA DEL CONDUCTOR,OTRO (NEGLIGENCIA DEL CONDUCTOR),1.0,0,26.666666666666668,22.5,6.0,51.0,2,2,1,4,1,0,6
A-2021-03-368,2021-03-15,05:00,DESPISTE,1,0,1,HUANUCO,HUANUCO,YACUS,RURAL,CARRETERA,DEPARTAMENTAL,HU-111,-9.97815888177728,-76.49972328540551,DESPEJADO,RURAL,CURVA,PLANA ,AFIRMADO,,,,,EN PROCESO DE INVESTIGACIÓN,NO CUENTA CON CAUSA ESPECIFICA,5.0,0,42.0,42.0,42.0,42.0,1,0,1,0,0,0,2
A-2021-03-334,2021-03-15,07:00,DESPISTE,2,3,1,PIURA,HUANCABAMBA,HUARMACA,RURAL,CARRETERA,SIN CLASIFICAR,SIN CLASIFICAR,-5.61141,-79.611036,DESPEJADO,RURAL,CURVA,INCLINADA,AFIRMADO,,,,,EN PROCESO DE INVESTIGACIÓN,NO CUENTA CON CAUSA ESPECIFICA,7.0,1,33.2,41.0,16.0,45.0,5,1,2,3,0,0,5
A-2021-03-110,2021-03-15,09:00,CHOQUE,1,1,2,LIMA,HUARAL,HUARAL,RURAL,CARRETERA,PROVINCIAL,LM-667,-11.379775056306409,-77.31190138795026,DESPEJADO,RURAL,TRAMO RECTO,PLANA ,ASFALTADA,,,,,IMPRUDENCIA DEL CONDUCTOR,INVASIÓN DE CARRIL,9.0,0,30.0,22.0,11.0,57.0,3,2,1,1,1,0,3
A-2021-03-95,2021-03-15,10:20,ATROPELLO,1,1,1,CAJAMARCA,CAJAMARCA,LLACANORA,RURAL,CARRETERA,PROVINCIAL,CA-1495,-7.19258821260287,-78.4284867247807,DESPEJADO,RURAL,TRAMO RECTO,PLANA ,TROCHA,,,,,IMPRUDENCIA DEL PEATÓN,CRUCE INDEBIDO POR LA CALZADA,10.0,0,42.5,42.5,20.0,65.0,1,1,1,1,1,0,2
A-2021-03-113,2021-03-15,12:20,ATROPELLO,1,0,1,PUNO,HUANCANE,TARACO,RURAL,CARRETERA,NACIONAL,PE-34H,-15.290999,-69.95277,DESPEJADO,RURAL,TRAMO RECTO,PLANA ,ASFALTADA,SI,REGULADORA (R),PREVENTIVA (P),SI,IMPRUDENCIA DEL CONDUCTOR,EXCESO DE VELOCIDAD,12.0,0,19.5,19.5,7.0,32.0,2,1,1,0,1,0,2
A-2021-03-262,2021-03-15,17:20,ATROPELLO,1,0,0,JUNIN,CHUPACA,CHUPACA,RURAL,JIRÓN,URBANO,NO CORRESPONDE,-12.0884911,-75.286090516,DESPEJADO,RURAL,TRAMO RECTO,PLANA ,TROCHA,,,,,EN PROCESO DE INVESTIGACIÓN,NO CUENTA CON CAUSA ESPECIFICA,17.0,0,26.5,26.5,2.0,51.0,1,1,1,0,1,0,2
A-2021-03-145,2021-03-16,08:00,ATROPELLO,1,0,1,ANCASH,CARHUAZ,ANTA,RURAL,CARRETERA,PROVINCIAL,AN-1106,-9.356615206019528,-77.59713007455545,DESPEJADO,RURAL,CURVA,INCLINADA,CONCRETO,,,,,IMPRUDENCIA DEL CONDUCTOR,EXCESO DE VELOCIDAD,8.0,0,17.0,17.0,17.0,17.0,1,1,1,0,0,0,2
A-2021-03-147,2021-03-16,14:30,DESPISTE,1,6,1,ANCASH,HUARI,CAJAY,RURAL,CARRETERA,PROVINCIAL,AN-654,-9.291594640542083,-77.06817394987873,SOLEADO,RURAL,CURVA,INCLINADA,TROCHA,,,,,IMPRUDENCIA DEL CONDUCTOR,FATIGA Y/O CANSANCIO,14.0,0,43.166666666666664,44.5,37.0,49.0,6,1,1,6,1,0,7
A-2021-03-228,2021-03-16,16:00,ATROPELLO FUGA,1,0,1,LIMA,LIMA,INDEPENDENCIA,URBANA,AVENIDA,URBANO,NO CORRESPONDE,-12.00466,-77.06125,DESPEJADO,INDUSTRIAL,TRAMO RECTO,PLANA ,ASFALTADA,,,,,EN PROCESO DE INVESTIGACIÓN,NO CUENTA CON CAUSA ESPECIFICA,16.0,0,,,,,1,0,1,0,0,0,2
A-2021-03-311,2021-03-16,17:30,ATROPELLO,1,1,1,CALLAO,CALLAO,CALLAO,URBANA,AVENIDA,URBANO,NO CORRESPONDE,-12.0474209170896,-77.08599033016722,DESPEJADO,COMERCIAL,TRAMO RECTO,PLANA ,CONCRETO,,,,,IMPRUDENCIA DEL PEATÓN,CRUCE INDEBIDO POR LA CALZADA,17.0,0,60.0,60.0,36.0,84.0,1,1,1,1,1,0,2
A-2021-03-142,2021-03-16,17:45,ATROPELLO,1,0,1,LA LIBERTAD,CHEPEN,PACANGA,RURAL,CARRETERA,NACIONAL,PE-1N,-7.151852,-79.449101,DESPEJADO,RURAL,TRAMO RECTO,PLANA ,ASFALTADA,,,,,EN PROCESO DE INVESTIGACIÓN,NO CUENTA CON CAUSA ESPECIFICA,17.0,0,33.0,33.0,19.0,47.0,2,1,1,0,1,0,2
A-2021-03-116,2021-03-17,03:00,CHOQUE,1,1,2,CUSCO,ANTA,LIMATAMBO,RURAL,CARRETERA,NACIONAL,PE-3S,-13.454315,-72.411212,LLUVIOSO,RURAL,CURVA,INCLINADA,ASFALTADA,SI,PREVENTIVA (P),PREVENTIVA (P),SI,INFRAESTRUCTURA Y ENTORNO VIAL,FACTOR AMBIENTAL,3.0,0,33.0,28.0,25.0,46.0,2,2,1,1,2,0,3
A-2021-03-98,2021-03-17,03:40,ATROPELLO FUGA,1,0,0,AREQUIPA,AREQUIPA,LA JOYA,URBANA,JIRÓN,URBANO,NO CORRESPONDE,-16.496078,-71.836013,DESPEJADO,RESIDENCIAL,TRAMO RECTO,INCLINADA,ASFALTADA,,,,,IMPRUDENCIA DEL CONDUCTOR,OTRO (IMPRUDENCIA DEL CONDUCTOR),3.0,0,,,,,1,0,1,0,0,0,2
A-2021-03-108,2021-03-17,06:00,CHOQUE,1,3,2,TACNA,TACNA,TACNA,RURAL,CARRETERA,NACIONAL,PE-1S,-17.975617,-70.2867008,DESPEJADO,RURAL,INTERSECCIÓN,INCLINADA,ASFALTADA,SI,REGULADORA (R),PREVENTIVA (P),SI,IMPRUDENCIA DEL CONDUCTOR,DESACATO DE SEÑAL DE TRÁNSITO,6.0,0,36.8,40.0,24.0,52.0,4,2,1,3,1,0,5
A-2021-03-230,2021-03-17,10:30,ATROPELLO,1,0,1,LIMA,LIMA,SAN MARTIN DE PORRES,URBANA,AVENIDA,URBANO,NO CORRESPONDE,-12.03756,-77.04597,SOLEADO,INDUSTRIAL,TRAMO RECTO,PLANA ,ASFALTADA,,,,,IMPRUDENCIA DEL PEATÓN,OTRO (IMPRUDENCIA DEL PEATÓN),10.0,0,60.0,60.0,40.0,80.0,2,1,1,0,0,0,2
A-2021-03-233,2021-03-17,17:00,VOLCADURA,1,0,1,LIMA,LIMA,PUNTA NEGRA,URBANA,AVENIDA,URBANO,NO CORRESPONDE,-12.38028,-76.78787,DESPEJADO,INDUSTRIAL,TRAMO RECTO,PLANA ,ASFALTADA,,,,,EN PROCESO DE INVESTIGACIÓN,NO CUENTA CON CAUSA ESPECIFICA,17.0,0,62.0,62.0,62.0,62.0,0,1,1,0,0,0,1
A-2021-03-104,2021-03-18,03:26,CHOQUE,1,2,0,MADRE DE DIOS,TAMBOPATA,INAMBARI,URBANA,CARRETERA,NACIONAL,PE-30C,-12.883538,-70.026828,,,,,,,,,,EN PROCESO DE INVESTIGACIÓN,NO CUENTA CON CAUSA ESPECIFICA,3.0,0,32.25,32.5,26.0,38.0,3,2,1,2,1,0,5
A-2021-03-109,2021-03-18,09:40,ATROPELLO,1,0,0,CUSCO,CUSCO,SAN SEBASTIAN,URBANA,CALLE,URBANO,NO CORRESPONDE,-13.526312,-71.929567,SOLEADO,RESIDENCIAL,TRAMO RECTO,INCLINADA,AFIRMADO,,,,,IMPRUDENCIA DEL CONDUCTOR,OTRO (IMPRUDENCIA DEL CONDUCTOR),9.0,0,56.5,56.5,25.0,88.0,2,1,1,0,1,0,2
A-2021-03-111,2021-03-18,12:30,DESPISTE,1,1,1,ICA,PALPA,SANTA CRUZ,RURAL,CARRETERA,NACIONAL,PE-1S,-14.495542593746388,-75.28891236341828,DESPEJADO,RURAL,TRAMO RECTO,PLANA ,ASFALTADA,NO,,,SI,EN PROCESO DE INVESTIGACIÓN,NO CUENTA CON CAUSA ESPECIFICA,12.0,0,24.5,24.5,23.0,26.0,1,1,1,1,1,0,2
A-2021-03-155,2021-03-18,13:30,DESPISTE,1,0,1,CAJAMARCA,CUTERVO,PIMPINGOS,RURAL,CARRETERA,PROVINCIAL,CA-774,-6.03268818,-78.76084474,DESPEJADO,RURAL,CURVA,INCLINADA,AFIRMADO,,,,,IMPRUDENCIA DEL CONDUCTOR,EXCESO DE VELOCIDAD,13.0,0,47.0,47.0,47.0,47.0,1,1,1,0,0,0,1
A-2021-03-369,2021-03-18,17:50,DESPISTE,1,0,1,HUANUCO,AMBO,AMBO,RURAL,CARRETERA,SIN CLASIFICAR,SIN CLASIFICAR,-10.138769,-76.222358,DESPEJADO,RURAL,CURVA,INCLINADA,AFIRMADO,,,,,IMPRUDENCIA DEL CONDUCTOR,EXCESO DE VELOCIDAD,17.0,0,29.0,29.0,28.0,30.0,1,1,1,0,0,1,2
A-2021-03-347,2021-03-18,23:20,ATROPELLO FUGA,1,0,1,LIMA,CAÑETE,CHILCA,URBANA,CARRETERA,NACIONAL,PE-1S,-12.47704286581339,-76.74824147897822,DESPEJADO,INDUSTRIAL,TRAMO RECTO,PLANA ,ASFALTADA,,,,,EN PROCESO DE INVESTIGACIÓN,NO CUENTA CON CAUSA ESPECIFICA,23.0,0,29.0,29.0,29.0,29.0,1,0,1,0,0,0,2
A-2021-03-134,2021-03-19,02:40,CHOQUE,1,0,2,CUSCO,CUSCO,SAYLLA,URBANA,CARRETERA,NACIONAL,PE-3S,-13.566591,-71.833875,DESPEJADO,RESIDENCIAL,TRAMO RECTO,PLANA ,ASFALTADA,,,,,IMPRUDENCIA DEL CONDUCTOR,CONDUCIR EN ESTADO DE EBRIEDAD Y/O DROGADICCIÓN,2.0,0,29.0,29.0,25.0,33.0,2,2,1,0,2,0,2
A-2021-03-236,2021-03-19,08:40,DESPISTE,1,0,1,LIMA,LIMA,SANTIAGO DE SURCO,URBANA,AVENIDA,URBANO,NO CORRESPONDE,-12.13744,-77.01514,DESPEJADO,INDUSTRIAL,TRAMO RECTO,PLANA ,ASFALTADA,,,,,IMPRUDENCIA DEL CONDUCTOR,EXCESO DE VELOCIDAD,8.0,0,35.0,35.0,35.0,35.0,1,1,1,0,0,0,1
A-2021-03-307,2021-03-19,09:00,CHOQUE,1,0,2,PIURA,PIURA,TAMBO GRANDE,RURAL,CARRETERA,NACIONAL,PE-1NL,-4.930936712113596,-80.5380034003376,DESPEJADO,RURAL,TRAMO RECTO,PLANA ,ASFALTADA,SI,REGULADORA (R),,SI,EN PROCESO DE INVESTIGACIÓN,NO CUENTA CON CAUSA ESPECIFICA,9.0,0,33.0,33.0,25.0,41.0,2,2,1,0,1,0,2
A-2021-03-187,2021-03-19,09:30,DESPISTE,1,1,1,PUNO,LAMPA,SANTA LUCIA,RURAL,CARRETERA,NACIONAL,PE-34A,-15.68907120928058,-70.81193843738657,DESPEJADO,RURAL,CURVA,INCLINADA,ASFALTADA,SI,PREVENTIVA (P),REGULADORA (R),SI,IMPRUDENCIA DEL CONDUCTOR,EXCESO DE VELOCIDAD,9.0,0,60.0,60.0,59.0,61.0,2,1,1,1,1,0,2
A-2021-03-143,2021-03-19,11:50,CHOQUE,1,0,2,LA LIBERTAD,PACASMAYO,SAN PEDRO DE LLOC,URBANA,CARRETERA,NACIONAL,PE-1N,-7.434928,-79.501621,DESPEJADO,RURAL,TRAMO RECTO,PLANA ,ASFALTADA,,,,,IMPRUDENCIA DEL CONDUCTOR,OTRO (IMPRUDENCIA DEL CONDUCTOR),11.0,0,21.5,21.5,20.0,23.0,2,2,1,0,0,0,2
A-2021-03-167,2021-03-19,14:30,DESPISTE,4,2,1,CUSCO,LA CONVENCION,ECHARATE,RURAL,CARRETERA,NACIONAL,PE-28B,-12.6442572040192,-72.9332272616422,NUBLADO,RURAL,CURVA,INCLINADA,TROCHA,,,,,INFRAESTRUCTURA Y ENTORNO VIAL,FACTOR AMBIENTAL,14.0,2,51.0,49.0,40.0,64.0,3,1,4,2,1,0,7
A-2021-03-242,2021-03-19,15:10,DESPISTE,2,0,1,LIMA,OYON,OYON,URBANA,CARRETERA,NACIONAL,PE-18,-10.67120414605662,-76.76976285249098,DESPEJADO,RURAL,CURVA,INCLINADA,ASFALTADA,SI,PREVENTIVA (P),,NO,EN PROCESO DE INVESTIGACIÓN,NO CUENTA CON CAUSA ESPECIFICA,15.0,1,21.0,21.0,20.0,22.0,2,1,2,0,1,0,2
A-2021-03-148,2021-03-19,18:00,DESPISTE,1,0,1,LA LIBERTAD,TRUJILLO,HUANCHACO,URBANA,CARRETERA,DEPARTAMENTAL,LI-104,-8.0959207,-79.1139278,DESPEJADO,RURAL,TRAMO RECTO,PLANA ,ASFALTADA,,,,,IMPRUDENCIA DEL CONDUCTOR,EXCESO DE VELOCIDAD,18.0,0,35.0,35.0,35.0,35.0,1,1,1,0,0,0,1
A-2021-03-135,2021-03-19,20:20,CHOQUE,1,3,2,AREQUIPA,AREQUIPA,UCHUMAYO,RURAL,CARRETERA,DEPARTAMENTAL,AR-115,-16.5407845,-71.6995849,DESPEJADO,RURAL,TRAMO RECTO,PLANA ,ASFALTADA,SI,INFORMATIVA (I),INFORMATIVA (I),SI,IMPRUDENCIA DEL CONDUCTOR,INVASIÓN DE CARRIL,20.0,0,30.25,25.0,21.0,50.0,2,2,1,3,2,0,4
A-2021-03-131,2021-03-19,21:30,CHOQUE,1,0,2,PUNO,EL COLLAO,ILAVE,RURAL,CARRETERA,PROVINCIAL,PU-1211,-16.148,-69.622,DESPEJADO,RURAL,TRAMO RECTO,PLANA ,ASFALTADA,,,,,NEGLIGENCIA DEL CONDUCTOR,CONDUCIR CON FALLAS ELÉCTRICAS,21.0,0,63.0,63.0,60.0,66.0,2,2,1,0,0,0,2
A-2021-03-348,2021-03-20,06:15,DESPISTE,1,3,1,JUNIN,HUANCAYO,SICAYA,RURAL,CARRETERA,PROVINCIAL,JU-848,-12.047251,-75.303147,DESPEJADO,RURAL,CURVA,PLANA ,ASFALTADA,,,,,IMPRUDENCIA DEL CONDUCTOR,EXCESO DE VELOCIDAD,6.0,0,21.0,24.0,0.0,36.0,3,1,1,3,1,0,5
A-2021-03-216,2021-03-20,06:45,DESPISTE,1,3,1,LA LIBERTAD,VIRU,GUADALUPITO,RURAL,CARRETERA,NACIONAL,PE-1N,-8.964107,-78.624423,DESPEJADO,RURAL,TRAMO RECTO,PLANA ,ASFALTADA,,,,,EN PROCESO DE INVESTIGACIÓN,NO CUENTA CON CAUSA ESPECIFICA,6.0,0,26.75,27.0,11.0,42.0,3,1,1,3,1,0,4
A-2021-03-237,2021-03-20,07:00,ATROPELLO,1,0,1,LIMA,LIMA,SAN MARTIN DE PORRES,URBANA,AVENIDA,URBANO,NO CORRESPONDE,-12.00624,-77.0827,DESPEJADO,INDUSTRIAL,TRAMO RECTO,PLANA ,ASFALTADA,,,,,IMPRUDENCIA DEL CONDUCTOR,OTRO (IMPRUDENCIA DEL CONDUCTOR),7.0,0,57.0,57.0,40.0,74.0,2,1,1,0,0,0,2
A-2021-03-245,2021-03-20,09:30,ATROPELLO FUGA,1,0,0,LIMA,HUAURA,HUACHO,URBANA,CARRETERA,NACIONAL,PE-1N,-11.120528053750226,-77.59414475468402,DESPEJADO,RURAL,TRAMO RECTO,PLANA ,ASFALTADA,,,,,EN PROCESO DE INVESTIGACIÓN,NO CUENTA CON CAUSA ESPECIFICA,9.0,0,60.0,60.0,60.0,60.0,1,0,1,0,0,0,2
A-2021-03-247,2021-03-20,11:20,CHOQUE,2,2,2,LIMA,BARRANCA,PARAMONGA,RURAL,CARRETERA,NACIONAL,PE-1N,-10.65249977216015,-77.84463793068983,DESPEJADO,RURAL,TRAMO RECTO,PLANA ,ASFALTADA,SI,REGULADORA (R),,NO,IMPRUDENCIA DEL CONDUCTOR,FATIGA Y/O CANSANCIO,11.0,1,37.0,42.0,10.0,53.0,3,2,2,2,2,0,5
A-2021-03-377,2021-03-20,11:40,VOLCADURA,1,0,0,SAN MARTIN,PICOTA,PICOTA,URBANA,JIRÓN,URBANO,NO CORRESPONDE,-6.924153,-76.329368,SOLEADO,COMERCIAL,TRAMO RECTO,PLANA ,ASFALTADA,NO,,,SI,IMPERICIA DEL CONDUCTOR,,11.0,0,49.0,49.0,49.0,49.0,1,1,1,0,0,0,1
A-2021-03-370,2021-03-20,13:33,ATROPELLO,1,0,1,HUANUCO,AMBO,CONCHAMARCA,RURAL,CARRETERA,NACIONAL,PE-3N,-10.058429,-76.222235,DESPEJADO,RURAL,TRAMO RECTO,INCLINADA,ASFALTADA,,,,,EN PROCESO DE INVESTIGACIÓN,NO CUENTA CON CAUSA ESPECIFICA,13.0,0,53.0,53.0,39.0,67.0,1,1,1,0,0,0,2
A-2021-03-238,2021-03-20,14:10,CHOQUE,1,0,1,LIMA,LIMA,EL AGUSTINO,URBANA,CARRETERA,NACIONAL,PE-1N,-12.0427,-76.98674,DESPEJADO,RURAL,INTERSECCIÓN,PLANA ,ASFALTADA,,,,,IMPRUDENCIA DEL CONDUCTOR,CONDUCIR EN ESTADO DE EBRIEDAD Y/O DROGADICCIÓN,14.0,0,43.0,43.0,43.0,43.0,1,2,1,0,0,0,2
A-2021-03-136,2021-03-20,16:30,CHOQUE,1,1,2,AREQUIPA,AREQUIPA,YURA,RURAL,CARRETERA,NACIONAL,PE-34A,-16.0735194,-71.4758204,DESPEJADO,RURAL,TRAMO RECTO,PLANA ,ASFALTADA,,,,,IMPRUDENCIA DEL CONDUCTOR,INVASIÓN DE CARRIL,16.0,0,32.333333333333336,40.0,15.0,42.0,3,2,1,1,2,0,3
A-2021-03-188,2021-03-20,18:00,CHOQUE,1,1,2,PUNO,AZANGARO,SANTIAGO DE PUPUJA,RURAL,CARRETERA,DEPARTAMENTAL,PU-117,-15.05,-70.24757,NUBLADO,RURAL,CURVA,PLANA ,TROCHA,,,,,IMPRUDENCIA DEL CONDUCTOR,OTRO (IMPRUDENCIA DEL CONDUCTOR),18.0,0,36.0,36.0,30.0,42.0,2,2,1,1,2,0,2
A-2021-03-179,2021-03-20,19:30,CHOQUE,1,0,2,LAMBAYEQUE,LAMBAYEQUE,LAMBAYEQUE,RURAL,CARRETERA,NACIONAL,PE-1N,-6.661266789375377,-79.9278410687739,DESPEJADO,RURAL,TRAMO RECTO,PLANA ,ASFALTADA,SI,REGULADORA (R),PREVENTIVA (P),SI,IMPRUDENCIA DEL CONDUCTOR,INVASIÓN DE CARRIL,19.0,0,39.5,39.5,34.0,45.0,2,2,1,0,1,0,2
A-2021-03-173,2021-03-20,19:45,CAÍDA DE PASAJERO,1,0,1,JUNIN,SATIPO,RIO NEGRO,RURAL,CARRETERA,NACIONAL,PE-5S,-11.205682145657612,-74.66242047948204,DESPEJADO,RURAL,TRAMO RECTO,PLANA ,ASFALTADA,,,,,EN PROCESO DE INVESTIGACIÓN,NO CUENTA CON CAUSA ESPECIFICA,19.0,0,35.0,35.0,25.0,45.0,2,1,1,0,1,0,2
A-2021-03-146,2021-03-20,20:00,CHOQUE FUGA,1,0,1,PUNO,MELGAR,NUÑOA,RURAL,CARRETERA,PROVINCIAL,PU-665,-14.471582977069756,-70.63235122851832,NUBLADO,RURAL,TRAMO RECTO,PLANA ,TROCHA,,,,,IMPRUDENCIA DEL CONDUCTOR,EXCESO DE VELOCIDAD,20.0,0,22.0,22.0,22.0,22.0,1,1,1,0,0,0,2
A-2021-03-213,2021-03-20,20:30,CHOQUE,1,0,2,LA LIBERTAD,PACASMAYO,SAN JOSE,RURAL,CARRETERA,NACIONAL,PE-1N,-7.336833,-79.495344,DESPEJADO,RURAL,TRAMO RECTO,PLANA ,ASFALTADA,,,,,EN PROCESO DE INVESTIGACIÓN,NO CUENTA CON CAUSA ESPECIFICA,20.0,0,31.5,31.5,28.0,35.0,2,2,1,0,1,0,2
A-2021-03-177,2021-03-20,23:40,DESPISTE,1,0,1,CAJAMARCA,SAN MARCOS,PEDRO GALVEZ,URBANA,CARRETERA,NACIONAL,PE-3N,-7.32351431,-78.17276079,DESPEJADO,COMERCIAL,CURVA,INCLINADA,ASFALTADA,SI,PREVENTIVA (P),REGULADORA (R),SI,IMPRUDENCIA DEL CONDUCTOR,EXCESO DE VELOCIDAD,23.0,0,19.0,19.0,19.0,19.0,1,1,1,0,0,0,1
A-2021-03-164,2021-03-21,10:40,CHOQUE,1,4,2,CAJAMARCA,CONTUMAZA,YONAN,RURAL,CARRETERA,NACIONAL,PE-08,-7.222726156837997,-79.20615785520997,DESPEJADO,RURAL,CURVA,PLANA ,AFIRMADO,SI,PREVENTIVA (P),,SI,IMPRUDENCIA DEL CONDUCTOR,INVASIÓN DE CARRIL,10.0,0,36.333333333333336,33.5,20.0,63.0,6,2,1,4,2,0,6
A-2021-03-166,2021-03-21,11:50,CHOQUE,1,0,2,JUNIN,SATIPO,RIO NEGRO,RURAL,CARRETERA,NACIONAL,PE-5S,-11.103631107497216,-74.69443274237562,DESPEJADO,RURAL,TRAMO RECTO,INCLINADA,ASFALTADA,,,,,EN PROCESO DE INVESTIGACIÓN,NO CUENTA CON CAUSA ESPECIFICA,11.0,0,39.333333333333336,35.0,26.0,57.0,3,2,1,0,1,0,3
A-2021-03-326,2021-03-21,12:30,DESPISTE,1,0,0,LIMA,LIMA,INDEPENDENCIA,URBANA,PASAJE,URBANO,NO CORRESPONDE,-11.999400281006354,-77.0437503319536,DESPEJADO,INDUSTRIAL,TRAMO RECTO,PLANA ,ASFALTADA,,,,,EN PROCESO DE INVESTIGACIÓN,NO CUENTA CON CAUSA ESPECIFICA,12.0,0,59.0,59.0,59.0,59.0,2,1,1,0,0,0,2
A-2021-03-303,2021-03-21,14:55,CHOQUE FUGA,1,0,2,CAJAMARCA,JAEN,JAEN,URBANA,CARRETERA,NACIONAL,PE-5N,-5.696099,-78.806165,SOLEADO,COMERCIAL,CURVA,INCLINADA,ASFALTADA,,,,,EN PROCESO DE INVESTIGACIÓN,NO CUENTA CON CAUSA ESPECIFICA,14.0,0,18.0,18.0,18.0,18.0,1,2,1,0,0,0,2
A-2021-03-169,2021-03-21,18:45,CHOQUE,1,1,2,SAN MARTIN,RIOJA,RIOJA,RURAL,CARRETERA,DEPARTAMENTAL,SM-114,-6.044007,-77.171703,DESPEJADO,RESIDENCIAL,CURVA,PLANA ,ASFALTADA,,,,,IMPRUDENCIA DEL CONDUCTOR,CONDUCIR EN ESTADO DE EBRIEDAD Y/O DROGADICCIÓN,18.0,0,35.0,27.0,25.0,53.0,2,2,1,1,1,0,3
A-2021-03-375,2021-03-21,19:30,CHOQUE,1,0,2,ANCASH,CASMA,YAUTAN,RURAL,CARRETERA,NACIONAL,PE-14,-9.51666637187945,-77.98920716539112,DESPEJADO,RURAL,TRAMO RECTO,PLANA ,ASFALTADA,,,,,EN PROCESO DE INVESTIGACIÓN,NO CUENTA CON CAUSA ESPECIFICA,19.0,0,38.5,38.5,20.0,57.0,2,2,1,0,1,0,2
A-2021-03-259,2021-03-21,19:45,CHOQUE,1,1,2,PUNO,HUANCANE,TARACO,URBANA,CARRETERA,NACIONAL,PE-34H,-15.2710254,-69.895208,NUBLADO,RURAL,TRAMO RECTO,PLANA ,ASFALTADA,SI,REGULADORA (R),PREVENTIVA (P),SI,IMPRUDENCIA DEL CONDUCTOR,CONDUCIR EN ESTADO DE EBRIEDAD Y/O DROGADICCIÓN,19.0,0,41.666666666666664,43.0,36.0,46.0,2,2,1,1,2,0,3
A-2021-03-240,2021-03-21,20:00,ATROPELLO,1,0,1,LIMA,LIMA,SAN MARTIN DE PORRES,URBANA,AVENIDA,URBANO,NO CORRESPONDE,-12.00193,-77.087,DESPEJADO,INDUSTRIAL,TRAMO RECTO,PLANA ,ASFALTADA,,,,,IMPRUDENCIA DEL CONDUCTOR,EXCESO DE VELOCIDAD,20.0,0,60.0,60.0,60.0,60.0,2,1,1,0,0,0,2