CODIGO_SINIESTRO,FECHA_SINIESTRO,HORA_SINIESTRO,CLASE_SINIESTRO,CANTIDAD_FALLECIDOS,CANTIDAD_LESIONADOS,CANTIDAD_VEHICULOS,DEPARTAMENTO,PROVINCIA,DISTRITO,ZONA,TIPO_VIA,RED_VIAL,COD_CARRETERA,LATITUD,LONGITUD,CONDICION_CLIMATICA,ZONIFICACION,CARACTERISTICAS_VIA,PERFIL_VIA,SUPERFICIE_CALZADA,EXISTE_SENIAL_VERTICAL,CLASIFICACION_SENIAL_VERTICAL_1,CLASIFICACION_SENIAL_VERTICAL_2,EXISTE_SENIAL_HORIZONTAL,CAUSA_FACTOR_PRINCIPAL,CAUSA_ESPECIFICA,HORA,severidad,EDAD_PROMEDIO,EDAD_MEDIANA,EDAD_MIN,EDAD_MAX,TOTAL_MASCULINOS,TOTAL_CONDUCTORES,TOTAL_FALLECIDOS_AGG,TOTAL_LESIONADOS_AGG,TOTAL_LICENCIA,TOTAL_ALCOHOL_POSITIVO,TOTAL_PERSONAS
A-2021-04-125,2021-04-16,11:10,ATROPELLO FUGA,1,0,0,CUSCO,LA CONVENCION,ECHARATE,RURAL,CARRETERA,NACIONAL,PE-28B,-12.764117,-72.586902,DESPEJADO,RURAL,TRAMO RECTO,PLANA ,ASFALTADA,,,,,IMPRUDENCIA DEL CONDUCTOR,EXCESO DE VELOCIDAD,11.0,0,60.0,60.0,60.0,60.0,0,0,1,0,0,0,2
A-2021-04-126,2021-04-16,20:50,DESPISTE,1,0,1,CUSCO,CUSCO,SAN JERONIMO,URBANA,CARRETERA,PROVINCIAL,CU-1311,-13.55511,-71.875119,LLUVIOSO,RESIDENCIAL,TRAMO RECTO,PLANA ,ASFALTADA,,,,,IMPRUDENCIA DEL CONDUCTOR,EXCESO DE VELOCIDAD,20.0,0,43.0,43.0,43.0,43.0,1,1,1,0,1,0,1
A-2021-04-86,2021-04-16,21:30,CHOQUE,1,0,2,PUNO,CHUCUITO,JULI,RURAL,CARRETERA,NACIONAL,PE-3S,-16.184,-69.531,DESPEJADO,RURAL,TRAMO RECTO,PLANA ,ASFALTADA,,,,,IMPRUDENCIA DEL CONDUCTOR,CONDUCIR EN ESTADO DE EBRIEDAD Y/O DROGADICCIÓN,21.0,0,47.5,47.5,46.0,49.0,2,2,1,0,1,0,2
A-2021-04-84,2021-04-17,04:45,CHOQUE,1,3,2,CALLAO,CALLAO,CALLAO,URBANA,AVENIDA,URBANO,NO CORRESPONDE,-12.061784813699616,-77.13568562333947,DESPEJADO,RESIDENCIAL,TRAMO RECTO,PLANA ,ASFALTADA,,,,,EN PROCESO DE INVESTIGACIÓN,NO CUENTA CON CAUSA ESPECIFICA,4.0,0,30.25,26.0,22.0,47.0,3,1,1,3,1,0,5
A-2021-04-101,2021-04-17,07:20,CHOQUE,1,0,1,AREQUIPA,AREQUIPA,LA JOYA,RURAL,CARRETERA,NACIONAL,PE-1S,-16.518226425911358,-71.79940535161711,DESPEJADO,RURAL,TRAMO RECTO,PLANA ,ASFALTADA,,,,,EN PROCESO DE INVESTIGACIÓN,NO CUENTA CON CAUSA ESPECIFICA,7.0,0,38.0,38.0,28.0,48.0,2,2,1,0,1,0,2
A-2021-04-108,2021-04-17,15:00,DESPISTE,1,0,1,AREQUIPA,AREQUIPA,CAYMA,RURAL,CARRETERA,DEPARTAMENTAL,AR-116,-16.247762045592907,-71.47610770583664,DESPEJADO,RURAL,TRAMO RECTO,INCLINADA,TROCHA,,,,,EN PROCESO DE INVESTIGACIÓN,NO CUENTA CON CAUSA ESPECIFICA,15.0,0,37.0,37.0,37.0,37.0,1,1,1,0,1,0,1
A-2021-04-97,2021-04-17,22:50,CHOQUE,2,2,2,ICA,NASCA,VISTA ALEGRE,URBANA,CARRETERA,NACIONAL,PE-1S,-14.858588,-74.972278,DESPEJADO,RESIDENCIAL,TRAMO RECTO,PLANA ,ASFALTADA,SI,PREVENTIVA (P),PREVENTIVA (P),NO,IMPRUDENCIA DEL CONDUCTOR,CONDUCIR EN ESTADO DE EBRIEDAD Y/O DROGADICCIÓN,22.0,1,48.75,46.0,43.0,60.0,4,2,2,2,2,1,4
A-2021-04-107,2021-04-18,04:30,DESPISTE,1,0,1,CUSCO,CANAS,YANAOCA,RURAL,CARRETERA,DEPARTAMENTAL,CU-126,-14.233373,-71.432597,NUBLADO,RURAL,TRAMO RECTO,INCLINADA,AFIRMADO,,,,,NEGLIGENCIA DEL CONDUCTOR,OTRO (NEGLIGENCIA DEL CONDUCTOR),4.0,0,36.0,36.0,19.0,53.0,1,1,1,0,0,0,2
A-2021-04-106,2021-04-18,05:00,ATROPELLO FUGA,1,0,0,TACNA,TACNA,LA YARADA LOS PALOS,RURAL,CARRETERA,PROVINCIAL,TA-643,-18.282521,-70.440696,NUBLADO,RURAL,TRAMO RECTO,PLANA ,ASFALTADA,SI,PREVENTIVA (P),,NO,IMPRUDENCIA DEL PEATÓN,ESTADO DE EBRIEDAD Y/O DROGADICCIÓN,5.0,0,29.0,29.0,29.0,29.0,1,0,1,0,0,0,1
A-2021-04-115,2021-04-18,10:50,DESPISTE,1,0,1,PUNO,SAN ROMAN,CARACOTO,RURAL,CARRETERA,DEPARTAMENTAL,PU-120,-15.555315,-70.019694,DESPEJADO,RURAL,CURVA,PLANA ,ASFALTADA,SI,PREVENTIVA (P),REGULADORA (R),SI,IMPRUDENCIA DEL CONDUCTOR,EXCESO DE VELOCIDAD,10.0,0,33.0,33.0,33.0,33.0,1,1,1,0,1,0,1
A-2021-04-109,2021-04-18,17:10,DESPISTE,1,0,1,AREQUIPA,AREQUIPA,CHIGUATA,RURAL,CARRETERA,NACIONAL,PE-34C,-16.408865127793135,-71.42158259761975,DESPEJADO,RURAL,CURVA,PLANA ,ASFALTADA,NO,,,SI,IMPRUDENCIA DEL CONDUCTOR,OTRO (IMPRUDENCIA DEL CONDUCTOR),17.0,0,43.0,43.0,43.0,43.0,1,1,1,0,1,0,1
A-2021-04-156,2021-04-18,17:10,DESPISTE,3,0,2,JUNIN,YAULI,YAULI,RURAL,CARRETERA,NACIONAL,PE-22,-11.6130433,-76.0269168,LLUVIOSO,RURAL,PUENTE,PLANA ,ASFALTADA,SI,REGULADORA (R),PREVENTIVA (P),SI,EN PROCESO DE INVESTIGACIÓN,NO CUENTA CON CAUSA ESPECIFICA,17.0,2,39.0,34.5,28.0,59.0,4,2,3,0,2,0,4
A-2021-04-103,2021-04-19,04:00,ATROPELLO FUGA,1,0,0,PIURA,PIURA,CATACAOS,RURAL,CARRETERA,NACIONAL,PE-1N,-5.228093,-80.653777,DESPEJADO,RURAL,TRAMO RECTO,PLANA ,ASFALTADA,SI,INFORMATIVA (I),REGULADORA (R),NO,EN PROCESO DE INVESTIGACIÓN,NO CUENTA CON CAUSA ESPECIFICA,4.0,0,17.0,17.0,17.0,17.0,0,0,1,0,0,0,2
A-2021-04-295,2021-04-19,17:22,ATROPELLO,1,0,0,SAN MARTIN,RIOJA,NUEVA CAJAMARCA,URBANA,JIRÓN,URBANO,NO CORRESPONDE,-5.944299,-77.302306,DESPEJADO,COMERCIAL,INTERSECCIÓN,PLANA ,AFIRMADO,,,,,IMPRUDENCIA DEL CONDUCTOR,OTRO (IMPRUDENCIA DEL CONDUCTOR),17.0,0,27.5,27.5,4.0,51.0,2,1,1,0,1,0,2
A-2021-04-113,2021-04-19,19:00,ATROPELLO,1,0,2,LA LIBERTAD,TRUJILLO,HUANCHACO,RURAL,AVENIDA,URBANO,NO CORRESPONDE,-8.041961,-79.058879,DESPEJADO,RURAL,TRAMO RECTO,PLANA ,ASFALTADA,,,,,IMPRUDENCIA DEL CONDUCTOR,OTRO (IMPRUDENCIA DEL CONDUCTOR),19.0,0,52.5,52.5,32.0,73.0,1,1,1,0,1,0,2
A-2021-04-245,2021-04-19,19:45,ATROPELLO,1,0,0,LIMA,LIMA,SANTIAGO DE SURCO,URBANA,CARRETERA,NACIONAL,PE-1S,-12.143660765494351,-76.98169504559282,DESPEJADO,INDUSTRIAL,TRAMO RECTO,PLANA ,ASFALTADA,,,,,IMPRUDENCIA DEL PEATÓN,OTRO (IMPRUDENCIA DEL PEATÓN),19.0,0,51.5,51.5,38.0,65.0,2,1,1,0,0,0,2
A-2021-04-105,2021-04-19,19:50,DESPISTE,1,9,1,ICA,ICA,SAN JOSE DE LOS MOLINOS,RURAL,CARRETERA,NACIONAL,PE-1SC,-13.837511143746196,-75.55509477784405,DESPEJADO,RURAL,SINUOSA,PLANA ,ASFALTADA,,PREVENTIVA (P),,,INFRAESTRUCTURA Y ENTORNO VIAL,OTRO (INFRAESTRUCTURA Y ENTORNO VIAL),19.0,0,21.1,12.5,5.0,68.0,5,1,1,9,1,0,10
A-2021-04-181,2021-04-19,23:30,DESPISTE,1,0,1,CUSCO,ANTA,ANCAHUASI,RURAL,CARRETERA,SIN CLASIFICAR,SIN CLASIFICAR,-13.491315,-72.277111,DESPEJADO,RURAL,CURVA,INCLINADA,TROCHA,,,,,IMPRUDENCIA DEL CONDUCTOR,CONDUCIR EN ESTADO DE EBRIEDAD Y/O DROGADICCIÓN,23.0,0,11.5,11.5,0.0,23.0,2,1,1,0,1,0,2
A-2021-04-165,2021-04-20,09:35,VOLCADURA,1,0,1,JUNIN,HUANCAYO,EL TAMBO,URBANA,AVENIDA,URBANO,NO CORRESPONDE,-12.055297,-75.212626,SOLEADO,INDUSTRIAL,TRAMO RECTO,INCLINADA,ASFALTADA,,,,,EN PROCESO DE INVESTIGACIÓN,NO CUENTA CON CAUSA ESPECIFICA,9.0,0,75.0,75.0,75.0,75.0,1,1,1,0,0,0,1
A-2021-04-212,2021-04-20,20:05,CHOQUE,2,3,2,LAMBAYEQUE,CHICLAYO,PATAPO,RURAL,CARRETERA,NACIONAL,PE-06A,-6.740117852627036,-79.67576966896017,DESPEJADO,RURAL,TRAMO RECTO,PLANA ,ASFALTADA,,,,,EN PROCESO DE INVESTIGACIÓN,NO CUENTA CON CAUSA ESPECIFICA,20.0,1,51.333333333333336,56.0,38.0,60.0,2,2,2,3,1,0,5
A-2021-04-121,2021-04-21,05:10,CHOQUE,1,0,2,ICA,ICA,SALAS,RURAL,CARRETERA,NACIONAL,PE-1S,-13.9346253,-75.870705217,DESPEJADO,RURAL,TRAMO RECTO,PLANA ,ASFALTADA,,,,,IMPRUDENCIA DEL CONDUCTOR,OTRO (IMPRUDENCIA DEL CONDUCTOR),5.0,0,41.5,41.5,32.0,51.0,2,2,1,0,2,0,2
A-2021-04-225,2021-04-21,05:56,DESPISTE,1,0,1,AREQUIPA,CAMANA,SAMUEL PASTOR,RURAL,CARRETERA,NACIONAL,PE-1S,-16.605183,-72.630501,LLUVIOSO,RURAL,CURVA,INCLINADA,ASFALTADA,NO,,,SI,INFRAESTRUCTURA Y ENTORNO VIAL,OTRO (INFRAESTRUCTURA Y ENTORNO VIAL),5.0,0,52.5,52.5,34.0,71.0,2,1,1,0,0,0,2
A-2021-04-309,2021-04-21,08:00,ATROPELLO,1,0,0,CALLAO,CALLAO,CARMEN DE LA LEGUA REYNOSO,URBANA,AVENIDA,URBANO,NO CORRESPONDE,-12.039089714698626,-77.09487395265722,DESPEJADO,RESIDENCIAL,TRAMO RECTO,PLANA ,ASFALTADA,NO,,,SI,EN PROCESO DE INVESTIGACIÓN,NO CUENTA CON CAUSA ESPECIFICA,8.0,0,45.0,45.0,36.0,54.0,1,1,1,0,1,0,2
A-2021-04-246,2021-04-21,10:00,ATROPELLO,1,0,0,LIMA,LIMA,SAN JUAN DE LURIGANCHO,URBANA,AVENIDA,URBANO,NO CORRESPONDE,-11.916645,-76.969383,DESPEJADO,COMERCIAL,TRAMO RECTO,PLANA ,ASFALTADA,,,,,IMPRUDENCIA DEL PEATÓN,OTRO (IMPRUDENCIA DEL PEATÓN),10.0,0,40.5,40.5,32.0,49.0,2,1,1,0,0,0,2
A-2021-04-313,2021-04-21,10:30,DESPISTE,2,0,1,HUANCAVELICA,CASTROVIRREYNA,TANTARA,RURAL,CARRETERA,DEPARTAMENTAL,HV-114,-13.15336,-75.64931,DESPEJADO,RURAL,SINUOSA,INCLINADA,CASCAJO/RIPIO,,,,,EN PROCESO DE INVESTIGACIÓN,NO CUENTA CON CAUSA ESPECIFICA,10.0,1,38.5,38.5,37.0,40.0,2,1,2,0,1,0,2
A-2021-04-218,2021-04-21,11:30,DESPISTE,1,1,1,HUANCAVELICA,CASTROVIRREYNA,ARMA,RURAL,CARRETERA,NACIONAL,PE-26,-13.185949,-75.572333,DESPEJADO,RURAL,CURVA,PLANA ,ASFALTADA,,,,,EN PROCESO DE INVESTIGACIÓN,NO CUENTA CON CAUSA ESPECIFICA,11.0,0,41.0,41.0,41.0,41.0,1,1,1,1,1,1,2
A-2021-04-291,2021-04-21,19:50,CHOQUE,1,2,2,LAMBAYEQUE,CHICLAYO,SAÑA,RURAL,CARRETERA,DEPARTAMENTAL,LA-116,-6.79093,-79.598616,DESPEJADO,RURAL,TRAMO RECTO,PLANA ,ASFALTADA,,,,,EN PROCESO DE INVESTIGACIÓN,NO CUENTA CON CAUSA ESPECIFICA,19.0,0,50.0,56.0,35.0,59.0,3,2,1,2,0,0,4
A-2021-04-129,2021-04-21,20:00,ATROPELLO,1,0,1,LAMBAYEQUE,CHICLAYO,PIMENTEL,URBANA,CARRETERA,NACIONAL,PE-1N,-6.7296316,-79.8883738,DESPEJADO,INDUSTRIAL,TRAMO RECTO,PLANA ,ASFALTADA,SI,PREVENTIVA (P),REGULADORA (R),NO,EN PROCESO DE INVESTIGACIÓN,NO CUENTA CON CAUSA ESPECIFICA,20.0,0,27.5,27.5,21.0,34.0,2,1,1,0,1,0,2
A-2021-04-301,2021-04-21,21:10,ATROPELLO,1,0,1,JUNIN,JUNIN,CARHUAMAYO,URBANA,CARRETERA,NACIONAL,PE-3N,-10.9311262,-76.0555103,DESPEJADO,COMERCIAL,TRAMO RECTO,PLANA ,ASFALTADA,SI,REGULADORA (R),PREVENTIVA (P),NO,EN PROCESO DE INVESTIGACIÓN,NO CUENTA CON CAUSA ESPECIFICA,21.0,0,34.0,34.0,32.0,36.0,2,1,1,0,1,0,2
A-2021-04-133,2021-04-21,22:15,ATROPELLO,1,0,1,TUMBES,TUMBES,TUMBES,URBANA,CARRETERA,NACIONAL,PE-1N,-3.568419150202117,-80.45914645042534,DESPEJADO,COMERCIAL,INTERSECCIÓN,PLANA ,ASFALTADA,SI,PREVENTIVA (P),,NO,IMPRUDENCIA DEL PEATÓN,OTRO (IMPRUDENCIA DEL PEATÓN),22.0,0,41.0,41.0,29.0,53.0,2,1,1,0,1,1,2
A-2021-04-128,2021-04-22,11:50,DESPISTE,3,0,2,LA LIBERTAD,VIRU,GUADALUPITO,RURAL,CARRETERA,NACIONAL,PE-1N,-8.960994,-78.628281,DESPEJADO,RURAL,TRAMO RECTO,PLANA ,ASFALTADA,,,,,NEGLIGENCIA DEL CONDUCTOR,OTRO (NEGLIGENCIA DEL CONDUCTOR),11.0,2,44.333333333333336,62.0,0.0,71.0,1,1,3,0,1,0,3
A-2021-04-167,2021-04-22,12:21,ATROPELLO FUGA,1,0,0,JUNIN,JAUJA,ACOLLA,URBANA,CARRETERA,NACIONAL,PE-3SA,-11.70311,-75.559091,DESPEJADO,RURAL,TRAMO RECTO,PLANA ,ASFALTADA,,,,,EN PROCESO DE INVESTIGACIÓN,NO CUENTA CON CAUSA ESPECIFICA,12.0,0,50.0,50.0,50.0,50.0,1,0,1,0,0,1,2
A-2021-04-318,2021-04-22,16:25,CHOQUE,1,2,2,HUANUCO,HUANUCO,PILLCO MARCA,URBANA,CARRETERA,NACIONAL,PE-3N,-9.950517,-76.250307,DESPEJADO,COMERCIAL,TRAMO RECTO,PLANA ,ASFALTADA,,,,,IMPRUDENCIA DEL CONDUCTOR,CONDUCIR EN ESTADO DE EBRIEDAD Y/O DROGADICCIÓN,16.0,0,42.333333333333336,39.0,35.0,53.0,2,2,1,2,1,1,3
A-2021-04-195,2021-04-22,18:30,DESPISTE,2,0,1,APURIMAC,ANTABAMBA,JUAN ESPINOZA MEDRANO,RURAL,CARRETERA,DEPARTAMENTAL,AP-109,-14.392414259366753,-72.92141519023642,DESPEJADO,RURAL,CURVA,INCLINADA,TROCHA,,,,,EN PROCESO DE INVESTIGACIÓN,NO CUENTA CON CAUSA ESPECIFICA,18.0,1,53.5,53.5,53.0,54.0,1,1,2,0,1,0,2
A-2021-04-273,2021-04-22,19:00,ATROPELLO FUGA,1,0,0,LIMA,BARRANCA,BARRANCA,RURAL,CARRETERA,DEPARTAMENTAL,LM-100,-10.721502022389227,-77.77330574542792,,,,,,,,,,EN PROCESO DE INVESTIGACIÓN,NO CUENTA CON CAUSA ESPECIFICA,19.0,0,29.0,29.0,29.0,29.0,1,0,1,0,0,0,2
A-2021-04-250,2021-04-22,22:00,ATROPELLO,1,0,0,LIMA,LIMA,SANTIAGO DE SURCO,URBANA,CARRETERA,NACIONAL,PE-1S,-12.139552,-76.981017,DESPEJADO,INDUSTRIAL,TRAMO RECTO,PLANA ,ASFALTADA,,,,,IMPRUDENCIA DEL PEATÓN,OTRO (IMPRUDENCIA DEL PEATÓN),22.0,0,36.5,36.5,27.0,46.0,2,1,1,0,0,0,2
A-2021-04-226,2021-04-23,00:30,DESPISTE,1,1,1,AREQUIPA,CARAVELI,BELLA UNION,RURAL,CARRETERA,NACIONAL,PE-1S,-15.615523,-74.649963,DESPEJADO,RURAL,CURVA,INCLINADA,ASFALTADA,,,,,EN PROCESO DE INVESTIGACIÓN,NO CUENTA CON CAUSA ESPECIFICA,0.0,0,25.0,25.0,24.0,26.0,1,1,1,1,0,0,2
A-2021-04-187,2021-04-23,04:45,ATROPELLO,1,0,1,MOQUEGUA,MARISCAL NIETO,MOQUEGUA,URBANA,CARRETERA,NACIONAL,PE-36A,-17.20278080851402,-70.91790671033618,DESPEJADO,RURAL,TRAMO RECTO,INCLINADA,ASFALTADA,SI,REGULADORA (R),REGULADORA (R),SI,IMPRUDENCIA DEL PEATÓN,CRUCE INDEBIDO POR LA CALZADA,4.0,0,59.0,59.0,55.0,63.0,1,1,1,0,1,0,2
A-2021-04-147,2021-04-23,05:10,CHOQUE,1,0,3,ICA,NASCA,MARCONA,RURAL,CARRETERA,NACIONAL,PE-1S,-15.1371348,-74.9825958,DESPEJADO,RURAL,TRAMO RECTO,PLANA ,ASFALTADA,,,,,IMPRUDENCIA DEL CONDUCTOR,CONDUCIR EN ESTADO DE EBRIEDAD Y/O DROGADICCIÓN,5.0,0,43.333333333333336,44.0,41.0,45.0,3,3,1,0,3,1,3
A-2021-04-134,2021-04-23,06:18,ATROPELLO FUGA,1,0,0,PUNO,EL COLLAO,ILAVE,RURAL,CARRETERA,NACIONAL,PE-3S,-16.124706747287654,-69.58561060283843,DESPEJADO,RURAL,TRAMO RECTO,PLANA ,ASFALTADA,,,,,IMPRUDENCIA DEL CONDUCTOR,EXCESO DE VELOCIDAD,6.0,0,80.0,80.0,80.0,80.0,0,0,1,0,0,0,2
A-2021-04-145,2021-04-23,07:30,CHOQUE,1,0,2,CUSCO,CANCHIS,CHECACUPE,RURAL,CARRETERA,SIN CLASIFICAR,SIN CLASIFICAR,-14.0437031306402,-71.2729837080364,DESPEJADO,RURAL,TRAMO RECTO,PLANA ,ASFALTADA,,,,,IMPRUDENCIA DEL CONDUCTOR,EXCESO DE VELOCIDAD,7.0,0,65.5,65.5,60.0,71.0,2,2,1,0,1,0,2
A-2021-04-146,2021-04-23,07:30,ATROPELLO,1,0,1,CUSCO,CHUMBIVILCAS,SANTO TOMAS,URBANA,CALLE,URBANO,NO CORRESPONDE,-14.452748,-72.082632,SOLEADO,RESIDENCIAL,PUENTE,INCLINADA,CONCRETO,,,,,NEGLIGENCIA DEL CONDUCTOR,OTRO (NEGLIGENCIA DEL CONDUCTOR),7.0,0,35.0,35.0,23.0,47.0,2,1,1,0,0,0,2
A-2021-04-325,2021-04-23,10:00,DESPISTE,1,0,1,SAN MARTIN,LAMAS,TABALOSOS,RURAL,CARRETERA,NACIONAL,PE-5N,-6.38954,-76.628213,SOLEADO,RURAL,CURVA,INCLINADA,ASFALTADA,SI,PREVENTIVA (P),,SI,IMPRUDENCIA DEL CONDUCTOR,EXCESO DE VELOCIDAD,10.0,0,55.0,55.0,55.0,55.0,1,1,1,0,1,0,1
A-2021-04-135,2021-04-23,14:30,DESPISTE,2,9,1,ANCASH,HUARI,HUARI,RURAL,CARRETERA,PROVINCIAL,AN-657,-9.31913474485371,-77.20134579694593,NUBLADO,RURAL,CURVA,INCLINADA,TROCHA,,,,,IMPRUDENCIA DEL CONDUCTOR,EXCESO DE PASAJEROS O CARGA,14.0,1,19.181818181818183,13.0,1.0,43.0,5,1,2,9,1,0,11
A-2021-04-149,2021-04-23,14:30,CHOQUE,2,1,2,PUNO,LAMPA,SANTA LUCIA,RURAL,CARRETERA,NACIONAL,PE-34A,-15.689975004885174,-70.52936698439152,DESPEJADO,RURAL,TRAMO RECTO,PLANA ,ASFALTADA,NO,,,SI,IMPRUDENCIA DEL CONDUCTOR,INVASIÓN DE CARRIL,14.0,1,55.666666666666664,68.0,28.0,71.0,2,2,2,1,1,0,3
A-2021-04-151,2021-04-23,14:30,CHOQUE,1,0,2,CAJAMARCA,CHOTA,HUAMBOS,RURAL,CARRETERA,NACIONAL,PE-06A,-6.46931532,-79.04992001,DESPEJADO,RURAL,TRAMO RECTO,PLANA ,ASFALTADA,SI,PREVENTIVA (P),PREVENTIVA (P),SI,IMPRUDENCIA DEL CONDUCTOR,INVASIÓN DE CARRIL,14.0,0,37.5,37.5,31.0,44.0,2,2,1,0,2,0,2
A-2021-04-177,2021-04-23,19:30,CHOQUE,1,0,0,CUSCO,ESPINAR,ESPINAR,RURAL,CARRETERA,NACIONAL,PE-3SG,-14.780251,-71.396026,NUBLADO,RURAL,TRAMO RECTO,PLANA ,ASFALTADA,SI,PREVENTIVA (P),PREVENTIVA (P),NO,IMPRUDENCIA DEL CONDUCTOR,EXCESO DE VELOCIDAD,19.0,0,44.5,44.5,37.0,52.0,2,2,1,0,2,0,2
A-2021-04-227,2021-04-24,04:00,DESPISTE,1,4,1,AREQUIPA,CONDESUYOS,RIO GRANDE,URBANA,CARRETERA,PROVINCIAL,AR-532,-15.89423,-73.190285,DESPEJADO,RURAL,OTRO,INCLINADA,AFIRMADO,,,,,EN PROCESO DE INVESTIGACIÓN,NO CUENTA CON CAUSA ESPECIFICA,4.0,0,29.0,29.0,23.0,34.0,5,0,1,4,0,0,5
A-2021-04-170,2021-04-24,10:30,CHOQUE,1,6,0,JUNIN,CONCEPCION,MITO,RURAL,CARRETERA,NACIONAL,PE-3SE,-11.94441779,-75.33027359,SOLEADO,COMERCIAL,TRAMO RECTO,PLANA ,ASFALTADA,,,,,EN PROCESO DE INVESTIGACIÓN,NO CUENTA CON CAUSA ESPECIFICA,10.0,0,36.125,36.5,19.0,52.0,6,2,1,6,2,0,8
A-2021-04-144,2021-04-24,11:45,CHOQUE,1,0,1,ANCASH,HUARAZ,INDEPENDENCIA,URBANA,AVENIDA,URBANO,NO CORRESPONDE,-9.514670460171162,-77.53099610976474,SOLEADO,RESIDENCIAL,TRAMO RECTO,PLANA ,CONCRETO,SI,REGULADORA (R),,SI,IMPRUDENCIA DEL CONDUCTOR,NO ESTABLECER EL DERECHO DE PASO,11.0,0,18.5,18.5,18.0,19.0,2,2,1,0,0,0,2
A-2021-04-193,2021-04-24,17:00,CHOQUE,1,0,1,JUNIN,CHANCHAMAYO,PERENE,RURAL,CARRETERA,NACIONAL,PE-5S,-10.89080429083629,-74.94928842950357,DESPEJADO,RURAL,TRAMO RECTO,INCLINADA,ASFALTADA,,,,,EN PROCESO DE INVESTIGACIÓN,NO CUENTA CON CAUSA ESPECIFICA,17.0,0,41.5,41.5,25.0,58.0,2,2,1,0,0,0,2
A-2021-04-213,2021-04-24,19:10,DESPISTE,1,0,1,LAMBAYEQUE,CHICLAYO,REQUE,RURAL,CARRETERA,NACIONAL,PE-1N,-6.8548202,-79.8257166,DESPEJADO,RURAL,PUENTE,PLANA ,ASFALTADA,SI,PREVENTIVA (P),INFORMATIVA (I),NO,EN PROCESO DE INVESTIGACIÓN,NO CUENTA CON CAUSA ESPECIFICA,19.0,0,20.0,20.0,20.0,20.0,1,1,1,0,1,0,1
A-2021-04-163,2021-04-24,21:00,CHOQUE FUGA,1,0,2,LA LIBERTAD,TRUJILLO,SIMBAL,RURAL,CARRETERA,DEPARTAMENTAL,LI-105,-7.974098,-78.812277,DESPEJADO,RURAL,TRAMO RECTO,PLANA ,ASFALTADA,,,,,EN PROCESO DE INVESTIGACIÓN,NO CUENTA CON CAUSA ESPECIFICA,21.0,0,73.0,73.0,61.0,85.0,2,1,1,0,0,0,3
A-2021-04-169,2021-04-24,22:20,DESPISTE,1,0,1,JUNIN,HUANCAYO,HUANCAYO,URBANA,CALLE,URBANO,NO CORRESPONDE,-12.0765584,-75.207582417,DESPEJADO,COMERCIAL,TRAMO RECTO,PLANA ,ASFALTADA,SI,PREVENTIVA (P),REGULADORA (R),NO,EN PROCESO DE INVESTIGACIÓN,NO CUENTA CON CAUSA ESPECIFICA,22.0,0,31.0,31.0,31.0,31.0,1,1,1,0,0,0,1
A-2021-04-140,2021-04-25,02:15,ATROPELLO,1,0,0,CALLAO,CALLAO,CALLAO,URBANA,CARRETERA,NACIONAL,PE-20,-12.050127977587698,-77.13967692583283,DESPEJADO,COMERCIAL,TRAMO RECTO,PLANA ,CONCRETO,,,,,EN PROCESO DE INVESTIGACIÓN,NO CUENTA CON CAUSA ESPECIFICA,2.0,0,53.5,53.5,48.0,59.0,2,1,1,0,1,0,2
A-2021-04-201,2021-04-25,04:30,CHOQUE,1,0,1,PUNO,HUANCANE,VILQUE CHICO,RURAL,CARRETERA,NACIONAL,PE-34L,-15.1201561,-69.5422729,NUBLADO,RURAL,TRAMO RECTO,PLANA ,ASFALTADA,,,,,IMPRUDENCIA DEL CONDUCTOR,OTRO (IMPRUDENCIA DEL CONDUCTOR),4.0,0,63.0,63.0,48.0,78.0,2,2,1,0,1,0,2
A-2021-04-312,2021-04-25,10:30,DESPISTE,2,6,1,HUANCAVELICA,HUANCAVELICA,ACORIA,RURAL,CARRETERA,DEPARTAMENTAL,HV-130,-12.64179,-74.86311,DESPEJADO,RURAL,SINUOSA,INCLINADA,ASFALTADA,SI,REGULADORA (R),PREVENTIVA (P),NO,EN PROCESO DE INVESTIGACIÓN,NO CUENTA CON CAUSA ESPECIFICA,10.0,1,24.125,19.5,0.0,50.0,6,1,2,6,1,0,8
A-2021-04-279,2021-04-25,11:30,ATROPELLO,1,1,0,PASCO,PASCO,VICCO,URBANA,CARRETERA,NACIONAL,PE-20A,-10.86696127535042,-76.28819879898643,,,,,,,,,,EN PROCESO DE INVESTIGACIÓN,NO CUENTA CON CAUSA ESPECIFICA,11.0,0,12.5,12.5,5.0,20.0,1,1,1,1,0,0,2
A-2021-04-152,2021-04-25,16:00,CHOQUE,1,2,2,PUNO,PUNO,PAUCARCOLLA,RURAL,CARRETERA,NACIONAL,PE-3S,-15.778642,-70.032045,DESPEJADO,RURAL,CURVA,PLANA ,ASFALTADA,SI,REGULADORA (R),,SI,IMPRUDENCIA DEL CONDUCTOR,EXCESO DE VELOCIDAD,16.0,0,32.75,30.5,18.0,52.0,3,2,1,2,2,0,4
A-2021-04-153,2021-04-25,16:30,ATROPELLO FUGA,1,2,0,PUNO,CHUCUITO,DESAGUADERO,URBANA,CARRETERA,NACIONAL,PE-36A,-16.577499,-69.053221,DESPEJADO,RURAL,TRAMO RECTO,PLANA ,ASFALTADA,,,,,IMPRUDENCIA DEL CONDUCTOR,EXCESO DE VELOCIDAD,16.0,0,39.333333333333336,45.0,2.0,71.0,1,0,1,2,0,0,4