CODIGO_SINIESTRO,FECHA_SINIESTRO,HORA_SINIESTRO,CLASE_SINIESTRO,CANTIDAD_FALLECIDOS,CANTIDAD_LESIONADOS,CANTIDAD_VEHICULOS,DEPARTAMENTO,PROVINCIA,DISTRITO,ZONA,TIPO_VIA,RED_VIAL,COD_CARRETERA,LATITUD,LONGITUD,CONDICION_CLIMATICA,ZONIFICACION,CARACTERISTICAS_VIA,PERFIL_VIA,SUPERFICIE_CALZADA,EXISTE_SENIAL_VERTICAL,CLASIFICACION_SENIAL_VERTICAL_1,CLASIFICACION_SENIAL_VERTICAL_2,EXISTE_SENIAL_HORIZONTAL,CAUSA_FACTOR_PRINCIPAL,CAUSA_ESPECIFICA,HORA,severidad,EDAD_PROMEDIO,EDAD_MEDIANA,EDAD_MIN,EDAD_MAX,TOTAL_MASCULINOS,TOTAL_CONDUCTORES,TOTAL_FALLECIDOS_AGG,TOTAL_LESIONADOS_AGG,TOTAL_LICENCIA,TOTAL_ALCOHOL_POSITIVO,TOTAL_PERSONAS
A-2021-05-127,2021-05-03,15:30,ATROPELLO,1,0,0,LIMA,LIMA,COMAS,URBANA,AVENIDA,URBANO,NO CORRESPONDE,-11.905596557455068,-77.04212480216349,DESPEJADO,INDUSTRIAL,TRAMO RECTO,PLANA ,ASFALTADA,,,,,IMPRUDENCIA DEL PEATÓN,OTRO (IMPRUDENCIA DEL PEATÓN),15.0,0,53.0,53.0,53.0,53.0,2,1,1,0,0,0,2
A-2021-05-318,2021-05-03,16:30,DESPISTE,1,3,1,HUANUCO,HUANUCO,CHURUBAMBA,RURAL,CARRETERA,PROVINCIAL,HU-780,-9.830753,-76.153403,DESPEJADO,RURAL,CURVA,INCLINADA,AFIRMADO,,,,,IMPRUDENCIA DEL PASAJERO/OCUPANTE,OTRO (IMPRUDENCIA DEL PASAJERO/OCUPANTE),16.0,0,23.6,27.0,0.0,46.0,4,0,1,3,0,0,5
A-2021-05-5,2021-05-03,18:30,CHOQUE,1,1,2,PUNO,CHUCUITO,DESAGUADERO,RURAL,CARRETERA,NACIONAL,PE-3S,-16.54100210832694,-69.05834507787692,DESPEJADO,RURAL,TRAMO RECTO,PLANA ,ASFALTADA,,,,,IMPRUDENCIA DEL CONDUCTOR,EXCESO DE VELOCIDAD,18.0,0,45.0,45.0,34.0,56.0,2,2,1,1,0,0,2
A-2021-05-8,2021-05-03,20:00,CHOQUE,1,1,2,PIURA,PIURA,CATACAOS,URBANA,CARRETERA,NACIONAL,PE-1N,-5.221969,-80.654578,DESPEJADO,RURAL,CURVA,PLANA ,ASFALTADA,SI,PREVENTIVA (P),INFORMATIVA (I),SI,EN PROCESO DE INVESTIGACIÓN,NO CUENTA CON CAUSA ESPECIFICA,20.0,0,46.0,54.0,28.0,56.0,3,2,1,1,1,2,3
A-2021-05-81,2021-05-03,23:30,DESPISTE,3,3,1,CUSCO,PAUCARTAMBO,PAUCARTAMBO,RURAL,CARRETERA,DEPARTAMENTAL,CU-116,-13.323248,-71.587061,DESPEJADO,RURAL,CURVA,INCLINADA,TROCHA,,,,,IMPRUDENCIA DEL CONDUCTOR,EXCESO DE VELOCIDAD,23.0,2,27.166666666666668,29.0,6.0,47.0,3,1,3,3,0,0,6
A-2021-05-316,2021-05-04,06:30,CHOQUE CON OBJETO FIJO,1,0,1,HUANUCO,AMBO,SAN RAFAEL,RURAL,CARRETERA,NACIONAL,PE-3N,-10.258065,-76.147926,DESPEJADO,RURAL,CURVA,PLANA ,ASFALTADA,,,,,IMPRUDENCIA DEL CONDUCTOR,EXCESO DE VELOCIDAD,6.0,0,47.0,47.0,47.0,47.0,1,1,1,0,1,0,1
A-2021-05-7,2021-05-04,06:40,CHOQUE,1,0,2,ICA,ICA,SUBTANJALLA,URBANA,CARRETERA,NACIONAL,PE-1S,-14.008209193958823,-75.76604954345218,DESPEJADO,COMERCIAL,INTERSECCIÓN,PLANA ,ASFALTADA,,,,,IMPRUDENCIA DEL CONDUCTOR,GIRAR IMPRUDENTEMENTE,6.0,0,40.5,40.5,40.0,41.0,2,2,1,0,2,0,2
A-2021-05-73,2021-05-04,16:10,CHOQUE FUGA,1,0,1,PIURA,SULLANA,SULLANA,RURAL,CARRETERA,DEPARTAMENTAL,PI-102,-4.905415927210847,-80.70526061283559,DESPEJADO,INDUSTRIAL,TRAMO RECTO,PLANA ,ASFALTADA,,,,,EN PROCESO DE INVESTIGACIÓN,NO CUENTA CON CAUSA ESPECIFICA,16.0,0,39.0,39.0,39.0,39.0,1,1,1,0,0,0,2
A-2021-05-82,2021-05-04,20:50,ATROPELLO,1,0,1,CUSCO,CANCHIS,SAN PEDRO,RURAL,CARRETERA,NACIONAL,PE-3S,-14.1841,-71.35309818,DESPEJADO,RURAL,TRAMO RECTO,PLANA ,ASFALTADA,SI,PREVENTIVA (P),INFORMATIVA (I),SI,IMPRUDENCIA DEL CONDUCTOR,OTRO (IMPRUDENCIA DEL CONDUCTOR),20.0,0,65.0,65.0,52.0,78.0,2,1,1,0,1,0,2
A-2021-05-19,2021-05-05,00:10,ATROPELLO,1,0,0,PIURA,PIURA,CATACAOS,RURAL,CARRETERA,NACIONAL,PE-1N,-5.255503,-80.616913,DESPEJADO,RURAL,TRAMO RECTO,PLANA ,ASFALTADA,SI,PREVENTIVA (P),INFORMATIVA (I),NO,EN PROCESO DE INVESTIGACIÓN,NO CUENTA CON CAUSA ESPECIFICA,0.0,0,29.0,29.0,29.0,29.0,1,0,1,0,0,1,2
A-2021-05-324,2021-05-05,05:45,DESPISTE,1,0,0,JUNIN,SATIPO,PANGOA,RURAL,CARRETERA,NACIONAL,PE-28C,-11.33568,-74.52846,,,,,,,,,,EN PROCESO DE INVESTIGACIÓN,NO CUENTA CON CAUSA ESPECIFICA,5.0,0,72.0,72.0,72.0,72.0,1,1,1,0,0,0,1
A-2021-05-11,2021-05-05,07:00,ATROPELLO,1,0,1,ANCASH,HUARAZ,OLLEROS,URBANA,AVENIDA,URBANO,NO CORRESPONDE,-9.663039536688188,-77.467772744454,DESPEJADO,RESIDENCIAL,TRAMO RECTO,INCLINADA,CONCRETO,,,,,IMPRUDENCIA DEL CONDUCTOR,EXCESO DE VELOCIDAD,7.0,0,56.5,56.5,38.0,75.0,2,1,1,0,1,0,2
A-2021-05-15,2021-05-05,12:30,DESPISTE,1,0,1,APURIMAC,ANDAHUAYLAS,HUANCARAMA,RURAL,CARRETERA,PROVINCIAL,AP-597,-13.6516219,-73.0590121,DESPEJADO,RURAL,CURVA,INCLINADA,TROCHA,,,,,IMPRUDENCIA DEL CONDUCTOR,CONDUCIR EN ESTADO DE EBRIEDAD Y/O DROGADICCIÓN,12.0,0,20.0,20.0,20.0,20.0,1,1,1,0,0,0,1
A-2021-05-308,2021-05-05,13:30,CHOQUE,1,0,2,ICA,PISCO,SAN CLEMENTE,URBANA,CARRETERA,NACIONAL,PE-28A,-13.678722126115671,-76.13532408819252,DESPEJADO,COMERCIAL,TRAMO RECTO,PLANA ,ASFALTADA,,,,,EN PROCESO DE INVESTIGACIÓN,NO CUENTA CON CAUSA ESPECIFICA,13.0,0,62.5,62.5,42.0,83.0,2,2,1,0,0,0,2
A-2021-05-189,2021-05-05,14:00,DESPISTE,3,1,1,CUSCO,LA CONVENCION,HUAYOPATA,RURAL,CARRETERA,NACIONAL,PE-28B,-13.133249,-72.316248,NIEBLA,RURAL,CURVA,INCLINADA,ASFALTADA,SI,REGULADORA (R),REGULADORA (R),SI,NEGLIGENCIA DEL CONDUCTOR,OTRO (NEGLIGENCIA DEL CONDUCTOR),14.0,2,33.0,31.0,26.0,44.0,4,1,3,1,1,0,4
A-2021-05-74,2021-05-05,17:00,DESPISTE,1,1,1,CUSCO,ANTA,LIMATAMBO,RURAL,CARRETERA,NACIONAL,PE-3S,-13.457944,-72.4116,DESPEJADO,RURAL,CURVA,INCLINADA,ASFALTADA,,,,,NEGLIGENCIA DEL CONDUCTOR,OTRO (NEGLIGENCIA DEL CONDUCTOR),17.0,0,36.0,36.0,34.0,38.0,2,1,1,1,1,0,2
A-2021-05-175,2021-05-05,19:15,CHOQUE,1,1,2,LIMA,BARRANCA,BARRANCA,RURAL,CARRETERA,NACIONAL,PE-1N,-10.7369133660656,-77.74969622049346,DESPEJADO,RURAL,TRAMO RECTO,PLANA ,ASFALTADA,,,,,IMPRUDENCIA DEL CONDUCTOR,OTRO (IMPRUDENCIA DEL CONDUCTOR),19.0,0,41.0,42.0,35.0,46.0,3,2,1,1,2,0,3
A-2021-05-258,2021-05-05,20:10,DESPISTE,1,0,1,LAMBAYEQUE,CHICLAYO,MONSEFU,URBANA,CARRETERA,NACIONAL,PE-1N,-6.8512811,-79.8269899,DESPEJADO,COMERCIAL,TRAMO RECTO,PLANA ,ASFALTADA,SI,PREVENTIVA (P),REGULADORA (R),NO,EN PROCESO DE INVESTIGACIÓN,NO CUENTA CON CAUSA ESPECIFICA,20.0,0,24.0,24.0,24.0,24.0,1,1,1,0,1,0,1
A-2021-05-128,2021-05-05,21:50,ATROPELLO,1,1,0,LIMA,LIMA,LIMA,URBANA,AVENIDA,URBANO,NO CORRESPONDE,-12.044108,-77.046872,DESPEJADO,INDUSTRIAL,TRAMO RECTO,PLANA ,ASFALTADA,,,,,IMPRUDENCIA DEL PEATÓN,OTRO (IMPRUDENCIA DEL PEATÓN),21.0,0,56.0,56.0,56.0,56.0,2,1,1,1,0,0,3
A-2021-05-129,2021-05-06,13:45,ATROPELLO,1,0,0,LIMA,LIMA,CHACLACAYO,URBANA,CARRETERA,NACIONAL,PE-22,-11.9919966,-76.8256921,DESPEJADO,INDUSTRIAL,TRAMO RECTO,PLANA ,CONCRETO,,,,,EN PROCESO DE INVESTIGACIÓN,NO CUENTA CON CAUSA ESPECIFICA,13.0,0,24.0,24.0,24.0,24.0,1,1,1,0,0,0,2
A-2021-05-21,2021-05-07,02:40,CHOQUE,2,0,2,LA LIBERTAD,VIRU,VIRU,RURAL,CARRETERA,NACIONAL,PE-1N,-8.412773,-78.798247,DESPEJADO,RURAL,TRAMO RECTO,PLANA ,ASFALTADA,,,,,IMPRUDENCIA DEL CONDUCTOR,NO ESTABLECER EL DERECHO DE PASO,2.0,1,43.5,43.5,38.0,49.0,2,2,2,0,0,0,2
A-2021-05-18,2021-05-07,04:40,ATROPELLO,1,0,1,ICA,NASCA,NASCA,URBANA,CARRETERA,NACIONAL,PE-1S,-14.8729674,-74.9904761,DESPEJADO,RESIDENCIAL,TRAMO RECTO,PLANA ,ASFALTADA,,,,,EN PROCESO DE INVESTIGACIÓN,NO CUENTA CON CAUSA ESPECIFICA,4.0,0,35.5,35.5,18.0,53.0,1,1,1,0,0,0,2
A-2021-05-142,2021-05-07,09:55,ATROPELLO,1,0,1,PUNO,HUANCANE,TARACO,RURAL,CARRETERA,NACIONAL,PE-34H,-15.281613,-69.9257604,DESPEJADO,RURAL,TRAMO RECTO,PLANA ,ASFALTADA,SI,INFORMATIVA (I),REGULADORA (R),SI,IMPRUDENCIA DEL PEATÓN,CRUCE INDEBIDO POR LA CALZADA,9.0,0,42.0,42.0,26.0,58.0,2,1,1,0,0,0,2
A-2021-05-64,2021-05-07,10:45,DESPISTE,1,0,1,MOQUEGUA,MARISCAL NIETO,MOQUEGUA,RURAL,CARRETERA,DEPARTAMENTAL,MO-107,-17.210263,-70.921352,SOLEADO,RURAL,TRAMO RECTO,INCLINADA,ASFALTADA,SI,REGULADORA (R),PREVENTIVA (P),NO,IMPRUDENCIA DEL CONDUCTOR,EXCESO DE VELOCIDAD,10.0,0,31.0,31.0,31.0,31.0,1,1,1,0,1,0,1
A-2021-05-67,2021-05-07,15:10,DESPISTE,1,2,1,PIURA,TALARA,LA BREA,,CARRETERA,NACIONAL,PE-1N,-4.68356635520392,-81.09414331545014,DESPEJADO,RURAL,TRAMO RECTO,PLANA ,ASFALTADA,,,,,EN PROCESO DE INVESTIGACIÓN,NO CUENTA CON CAUSA ESPECIFICA,15.0,0,30.333333333333332,32.0,25.0,34.0,3,1,1,2,0,0,3
A-2021-05-22,2021-05-07,15:30,DESPISTE,1,0,1,LA LIBERTAD,SANTIAGO DE CHUCO,SANTIAGO DE CHUCO,RURAL,CARRETERA,NACIONAL,PE-3N,-8.141737,-78.197709,DESPEJADO,RURAL,TRAMO RECTO,PLANA ,ASFALTADA,,,,,IMPRUDENCIA DEL CONDUCTOR,FATIGA Y/O CANSANCIO,15.0,0,15.0,15.0,5.0,25.0,2,1,1,0,1,0,2
A-2021-05-17,2021-05-07,19:10,CHOQUE,1,0,1,AREQUIPA,CAYLLOMA,SAN ANTONIO DE CHUCA,RURAL,CARRETERA,NACIONAL,PE-34A,-15.841667921338228,-71.10177723625667,DESPEJADO,RURAL,TRAMO RECTO,PLANA ,ASFALTADA,NO,,,SI,IMPRUDENCIA DEL CONDUCTOR,INVASIÓN DE CARRIL,19.0,0,26.0,26.0,22.0,30.0,2,2,1,0,1,0,2
A-2021-05-30,2021-05-07,20:00,DESPISTE,2,0,1,ANCASH,HUAYLAS,CARAZ,RURAL,CARRETERA,NACIONAL,PE-3N,-9.077566096117572,-77.78314446226604,DESPEJADO,RURAL,CURVA,INCLINADA,ASFALTADA,SI,PREVENTIVA (P),,SI,IMPRUDENCIA DEL CONDUCTOR,EXCESO DE VELOCIDAD,20.0,1,22.5,22.5,19.0,26.0,1,1,2,0,1,0,2
A-2021-05-109,2021-05-08,03:50,CHOQUE,1,0,2,JUNIN,CHANCHAMAYO,PICHANAQUI,RURAL,CARRETERA,NACIONAL,PE-5S,-10.932901566892642,-74.86769527334864,DESPEJADO,RURAL,TRAMO RECTO,PLANA ,ASFALTADA,,,,,EN PROCESO DE INVESTIGACIÓN,NO CUENTA CON CAUSA ESPECIFICA,3.0,0,19.666666666666668,19.0,18.0,22.0,2,2,1,0,0,0,3
A-2021-05-43,2021-05-08,04:45,CHOQUE,1,1,2,APURIMAC,ABANCAY,CURAHUASI,RURAL,CARRETERA,NACIONAL,PE-3S,-13.541964783452272,-72.80367104108937,DESPEJADO,RURAL,CURVA,INCLINADA,ASFALTADA,SI,REGULADORA (R),PREVENTIVA (P),SI,IMPRUDENCIA DEL CONDUCTOR,EXCESO DE VELOCIDAD,4.0,0,46.0,45.0,45.0,48.0,2,2,1,1,2,0,3
A-2021-05-153,2021-05-08,05:40,ATROPELLO,1,0,0,AYACUCHO,HUAMANGA,SAN JUAN BAUTISTA,URBANA,CARRETERA,NACIONAL,PE-3S,-13.203862,-74.217087,DESPEJADO,RURAL,CURVA,INCLINADA,ASFALTADA,,,,,IMPRUDENCIA DEL CONDUCTOR,EXCESO DE VELOCIDAD,5.0,0,46.666666666666664,48.0,39.0,53.0,3,2,1,0,2,0,3
A-2021-05-20,2021-05-08,07:45,CHOQUE,1,0,2,PUNO,CHUCUITO,POMATA,RURAL,CARRETERA,NACIONAL,PE-3S,-16.260407,-69.296237,DESPEJADO,RURAL,TRAMO RECTO,PLANA ,ASFALTADA,,,,,EN PROCESO DE INVESTIGACIÓN,NO CUENTA CON CAUSA ESPECIFICA,7.0,0,43.0,43.0,26.0,60.0,2,2,1,0,1,0,2
A-2021-05-27,2021-05-08,17:30,CHOQUE,1,0,2,SAN MARTIN,MOYOBAMBA,CALZADA,URBANA,CARRETERA,NACIONAL,PE-5N,-6.0414216,-77.1308047,DESPEJADO,RESIDENCIAL,TRAMO RECTO,PLANA ,ASFALTADA,,,,,IMPRUDENCIA DEL CONDUCTOR,OTRO (IMPRUDENCIA DEL CONDUCTOR),17.0,0,43.5,43.5,42.0,45.0,2,2,1,0,2,0,2
A-2021-05-23,2021-05-08,19:20,CHOQUE,1,0,2,LA LIBERTAD,VIRU,GUADALUPITO,RURAL,CARRETERA,NACIONAL,PE-1N,-8.954141,-78.629623,DESPEJADO,RURAL,TRAMO RECTO,PLANA ,ASFALTADA,,,,,IMPRUDENCIA DEL CONDUCTOR,EXCESO DE VELOCIDAD,19.0,0,34.666666666666664,28.0,25.0,51.0,3,2,1,0,2,0,3
A-2021-05-269,2021-05-08,19:20,ATROPELLO,1,0,0,LIMA,HUARAL,HUARAL,URBANA,AVENIDA,URBANO,NO CORRESPONDE,-11.491536,-77.211604,,,,,,,,,,EN PROCESO DE INVESTIGACIÓN,NO CUENTA CON CAUSA ESPECIFICA,19.0,0,48.5,48.5,24.0,73.0,2,1,1,0,1,0,2
A-2021-05-26,2021-05-08,19:50,CHOQUE,2,3,2,LA LIBERTAD,VIRU,VIRU,RURAL,CARRETERA,NACIONAL,PE-1N,-8.415622,-78.789251,DESPEJADO,RURAL,TRAMO RECTO,PLANA ,ASFALTADA,,,,,IMPRUDENCIA DEL CONDUCTOR,FATIGA Y/O CANSANCIO,19.0,1,18.0,0.0,0.0,57.0,5,2,2,3,2,0,5
A-2021-05-48,2021-05-08,20:30,DESPISTE,1,1,1,APURIMAC,ABANCAY,CURAHUASI,RURAL,CARRETERA,NACIONAL,PE-3S,-13.540684,-72.690852,DESPEJADO,RURAL,CURVA,PLANA ,ASFALTADA,,,,,IMPRUDENCIA DEL CONDUCTOR,CONDUCIR EN ESTADO DE EBRIEDAD Y/O DROGADICCIÓN,20.0,0,37.5,37.5,34.0,41.0,1,1,1,1,0,1,2
A-2021-05-130,2021-05-09,02:00,ATROPELLO,1,0,0,LIMA,LIMA,SAN JUAN DE MIRAFLORES,URBANA,CARRETERA,NACIONAL,PE-1S,-12.17513,-76.97776,DESPEJADO,INDUSTRIAL,TRAMO RECTO,PLANA ,ASFALTADA,,,,,IMPRUDENCIA DEL PEATÓN,ESTADO DE EBRIEDAD Y/O DROGADICCIÓN,2.0,0,40.5,40.5,34.0,47.0,1,1,1,0,0,0,2
A-2021-05-72,2021-05-09,04:15,CHOQUE CON OBJETO FIJO,1,1,1,PIURA,PAITA,PAITA,,AVENIDA,URBANO,NO CORRESPONDE,-5.092568522791758,-81.10497948374011,DESPEJADO,COMERCIAL,INTERSECCIÓN,PLANA ,CONCRETO,,,,,EN PROCESO DE INVESTIGACIÓN,NO CUENTA CON CAUSA ESPECIFICA,4.0,0,26.0,26.0,23.0,29.0,1,1,1,1,0,0,2
A-2021-05-92,2021-05-09,05:00,DESPISTE,2,0,1,APURIMAC,COTABAMBAS,COTABAMBAS,RURAL,CARRETERA,NACIONAL,PE-3SF,-13.6899950332972,-72.3357962695401,DESPEJADO,RURAL,TRAMO RECTO,PLANA ,ASFALTADA,,,,,IMPRUDENCIA DEL CONDUCTOR,FATIGA Y/O CANSANCIO,5.0,1,40.0,40.0,7.0,73.0,1,1,2,0,1,0,2
A-2021-05-216,2021-05-09,08:30,DESPISTE,1,0,1,LIMA,BARRANCA,BARRANCA,RURAL,CARRETERA,PROVINCIAL,LM-519,-10.683096746105509,-77.5875042875954,DESPEJADO,RURAL,TRAMO RECTO,PLANA ,TROCHA,,,,,IMPRUDENCIA DEL CONDUCTOR,EXCESO DE VELOCIDAD,8.0,0,45.0,45.0,45.0,45.0,1,1,1,0,1,0,1
A-2021-05-79,2021-05-09,18:44,CHOQUE,1,2,2,TUMBES,ZARUMILLA,PAPAYAL,RURAL,CARRETERA,DEPARTAMENTAL,TU-101,-3.597169772707001,-80.20990498828526,DESPEJADO,RURAL,TRAMO RECTO,PLANA ,ASFALTADA,SI,PREVENTIVA (P),PREVENTIVA (P),NO,IMPRUDENCIA DEL CONDUCTOR,GIRAR IMPRUDENTEMENTE,18.0,0,21.666666666666668,18.0,17.0,30.0,2,2,1,2,0,0,3
A-2021-05-32,2021-05-09,21:00,CHOQUE,1,2,2,SAN MARTIN,MOYOBAMBA,MOYOBAMBA,URBANA,CARRETERA,NACIONAL,PE-5N,-6.045477,-77.015953,DESPEJADO,RESIDENCIAL,CURVA,INCLINADA,ASFALTADA,,,,,IMPRUDENCIA DEL CONDUCTOR,CONDUCIR EN ESTADO DE EBRIEDAD Y/O DROGADICCIÓN,21.0,0,31.333333333333332,27.0,25.0,42.0,3,2,1,2,2,2,3
A-2021-05-84,2021-05-09,22:30,CHOQUE FUGA,1,0,2,CUSCO,CHUMBIVILCAS,SANTO TOMAS,URBANA,CALLE,URBANO,NO CORRESPONDE,-14.448563,-72.084076,DESPEJADO,RESIDENCIAL,TRAMO RECTO,PLANA ,ASFALTADA,,,,,IMPRUDENCIA DEL CONDUCTOR,EXCESO DE VELOCIDAD,22.0,0,29.0,29.0,29.0,29.0,1,1,1,0,0,0,2
A-2021-05-28,2021-05-10,01:00,DESPISTE,1,0,1,PUNO,CHUCUITO,HUACULLANI,RURAL,CARRETERA,DEPARTAMENTAL,PU-131,-16.620514622644144,-69.40568275124429,DESPEJADO,RURAL,TRAMO RECTO,PLANA ,ASFALTADA,,,,,INFRAESTRUCTURA Y ENTORNO VIAL,SUPERFICIE DETERIORADA,1.0,0,56.5,56.5,37.0,76.0,1,1,1,0,1,0,2
A-2021-05-174,2021-05-10,06:00,DESPISTE,2,0,1,LAMBAYEQUE,CHICLAYO,LAGUNAS,RURAL,CARRETERA,NACIONAL,PE-1N,-6.974972,-79.672524,NUBLADO,RURAL,TRAMO RECTO,PLANA ,ASFALTADA,,,,,EN PROCESO DE INVESTIGACIÓN,NO CUENTA CON CAUSA ESPECIFICA,6.0,1,48.5,48.5,37.0,60.0,2,1,2,0,1,0,2
A-2021-05-58,2021-05-10,07:00,DESPISTE,1,0,1,LAMBAYEQUE,LAMBAYEQUE,MORROPE,RURAL,CARRETERA,NACIONAL,PE-1N,-6.525155041984445,-80.04043742758363,DESPEJADO,RURAL,OTRO,PLANA ,ASFALTADA,SI,PREVENTIVA (P),PREVENTIVA (P),NO,EN PROCESO DE INVESTIGACIÓN,NO CUENTA CON CAUSA ESPECIFICA,7.0,0,40.0,40.0,40.0,40.0,1,1,1,0,0,0,1
A-2021-05-78,2021-05-10,13:00,ATROPELLO,1,0,0,APURIMAC,CHINCHEROS,ROCCHACC,URBANA,AVENIDA,URBANO,NO CORRESPONDE,-13.4404845,-73.5999776,SOLEADO,COMERCIAL,TRAMO RECTO,PLANA ,TROCHA,,,,,IMPRUDENCIA DEL CONDUCTOR,OTRO (IMPRUDENCIA DEL CONDUCTOR),13.0,0,52.5,52.5,30.0,75.0,2,1,1,0,1,0,2
A-2021-05-194,2021-05-10,18:12,CHOQUE,1,0,2,PUNO,AZANGARO,SAN ANTON,RURAL,CARRETERA,NACIONAL,PE-34B,-14.5411033,-70.2900262,DESPEJADO,RURAL,TRAMO RECTO,PLANA ,ASFALTADA,,,,,IMPRUDENCIA DEL CONDUCTOR,EXCESO DE VELOCIDAD,18.0,0,50.0,50.0,44.0,56.0,2,2,1,0,1,0,2
A-2021-05-34,2021-05-10,21:00,CHOQUE,1,1,3,ICA,ICA,SANTIAGO,RURAL,CARRETERA,NACIONAL,PE-1S,-14.218953,-75.707239,DESPEJADO,RURAL,TRAMO RECTO,PLANA ,ASFALTADA,,,,,EN PROCESO DE INVESTIGACIÓN,NO CUENTA CON CAUSA ESPECIFICA,21.0,0,32.25,27.5,24.0,50.0,4,3,1,1,3,0,4
A-2021-05-54,2021-05-10,21:15,CHOQUE,1,0,2,PIURA,PIURA,CATACAOS,RURAL,CARRETERA,NACIONAL,PE-1N,-5.276932,-80.613759,DESPEJADO,RURAL,TRAMO RECTO,PLANA ,ASFALTADA,NO,,,SI,EN PROCESO DE INVESTIGACIÓN,NO CUENTA CON CAUSA ESPECIFICA,21.0,0,36.0,36.0,26.0,46.0,2,2,1,0,1,1,2
A-2021-05-131,2021-05-10,22:00,ATROPELLO FUGA,1,0,0,LIMA,LIMA,LOS OLIVOS,URBANA,CARRETERA,NACIONAL,PE-1N,-11.965534,-77.067883,DESPEJADO,INDUSTRIAL,TRAMO RECTO,PLANA ,CONCRETO,,,,,EN PROCESO DE INVESTIGACIÓN,NO CUENTA CON CAUSA ESPECIFICA,22.0,0,61.0,61.0,61.0,61.0,1,0,1,0,0,0,2
A-2021-05-69,2021-05-10,23:30,CHOQUE,1,0,2,PIURA,TALARA,EL ALTO,,CARRETERA,SIN CLASIFICAR,SIN CLASIFICAR,-4.235331377255618,-81.12563250127883,DESPEJADO,INDUSTRIAL,TRAMO RECTO,PLANA ,ASFALTADA,,,,,EN PROCESO DE INVESTIGACIÓN,NO CUENTA CON CAUSA ESPECIFICA,23.0,0,37.0,37.0,35.0,39.0,2,2,1,0,0,0,2
A-2021-05-210,2021-05-11,13:15,ATROPELLO,2,0,1,PUNO,HUANCANE,TARACO,RURAL,CARRETERA,NACIONAL,PE-34H,-15.298358082645134,-70.00006019210296,DESPEJADO,RURAL,TRAMO RECTO,PLANA ,ASFALTADA,,,,,NEGLIGENCIA DEL CONDUCTOR,OTRO (NEGLIGENCIA DEL CONDUCTOR),13.0,1,17.666666666666668,16.0,14.0,23.0,3,1,2,0,0,0,3
A-2021-05-183,2021-05-11,15:30,DESPISTE,1,0,1,LAMBAYEQUE,FERREÑAFE,PITIPO,RURAL,CARRETERA,DEPARTAMENTAL,LA-111,-6.5567402,-79.7682136,DESPEJADO,RURAL,TRAMO RECTO,PLANA ,ASFALTADA,,,,,EN PROCESO DE INVESTIGACIÓN,NO CUENTA CON CAUSA ESPECIFICA,15.0,0,13.0,13.0,13.0,13.0,1,1,1,0,0,0,1
A-2021-05-35,2021-05-11,17:30,CHOQUE,1,2,2,ICA,PALPA,SANTA CRUZ,RURAL,CARRETERA,NACIONAL,PE-1S,-14.490291747835574,-75.30455818676043,DESPEJADO,RURAL,TRAMO RECTO,PLANA ,ASFALTADA,,,,,EN PROCESO DE INVESTIGACIÓN,NO CUENTA CON CAUSA ESPECIFICA,17.0,0,38.0,37.0,29.0,49.0,4,2,1,2,2,0,4
A-2021-05-42,2021-05-12,21:00,ATROPELLO,1,1,1,TACNA,TACNA,LA YARADA LOS PALOS,RURAL,CARRETERA,NACIONAL,PE-1SD,-18.158335,-70.462288,DESPEJADO,COMERCIAL,TRAMO RECTO,PLANA ,ASFALTADA,SI,PREVENTIVA (P),,SI,IMPRUDENCIA DEL CONDUCTOR,OTRO (IMPRUDENCIA DEL CONDUCTOR),21.0,0,19.333333333333332,21.0,10.0,27.0,2,1,1,1,1,0,3
A-2021-05-53,2021-05-13,04:30,DESPISTE,1,1,1,AREQUIPA,CARAVELI,ATICO,RURAL,CARRETERA,NACIONAL,PE-1S,-16.302635,-73.396271,DESPEJADO,RURAL,CURVA,INCLINADA,ASFALTADA,NO,,,SI,EN PROCESO DE INVESTIGACIÓN,NO CUENTA CON CAUSA ESPECIFICA,4.0,0,36.5,36.5,30.0,43.0,1,1,1,1,0,0,2
A-2021-05-50,2021-05-13,07:33,ATROPELLO,1,0,1,TACNA,TACNA,ALTO DE LA ALIANZA,URBANA,AVENIDA,URBANO,NO CORRESPONDE,-17.987599,-70.244088,DESPEJADO,RESIDENCIAL,INTERSECCIÓN,INCLINADA,ASFALTADA,SI,INFORMATIVA (I),INFORMATIVA (I),SI,IMPRUDENCIA DEL CONDUCTOR,NO ESTABLECER EL DERECHO DE PASO,7.0,0,57.0,57.0,34.0,80.0,1,1,1,0,1,0,2
A-2021-05-287,2021-05-13,08:20,CHOQUE,1,0,2,LAMBAYEQUE,CHICLAYO,CHICLAYO,URBANA,CARRETERA,NACIONAL,PE-1N,-6.785434,-79.869206,DESPEJADO,RURAL,TRAMO RECTO,PLANA ,ASFALTADA,SI,REGULADORA (R),REGULADORA (R),NO,EN PROCESO DE INVESTIGACIÓN,NO CUENTA CON CAUSA ESPECIFICA,8.0,0,40.0,40.0,34.0,46.0,2,2,1,0,1,0,2
A-2021-05-93,2021-05-13,11:30,DESPISTE,1,0,1,PIURA,AYABACA,SUYO,RURAL,CARRETERA,PROVINCIAL,PI-603,-4.547547,-80.206153,DESPEJADO,RURAL,SINUOSA,PLANA ,TROCHA,,,,,EN PROCESO DE INVESTIGACIÓN,NO CUENTA CON CAUSA ESPECIFICA,11.0,0,,,,,0,1,1,0,0,0,1