CODIGO_SINIESTRO,FECHA_SINIESTRO,HORA_SINIESTRO,CLASE_SINIESTRO,CANTIDAD_FALLECIDOS,CANTIDAD_LESIONADOS,CANTIDAD_VEHICULOS,DEPARTAMENTO,PROVINCIA,DISTRITO,ZONA,TIPO_VIA,RED_VIAL,COD_CARRETERA,LATITUD,LONGITUD,CONDICION_CLIMATICA,ZONIFICACION,CARACTERISTICAS_VIA,PERFIL_VIA,SUPERFICIE_CALZADA,EXISTE_SENIAL_VERTICAL,CLASIFICACION_SENIAL_VERTICAL_1,CLASIFICACION_SENIAL_VERTICAL_2,EXISTE_SENIAL_HORIZONTAL,CAUSA_FACTOR_PRINCIPAL,CAUSA_ESPECIFICA,HORA,severidad,EDAD_PROMEDIO,EDAD_MEDIANA,EDAD_MIN,EDAD_MAX,TOTAL_MASCULINOS,TOTAL_CONDUCTORES,TOTAL_FALLECIDOS_AGG,TOTAL_LESIONADOS_AGG,TOTAL_LICENCIA,TOTAL_ALCOHOL_POSITIVO,TOTAL_PERSONAS
A-2021-05-41,2021-05-13,15:10,CHOQUE,1,0,1,PUNO,CHUCUITO,POMATA,RURAL,CARRETERA,DEPARTAMENTAL,PU-130,-16.287404033734546,-69.22546263693665,DESPEJADO,RURAL,TRAMO RECTO,PLANA ,ASFALTADA,,,,,IMPRUDENCIA DEL CONDUCTOR,INVASIÓN DE CARRIL,15.0,0,49.0,49.0,32.0,66.0,2,2,1,0,1,0,2
A-2021-05-195,2021-05-13,19:00,CHOQUE,1,0,2,PUNO,HUANCANE,PUSI,RURAL,CARRETERA,PROVINCIAL,PU-909,-15.419878082612398,-70.0500696320667,DESPEJADO,RURAL,TRAMO RECTO,PLANA ,ASFALTADA,,,,,NEGLIGENCIA DEL CONDUCTOR,CONDUCIR CON FALLAS ELÉCTRICAS,19.0,0,48.0,48.0,39.0,57.0,2,2,1,0,1,0,2
A-2021-05-46,2021-05-13,19:20,CHOQUE,1,5,2,HUANUCO,LEONCIO PRADO,JOSE CRESPO Y CASTILLO,RURAL,CARRETERA,NACIONAL,PE-5N,-8.963253,-76.095438,DESPEJADO,RURAL,TRAMO RECTO,PLANA ,ASFALTADA,,,,,IMPRUDENCIA DEL CONDUCTOR,EXCESO DE VELOCIDAD,19.0,0,27.75,17.0,0.0,72.0,4,2,1,5,1,0,8
A-2021-05-178,2021-05-13,19:30,ATROPELLO,1,0,0,PUNO,SAN ROMAN,SAN MIGUEL,RURAL,CARRETERA,NACIONAL,PE-3S,-15.43497260605749,-70.14088673661455,,,,,,,,,,EN PROCESO DE INVESTIGACIÓN,NO CUENTA CON CAUSA ESPECIFICA,19.0,0,44.0,44.0,24.0,64.0,2,1,1,0,1,1,2
A-2021-05-71,2021-05-14,10:00,DESPISTE,1,0,1,LA LIBERTAD,PATAZ,TAYABAMBA,RURAL,CARRETERA,NACIONAL,PE-10C,-8.304154,-77.270799,DESPEJADO,RURAL,TRAMO RECTO,PLANA ,ASFALTADA,,,,,EN PROCESO DE INVESTIGACIÓN,NO CUENTA CON CAUSA ESPECIFICA,10.0,0,23.0,23.0,23.0,23.0,1,1,1,0,0,0,2
A-2021-05-251,2021-05-14,15:00,CHOQUE,1,2,3,CAJAMARCA,JAEN,JAEN,RURAL,CARRETERA,NACIONAL,PE-5N,-5.836237,-78.756643,SOLEADO,RURAL,CURVA,PLANA ,ASFALTADA,SI,REGULADORA (R),REGULADORA (R),NO,EN PROCESO DE INVESTIGACIÓN,NO CUENTA CON CAUSA ESPECIFICA,15.0,0,27.666666666666668,23.0,23.0,37.0,3,3,1,2,2,0,3
A-2021-05-317,2021-05-14,16:00,VOLCADURA,1,0,3,HUANUCO,HUANUCO,CHINCHAO,RURAL,CARRETERA,NACIONAL,PE-18A,-9.695459,-76.086889,LLUVIOSO,RURAL,CURVA,PLANA ,ASFALTADA,,,,,IMPRUDENCIA DEL CONDUCTOR,INVASIÓN DE CARRIL,16.0,0,38.333333333333336,37.0,24.0,54.0,3,3,1,0,3,0,3
A-2021-05-132,2021-05-14,17:45,ATROPELLO,1,0,0,LIMA,LIMA,SANTA ANITA,URBANA,AVENIDA,URBANO,NO CORRESPONDE,-12.042317376940453,-76.97828863347918,DESPEJADO,INDUSTRIAL,TRAMO RECTO,PLANA ,ASFALTADA,,,,,IMPRUDENCIA DEL CONDUCTOR,EXCESO DE VELOCIDAD,17.0,0,70.5,70.5,58.0,83.0,2,1,1,0,0,0,2
A-2021-05-76,2021-05-14,19:45,ATROPELLO,1,0,1,ICA,PISCO,PISCO,URBANA,CALLE,URBANO,NO CORRESPONDE,-13.7084423,-76.2046293,DESPEJADO,COMERCIAL,INTERSECCIÓN,PLANA ,ASFALTADA,,,,,IMPRUDENCIA DEL PEATÓN,CRUCE INDEBIDO POR LA CALZADA,19.0,0,59.0,59.0,41.0,77.0,2,1,1,0,1,0,2
A-2021-05-114,2021-05-14,21:30,CHOQUE CON OBJETO FIJO,1,0,1,CAJAMARCA,CAJAMARCA,CAJAMARCA,URBANA,JIRÓN,URBANO,NO CORRESPONDE,-7.15010397,-78.51644851,DESPEJADO,COMERCIAL,TRAMO RECTO,INCLINADA,CONCRETO,,,,,IMPRUDENCIA DEL CONDUCTOR,CONDUCIR EN ESTADO DE EBRIEDAD Y/O DROGADICCIÓN,21.0,0,22.0,22.0,22.0,22.0,1,1,1,0,1,0,1
A-2021-05-187,2021-05-15,11:30,CHOQUE,1,1,2,LAMBAYEQUE,CHICLAYO,JOSE LEONARDO ORTIZ,URBANA,AVENIDA,URBANO,NO CORRESPONDE,-6.762234,-79.829662,SOLEADO,RESIDENCIAL,TRAMO RECTO,PLANA ,ASFALTADA,,,,,EN PROCESO DE INVESTIGACIÓN,NO CUENTA CON CAUSA ESPECIFICA,11.0,0,63.0,65.0,56.0,68.0,2,2,1,1,2,0,3
A-2021-05-120,2021-05-15,12:45,DESPISTE,1,1,1,CUSCO,CANAS,KUNTURKANKI,RURAL,CARRETERA,SIN CLASIFICAR,SIN CLASIFICAR,-14.499621,-71.329169,DESPEJADO,RURAL,CURVA,PLANA ,TROCHA,,,,,NEGLIGENCIA DEL CONDUCTOR,OTRO (NEGLIGENCIA DEL CONDUCTOR),12.0,0,38.5,38.5,34.0,43.0,2,1,1,1,0,0,2
A-2021-05-121,2021-05-15,15:45,CHOQUE,1,0,2,CUSCO,LA CONVENCION,SANTA ANA,RURAL,CARRETERA,NACIONAL,PE-28B,-12.804034,-72.683129,DESPEJADO,RURAL,TRAMO RECTO,PLANA ,ASFALTADA,,,,,NEGLIGENCIA DEL CONDUCTOR,OTRO (NEGLIGENCIA DEL CONDUCTOR),15.0,0,56.0,56.0,35.0,77.0,2,2,1,0,2,0,2
A-2021-05-86,2021-05-15,18:45,VOLCADURA,1,0,1,CUSCO,ESPINAR,COPORAQUE,RURAL,CARRETERA,NACIONAL,PE-3S,-14.748404,-71.484805,DESPEJADO,RURAL,CURVA,INCLINADA,TROCHA,,,,,EN PROCESO DE INVESTIGACIÓN,NO CUENTA CON CAUSA ESPECIFICA,18.0,0,23.0,23.0,23.0,23.0,1,1,1,0,0,0,1
A-2021-05-110,2021-05-15,19:00,CHOQUE,2,3,2,ANCASH,CARHUAZ,ACOPAMPA,RURAL,CARRETERA,NACIONAL,PE-3N,-9.300778609747743,-77.62263159386384,NUBLADO,RURAL,CURVA,INCLINADA,ASFALTADA,SI,PREVENTIVA (P),,SI,IMPRUDENCIA DEL CONDUCTOR,CONDUCIR EN ESTADO DE EBRIEDAD Y/O DROGADICCIÓN,19.0,1,31.8,26.0,24.0,46.0,5,2,2,3,2,0,5
A-2021-05-122,2021-05-15,19:00,ATROPELLO FUGA,1,0,1,CUSCO,PAUCARTAMBO,KOSÑIPATA,RURAL,CARRETERA,NACIONAL,PE-3S,-12.964499,-71.4214,NUBLADO,RURAL,TRAMO RECTO,PLANA ,TROCHA,SI,REGULADORA (R),INFORMATIVA (I),NO,IMPRUDENCIA DEL CONDUCTOR,EXCESO DE VELOCIDAD,19.0,0,56.0,56.0,56.0,56.0,1,0,1,0,0,0,2
A-2021-05-75,2021-05-15,21:50,CHOQUE,1,0,2,LA LIBERTAD,CHEPEN,PACANGA,RURAL,CARRETERA,NACIONAL,PE-1N,-7.178046,-79.437756,DESPEJADO,RURAL,OTRO,PLANA ,ASFALTADA,,,,,IMPRUDENCIA DEL CONDUCTOR,GIRAR IMPRUDENTEMENTE,21.0,0,32.5,32.5,27.0,38.0,2,2,1,0,1,1,2
A-2021-05-115,2021-05-16,04:00,DESPISTE,1,0,0,SAN MARTIN,RIOJA,YURACYACU,RURAL,CARRETERA,DEPARTAMENTAL,SM-113,-5.9460881604485,-77.2427443729863,,,,,,,,,,EN PROCESO DE INVESTIGACIÓN,NO CUENTA CON CAUSA ESPECIFICA,4.0,0,20.0,20.0,20.0,20.0,1,1,1,0,0,0,1
A-2021-05-68,2021-05-16,06:45,VOLCADURA,1,1,1,AREQUIPA,AREQUIPA,YURA,RURAL,CARRETERA,NACIONAL,PE-34A,-16.077201,-71.512188,DESPEJADO,RURAL,CURVA,PLANA ,ASFALTADA,SI,PREVENTIVA (P),PREVENTIVA (P),SI,EN PROCESO DE INVESTIGACIÓN,NO CUENTA CON CAUSA ESPECIFICA,6.0,0,32.5,32.5,32.0,33.0,2,1,1,1,1,0,2
A-2021-05-87,2021-05-16,17:00,CHOQUE,2,1,2,CUSCO,CUSCO,SAYLLA,URBANA,CARRETERA,NACIONAL,PE-3S,-13.567006,-71.833,SOLEADO,RESIDENCIAL,TRAMO RECTO,PLANA ,ASFALTADA,SI,PREVENTIVA (P),,SI,IMPRUDENCIA DEL CONDUCTOR,EXCESO DE VELOCIDAD,17.0,1,36.666666666666664,31.0,25.0,54.0,2,2,2,1,1,0,3
A-2021-05-161,2021-05-16,18:40,CHOQUE,1,1,0,PASCO,PASCO,NINACACA,URBANA,CARRETERA,NACIONAL,PE-3N,-10.869821905685251,-76.11155199290695,,,,,,,,,,EN PROCESO DE INVESTIGACIÓN,NO CUENTA CON CAUSA ESPECIFICA,18.0,0,34.666666666666664,41.0,20.0,43.0,3,3,1,1,1,1,3
A-2021-05-192,2021-05-16,19:15,CHOQUE FUGA,1,1,1,LAMBAYEQUE,LAMBAYEQUE,MOTUPE,RURAL,CARRETERA,NACIONAL,PE-1NJ,-6.213567,-79.701722,DESPEJADO,RURAL,TRAMO RECTO,PLANA ,ASFALTADA,,,,,EN PROCESO DE INVESTIGACIÓN,NO CUENTA CON CAUSA ESPECIFICA,19.0,0,55.666666666666664,58.0,45.0,64.0,1,1,1,1,1,0,4
A-2021-05-188,2021-05-16,21:30,ATROPELLO FUGA,1,0,0,LAMBAYEQUE,LAMBAYEQUE,MOTUPE,RURAL,CARRETERA,NACIONAL,PE-1NJ,-6.2216688,-79.7073985,DESPEJADO,RURAL,TRAMO RECTO,PLANA ,ASFALTADA,,,,,EN PROCESO DE INVESTIGACIÓN,NO CUENTA CON CAUSA ESPECIFICA,21.0,0,60.0,60.0,60.0,60.0,1,0,1,0,0,0,2
A-2021-05-77,2021-05-17,00:50,DESPISTE,2,0,1,LA LIBERTAD,OTUZCO,OTUZCO,RURAL,CARRETERA,PROVINCIAL,LI-754,-7.985028,-78.67921,DESPEJADO,RURAL,TRAMO RECTO,PLANA ,CASCAJO/RIPIO,,,,,NEGLIGENCIA DEL CONDUCTOR,CONDUCIR CON FALLAS DE FRENOS,0.0,1,29.0,31.0,24.0,32.0,3,1,2,0,1,0,3
A-2021-05-323,2021-05-17,09:30,CHOQUE,1,0,2,SAN MARTIN,HUALLAGA,TINGO DE SAPOSOA,RURAL,CARRETERA,NACIONAL,PE-5N,-7.08700928856264,-76.6352227872794,SOLEADO,RURAL,TRAMO RECTO,PLANA ,ASFALTADA,SI,PREVENTIVA (P),,NO,IMPRUDENCIA DEL CONDUCTOR,OTRO (IMPRUDENCIA DEL CONDUCTOR),9.0,0,42.333333333333336,47.0,26.0,54.0,3,2,1,0,2,0,3
A-2021-05-80,2021-05-17,16:10,ATROPELLO,1,0,1,CALLAO,CALLAO,VENTANILLA,URBANA,CARRETERA,NACIONAL,PE-20,-11.904060014292073,-77.1284922344765,DESPEJADO,COMERCIAL,TRAMO RECTO,PLANA ,ASFALTADA,,,,,IMPRUDENCIA DEL PEATÓN,ESTADO DE EBRIEDAD Y/O DROGADICCIÓN,16.0,0,40.5,40.5,22.0,59.0,2,1,1,0,1,0,2
A-2021-05-96,2021-05-17,16:30,CHOQUE,1,2,2,TACNA,TARATA,ESTIQUE,RURAL,CARRETERA,NACIONAL,PE-38,-17.700525,-70.102507,DESPEJADO,RURAL,CURVA,INCLINADA,ASFALTADA,NO,,,SI,IMPRUDENCIA DEL CONDUCTOR,INVASIÓN DE CARRIL,16.0,0,54.5,51.0,32.0,84.0,3,2,1,2,2,0,4
A-2021-05-207,2021-05-17,19:00,ATROPELLO,1,0,1,PUNO,AZANGARO,ASILLO,RURAL,CARRETERA,SIN CLASIFICAR,SIN CLASIFICAR,-14.802268376997617,-70.34450097558799,DESPEJADO,RURAL,TRAMO RECTO,PLANA ,ASFALTADA,,,,,NEGLIGENCIA DEL CONDUCTOR,OTRO (NEGLIGENCIA DEL CONDUCTOR),19.0,0,33.0,33.0,27.0,39.0,2,1,1,0,1,0,2
A-2021-05-83,2021-05-18,00:00,ATROPELLO FUGA,1,0,1,PUNO,PUNO,PAUCARCOLLA,RURAL,CARRETERA,NACIONAL,PE-3S,-15.735935,-70.056914,DESPEJADO,RURAL,CURVA,PLANA ,ASFALTADA,,,,,IMPRUDENCIA DEL CONDUCTOR,OTRO (IMPRUDENCIA DEL CONDUCTOR),0.0,0,31.0,31.0,31.0,31.0,1,0,1,0,0,0,2
A-2021-05-133,2021-05-18,12:00,CHOQUE,1,0,0,LIMA,LIMA,ATE,URBANA,CARRETERA,NACIONAL,PE-22,-12.007770915494971,-76.85896757387667,DESPEJADO,INDUSTRIAL,TRAMO RECTO,PLANA ,ASFALTADA,,,,,IMPRUDENCIA DEL CONDUCTOR,ADELANTAR INDEBIDAMENTE,12.0,0,34.0,34.0,34.0,34.0,1,2,1,0,0,0,2
A-2021-05-112,2021-05-18,15:00,CHOQUE,1,0,1,JUNIN,TARMA,TARMA,RURAL,CARRETERA,NACIONAL,PE-22B,-11.390965899569627,-75.68829563662541,DESPEJADO,RURAL,SINUOSA,INCLINADA,ASFALTADA,,,,,EN PROCESO DE INVESTIGACIÓN,NO CUENTA CON CAUSA ESPECIFICA,15.0,0,22.0,22.0,21.0,23.0,2,2,1,0,0,1,2
A-2021-05-180,2021-05-18,19:20,DESPISTE,1,1,1,AMAZONAS,BAGUA,BAGUA,RURAL,CARRETERA,NACIONAL,PE-5NC,-5.598773694574039,-78.55107903073039,SOLEADO,RURAL,TRAMO RECTO,PLANA ,ASFALTADA,,,,,EN PROCESO DE INVESTIGACIÓN,NO CUENTA CON CAUSA ESPECIFICA,19.0,0,49.0,49.0,44.0,54.0,2,1,1,1,1,0,2
A-2021-05-108,2021-05-18,20:20,VOLCADURA,1,0,1,AREQUIPA,AREQUIPA,JOSE LUIS BUSTAMANTE Y RIVERO,URBANA,AVENIDA,URBANO,NO CORRESPONDE,-16.425553,-71.53839,DESPEJADO,COMERCIAL,CURVA,PLANA ,ASFALTADA,,,,,IMPRUDENCIA DEL CONDUCTOR,ADELANTAR INDEBIDAMENTE,20.0,0,28.0,28.0,28.0,28.0,1,1,1,0,1,0,1
A-2021-05-105,2021-05-18,21:05,CHOQUE,1,0,0,MADRE DE DIOS,TAMBOPATA,TAMBOPATA,RURAL,CARRETERA,NACIONAL,PE-30C,-12.6138,-69.243869,,,,,,,,,,EN PROCESO DE INVESTIGACIÓN,NO CUENTA CON CAUSA ESPECIFICA,21.0,0,32.5,32.5,25.0,40.0,2,2,1,0,0,0,2
A-2021-05-211,2021-05-18,22:15,CHOQUE,1,3,0,PUNO,MELGAR,MACARI,RURAL,CARRETERA,DEPARTAMENTAL,PU-125,-14.767174420860924,-70.93875286479684,,,,,,,,,,EN PROCESO DE INVESTIGACIÓN,NO CUENTA CON CAUSA ESPECIFICA,22.0,0,40.0,33.0,28.0,65.0,3,2,1,3,2,0,5
A-2021-05-326,2021-05-19,05:30,DESPISTE,1,2,1,AYACUCHO,HUAMANGA,VINCHOS,RURAL,CARRETERA,NACIONAL,PE-28A,-13.26641253167358,-74.30822444180802,DESPEJADO,RURAL,CURVA,PLANA ,ASFALTADA,SI,PREVENTIVA (P),,NO,IMPRUDENCIA DEL CONDUCTOR,EXCESO DE VELOCIDAD,5.0,0,37.333333333333336,41.0,22.0,49.0,3,1,1,2,1,0,3
A-2021-05-113,2021-05-19,07:50,CHOQUE,3,1,2,PIURA,MORROPON,CHULUCANAS,RURAL,CARRETERA,NACIONAL,PE-1NJ,-5.136257,-80.331393,DESPEJADO,RURAL,OTRO,INCLINADA,ASFALTADA,NO,,,SI,IMPRUDENCIA DEL CONDUCTOR,EXCESO DE VELOCIDAD,7.0,2,47.2,42.0,39.0,64.0,3,2,3,1,2,0,5
A-2021-05-202,2021-05-19,23:30,DESPISTE,2,0,1,CUSCO,LA CONVENCION,HUAYOPATA,RURAL,CARRETERA,NACIONAL,PE-28B,-13.123531,-72.333281,NIEBLA,RURAL,CURVA,INCLINADA,ASFALTADA,SI,REGULADORA (R),REGULADORA (R),SI,NEGLIGENCIA DEL CONDUCTOR,OTRO (NEGLIGENCIA DEL CONDUCTOR),23.0,1,29.5,29.5,28.0,31.0,2,1,2,0,1,0,2
A-2021-05-150,2021-05-20,00:05,DESPISTE,1,0,0,MADRE DE DIOS,TAMBOPATA,TAMBOPATA,URBANA,JIRÓN,URBANO,NO CORRESPONDE,-12.589681,-69.208873,,,,,,,,,,EN PROCESO DE INVESTIGACIÓN,NO CUENTA CON CAUSA ESPECIFICA,0.0,0,44.0,44.0,44.0,44.0,1,1,1,0,0,0,1
A-2021-05-111,2021-05-20,05:40,DESPISTE,1,0,1,HUANUCO,LEONCIO PRADO,MARIANO DAMASO BERAUN,RURAL,CARRETERA,NACIONAL,PE-18A,-9.358401,-75.979258,DESPEJADO,RURAL,CURVA,PLANA ,ASFALTADA,,,,,EN PROCESO DE INVESTIGACIÓN,NO CUENTA CON CAUSA ESPECIFICA,5.0,0,32.0,32.0,32.0,32.0,1,1,1,0,0,0,1
A-2021-05-134,2021-05-20,07:10,VOLCADURA,1,0,0,LIMA,LIMA,LA MOLINA,URBANA,AVENIDA,URBANO,NO CORRESPONDE,-12.078943,-76.930904,DESPEJADO,INDUSTRIAL,TRAMO RECTO,PLANA ,ASFALTADA,,,,,IMPRUDENCIA DEL CONDUCTOR,EXCESO DE VELOCIDAD,7.0,0,,,,,1,1,1,0,0,0,1
A-2021-05-321,2021-05-20,08:00,DESPISTE,1,0,0,ANCASH,SANTA,SAMANCO,RURAL,CARRETERA,NACIONAL,PE-1N,-9.324390969991786,-78.40631869203264,DESPEJADO,RURAL,CURVA,INCLINADA,ASFALTADA,,,,,EN PROCESO DE INVESTIGACIÓN,NO CUENTA CON CAUSA ESPECIFICA,8.0,0,37.0,37.0,37.0,37.0,1,1,1,0,1,0,2
A-2021-05-177,2021-05-20,10:45,CHOQUE,1,0,1,CUSCO,CUSCO,SAN JERONIMO,URBANA,CALLE,URBANO,NO CORRESPONDE,-13.549298,-71.905554,DESPEJADO,RESIDENCIAL,TRAMO RECTO,PLANA ,ASFALTADA,,,,,NEGLIGENCIA DEL CONDUCTOR,OTRO (NEGLIGENCIA DEL CONDUCTOR),10.0,0,39.5,39.5,30.0,49.0,2,1,1,0,0,0,3
A-2021-05-196,2021-05-20,12:10,VOLCADURA,1,0,1,JUNIN,CHANCHAMAYO,PERENE,RURAL,CARRETERA,PROVINCIAL,JU-1365,-10.89247417867777,-75.16506149878079,DESPEJADO,RURAL,CURVA,INCLINADA,AFIRMADO,,,,,EN PROCESO DE INVESTIGACIÓN,NO CUENTA CON CAUSA ESPECIFICA,12.0,0,48.0,48.0,48.0,48.0,1,1,1,0,0,0,1
A-2021-05-166,2021-05-20,20:20,CHOQUE FUGA,1,1,1,LA LIBERTAD,TRUJILLO,POROTO,RURAL,CARRETERA,PROVINCIAL,LI-1078,-8.012785,-78.757032,DESPEJADO,RURAL,TRAMO RECTO,PLANA ,AFIRMADO,,,,,IMPRUDENCIA DEL CONDUCTOR,INVASIÓN DE CARRIL,20.0,0,40.0,40.0,17.0,63.0,1,1,1,1,0,0,3
A-2021-05-136,2021-05-21,16:50,CHOQUE,1,0,2,ICA,ICA,ICA,URBANA,CARRETERA,NACIONAL,PE-1S,-14.081115969144776,-75.7356150195617,DESPEJADO,ESCOLAR,INTERSECCIÓN,PLANA ,ASFALTADA,,,,,IMPRUDENCIA DEL CONDUCTOR,EXCESO DE VELOCIDAD,16.0,0,40.5,40.5,30.0,51.0,2,2,1,0,0,0,2
A-2021-05-144,2021-05-21,22:20,CHOQUE FUGA,1,1,1,ANCASH,RECUAY,TICAPAMPA,RURAL,CARRETERA,DEPARTAMENTAL,AN-110,-9.769431576631796,-77.41685231499594,DESPEJADO,RURAL,TRAMO RECTO,INCLINADA,ASFALTADA,SI,PREVENTIVA (P),,SI,IMPRUDENCIA DEL CONDUCTOR,EXCESO DE VELOCIDAD,22.0,0,34.5,34.5,34.0,35.0,1,1,1,1,0,0,3
A-2021-05-138,2021-05-22,01:40,CHOQUE,1,0,2,ICA,ICA,SAN JUAN BAUTISTA,URBANA,AVENIDA,URBANO,NO CORRESPONDE,-14.016307,-75.73436,DESPEJADO,INDUSTRIAL,TRAMO RECTO,PLANA ,ASFALTADA,,,,,EN PROCESO DE INVESTIGACIÓN,NO CUENTA CON CAUSA ESPECIFICA,1.0,0,40.0,40.0,35.0,45.0,2,2,1,0,1,0,2
A-2021-05-181,2021-05-22,07:00,CHOQUE,1,1,2,APURIMAC,AYMARAES,COTARUSE,RURAL,CARRETERA,NACIONAL,PE-30A,-14.552146173470527,-73.38386531211128,DESPEJADO,RURAL,CURVA,INCLINADA,ASFALTADA,,,,,IMPRUDENCIA DEL CONDUCTOR,FATIGA Y/O CANSANCIO,7.0,0,52.5,52.5,50.0,55.0,2,2,1,1,1,0,2
A-2021-05-191,2021-05-22,11:53,CHOQUE,1,0,2,LAMBAYEQUE,CHICLAYO,CAYALTI,URBANA,OTRO,URBANO,NO CORRESPONDE,-6.892505,-79.563207,DESPEJADO,RESIDENCIAL,INTERSECCIÓN,PLANA ,ASFALTADA,NO,,,SI,EN PROCESO DE INVESTIGACIÓN,NO CUENTA CON CAUSA ESPECIFICA,11.0,0,44.5,44.5,17.0,72.0,2,2,1,0,0,0,2
A-2021-05-139,2021-05-22,14:30,VOLCADURA,1,6,1,ICA,ICA,ICA,RURAL,CARRETERA,SIN CLASIFICAR,SIN CLASIFICAR,-14.09,-75.77,SOLEADO,RURAL,SINUOSA,INCLINADA,TROCHA,,,,,NEGLIGENCIA DEL CONDUCTOR,CONDUCIR CON FALLAS DE CARROCERÍA,14.0,0,33.285714285714285,29.0,15.0,52.0,3,1,1,6,0,0,7
A-2021-05-158,2021-05-22,15:30,CHOQUE,1,1,2,LA LIBERTAD,TRUJILLO,HUANCHACO,RURAL,CARRETERA,NACIONAL,PE-1N,-8.040941,-79.084076,DESPEJADO,RURAL,TRAMO RECTO,PLANA ,ASFALTADA,,,,,IMPRUDENCIA DEL CONDUCTOR,ADELANTAR INDEBIDAMENTE,15.0,0,34.0,34.0,33.0,35.0,2,2,1,1,1,0,2
A-2021-05-151,2021-05-22,16:30,ATROPELLO,1,0,0,LORETO,MAYNAS,SAN JUAN BAUTISTA,RURAL,CARRETERA,DEPARTAMENTAL,LO-103,-4.015585723882315,-73.43273512207432,SOLEADO,RURAL,TRAMO RECTO,PLANA ,ASFALTADA,,,,,EN PROCESO DE INVESTIGACIÓN,NO CUENTA CON CAUSA ESPECIFICA,16.0,0,47.5,47.5,45.0,50.0,2,1,1,0,1,1,2
A-2021-05-184,2021-05-22,16:50,CHOQUE,1,0,2,PUNO,LAMPA,CABANILLA,RURAL,CARRETERA,DEPARTAMENTAL,PU-123,-15.51152974162293,-70.35054438396111,DESPEJADO,RURAL,TRAMO RECTO,PLANA ,ASFALTADA,,,,,IMPRUDENCIA DEL CONDUCTOR,OTRO (IMPRUDENCIA DEL CONDUCTOR),16.0,0,69.5,69.5,61.0,78.0,2,2,1,0,1,0,2
A-2021-05-140,2021-05-22,18:00,CHOQUE,1,2,2,ICA,NASCA,CHANGUILLO,RURAL,CARRETERA,DEPARTAMENTAL,IC-112,-14.670563,-75.291881,SOLEADO,RURAL,CURVA,PLANA ,ASFALTADA,,,,,IMPRUDENCIA DEL CONDUCTOR,INVASIÓN DE CARRIL,18.0,0,45.666666666666664,48.0,27.0,62.0,3,2,1,2,0,0,3
A-2021-05-162,2021-05-22,19:20,ATROPELLO,1,3,1,LA LIBERTAD,TRUJILLO,TRUJILLO,URBANA,CARRETERA,NACIONAL,PE-1N,-8.132569,-79.02341,DESPEJADO,INDUSTRIAL,TRAMO RECTO,PLANA ,ASFALTADA,,,,,EN PROCESO DE INVESTIGACIÓN,NO CUENTA CON CAUSA ESPECIFICA,19.0,0,28.8,27.0,12.0,52.0,3,1,1,3,1,0,5
A-2021-05-116,2021-05-22,21:00,DESPISTE,1,0,1,CALLAO,CALLAO,LA PERLA,URBANA,AVENIDA,URBANO,NO CORRESPONDE,-12.06817959541864,-77.11449708038921,DESPEJADO,RESIDENCIAL,TRAMO RECTO,PLANA ,ASFALTADA,,,,,EN PROCESO DE INVESTIGACIÓN,NO CUENTA CON CAUSA ESPECIFICA,21.0,0,65.0,65.0,65.0,65.0,1,1,1,0,1,0,1
A-2021-05-182,2021-05-22,21:51,CHOQUE,1,0,2,AMAZONAS,CHACHAPOYAS,CHACHAPOYAS,URBANA,JIRÓN,URBANO,NO CORRESPONDE,-6.233383980919296,-77.86731715212338,DESPEJADO,COMERCIAL,INTERSECCIÓN,PLANA ,CONCRETO,,,,,EN PROCESO DE INVESTIGACIÓN,NO CUENTA CON CAUSA ESPECIFICA,21.0,0,26.0,26.0,18.0,34.0,2,2,1,0,1,0,2
A-2021-05-157,2021-05-23,13:25,CAÍDA DE PASAJERO,1,0,1,PIURA,PIURA,TAMBO GRANDE,RURAL,CARRETERA,NACIONAL,PE-1NL,-4.898257,-80.35187,DESPEJADO,RURAL,TRAMO RECTO,PLANA ,ASFALTADA,,,,,EN PROCESO DE INVESTIGACIÓN,NO CUENTA CON CAUSA ESPECIFICA,13.0,0,35.0,35.0,34.0,36.0,2,1,1,0,0,0,2
A-2021-05-200,2021-05-23,21:00,CHOQUE,1,0,2,LAMBAYEQUE,LAMBAYEQUE,OLMOS,RURAL,CARRETERA,NACIONAL,PE-04B,-5.9407622508173565,-79.60256158934189,DESPEJADO,RURAL,TRAMO RECTO,PLANA ,ASFALTADA,NO,,,SI,EN PROCESO DE INVESTIGACIÓN,NO CUENTA CON CAUSA ESPECIFICA,21.0,0,23.5,23.5,23.0,24.0,2,2,1,0,1,0,2
A-2021-05-160,2021-05-24,08:00,DESPISTE,1,1,1,CAJAMARCA,CHOTA,LLAMA,RURAL,CARRETERA,NACIONAL,PE-06A,-6.538239205064491,-79.12057235970696,DESPEJADO,RURAL,CURVA,INCLINADA,ASFALTADA,NO,,,SI,IMPRUDENCIA DEL CONDUCTOR,OTRO (IMPRUDENCIA DEL CONDUCTOR),8.0,0,53.5,53.5,53.0,54.0,2,1,1,1,0,0,2