CODIGO_SINIESTRO,FECHA_SINIESTRO,HORA_SINIESTRO,CLASE_SINIESTRO,CANTIDAD_FALLECIDOS,CANTIDAD_LESIONADOS,CANTIDAD_VEHICULOS,DEPARTAMENTO,PROVINCIA,DISTRITO,ZONA,TIPO_VIA,RED_VIAL,COD_CARRETERA,LATITUD,LONGITUD,CONDICION_CLIMATICA,ZONIFICACION,CARACTERISTICAS_VIA,PERFIL_VIA,SUPERFICIE_CALZADA,EXISTE_SENIAL_VERTICAL,CLASIFICACION_SENIAL_VERTICAL_1,CLASIFICACION_SENIAL_VERTICAL_2,EXISTE_SENIAL_HORIZONTAL,CAUSA_FACTOR_PRINCIPAL,CAUSA_ESPECIFICA,HORA,severidad,EDAD_PROMEDIO,EDAD_MEDIANA,EDAD_MIN,EDAD_MAX,TOTAL_MASCULINOS,TOTAL_CONDUCTORES,TOTAL_FALLECIDOS_AGG,TOTAL_LESIONADOS_AGG,TOTAL_LICENCIA,TOTAL_ALCOHOL_POSITIVO,TOTAL_PERSONAS
A-2021-06-22,2021-06-02,17:40,DESPISTE,1,0,0,TUMBES,TUMBES,CORRALES,RURAL,CARRETERA,NACIONAL,PE-1N,-3.609553141701579,-80.50655188567089,,,,,,,,,,EN PROCESO DE INVESTIGACIÓN,NO CUENTA CON CAUSA ESPECIFICA,17.0,0,42.0,42.0,42.0,42.0,1,1,1,0,0,0,1
A-2021-06-59,2021-06-03,01:15,ATROPELLO FUGA,1,0,1,LA LIBERTAD,ASCOPE,PAIJAN,URBANA,CARRETERA,NACIONAL,PE-1N,-7.720955,-79.308816,DESPEJADO,COMERCIAL,TRAMO RECTO,PLANA ,ASFALTADA,,,,,IMPRUDENCIA DEL PEATÓN,CRUCE INDEBIDO POR LA CALZADA,1.0,0,15.0,15.0,15.0,15.0,1,0,1,0,0,0,2
A-2021-06-77,2021-06-03,02:50,DESPISTE,1,8,1,LA LIBERTAD,SANCHEZ CARRION,CHUGAY,RURAL,CARRETERA,NACIONAL,PE-10C,-7.814912,-77.78488,DESPEJADO,RURAL,CURVA,PLANA ,AFIRMADO,,,,,EN PROCESO DE INVESTIGACIÓN,NO CUENTA CON CAUSA ESPECIFICA,2.0,0,24.77777777777778,29.0,2.0,55.0,3,1,1,8,0,0,9
A-2021-06-293,2021-06-03,04:40,ATROPELLO FUGA,1,0,0,CALLAO,CALLAO,CARMEN DE LA LEGUA REYNOSO,URBANA,AVENIDA,URBANO,NO CORRESPONDE,-12.047462887228148,-77.0874816745895,,,,,,,,,,EN PROCESO DE INVESTIGACIÓN,NO CUENTA CON CAUSA ESPECIFICA,4.0,0,44.0,44.0,44.0,44.0,1,0,1,0,0,0,2
A-2021-06-14,2021-06-03,05:20,CHOQUE,1,0,2,AREQUIPA,AREQUIPA,LA JOYA,RURAL,CARRETERA,NACIONAL,PE-1S,-16.652031,-71.871478,DESPEJADO,RURAL,TRAMO RECTO,PLANA ,ASFALTADA,NO,,,SI,EN PROCESO DE INVESTIGACIÓN,NO CUENTA CON CAUSA ESPECIFICA,5.0,0,37.0,37.0,15.0,59.0,2,2,1,0,1,0,2
A-2021-06-11,2021-06-03,10:20,DESPISTE,2,0,1,CAJAMARCA,HUALGAYOC,HUALGAYOC,RURAL,CARRETERA,NACIONAL,PE-3N,-6.75591833,-78.59191,DESPEJADO,RURAL,CURVA,INCLINADA,ASFALTADA,NO,,,SI,IMPRUDENCIA DEL CONDUCTOR,INVASIÓN DE CARRIL,10.0,1,15.0,15.0,0.0,30.0,1,1,2,0,0,0,2
A-2021-06-12,2021-06-03,11:15,CHOQUE,1,2,2,CUSCO,ANTA,ANTA,URBANA,CARRETERA,NACIONAL,PE-3S,-13.463903,-72.1505,DESPEJADO,RESIDENCIAL,TRAMO RECTO,PLANA ,ASFALTADA,,,,,IMPRUDENCIA DEL CONDUCTOR,NO DAR PASO PREFERENTE AL PEATÓN,11.0,0,20.75,21.0,4.0,37.0,3,2,1,2,1,0,4
A-2021-06-103,2021-06-03,13:10,CHOQUE,1,0,0,LIMA,LIMA,VILLA EL SALVADOR,URBANA,AVENIDA,URBANO,NO CORRESPONDE,-12.23578,-76.9232,DESPEJADO,INDUSTRIAL,TRAMO RECTO,PLANA ,ASFALTADA,,,,,IMPRUDENCIA DEL CONDUCTOR,CONDUCIR EN ESTADO DE EBRIEDAD Y/O DROGADICCIÓN,13.0,0,51.0,51.0,39.0,63.0,2,2,1,0,0,0,2
A-2021-06-9,2021-06-03,15:40,DESPISTE,1,1,1,HUANUCO,HUAMALIES,MONZON,RURAL,CARRETERA,NACIONAL,PE-14A,-9.23654,-76.08865,DESPEJADO,RURAL,CURVA,PLANA ,ASFALTADA,SI,PREVENTIVA (P),PREVENTIVA (P),NO,IMPRUDENCIA DEL CONDUCTOR,EXCESO DE VELOCIDAD,15.0,0,32.0,32.0,25.0,39.0,2,1,1,1,1,0,2
A-2021-06-111,2021-06-03,17:00,CHOQUE,1,0,0,LIMA,LIMA,LIMA,URBANA,JIRÓN,URBANO,NO CORRESPONDE,-12.053264648063148,-77.06394977468713,DESPEJADO,INDUSTRIAL,TRAMO RECTO,PLANA ,ASFALTADA,,,,,EN PROCESO DE INVESTIGACIÓN,NO CUENTA CON CAUSA ESPECIFICA,17.0,0,59.0,59.0,55.0,63.0,2,2,1,0,0,0,2
A-2021-06-65,2021-06-03,19:45,DESPISTE,1,2,1,LA LIBERTAD,ASCOPE,CHOCOPE,RURAL,CARRETERA,NACIONAL,PE-1N,-7.792066,-79.212409,DESPEJADO,RURAL,ÓVALO,PLANA ,ASFALTADA,,,,,NEGLIGENCIA DEL CONDUCTOR,CONDUCIR CON FALLAS DE FRENOS,19.0,0,41.5,48.5,16.0,53.0,4,1,1,2,1,0,4
A-2021-06-131,2021-06-03,22:20,CHOQUE,1,3,2,CUSCO,URUBAMBA,MARAS,RURAL,CARRETERA,NACIONAL,PE-28F,-13.3392319938701,-72.1256394083759,DESPEJADO,RURAL,CURVA,INCLINADA,ASFALTADA,,,,,IMPRUDENCIA DEL CONDUCTOR,INVASIÓN DE CARRIL,22.0,0,28.0,34.0,2.0,37.0,4,2,1,3,1,0,5
A-2021-06-10,2021-06-04,02:45,DESPISTE,1,0,1,AREQUIPA,ISLAY,DEAN VALDIVIA,RURAL,CARRETERA,SIN CLASIFICAR,SIN CLASIFICAR,-17.122089,-71.860648,DESPEJADO,RURAL,TRAMO RECTO,PLANA ,TROCHA,,,,,IMPRUDENCIA DEL CONDUCTOR,FATIGA Y/O CANSANCIO,2.0,0,23.0,23.0,23.0,23.0,1,1,1,0,0,0,1
A-2021-06-62,2021-06-04,06:15,ATROPELLO FUGA,1,0,0,LAMBAYEQUE,CHICLAYO,LAGUNAS,RURAL,CARRETERA,NACIONAL,PE-1N,-7.053486484973509,-79.57466683493602,DESPEJADO,RURAL,TRAMO RECTO,PLANA ,ASFALTADA,,,,,EN PROCESO DE INVESTIGACIÓN,NO CUENTA CON CAUSA ESPECIFICA,6.0,0,33.0,33.0,33.0,33.0,1,0,1,0,0,0,2
A-2021-06-112,2021-06-04,08:30,ATROPELLO,1,0,0,LIMA,LIMA,LA MOLINA,URBANA,AVENIDA,URBANO,NO CORRESPONDE,-12.086141,-76.895195,DESPEJADO,INDUSTRIAL,TRAMO RECTO,PLANA ,ASFALTADA,,,,,NEGLIGENCIA DEL CONDUCTOR,OTRO (NEGLIGENCIA DEL CONDUCTOR),8.0,0,23.0,23.0,23.0,23.0,1,1,1,0,0,0,2
A-2021-06-344,2021-06-04,14:30,DESPISTE,1,0,1,HUANUCO,AMBO,AMBO,RURAL,CARRETERA,SIN CLASIFICAR,SIN CLASIFICAR,-10.171337,-76.191515,DESPEJADO,RURAL,SINUOSA,INCLINADA,AFIRMADO,,,,,EN PROCESO DE INVESTIGACIÓN,NO CUENTA CON CAUSA ESPECIFICA,14.0,0,38.5,38.5,27.0,50.0,1,1,1,0,1,0,2
A-2021-06-18,2021-06-04,20:30,CHOQUE,1,1,2,ICA,PISCO,TUPAC AMARU INCA,URBANA,CARRETERA,NACIONAL,PE-1S,-13.691589,-76.155895,DESPEJADO,COMERCIAL,INTERSECCIÓN,PLANA ,ASFALTADA,,,,,IMPRUDENCIA DEL CONDUCTOR,EXCESO DE VELOCIDAD,20.0,0,54.666666666666664,54.0,48.0,62.0,3,2,1,1,1,1,3
A-2021-06-19,2021-06-05,12:49,CHOQUE,1,0,2,ICA,ICA,ICA,URBANA,CARRETERA,NACIONAL,PE-1S,-14.068129,-75.739607,DESPEJADO,RESIDENCIAL,TRAMO RECTO,PLANA ,ASFALTADA,,,,,IMPRUDENCIA DEL CONDUCTOR,ADELANTAR INDEBIDAMENTE,12.0,0,40.5,40.5,38.0,43.0,2,2,1,0,2,0,2
A-2021-06-177,2021-06-05,18:00,DESPISTE,1,2,1,JUNIN,HUANCAYO,CHUPURO,RURAL,CARRETERA,DEPARTAMENTAL,JU-110,-12.185174,-75.256165,SOLEADO,RURAL,PASE A DESNIVEL,INCLINADA,TROCHA,,,,,IMPRUDENCIA DEL CONDUCTOR,EXCESO DE VELOCIDAD,18.0,0,31.333333333333332,38.0,0.0,56.0,2,1,1,2,1,0,3
A-2021-06-13,2021-06-05,18:30,CHOQUE FUGA,2,0,1,PUNO,EL COLLAO,ILAVE,RURAL,CARRETERA,PROVINCIAL,PU-1149,-16.056861224427468,-69.61871951934218,DESPEJADO,RURAL,TRAMO RECTO,PLANA ,ASFALTADA,,,,,EN PROCESO DE INVESTIGACIÓN,NO CUENTA CON CAUSA ESPECIFICA,18.0,1,28.0,28.0,16.0,40.0,1,1,2,0,0,0,3
A-2021-06-327,2021-06-05,18:40,CHOQUE,1,0,2,LIMA,BARRANCA,BARRANCA,RURAL,CARRETERA,NACIONAL,PE-1N,-10.74335385211497,-77.74478858668942,DESPEJADO,RURAL,TRAMO RECTO,PLANA ,ASFALTADA,,,,,IMPRUDENCIA DEL CONDUCTOR,GIRAR IMPRUDENTEMENTE,18.0,0,68.0,68.0,68.0,68.0,2,2,1,0,2,0,2
A-2021-06-271,2021-06-05,19:30,ATROPELLO,1,0,1,CALLAO,CALLAO,CALLAO,URBANA,CARRETERA,NACIONAL,PE-20,-11.964816246932532,-77.12666276482737,DESPEJADO,COMERCIAL,TRAMO RECTO,PLANA ,ASFALTADA,,,,,NEGLIGENCIA DEL CONDUCTOR,OTRO (NEGLIGENCIA DEL CONDUCTOR),19.0,0,54.5,54.5,45.0,64.0,2,1,1,0,1,0,2
A-2021-06-20,2021-06-05,22:30,CHOQUE,1,2,2,AREQUIPA,AREQUIPA,LA JOYA,RURAL,CARRETERA,NACIONAL,PE-1S,-16.7048278,-71.8703738,DESPEJADO,RURAL,TRAMO RECTO,PLANA ,ASFALTADA,NO,,,SI,EN PROCESO DE INVESTIGACIÓN,NO CUENTA CON CAUSA ESPECIFICA,22.0,0,41.0,40.5,33.0,50.0,2,2,1,2,2,1,4
A-2021-06-31,2021-06-06,02:05,DESPISTE,1,1,0,CALLAO,CALLAO,MI PERU,URBANA,AVENIDA,URBANO,NO CORRESPONDE,-11.85189517804455,-77.12801286450129,DESPEJADO,COMERCIAL,TRAMO RECTO,PLANA ,ASFALTADA,NO,,,NO,IMPRUDENCIA DEL CONDUCTOR,OTRO (IMPRUDENCIA DEL CONDUCTOR),2.0,0,31.5,31.5,31.0,32.0,2,1,1,1,1,0,2
A-2021-06-38,2021-06-06,09:00,DESPISTE,1,3,1,ANCASH,CARLOS FERMIN FITZCARRALD,SAN NICOLAS,RURAL,CARRETERA,SIN CLASIFICAR,SIN CLASIFICAR,-8.993671843278529,-77.18471988835631,SOLEADO,RURAL,CURVA,INCLINADA,AFIRMADO,SI,PREVENTIVA (P),PREVENTIVA (P),NO,IMPRUDENCIA DEL CONDUCTOR,EXCESO DE VELOCIDAD,9.0,0,40.5,39.5,22.0,61.0,4,1,1,3,0,0,5
A-2021-06-322,2021-06-06,10:40,CHOQUE,1,0,2,LAMBAYEQUE,CHICLAYO,CAYALTI,RURAL,CARRETERA,NACIONAL,PE-1NI,-6.9093866,-79.5208461,DESPEJADO,RURAL,TRAMO RECTO,PLANA ,ASFALTADA,SI,PREVENTIVA (P),REGULADORA (R),NO,EN PROCESO DE INVESTIGACIÓN,NO CUENTA CON CAUSA ESPECIFICA,10.0,0,65.0,65.0,53.0,77.0,2,2,1,0,1,0,2
A-2021-06-333,2021-06-06,17:00,DESPISTE,1,0,1,LIMA,BARRANCA,BARRANCA,RURAL,CARRETERA,PROVINCIAL,LM-521,-10.72998257511273,-77.73991223413996,NUBLADO,RURAL,TRAMO RECTO,PLANA ,TROCHA,,,,,IMPRUDENCIA DEL CONDUCTOR,CONDUCIR EN ESTADO DE EBRIEDAD Y/O DROGADICCIÓN,17.0,0,21.0,21.0,21.0,21.0,1,1,1,0,1,0,1
A-2021-06-17,2021-06-06,18:00,CHOQUE,2,2,0,MADRE DE DIOS,TAMBOPATA,LAS PIEDRAS,RURAL,CARRETERA,NACIONAL,PE-30C,-12.553359210855694,-69.14675291731938,,,,,,,,,,EN PROCESO DE INVESTIGACIÓN,NO CUENTA CON CAUSA ESPECIFICA,18.0,1,29.75,29.0,23.0,38.0,3,2,2,2,0,0,4
A-2021-06-78,2021-06-06,22:10,CHOQUE,1,0,2,LA LIBERTAD,TRUJILLO,HUANCHACO,RURAL,CARRETERA,NACIONAL,PE-1N,-8.048334,-79.086153,DESPEJADO,INDUSTRIAL,TRAMO RECTO,PLANA ,ASFALTADA,,,,,IMPRUDENCIA DEL CONDUCTOR,CONDUCIR EN SENTIDO CONTRARIO,22.0,0,30.0,30.0,27.0,33.0,2,2,1,0,2,0,2
A-2021-06-39,2021-06-06,22:40,ATROPELLO,1,0,1,ANCASH,CARHUAZ,MARCARA,RURAL,CARRETERA,PROVINCIAL,AN-770,-9.322398875511894,-77.59292062158866,DESPEJADO,RURAL,TRAMO RECTO,INCLINADA,ASFALTADA,SI,PREVENTIVA (P),,NO,EN PROCESO DE INVESTIGACIÓN,NO CUENTA CON CAUSA ESPECIFICA,22.0,0,34.5,34.5,29.0,40.0,2,1,1,0,1,1,2
A-2021-06-170,2021-06-06,23:00,DESPISTE,1,0,1,PUNO,SAN ROMAN,CARACOTO,RURAL,CARRETERA,PROVINCIAL,PU-949,-15.562624421476832,-70.09592765634423,DESPEJADO,RURAL,PUENTE,PLANA ,TROCHA,,,,,IMPRUDENCIA DEL CONDUCTOR,EXCESO DE VELOCIDAD,23.0,0,18.0,18.0,18.0,18.0,1,1,1,0,0,0,1
A-2021-06-113,2021-06-06,23:10,VOLCADURA,1,0,0,LIMA,LIMA,SANTIAGO DE SURCO,URBANA,AVENIDA,URBANO,NO CORRESPONDE,-12.128586,-76.997693,DESPEJADO,INDUSTRIAL,TRAMO RECTO,PLANA ,CONCRETO,,,,,EN PROCESO DE INVESTIGACIÓN,NO CUENTA CON CAUSA ESPECIFICA,23.0,0,,,,,1,1,1,0,0,0,1
A-2021-06-178,2021-06-06,23:30,CAÍDA DE PASAJERO,1,0,1,SAN MARTIN,MOYOBAMBA,MOYOBAMBA,URBANA,JIRÓN,URBANO,NO CORRESPONDE,-6.030875,-76.980777,DESPEJADO,COMERCIAL,OTRO,PLANA ,CONCRETO,,,,,IMPRUDENCIA DEL CONDUCTOR,EXCESO DE PASAJEROS O CARGA,23.0,0,21.5,21.5,21.0,22.0,1,1,1,0,0,0,2
A-2021-06-304,2021-06-07,09:10,CHOQUE,1,1,1,JUNIN,JAUJA,JAUJA,URBANA,AVENIDA,URBANO,NO CORRESPONDE,-11.784161,-75.482184,DESPEJADO,COMERCIAL,TRAMO RECTO,PLANA ,ASFALTADA,,,,,IMPRUDENCIA DEL CONDUCTOR,GIRAR IMPRUDENTEMENTE,9.0,0,34.0,34.0,31.0,37.0,2,2,1,1,1,0,2
A-2021-06-21,2021-06-07,09:45,DESPISTE,1,3,1,AREQUIPA,AREQUIPA,YURA,RURAL,CARRETERA,NACIONAL,PE-34A,-16.12403,-71.635381,DESPEJADO,RURAL,TRAMO RECTO,INCLINADA,ASFALTADA,SI,PREVENTIVA (P),PREVENTIVA (P),SI,EN PROCESO DE INVESTIGACIÓN,NO CUENTA CON CAUSA ESPECIFICA,9.0,0,37.6,32.0,16.0,67.0,2,1,1,3,1,0,5
A-2021-06-181,2021-06-07,12:50,ATROPELLO FUGA,1,0,0,SAN MARTIN,RIOJA,RIOJA,URBANA,CARRETERA,NACIONAL,PE-5N,-6.051064,-77.151714,DESPEJADO,COMERCIAL,TRAMO RECTO,PLANA ,ASFALTADA,,,,,EN PROCESO DE INVESTIGACIÓN,NO CUENTA CON CAUSA ESPECIFICA,12.0,0,32.0,32.0,32.0,32.0,1,0,1,0,0,0,1
A-2021-06-279,2021-06-07,15:30,CHOQUE,1,1,2,LAMBAYEQUE,LAMBAYEQUE,MORROPE,RURAL,CARRETERA,NACIONAL,PE-1N,-6.4702476,-80.1128442,DESPEJADO,RURAL,TRAMO RECTO,PLANA ,AFIRMADO,SI,REGULADORA (R),PREVENTIVA (P),SI,EN PROCESO DE INVESTIGACIÓN,NO CUENTA CON CAUSA ESPECIFICA,15.0,0,49.666666666666664,50.0,41.0,58.0,2,2,1,1,2,0,3
A-2021-06-137,2021-06-07,16:00,DESPISTE,1,2,1,HUANCAVELICA,HUANCAVELICA,ACORIA,RURAL,CARRETERA,PROVINCIAL,HV-775,-12.626018,-74.933047,DESPEJADO,RURAL,SINUOSA,INCLINADA,AFIRMADO,,,,,EN PROCESO DE INVESTIGACIÓN,NO CUENTA CON CAUSA ESPECIFICA,16.0,0,41.0,41.0,41.0,41.0,3,1,1,2,0,0,3
A-2021-06-27,2021-06-07,19:00,CHOQUE,1,2,2,ICA,PISCO,PARACAS,URBANA,CARRETERA,NACIONAL,PE-28,-13.832273,-76.171214,DESPEJADO,RURAL,TRAMO RECTO,PLANA ,ASFALTADA,,,,,IMPRUDENCIA DEL CONDUCTOR,EXCESO DE VELOCIDAD,19.0,0,63.0,63.5,57.0,68.0,2,2,1,2,1,0,4
A-2021-06-323,2021-06-07,22:15,DESPISTE,1,0,1,LAMBAYEQUE,CHICLAYO,POMALCA,URBANA,CARRETERA,PROVINCIAL,LA-816,-6.770434,-79.7821,DESPEJADO,COMERCIAL,PUENTE,PLANA ,ASFALTADA,,,,,IMPRUDENCIA DEL CONDUCTOR,CONDUCIR EN ESTADO DE EBRIEDAD Y/O DROGADICCIÓN,22.0,0,24.0,24.0,24.0,24.0,1,1,1,0,0,1,1
A-2021-06-23,2021-06-08,05:00,DESPISTE,1,0,1,PUNO,EL COLLAO,ILAVE,RURAL,CARRETERA,SIN CLASIFICAR,SIN CLASIFICAR,-16.051474030645352,-69.58550825342667,DESPEJADO,RURAL,TRAMO RECTO,PLANA ,ASFALTADA,,,,,IMPRUDENCIA DEL CONDUCTOR,FATIGA Y/O CANSANCIO,5.0,0,48.0,48.0,48.0,48.0,1,1,1,0,0,0,1
A-2021-06-343,2021-06-08,05:00,DESPISTE,1,1,1,APURIMAC,ANDAHUAYLAS,PACOBAMBA,RURAL,CARRETERA,DEPARTAMENTAL,AP-100,-13.52841509995434,-73.19722648326862,DESPEJADO,RURAL,TRAMO RECTO,INCLINADA,AFIRMADO,,,,,IMPRUDENCIA DEL CONDUCTOR,FATIGA Y/O CANSANCIO,5.0,0,30.0,30.0,26.0,34.0,1,1,1,1,1,0,2
A-2021-06-278,2021-06-08,06:37,ESPECIAL,1,1,0,LAMBAYEQUE,CHICLAYO,JOSE LEONARDO ORTIZ,URBANA,AVENIDA,URBANO,NO CORRESPONDE,-6.745098892742482,-79.8669147096859,LLUVIOSO,INDUSTRIAL,TRAMO RECTO,PLANA ,ASFALTADA,,,,,EN PROCESO DE INVESTIGACIÓN,NO CUENTA CON CAUSA ESPECIFICA,6.0,0,19.5,19.5,16.0,23.0,2,0,1,1,0,0,3
A-2021-06-79,2021-06-08,16:30,DESPISTE,18,5,1,LA LIBERTAD,PATAZ,PARCOY,RURAL,CARRETERA,NACIONAL,PE-10C,-7.891157,-77.629046,LLUVIOSO,RURAL,SINUOSA,PLANA ,AFIRMADO,,,,,IMPRUDENCIA DEL CONDUCTOR,EXCESO DE VELOCIDAD,16.0,2,33.43478260869565,31.0,0.0,62.0,11,1,18,5,0,0,24
A-2021-06-334,2021-06-08,17:24,CHOQUE,1,0,2,LIMA,BARRANCA,BARRANCA,RURAL,CARRETERA,PROVINCIAL,LM-521,-10.6873665820082,-77.67925674740714,SOLEADO,RURAL,TRAMO RECTO,INCLINADA,AFIRMADO,,,,,EN PROCESO DE INVESTIGACIÓN,NO CUENTA CON CAUSA ESPECIFICA,17.0,0,28.5,28.5,8.0,49.0,2,2,1,0,1,0,2
A-2021-06-144,2021-06-09,03:50,ATROPELLO,1,0,0,AYACUCHO,HUAMANGA,AYACUCHO,URBANA,CARRETERA,NACIONAL,PE-3S,-13.17009,-74.21035,DESPEJADO,RURAL,INTERSECCIÓN,PLANA ,CONCRETO,,,,,IMPRUDENCIA DEL PEATÓN,ESTADO DE EBRIEDAD Y/O DROGADICCIÓN,3.0,0,43.5,43.5,27.0,60.0,2,1,1,0,1,1,2
A-2021-06-229,2021-06-09,09:30,CHOQUE,1,0,1,PUNO,AZANGARO,CAMINACA,RURAL,CARRETERA,DEPARTAMENTAL,PU-113,-15.275186152956692,-70.08506475857814,DESPEJADO,RURAL,TRAMO RECTO,PLANA ,ASFALTADA,,,,,IMPRUDENCIA DEL CONDUCTOR,EXCESO DE VELOCIDAD,9.0,0,74.0,74.0,74.0,74.0,2,1,1,0,0,0,2
A-2021-06-114,2021-06-09,10:00,CHOQUE,1,0,0,LIMA,LIMA,EL AGUSTINO,URBANA,CARRETERA,NACIONAL,PE-1N,-12.031138,-77.002644,DESPEJADO,INDUSTRIAL,TRAMO RECTO,PLANA ,CONCRETO,,,,,IMPRUDENCIA DEL CONDUCTOR,OTRO (IMPRUDENCIA DEL CONDUCTOR),10.0,0,43.0,43.0,43.0,43.0,2,2,1,0,0,0,2
A-2021-06-81,2021-06-09,11:00,CHOQUE,1,2,2,LA LIBERTAD,ASCOPE,CHOCOPE,RURAL,CARRETERA,NACIONAL,PE-1N,-7.804772,-79.193644,DESPEJADO,RURAL,TRAMO RECTO,PLANA ,ASFALTADA,,,,,EN PROCESO DE INVESTIGACIÓN,NO CUENTA CON CAUSA ESPECIFICA,11.0,0,52.0,48.0,42.0,70.0,4,2,1,2,1,0,4
A-2021-06-139,2021-06-09,11:45,ATROPELLO,1,0,0,HUANCAVELICA,ANGARAES,SECCLLA,RURAL,CARRETERA,PROVINCIAL,HV-806,-13.064099888998037,-74.50655755409814,DESPEJADO,RURAL,OTRO,INCLINADA,TROCHA,,,,,EN PROCESO DE INVESTIGACIÓN,NO CUENTA CON CAUSA ESPECIFICA,11.0,0,47.0,47.0,30.0,64.0,2,1,1,0,1,0,2
A-2021-06-127,2021-06-09,15:30,DESPISTE,1,1,1,CUSCO,CANAS,PAMPAMARCA,RURAL,CARRETERA,NACIONAL,PE-34F,-14.113702,-71.458108,DESPEJADO,RURAL,TRAMO RECTO,PLANA ,ASFALTADA,,,,,EN PROCESO DE INVESTIGACIÓN,NO CUENTA CON CAUSA ESPECIFICA,15.0,0,37.0,37.0,35.0,39.0,1,1,1,1,0,0,2
A-2021-06-33,2021-06-09,18:00,DESPISTE,1,1,1,PIURA,PIURA,PIURA,URBANA,AVENIDA,URBANO,NO CORRESPONDE,-5.164,-80.64736333,DESPEJADO,RURAL,CURVA,PLANA ,ASFALTADA,SI,PREVENTIVA (P),PREVENTIVA (P),SI,EN PROCESO DE INVESTIGACIÓN,NO CUENTA CON CAUSA ESPECIFICA,18.0,0,19.5,19.5,19.0,20.0,2,1,1,1,0,1,2
A-2021-06-115,2021-06-09,18:45,ATROPELLO,1,0,0,LIMA,LIMA,PUEBLO LIBRE,URBANA,AVENIDA,URBANO,NO CORRESPONDE,-12.071682,-77.050911,DESPEJADO,INDUSTRIAL,TRAMO RECTO,PLANA ,ASFALTADA,,,,,IMPRUDENCIA DEL PEATÓN,OTRO (IMPRUDENCIA DEL PEATÓN),18.0,0,47.0,47.0,36.0,58.0,1,1,1,0,0,0,2
A-2021-06-80,2021-06-09,18:45,DESPISTE,1,1,1,ANCASH,HUARI,SAN MARCOS,RURAL,CARRETERA,DEPARTAMENTAL,AN-110,-9.482074351528494,-77.1422084865017,DESPEJADO,RURAL,CURVA,INCLINADA,ASFALTADA,,,,,IMPRUDENCIA DEL CONDUCTOR,EXCESO DE VELOCIDAD,18.0,0,19.5,19.5,18.0,21.0,1,1,1,1,1,1,2
A-2021-06-30,2021-06-09,19:00,ATROPELLO,1,0,1,AREQUIPA,AREQUIPA,SANTA RITA DE SIGUAS,RURAL,CARRETERA,NACIONAL,PE-1S,-16.4164454,-72.0415901,DESPEJADO,RURAL,TRAMO RECTO,PLANA ,ASFALTADA,SI,REGULADORA (R),REGULADORA (R),SI,EN PROCESO DE INVESTIGACIÓN,NO CUENTA CON CAUSA ESPECIFICA,19.0,0,47.5,47.5,23.0,72.0,2,1,1,0,1,0,2
A-2021-06-179,2021-06-10,07:00,DESPISTE,2,0,1,PUNO,MELGAR,NUÑOA,RURAL,CARRETERA,DEPARTAMENTAL,PU-100,-14.590233773503876,-70.64968048017467,DESPEJADO,RURAL,CURVA,INCLINADA,AFIRMADO,,,,,IMPRUDENCIA DEL CONDUCTOR,EXCESO DE VELOCIDAD,7.0,1,46.5,46.5,42.0,51.0,1,1,2,0,1,0,2
A-2021-06-207,2021-06-10,11:30,CHOQUE,1,2,2,APURIMAC,AYMARAES,COLCABAMBA,RURAL,CARRETERA,NACIONAL,PE-3SA,-14.034292517777958,-73.22030496516825,DESPEJADO,RURAL,PASE A DESNIVEL,INCLINADA,ASFALTADA,SI,PREVENTIVA (P),REGULADORA (R),SI,IMPRUDENCIA DEL CONDUCTOR,OTRO (IMPRUDENCIA DEL CONDUCTOR),11.0,0,49.0,38.0,36.0,73.0,2,2,1,2,2,0,3
A-2021-06-345,2021-06-10,17:30,DESPISTE,1,0,2,HUANUCO,HUANUCO,CHINCHAO,RURAL,CARRETERA,NACIONAL,PE-18A,-9.711524,-76.094453,DESPEJADO,RURAL,SINUOSA,INCLINADA,ASFALTADA,,,,,IMPRUDENCIA DEL CONDUCTOR,EXCESO DE VELOCIDAD,17.0,0,37.0,37.0,31.0,43.0,2,2,1,0,1,0,2
A-2021-06-224,2021-06-11,00:05,DESPISTE,1,0,1,PUNO,SAN ROMAN,JULIACA,URBANA,JIRÓN,URBANO,NO CORRESPONDE,-15.499152,-70.125657,DESPEJADO,ESCOLAR,INTERSECCIÓN,PLANA ,CONCRETO,,,,,IMPRUDENCIA DEL CONDUCTOR,EXCESO DE VELOCIDAD,0.0,0,28.0,28.0,28.0,28.0,1,1,1,0,0,1,1
A-2021-06-347,2021-06-11,04:30,CHOQUE,1,0,2,ANCASH,HUARMEY,HUARMEY,RURAL,CARRETERA,NACIONAL,PE-1N,-10.037025290858397,-78.16308242805525,DESPEJADO,RURAL,TRAMO RECTO,PLANA ,ASFALTADA,,,,,EN PROCESO DE INVESTIGACIÓN,NO CUENTA CON CAUSA ESPECIFICA,4.0,0,29.666666666666668,23.0,23.0,43.0,2,2,1,0,2,0,3
A-2021-06-280,2021-06-11,06:15,CHOQUE,1,4,3,CAJAMARCA,JAEN,POMAHUACA,RURAL,CARRETERA,NACIONAL,PE-3N,-6.002936,-79.168209,NUBLADO,RURAL,TRAMO RECTO,PLANA ,ASFALTADA,,,,,EN PROCESO DE INVESTIGACIÓN,NO CUENTA CON CAUSA ESPECIFICA,6.0,0,34.142857142857146,34.0,5.0,62.0,4,3,1,4,3,0,7