CODIGO_SINIESTRO,FECHA_SINIESTRO,HORA_SINIESTRO,CLASE_SINIESTRO,CANTIDAD_FALLECIDOS,CANTIDAD_LESIONADOS,CANTIDAD_VEHICULOS,DEPARTAMENTO,PROVINCIA,DISTRITO,ZONA,TIPO_VIA,RED_VIAL,COD_CARRETERA,LATITUD,LONGITUD,CONDICION_CLIMATICA,ZONIFICACION,CARACTERISTICAS_VIA,PERFIL_VIA,SUPERFICIE_CALZADA,EXISTE_SENIAL_VERTICAL,CLASIFICACION_SENIAL_VERTICAL_1,CLASIFICACION_SENIAL_VERTICAL_2,EXISTE_SENIAL_HORIZONTAL,CAUSA_FACTOR_PRINCIPAL,CAUSA_ESPECIFICA,HORA,severidad,EDAD_PROMEDIO,EDAD_MEDIANA,EDAD_MIN,EDAD_MAX,TOTAL_MASCULINOS,TOTAL_CONDUCTORES,TOTAL_FALLECIDOS_AGG,TOTAL_LESIONADOS_AGG,TOTAL_LICENCIA,TOTAL_ALCOHOL_POSITIVO,TOTAL_PERSONAS
A-2021-08-124,2021-08-09,17:30,ATROPELLO,1,0,1,LAMBAYEQUE,LAMBAYEQUE,LAMBAYEQUE,URBANA,CALLE,URBANO,NO CORRESPONDE,-6.69542572959067,-79.9088630988042,DESPEJADO,RESIDENCIAL,TRAMO RECTO,PLANA ,ASFALTADA,,,,,EN PROCESO DE INVESTIGACIÓN,NO CUENTA CON CAUSA ESPECIFICA,17.0,0,33.5,33.5,33.0,34.0,2,1,1,0,1,0,2
A-2021-08-191,2021-08-09,19:00,ATROPELLO,1,0,1,PUNO,AZANGARO,SAN ANTON,RURAL,CARRETERA,NACIONAL,PE-34B,-14.3762327,-70.2723183,DESPEJADO,RURAL,CURVA,PLANA ,ASFALTADA,,,,,IMPRUDENCIA DEL PEATÓN,CRUCE INDEBIDO POR LA CALZADA,19.0,0,28.0,28.0,26.0,30.0,2,1,1,0,1,0,2
A-2021-08-30,2021-08-09,20:40,CHOQUE,1,1,2,ICA,NASCA,NASCA,RURAL,CARRETERA,NACIONAL,PE-1S,-14.9557571,-74.9865888,DESPEJADO,RURAL,CURVA,PLANA ,ASFALTADA,SI,PREVENTIVA (P),INFORMATIVA (I),SI,IMPRUDENCIA DEL CONDUCTOR,INVASIÓN DE CARRIL,20.0,0,55.0,55.0,50.0,60.0,2,2,1,1,2,0,2
A-2021-08-181,2021-08-09,23:15,CHOQUE,1,0,1,APURIMAC,ANDAHUAYLAS,ANDAHUAYLAS,URBANA,CARRETERA,NACIONAL,PE-3S,-13.663746,-73.401938,DESPEJADO,COMERCIAL,TRAMO RECTO,PLANA ,ASFALTADA,,,,,IMPRUDENCIA DEL CONDUCTOR,CONDUCIR EN ESTADO DE EBRIEDAD Y/O DROGADICCIÓN,23.0,0,42.5,42.5,31.0,54.0,2,1,1,0,1,0,2
A-2021-08-61,2021-08-10,00:38,ATROPELLO,1,0,1,LA LIBERTAD,PACASMAYO,PACASMAYO,RURAL,CARRETERA,NACIONAL,PE-1N,-7.401758,-79.558541,DESPEJADO,RURAL,TRAMO RECTO,PLANA ,ASFALTADA,,,,,IMPRUDENCIA DEL CONDUCTOR,OTRO (IMPRUDENCIA DEL CONDUCTOR),0.0,0,36.0,36.0,21.0,51.0,2,1,1,0,1,0,2
A-2021-08-230,2021-08-10,06:00,ATROPELLO,1,0,0,LIMA,LIMA,SAN MARTIN DE PORRES,URBANA,AVENIDA,URBANO,NO CORRESPONDE,-12.01270901836095,-77.08082839775994,NUBLADO,ESCOLAR,INTERSECCIÓN,PLANA ,ASFALTADA,,,,,EN PROCESO DE INVESTIGACIÓN,NO CUENTA CON CAUSA ESPECIFICA,6.0,0,37.0,37.0,37.0,37.0,1,1,1,0,0,0,2
A-2021-08-231,2021-08-10,07:00,ATROPELLO,1,0,0,LIMA,LIMA,VILLA EL SALVADOR,URBANA,AVENIDA,URBANO,NO CORRESPONDE,-12.19729624143275,-76.95296828691491,NUBLADO,RESIDENCIAL,TRAMO RECTO,PLANA ,ASFALTADA,,,,,EN PROCESO DE INVESTIGACIÓN,NO CUENTA CON CAUSA ESPECIFICA,7.0,0,58.0,58.0,29.0,87.0,2,1,1,0,0,0,2
A-2021-08-62,2021-08-10,07:20,ATROPELLO,1,0,1,LA LIBERTAD,TRUJILLO,FLORENCIA DE MORA,URBANA,AVENIDA,URBANO,NO CORRESPONDE,-8.086057,-79.01804,DESPEJADO,RESIDENCIAL,INTERSECCIÓN,PLANA ,ASFALTADA,,,,,EN PROCESO DE INVESTIGACIÓN,NO CUENTA CON CAUSA ESPECIFICA,7.0,0,44.5,44.5,42.0,47.0,2,1,1,0,1,0,2
A-2021-08-232,2021-08-10,07:45,ATROPELLO,1,0,0,LIMA,LIMA,CHORRILLOS,URBANA,AVENIDA,URBANO,NO CORRESPONDE,-12.179248116652882,-77.01428886492306,NUBLADO,RESIDENCIAL,TRAMO RECTO,PLANA ,ASFALTADA,,,,,EN PROCESO DE INVESTIGACIÓN,NO CUENTA CON CAUSA ESPECIFICA,7.0,0,49.5,49.5,35.0,64.0,2,1,1,0,0,0,2
A-2021-08-206,2021-08-10,08:30,DESPISTE,1,1,0,AYACUCHO,VICTOR FAJARDO,VILCANCHOS,RURAL,CARRETERA,DEPARTAMENTAL,AY-106,-13.568882,-74.61658,DESPEJADO,RURAL,CURVA,INCLINADA,ASFALTADA,,,,,IMPRUDENCIA DEL CONDUCTOR,EXCESO DE VELOCIDAD,8.0,0,33.5,33.5,31.0,36.0,1,1,1,1,1,0,2
A-2021-08-289,2021-08-10,12:00,CHOQUE,1,0,2,AREQUIPA,CAYLLOMA,MAJES,RURAL,CARRETERA,NACIONAL,PE-1S,-16.52672749,-72.47583574,DESPEJADO,RURAL,TRAMO RECTO,PLANA ,ASFALTADA,,,,,EN PROCESO DE INVESTIGACIÓN,NO CUENTA CON CAUSA ESPECIFICA,12.0,0,33.0,33.0,30.0,36.0,1,2,1,0,2,0,2
A-2021-08-34,2021-08-10,14:20,CHOQUE,2,4,2,AREQUIPA,AREQUIPA,SAN JUAN DE TARUCANI,RURAL,CARRETERA,NACIONAL,PE-34A,-16.0533172,-71.3398551,DESPEJADO,RURAL,TRAMO RECTO,PLANA ,ASFALTADA,NO,,,SI,EN PROCESO DE INVESTIGACIÓN,NO CUENTA CON CAUSA ESPECIFICA,14.0,1,40.25,44.5,24.0,48.0,3,2,2,4,2,0,6
A-2021-08-31,2021-08-10,21:30,ATROPELLO FUGA,1,0,0,PUNO,EL COLLAO,ILAVE,RURAL,CARRETERA,PROVINCIAL,PU-1208,-16.184940582081786,-69.5837063535021,DESPEJADO,RURAL,TRAMO RECTO,PLANA ,TROCHA,,,,,IMPRUDENCIA DEL CONDUCTOR,OTRO (IMPRUDENCIA DEL CONDUCTOR),21.0,0,60.0,60.0,60.0,60.0,1,1,1,0,0,0,2
A-2021-08-303,2021-08-11,06:30,DESPISTE,1,0,1,HUANUCO,HUANUCO,SAN FRANCISCO DE CAYRAN,RURAL,CARRETERA,PROVINCIAL,HU-1101,-9.980892,-76.287845,DESPEJADO,RURAL,SINUOSA,INCLINADA,AFIRMADO,,,,,IMPRUDENCIA DEL CONDUCTOR,EXCESO DE VELOCIDAD,6.0,0,41.0,41.0,41.0,41.0,1,1,1,0,0,0,1
A-2021-08-32,2021-08-11,09:00,DESPISTE,1,0,1,PUNO,EL COLLAO,ILAVE,RURAL,CARRETERA,NACIONAL,PE-38A,-16.094536571516453,-69.62836501823872,DESPEJADO,RURAL,TRAMO RECTO,INCLINADA,ASFALTADA,,,,,IMPRUDENCIA DEL CONDUCTOR,EXCESO DE VELOCIDAD,9.0,0,68.0,68.0,68.0,68.0,1,1,1,0,0,0,1
A-2021-08-234,2021-08-11,09:15,CHOQUE,1,0,0,LIMA,LIMA,COMAS,URBANA,JIRÓN,URBANO,NO CORRESPONDE,-11.935141,-77.069255,DESPEJADO,RESIDENCIAL,TRAMO RECTO,PLANA ,ASFALTADA,,,,,IMPRUDENCIA DEL CONDUCTOR,EXCESO DE VELOCIDAD,9.0,0,,,,,2,2,1,0,0,0,2
A-2021-08-68,2021-08-11,10:45,ATROPELLO,1,0,1,AREQUIPA,AREQUIPA,CERRO COLORADO,URBANA,AVENIDA,URBANO,NO CORRESPONDE,-16.375537,-71.557688,DESPEJADO,COMERCIAL,TRAMO RECTO,INCLINADA,ASFALTADA,NO,,,SI,EN PROCESO DE INVESTIGACIÓN,NO CUENTA CON CAUSA ESPECIFICA,10.0,0,41.5,41.5,39.0,44.0,1,1,1,0,0,0,2
A-2021-08-47,2021-08-11,15:00,CHOQUE,1,0,2,PUNO,PUNO,ACORA,RURAL,CARRETERA,NACIONAL,PE-3S,-16.016363487328523,-69.74656868360596,DESPEJADO,RURAL,TRAMO RECTO,PLANA ,TROCHA,,,,,IMPRUDENCIA DEL CONDUCTOR,DESACATO DE SEÑAL DE TRÁNSITO,15.0,0,49.0,49.0,33.0,65.0,2,2,1,0,1,0,2
A-2021-08-63,2021-08-11,16:30,CHOQUE,1,0,2,LA LIBERTAD,TRUJILLO,TRUJILLO,URBANA,AVENIDA,URBANO,NO CORRESPONDE,-8.087729,-79.039769,DESPEJADO,COMERCIAL,TRAMO RECTO,PLANA ,ASFALTADA,,,,,IMPRUDENCIA DEL CONDUCTOR,INVASIÓN DE CARRIL,16.0,0,43.5,43.5,42.0,45.0,1,2,1,0,1,0,2
A-2021-08-309,2021-08-12,01:40,CHOQUE,3,0,2,ANCASH,HUARMEY,HUARMEY,RURAL,CARRETERA,NACIONAL,PE-1N,-10.018976475818723,-78.1714024188635,DESPEJADO,RURAL,TRAMO RECTO,PLANA ,ASFALTADA,,,,,EN PROCESO DE INVESTIGACIÓN,NO CUENTA CON CAUSA ESPECIFICA,1.0,2,48.5,48.5,45.0,52.0,3,2,3,0,1,0,3
A-2021-08-264,2021-08-12,12:45,ATROPELLO FUGA,1,0,0,LIMA,BARRANCA,PARAMONGA,RURAL,CARRETERA,NACIONAL,PE-16,-10.409898606576563,-77.70758590407858,SOLEADO,RURAL,TRAMO RECTO,PLANA ,ASFALTADA,,,,,EN PROCESO DE INVESTIGACIÓN,NO CUENTA CON CAUSA ESPECIFICA,12.0,0,59.0,59.0,59.0,59.0,1,0,1,0,0,0,2
A-2021-08-64,2021-08-12,17:30,ATROPELLO,1,0,1,LA LIBERTAD,PACASMAYO,GUADALUPE,URBANA,CARRETERA,NACIONAL,PE-1N,-7.260811,-79.488582,DESPEJADO,INDUSTRIAL,TRAMO RECTO,PLANA ,ASFALTADA,,,,,NEGLIGENCIA DEL CONDUCTOR,OTRO (NEGLIGENCIA DEL CONDUCTOR),17.0,0,38.5,38.5,27.0,50.0,2,1,1,0,1,0,2
A-2021-08-310,2021-08-12,19:20,ATROPELLO FUGA,1,0,0,ANCASH,SANTA,CHIMBOTE,URBANA,AVENIDA,URBANO,NO CORRESPONDE,-9.074624480207431,-78.58308961766097,DESPEJADO,RESIDENCIAL,TRAMO RECTO,PLANA ,ASFALTADA,,,,,EN PROCESO DE INVESTIGACIÓN,NO CUENTA CON CAUSA ESPECIFICA,19.0,0,58.0,58.0,58.0,58.0,1,0,1,0,0,0,2
A-2021-08-275,2021-08-13,00:00,DESPISTE,1,1,1,LIMA,OYON,PACHANGARA,URBANA,CARRETERA,NACIONAL,PE-18,-10.79902,-76.877347,DESPEJADO,RESIDENCIAL,TRAMO RECTO,INCLINADA,ASFALTADA,,,,,IMPRUDENCIA DEL CONDUCTOR,EXCESO DE VELOCIDAD,0.0,0,19.0,19.0,16.0,22.0,2,1,1,1,0,0,3
A-2021-08-235,2021-08-13,09:30,ATROPELLO,1,0,0,LIMA,LIMA,LOS OLIVOS,URBANA,AVENIDA,URBANO,NO CORRESPONDE,-11.959972413515423,-77.06822335632252,NUBLADO,ESCOLAR,INTERSECCIÓN,PLANA ,ASFALTADA,,,,,EN PROCESO DE INVESTIGACIÓN,NO CUENTA CON CAUSA ESPECIFICA,9.0,0,63.0,63.0,47.0,79.0,2,1,1,0,0,0,2
A-2021-08-236,2021-08-13,16:30,ATROPELLO,1,0,0,LIMA,LIMA,VILLA EL SALVADOR,URBANA,OTRO,URBANO,NO CORRESPONDE,-12.236408526628123,-76.92045476347974,DESPEJADO,ESCOLAR,TRAMO RECTO,PLANA ,ASFALTADA,,,,,EN PROCESO DE INVESTIGACIÓN,NO CUENTA CON CAUSA ESPECIFICA,16.0,0,34.5,34.5,3.0,66.0,2,1,1,0,0,0,2
A-2021-08-65,2021-08-13,19:10,CHOQUE,2,0,2,LA LIBERTAD,VIRU,GUADALUPITO,RURAL,CARRETERA,NACIONAL,PE-1N,-8.960879,-78.628476,DESPEJADO,RURAL,TRAMO RECTO,PLANA ,ASFALTADA,,,,,IMPRUDENCIA DEL CONDUCTOR,CONDUCIR EN ESTADO DE EBRIEDAD Y/O DROGADICCIÓN,19.0,1,25.0,22.0,17.0,36.0,3,2,2,0,1,0,3
A-2021-08-209,2021-08-14,02:30,DESPISTE,2,0,1,AYACUCHO,CANGALLO,PARAS,RURAL,CARRETERA,NACIONAL,PE-28A,-13.3600941935845,-74.7363379894998,DESPEJADO,RURAL,CURVA,INCLINADA,ASFALTADA,,,,,IMPRUDENCIA DEL CONDUCTOR,FATIGA Y/O CANSANCIO,2.0,1,62.5,62.5,60.0,65.0,1,1,2,0,0,0,2
A-2021-08-192,2021-08-14,03:20,ATROPELLO FUGA,1,0,0,PUNO,SAN ROMAN,JULIACA,RURAL,CARRETERA,NACIONAL,PE-34A,-15.522635296777686,-70.18038200269928,DESPEJADO,RURAL,TRAMO RECTO,PLANA ,ASFALTADA,,,,,IMPRUDENCIA DEL PEATÓN,CRUCE INDEBIDO POR LA CALZADA,3.0,0,40.0,40.0,40.0,40.0,1,0,1,0,0,0,2
A-2021-08-202,2021-08-14,04:00,DESPISTE,1,1,1,PIURA,HUANCABAMBA,HUARMACA,RURAL,CARRETERA,NACIONAL,PE-3N,-5.632853,-79.539087,NIEBLA,RURAL,CURVA,INCLINADA,ASFALTADA,,,,,EN PROCESO DE INVESTIGACIÓN,NO CUENTA CON CAUSA ESPECIFICA,4.0,0,29.666666666666668,19.0,15.0,55.0,2,1,1,1,0,0,3
A-2021-08-57,2021-08-14,04:00,ATROPELLO FUGA,1,0,0,PUNO,CHUCUITO,ZEPITA,RURAL,CARRETERA,NACIONAL,PE-36A,-16.579315890548937,-69.23732047953027,DESPEJADO,RURAL,TRAMO RECTO,PLANA ,ASFALTADA,,,,,EN PROCESO DE INVESTIGACIÓN,NO CUENTA CON CAUSA ESPECIFICA,4.0,0,34.0,34.0,34.0,34.0,0,0,1,0,0,0,2
A-2021-08-69,2021-08-14,07:50,DESPISTE,1,0,1,AREQUIPA,CAYLLOMA,SAN ANTONIO DE CHUCA,RURAL,CARRETERA,NACIONAL,PE-34J,-15.7107648,-71.0535778,DESPEJADO,RURAL,CURVA,PLANA ,ASFALTADA,NO,,,SI,EN PROCESO DE INVESTIGACIÓN,NO CUENTA CON CAUSA ESPECIFICA,7.0,0,20.5,20.5,8.0,33.0,2,1,1,0,1,0,2
A-2021-08-201,2021-08-14,10:30,ATROPELLO,1,0,0,PUNO,SANDIA,SAN PEDRO DE PUTINA PUNCO,URBANA,CARRETERA,NACIONAL,PE-34H,-14.124600416139788,-69.06971989553416,DESPEJADO,COMERCIAL,TRAMO RECTO,PLANA ,ASFALTADA,,,,,IMPRUDENCIA DEL PEATÓN,OTRO (IMPRUDENCIA DEL PEATÓN),10.0,0,26.0,26.0,0.0,52.0,2,1,1,0,1,0,2
A-2021-08-66,2021-08-14,12:45,CHOQUE,1,0,2,LA LIBERTAD,TRUJILLO,TRUJILLO,URBANA,AVENIDA,URBANO,NO CORRESPONDE,-8.119951,-79.028736,DESPEJADO,RESIDENCIAL,INTERSECCIÓN,PLANA ,ASFALTADA,,,,,IMPRUDENCIA DEL CONDUCTOR,NO ESTABLECER EL DERECHO DE PASO,12.0,0,33.5,33.5,18.0,49.0,2,2,1,0,1,0,2
A-2021-08-237,2021-08-14,15:30,ATROPELLO,1,0,0,LIMA,LIMA,COMAS,URBANA,AVENIDA,URBANO,NO CORRESPONDE,-11.925832212882137,-77.04288118284668,NUBLADO,ESCOLAR,TRAMO RECTO,PLANA ,ASFALTADA,,,,,EN PROCESO DE INVESTIGACIÓN,NO CUENTA CON CAUSA ESPECIFICA,15.0,0,56.5,56.5,30.0,83.0,2,1,1,0,0,0,2
A-2021-08-110,2021-08-14,17:05,ATROPELLO,1,0,0,CAJAMARCA,CAJAMARCA,CAJAMARCA,URBANA,AVENIDA,URBANO,NO CORRESPONDE,-7.15318,-78.523147,DESPEJADO,ESCOLAR,TRAMO RECTO,PLANA ,ASFALTADA,,,,,IMPRUDENCIA DEL PEATÓN,CRUCE INDEBIDO POR LA CALZADA,17.0,0,11.0,11.0,0.0,22.0,1,1,1,0,1,0,2
A-2021-08-71,2021-08-14,18:30,CHOQUE,1,0,3,AREQUIPA,CAYLLOMA,MAJES,RURAL,CARRETERA,SIN CLASIFICAR,SIN CLASIFICAR,-16.3644805,-72.1977814,DESPEJADO,RURAL,INTERSECCIÓN,PLANA ,ASFALTADA,NO,,,SI,EN PROCESO DE INVESTIGACIÓN,NO CUENTA CON CAUSA ESPECIFICA,18.0,0,41.0,36.0,34.0,53.0,3,3,1,0,2,0,3
A-2021-08-60,2021-08-14,22:00,CHOQUE,1,1,2,PIURA,PIURA,PIURA,RURAL,CARRETERA,NACIONAL,PE-1N,-5.108808,-80.70334,DESPEJADO,RURAL,TRAMO RECTO,PLANA ,ASFALTADA,,,,,EN PROCESO DE INVESTIGACIÓN,NO CUENTA CON CAUSA ESPECIFICA,22.0,0,37.333333333333336,33.0,33.0,46.0,2,2,1,1,2,0,3
A-2021-08-70,2021-08-15,05:20,VOLCADURA,4,8,2,AREQUIPA,AREQUIPA,YURA,RURAL,CARRETERA,NACIONAL,PE-34A,-16.0773788,-71.5119481,DESPEJADO,RURAL,CURVA,INCLINADA,ASFALTADA,SI,PREVENTIVA (P),PREVENTIVA (P),SI,EN PROCESO DE INVESTIGACIÓN,NO CUENTA CON CAUSA ESPECIFICA,5.0,2,26.833333333333332,26.5,4.0,71.0,6,2,4,8,2,0,12
A-2021-08-125,2021-08-15,08:30,CHOQUE,1,0,2,LAMBAYEQUE,CHICLAYO,LA VICTORIA,URBANA,AVENIDA,URBANO,NO CORRESPONDE,-6.795854629506657,-79.84158393099888,DESPEJADO,RESIDENCIAL,INTERSECCIÓN,PLANA ,ASFALTADA,,,,,IMPRUDENCIA DEL CONDUCTOR,INVASIÓN DE CARRIL,8.0,0,35.5,35.5,31.0,40.0,2,2,1,0,0,0,2
A-2021-08-325,2021-08-15,12:00,DESPISTE,1,0,0,APURIMAC,ABANCAY,PICHIRHUA,RURAL,CARRETERA,NACIONAL,PE-30A,-13.897412,-73.045318,,,,,,,,,,EN PROCESO DE INVESTIGACIÓN,NO CUENTA CON CAUSA ESPECIFICA,12.0,0,21.0,21.0,21.0,21.0,1,1,1,0,0,0,1
A-2021-08-67,2021-08-15,12:30,CHOQUE,2,13,2,LA LIBERTAD,ASCOPE,CHICAMA,RURAL,CARRETERA,NACIONAL,PE-1N,-7.905446,-79.117592,DESPEJADO,RURAL,TRAMO RECTO,PLANA ,ASFALTADA,,,,,IMPRUDENCIA DEL CONDUCTOR,OTRO (IMPRUDENCIA DEL CONDUCTOR),12.0,1,29.333333333333332,24.0,0.0,82.0,6,1,2,13,1,0,16
A-2021-08-77,2021-08-15,19:00,ATROPELLO FUGA,1,0,1,ANCASH,HUARI,CHAVIN DE HUANTAR,RURAL,CARRETERA,SIN CLASIFICAR,SIN CLASIFICAR,-9.592856962634704,-77.17860821232733,DESPEJADO,RURAL,TRAMO RECTO,PLANA ,ASFALTADA,SI,PREVENTIVA (P),PREVENTIVA (P),SI,IMPRUDENCIA DEL CONDUCTOR,OTRO (IMPRUDENCIA DEL CONDUCTOR),19.0,0,46.5,46.5,41.0,52.0,2,1,1,0,1,0,2
A-2021-08-119,2021-08-15,23:45,CHOQUE,1,2,2,AREQUIPA,AREQUIPA,CERRO COLORADO,RURAL,CARRETERA,NACIONAL,PE-34A,-16.344693541797753,-71.58154509738962,DESPEJADO,COMERCIAL,TRAMO RECTO,INCLINADA,ASFALTADA,NO,,,SI,EN PROCESO DE INVESTIGACIÓN,NO CUENTA CON CAUSA ESPECIFICA,23.0,0,24.75,25.0,13.0,36.0,2,2,1,2,2,0,4
A-2021-08-132,2021-08-16,01:30,DESPISTE,1,2,1,APURIMAC,ANDAHUAYLAS,KAQUIABAMBA,RURAL,CARRETERA,PROVINCIAL,AP-578,-13.526327,-73.294505,DESPEJADO,RURAL,OTRO,INCLINADA,CASCAJO/RIPIO,,,,,IMPRUDENCIA DEL CONDUCTOR,CONDUCIR EN ESTADO DE EBRIEDAD Y/O DROGADICCIÓN,1.0,0,34.333333333333336,35.0,33.0,35.0,3,1,1,2,1,0,3
A-2021-08-265,2021-08-16,05:45,CHOQUE,1,1,2,LIMA,BARRANCA,PATIVILCA,RURAL,CARRETERA,NACIONAL,PE-16A,-10.67480465875352,-77.7820020705566,LLUVIOSO,RURAL,TRAMO RECTO,PLANA ,ASFALTADA,,,,,IMPRUDENCIA DEL CONDUCTOR,EXCESO DE VELOCIDAD,5.0,0,32.0,32.0,22.0,42.0,2,2,1,1,1,0,3
A-2021-08-238,2021-08-16,09:40,ATROPELLO,1,0,0,LIMA,LIMA,VILLA EL SALVADOR,URBANA,AVENIDA,URBANO,NO CORRESPONDE,-12.212207826552731,-76.95801077649516,DESPEJADO,INDUSTRIAL,INTERSECCIÓN,PLANA ,ASFALTADA,,,,,EN PROCESO DE INVESTIGACIÓN,NO CUENTA CON CAUSA ESPECIFICA,9.0,0,32.0,32.0,32.0,32.0,2,1,1,0,0,0,2
A-2021-08-311,2021-08-16,10:40,DESPISTE,1,0,1,ANCASH,SANTA,COISHCO,RURAL,OTRO,URBANO,NO CORRESPONDE,-9.020311236965645,-78.61246961957714,DESPEJADO,RURAL,TRAMO RECTO,PLANA ,AFIRMADO,,,,,EN PROCESO DE INVESTIGACIÓN,NO CUENTA CON CAUSA ESPECIFICA,10.0,0,55.0,55.0,55.0,55.0,1,1,1,0,1,0,1
A-2021-08-295,2021-08-16,16:40,CHOQUE,1,0,1,PIURA,SULLANA,IGNACIO ESCUDERO,RURAL,CARRETERA,NACIONAL,PE-1N,-4.847456,-80.862573,DESPEJADO,RURAL,TRAMO RECTO,PLANA ,ASFALTADA,,,,,EN PROCESO DE INVESTIGACIÓN,NO CUENTA CON CAUSA ESPECIFICA,16.0,0,50.666666666666664,56.0,31.0,65.0,2,2,1,0,2,0,3
A-2021-08-276,2021-08-17,06:40,DESPISTE,1,0,1,LIMA,HUAURA,HUACHO,RURAL,CARRETERA,NACIONAL,PE-18,-11.415470624925003,-77.3721247536458,DESPEJADO,RURAL,CURVA,PLANA ,ASFALTADA,SI,INFORMATIVA (I),PREVENTIVA (P),NO,IMPRUDENCIA DEL CONDUCTOR,EXCESO DE VELOCIDAD,6.0,0,30.0,30.0,30.0,30.0,1,1,1,0,1,0,1
A-2021-08-193,2021-08-17,07:45,CHOQUE,1,0,0,PUNO,SAN ROMAN,JULIACA,URBANA,CARRETERA,NACIONAL,PE-34A,-15.481624085932646,-70.13807659980661,DESPEJADO,COMERCIAL,TRAMO RECTO,PLANA ,ASFALTADA,,,,,IMPRUDENCIA DEL CONDUCTOR,INVASIÓN DE CARRIL,7.0,0,46.0,46.0,45.0,47.0,2,2,1,0,1,0,2
A-2021-08-332,2021-08-17,08:15,CHOQUE FUGA,1,10,0,LIMA,LIMA,LIMA,URBANA,AVENIDA,URBANO,NO CORRESPONDE,-12.04456464,-77.073666116,DESPEJADO,INDUSTRIAL,TRAMO RECTO,PLANA ,ASFALTADA,,,,,IMPRUDENCIA DEL CONDUCTOR,EXCESO DE VELOCIDAD,8.0,0,43.833333333333336,43.5,26.0,66.0,4,2,1,10,1,0,12
A-2021-08-284,2021-08-17,11:30,DESPISTE,1,1,0,MOQUEGUA,MARISCAL NIETO,TORATA,RURAL,CARRETERA,PROVINCIAL,MO-587,-17.120561828829672,-70.6710945814848,,,,,,,,,,EN PROCESO DE INVESTIGACIÓN,NO CUENTA CON CAUSA ESPECIFICA,11.0,0,32.5,32.5,31.0,34.0,2,1,1,1,0,0,2
A-2021-08-186,2021-08-17,12:00,DESPISTE,2,0,2,JUNIN,TARMA,TAPO,RURAL,CARRETERA,DEPARTAMENTAL,JU-103,-11.358075767829412,-75.55697075679288,DESPEJADO,RURAL,TRAMO RECTO,PLANA ,TROCHA,,,,,EN PROCESO DE INVESTIGACIÓN,NO CUENTA CON CAUSA ESPECIFICA,12.0,1,44.5,44.5,31.0,58.0,2,1,2,0,0,0,2
A-2021-08-273,2021-08-17,15:10,CHOQUE,1,0,2,LIMA,HUAURA,SANTA MARIA,URBANA,AVENIDA,URBANO,NO CORRESPONDE,-11.096769,-77.594687,DESPEJADO,RESIDENCIAL,TRAMO RECTO,PLANA ,ASFALTADA,,,,,IMPRUDENCIA DEL CONDUCTOR,EXCESO DE VELOCIDAD,15.0,0,46.5,46.5,22.0,71.0,2,2,1,0,0,0,2
A-2021-08-78,2021-08-17,16:00,CHOQUE,1,0,2,AREQUIPA,CAMANA,SAMUEL PASTOR,URBANA,CARRETERA,NACIONAL,PE-1S,-16.63406,-72.69027,DESPEJADO,COMERCIAL,TRAMO RECTO,PLANA ,ASFALTADA,NO,,,SI,EN PROCESO DE INVESTIGACIÓN,NO CUENTA CON CAUSA ESPECIFICA,16.0,0,43.0,43.0,24.0,62.0,2,2,1,0,1,0,2
A-2021-08-312,2021-08-17,19:00,ATROPELLO,1,0,1,ANCASH,SANTA,CHIMBOTE,URBANA,AVENIDA,URBANO,NO CORRESPONDE,-9.111292640286738,-78.54607000464127,DESPEJADO,RESIDENCIAL,TRAMO RECTO,PLANA ,ASFALTADA,,,,,EN PROCESO DE INVESTIGACIÓN,NO CUENTA CON CAUSA ESPECIFICA,19.0,0,69.5,69.5,52.0,87.0,2,1,1,0,1,0,2
A-2021-08-182,2021-08-17,20:10,DESPISTE,1,0,1,CUSCO,QUISPICANCHI,OCONGATE,RURAL,CARRETERA,NACIONAL,PE-30C,-13.63413,-71.414767,DESPEJADO,RURAL,CURVA,INCLINADA,ASFALTADA,,,,,IMPRUDENCIA DEL CONDUCTOR,EXCESO DE VELOCIDAD,20.0,0,26.0,26.0,26.0,26.0,1,1,1,0,0,0,1
A-2021-08-157,2021-08-18,05:30,CHOQUE,1,3,2,LAMBAYEQUE,LAMBAYEQUE,OLMOS,RURAL,CARRETERA,NACIONAL,PE-1NJ,-5.716098575425028,-79.89015333284517,DESPEJADO,RURAL,TRAMO RECTO,PLANA ,ASFALTADA,SI,PREVENTIVA (P),PREVENTIVA (P),NO,IMPRUDENCIA DEL CONDUCTOR,INVASIÓN DE CARRIL,5.0,0,30.8,29.0,4.0,60.0,4,2,1,3,1,0,5
A-2021-08-99,2021-08-18,08:00,CHOQUE,1,0,2,AREQUIPA,AREQUIPA,PAUCARPATA,URBANA,AVENIDA,URBANO,NO CORRESPONDE,-16.406578,-71.474357,DESPEJADO,RESIDENCIAL,INTERSECCIÓN,INCLINADA,ASFALTADA,,,,,EN PROCESO DE INVESTIGACIÓN,NO CUENTA CON CAUSA ESPECIFICA,8.0,0,40.5,40.5,21.0,60.0,2,2,1,0,1,0,2