CODIGO_SINIESTRO,FECHA_SINIESTRO,HORA_SINIESTRO,CLASE_SINIESTRO,CANTIDAD_FALLECIDOS,CANTIDAD_LESIONADOS,CANTIDAD_VEHICULOS,DEPARTAMENTO,PROVINCIA,DISTRITO,ZONA,TIPO_VIA,RED_VIAL,COD_CARRETERA,LATITUD,LONGITUD,CONDICION_CLIMATICA,ZONIFICACION,CARACTERISTICAS_VIA,PERFIL_VIA,SUPERFICIE_CALZADA,EXISTE_SENIAL_VERTICAL,CLASIFICACION_SENIAL_VERTICAL_1,CLASIFICACION_SENIAL_VERTICAL_2,EXISTE_SENIAL_HORIZONTAL,CAUSA_FACTOR_PRINCIPAL,CAUSA_ESPECIFICA,HORA,severidad,EDAD_PROMEDIO,EDAD_MEDIANA,EDAD_MIN,EDAD_MAX,TOTAL_MASCULINOS,TOTAL_CONDUCTORES,TOTAL_FALLECIDOS_AGG,TOTAL_LESIONADOS_AGG,TOTAL_LICENCIA,TOTAL_ALCOHOL_POSITIVO,TOTAL_PERSONAS
A-2021-08-300,2021-08-28,17:30,DESPISTE,1,1,1,PASCO,PASCO,YANACANCHA,URBANA,CARRETERA,NACIONAL,PE-3N,-10.648581684980654,-76.16596516813496,DESPEJADO,RURAL,CURVA,PLANA ,ASFALTADA,SI,REGULADORA (R),REGULADORA (R),NO,IMPRUDENCIA DEL CONDUCTOR,EXCESO DE VELOCIDAD,17.0,0,53.5,53.5,31.0,76.0,1,1,1,1,1,0,2
A-2021-08-269,2021-08-28,18:45,DESPISTE,2,3,1,PUNO,SANDIA,PHARA,RURAL,CARRETERA,DEPARTAMENTAL,PU-106,-14.148810340797755,-69.66047357118119,NUBLADO,RURAL,CURVA,INCLINADA,TROCHA,,,,,IMPRUDENCIA DEL CONDUCTOR,EXCESO DE VELOCIDAD,18.0,1,47.4,49.0,41.0,50.0,5,1,2,3,0,0,5
A-2021-08-150,2021-08-28,20:30,ATROPELLO,1,2,1,PUNO,YUNGUYO,YUNGUYO,RURAL,CARRETERA,PROVINCIAL,PU-1307,-16.262537320401673,-69.09474538126041,DESPEJADO,RURAL,TRAMO RECTO,PLANA ,ASFALTADA,,,,,IMPRUDENCIA DEL PEATÓN,ESTADO DE EBRIEDAD Y/O DROGADICCIÓN,20.0,0,26.0,17.0,13.0,48.0,3,1,1,2,0,0,3
A-2021-08-198,2021-08-29,01:40,CHOQUE,3,0,2,JUNIN,SATIPO,PANGOA,RURAL,CARRETERA,NACIONAL,PE-28C,-11.5012756,-74.462138,DESPEJADO,RURAL,CURVA,PLANA ,ASFALTADA,,,,,EN PROCESO DE INVESTIGACIÓN,NO CUENTA CON CAUSA ESPECIFICA,1.0,2,23.0,23.0,20.0,26.0,4,2,3,0,0,0,4
A-2021-08-252,2021-08-29,02:00,DESPISTE,1,0,0,LIMA,LIMA,RIMAC,URBANA,AVENIDA,URBANO,NO CORRESPONDE,-12.017942602546908,-77.0510368571967,DESPEJADO,INDUSTRIAL,TRAMO RECTO,PLANA ,ASFALTADA,,,,,EN PROCESO DE INVESTIGACIÓN,NO CUENTA CON CAUSA ESPECIFICA,2.0,0,,,,,1,1,1,0,0,0,1
A-2021-08-156,2021-08-29,05:30,ATROPELLO,1,1,0,TUMBES,CONTRALMIRANTE VILLAR,ZORRITOS,RURAL,CARRETERA,NACIONAL,PE-1N,-3.688651717580485,-80.69309408187267,,,,,,,,,,EN PROCESO DE INVESTIGACIÓN,NO CUENTA CON CAUSA ESPECIFICA,5.0,0,28.5,28.5,28.0,29.0,2,1,1,1,1,1,2
A-2021-08-153,2021-08-29,05:40,CHOQUE,1,0,2,AREQUIPA,AREQUIPA,LA JOYA,RURAL,CARRETERA,NACIONAL,PE-1S,-16.534123,-71.800476,DESPEJADO,RURAL,CURVA,PLANA ,ASFALTADA,NO,,,SI,EN PROCESO DE INVESTIGACIÓN,NO CUENTA CON CAUSA ESPECIFICA,5.0,0,39.5,39.5,24.0,55.0,2,2,1,0,1,0,2
A-2021-08-174,2021-08-29,09:50,CHOQUE,1,0,2,LA LIBERTAD,ASCOPE,CHICAMA,RURAL,CARRETERA,NACIONAL,PE-1NF,-7.797383,-79.139556,DESPEJADO,RURAL,TRAMO RECTO,PLANA ,ASFALTADA,,,,,IMPRUDENCIA DEL CONDUCTOR,GIRAR IMPRUDENTEMENTE,9.0,0,37.0,35.0,22.0,54.0,3,2,1,0,1,0,3
A-2021-08-262,2021-08-29,11:15,CHOQUE,1,0,2,JUNIN,JAUJA,ACOLLA,RURAL,CARRETERA,NACIONAL,PE-3SA,-11.627955,-75.610138,DESPEJADO,RURAL,CURVA,PLANA ,ASFALTADA,,,,,IMPRUDENCIA DEL CONDUCTOR,EXCESO DE VELOCIDAD,11.0,0,39.0,39.0,19.0,59.0,2,2,1,0,2,0,2
A-2021-08-173,2021-08-29,11:30,DESPISTE,1,0,1,LA LIBERTAD,SANCHEZ CARRION,HUAMACHUCO,RURAL,JIRÓN,URBANO,NO CORRESPONDE,-7.818818,-78.042434,DESPEJADO,RURAL,TRAMO RECTO,PLANA ,ASFALTADA,,,,,IMPRUDENCIA DEL CONDUCTOR,CONDUCIR EN ESTADO DE EBRIEDAD Y/O DROGADICCIÓN,11.0,0,21.0,21.0,21.0,21.0,1,1,1,0,0,0,1
A-2021-08-254,2021-08-29,14:00,CHOQUE,1,0,0,LIMA,LIMA,SAN MIGUEL,URBANA,AVENIDA,URBANO,NO CORRESPONDE,-12.080890016829136,-77.08821051519837,SOLEADO,RESIDENCIAL,INTERSECCIÓN,PLANA ,ASFALTADA,,,,,IMPRUDENCIA DEL CONDUCTOR,OTRO (IMPRUDENCIA DEL CONDUCTOR),14.0,0,36.5,36.5,28.0,45.0,2,2,1,0,0,0,2
A-2021-08-217,2021-08-29,18:50,ATROPELLO,1,0,0,LA LIBERTAD,TRUJILLO,LAREDO,RURAL,CALLE,URBANO,NO CORRESPONDE,-8.079524,-78.980219,DESPEJADO,INDUSTRIAL,TRAMO RECTO,PLANA ,TROCHA,,,,,EN PROCESO DE INVESTIGACIÓN,NO CUENTA CON CAUSA ESPECIFICA,18.0,0,40.0,40.0,40.0,40.0,2,1,1,0,1,0,2
A-2021-08-221,2021-08-29,19:30,CHOQUE FUGA,1,1,2,LAMBAYEQUE,CHICLAYO,TUMAN,RURAL,CARRETERA,PROVINCIAL,LA-753,-6.756416,-79.690703,DESPEJADO,RURAL,TRAMO RECTO,PLANA ,ASFALTADA,,,,,EN PROCESO DE INVESTIGACIÓN,NO CUENTA CON CAUSA ESPECIFICA,19.0,0,26.0,26.0,23.0,29.0,2,1,1,1,0,0,3
A-2021-08-306,2021-08-29,20:40,DESPISTE,1,1,1,HUANUCO,HUANUCO,HUANUCO,URBANA,CARRETERA,DEPARTAMENTAL,HU-108,-9.885073,-76.222202,DESPEJADO,COMERCIAL,TRAMO RECTO,PLANA ,ASFALTADA,SI,INFORMATIVA (I),,NO,IMPRUDENCIA DEL CONDUCTOR,EXCESO DE VELOCIDAD,20.0,0,34.5,34.5,17.0,52.0,2,1,1,1,0,1,2
A-2021-08-165,2021-08-29,21:30,ATROPELLO FUGA,1,0,0,PUNO,PUNO,PUNO,RURAL,CARRETERA,NACIONAL,PE-3S,-15.857428010436852,-69.95893651961683,DESPEJADO,RURAL,TRAMO RECTO,PLANA ,ASFALTADA,,,,,EN PROCESO DE INVESTIGACIÓN,NO CUENTA CON CAUSA ESPECIFICA,21.0,0,33.0,33.0,33.0,33.0,1,0,1,0,0,0,2
A-2021-08-170,2021-08-29,21:50,CHOQUE FUGA,1,2,2,CUSCO,CANCHIS,SICUANI,RURAL,CARRETERA,NACIONAL,PE-3S,-14.311344,-71.20653,DESPEJADO,RURAL,TRAMO RECTO,PLANA ,ASFALTADA,,,,,IMPRUDENCIA DEL CONDUCTOR,EXCESO DE VELOCIDAD,21.0,0,23.333333333333332,10.0,7.0,53.0,4,1,1,2,0,0,4
A-2021-08-307,2021-08-29,23:00,CHOQUE,1,1,2,HUANUCO,HUANUCO,AMARILIS,URBANA,CARRETERA,NACIONAL,PE-18A,-9.9471,-76.243748,DESPEJADO,COMERCIAL,TRAMO RECTO,PLANA ,ASFALTADA,,,,,IMPRUDENCIA DEL CONDUCTOR,EXCESO DE VELOCIDAD,23.0,0,26.0,26.0,25.0,27.0,2,2,1,1,2,1,2
A-2021-08-297,2021-08-30,04:30,CHOQUE,1,0,1,PIURA,SULLANA,LANCONES,RURAL,CARRETERA,NACIONAL,PE-1NN,-4.590882927240664,-80.52013984767824,DESPEJADO,RURAL,TRAMO RECTO,PLANA ,ASFALTADA,,,,,EN PROCESO DE INVESTIGACIÓN,NO CUENTA CON CAUSA ESPECIFICA,4.0,0,55.0,55.0,50.0,60.0,2,2,1,0,1,0,2
A-2021-08-329,2021-08-30,07:30,DESPISTE,5,1,1,AMAZONAS,UTCUBAMBA,CUMBA,RURAL,CARRETERA,DEPARTAMENTAL,AM-103,-5.900512,-78.685466,LLUVIOSO,RURAL,TRAMO RECTO,PLANA ,AFIRMADO,,,,,EN PROCESO DE INVESTIGACIÓN,NO CUENTA CON CAUSA ESPECIFICA,7.0,2,24.666666666666668,30.5,0.0,33.0,4,1,5,1,1,0,6
A-2021-08-178,2021-08-30,08:15,CHOQUE FUGA,2,1,0,MADRE DE DIOS,TAMBOPATA,LABERINTO,RURAL,CARRETERA,NACIONAL,PE-30C,-12.724883,-69.501244,,,,,,,,,,EN PROCESO DE INVESTIGACIÓN,NO CUENTA CON CAUSA ESPECIFICA,8.0,1,52.75,54.0,34.0,69.0,3,1,2,1,0,0,4
A-2021-08-176,2021-08-30,09:00,DESPISTE,1,1,1,LA LIBERTAD,GRAN CHIMU,SAYAPULLO,RURAL,CARRETERA,DEPARTAMENTAL,LI-106,-7.5721,-78.52968,DESPEJADO,RURAL,CURVA,PLANA ,AFIRMADO,,,,,IMPRUDENCIA DEL CONDUCTOR,CONDUCIR EN ESTADO DE EBRIEDAD Y/O DROGADICCIÓN,9.0,0,41.5,41.5,40.0,43.0,2,1,1,1,1,0,2
A-2021-08-298,2021-08-30,12:30,DESPISTE,3,0,1,PIURA,AYABACA,SUYO,RURAL,CARRETERA,NACIONAL,PE-1NL,-4.6100363652065885,-80.20189582280238,DESPEJADO,RURAL,TRAMO RECTO,PLANA ,ASFALTADA,,,,,EN PROCESO DE INVESTIGACIÓN,NO CUENTA CON CAUSA ESPECIFICA,12.0,2,49.5,49.5,41.0,58.0,3,1,3,0,0,0,4
A-2021-08-212,2021-08-30,13:10,CHOQUE,1,0,0,PIURA,MORROPON,LA MATANZA,RURAL,CARRETERA,NACIONAL,PE-1NJ,-5.437378,-80.025549,DESPEJADO,RURAL,OTRO,PLANA ,ASFALTADA,NO,,,NO,EN PROCESO DE INVESTIGACIÓN,NO CUENTA CON CAUSA ESPECIFICA,13.0,0,35.5,35.5,29.0,42.0,2,2,1,0,0,0,2
A-2021-08-207,2021-08-30,16:10,VOLCADURA,1,0,0,AYACUCHO,HUAMANGA,ANDRES AVELINO CACERES DORREGARAY,URBANA,AVENIDA,URBANO,NO CORRESPONDE,-13.15646,-74.19782,DESPEJADO,ESCOLAR,CURVA,PLANA ,ASFALTADA,SI,REGULADORA (R),REGULADORA (R),NO,IMPRUDENCIA DEL CONDUCTOR,EXCESO DE VELOCIDAD,16.0,0,22.0,22.0,22.0,22.0,1,0,1,0,0,0,2
A-2021-08-288,2021-08-30,16:45,CHOQUE,1,0,2,JUNIN,JAUJA,CANCHAYLLO,RURAL,CARRETERA,PROVINCIAL,JU-761,-11.783337,-75.716934,DESPEJADO,RURAL,TRAMO RECTO,PLANA ,ASFALTADA,,,,,EN PROCESO DE INVESTIGACIÓN,NO CUENTA CON CAUSA ESPECIFICA,16.0,0,36.0,36.0,21.0,51.0,2,2,1,0,0,0,2
A-2021-08-328,2021-08-30,18:30,CHOQUE,2,1,3,AREQUIPA,CAYLLOMA,MAJES,RURAL,CARRETERA,NACIONAL,PE-1S,-16.495378794538727,-72.40047620927999,DESPEJADO,RURAL,TRAMO RECTO,PLANA ,ASFALTADA,,,,,EN PROCESO DE INVESTIGACIÓN,NO CUENTA CON CAUSA ESPECIFICA,18.0,1,41.75,41.5,35.0,49.0,3,3,2,1,3,0,4
A-2021-08-179,2021-08-30,23:29,ATROPELLO FUGA,1,0,0,PUNO,CHUCUITO,POMATA,RURAL,CARRETERA,NACIONAL,PE-3S,-16.333942999999998,-69.25176561666667,DESPEJADO,RURAL,TRAMO RECTO,PLANA ,ASFALTADA,,,,,EN PROCESO DE INVESTIGACIÓN,NO CUENTA CON CAUSA ESPECIFICA,23.0,0,18.0,18.0,18.0,18.0,1,0,1,0,0,0,2
A-2021-08-270,2021-08-30,23:30,ATROPELLO FUGA,1,0,0,AREQUIPA,AREQUIPA,UCHUMAYO,RURAL,CARRETERA,NACIONAL,PE-34A,-16.408352,-71.611134,DESPEJADO,RURAL,TRAMO RECTO,PLANA ,ASFALTADA,NO,,,SI,IMPRUDENCIA DEL PEATÓN,CRUCE INDEBIDO POR LA CALZADA,23.0,0,25.0,25.0,25.0,25.0,1,0,1,0,0,0,1
A-2021-08-287,2021-08-31,02:20,ATROPELLO FUGA,1,0,0,LAMBAYEQUE,FERREÑAFE,PUEBLO NUEVO,URBANA,AVENIDA,URBANO,NO CORRESPONDE,-6.641086,-79.798505,DESPEJADO,RESIDENCIAL,INTERSECCIÓN,PLANA ,ASFALTADA,,,,,EN PROCESO DE INVESTIGACIÓN,NO CUENTA CON CAUSA ESPECIFICA,2.0,0,38.0,38.0,38.0,38.0,1,0,1,0,0,0,2
A-2021-08-255,2021-08-31,04:00,CHOQUE CON OBJETO FIJO,33,34,1,LIMA,HUAROCHIRI,MATUCANA,RURAL,CARRETERA,NACIONAL,PE-22,-11.825675129785294,-76.36702348348194,DESPEJADO,RURAL,PASE A DESNIVEL,PLANA ,ASFALTADA,,,,,IMPRUDENCIA DEL CONDUCTOR,EXCESO DE VELOCIDAD,4.0,2,15.91304347826087,0.0,0.0,57.0,31,1,33,34,1,0,67
A-2021-08-302,2021-08-31,18:30,CHOQUE,1,0,2,LAMBAYEQUE,LAMBAYEQUE,SAN JOSE,RURAL,CARRETERA,DEPARTAMENTAL,LA-109,-6.77137136617581,-79.91116035022267,DESPEJADO,RURAL,TRAMO RECTO,PLANA ,ASFALTADA,,,,,EN PROCESO DE INVESTIGACIÓN,NO CUENTA CON CAUSA ESPECIFICA,18.0,0,28.0,28.0,22.0,34.0,2,2,1,0,1,0,2
A-2021-08-233,2021-08-31,19:50,ATROPELLO FUGA,1,0,0,AREQUIPA,AREQUIPA,CERRO COLORADO,URBANA,CARRETERA,NACIONAL,PE-34A,-16.3533374,-71.5802103,DESPEJADO,COMERCIAL,TRAMO RECTO,PLANA ,ASFALTADA,,,,,IMPRUDENCIA DEL CONDUCTOR,INVASIÓN DE CARRIL,19.0,0,38.0,38.0,38.0,38.0,1,0,1,0,0,1,1
A-2021-08-246,2021-08-31,21:50,DESPISTE,1,0,1,CAJAMARCA,CONTUMAZA,SAN BENITO,RURAL,CARRETERA,PROVINCIAL,CA-1401,-7.59666,-78.966476,DESPEJADO,RURAL,CURVA,INCLINADA,AFIRMADO,,,,,IMPRUDENCIA DEL CONDUCTOR,CONDUCIR EN ESTADO DE EBRIEDAD Y/O DROGADICCIÓN,21.0,0,17.0,17.0,17.0,17.0,1,1,1,0,0,0,1
A-2021-09-4,2021-09-01,04:00,DESPISTE,1,0,1,LA LIBERTAD,TRUJILLO,TRUJILLO,URBANA,AVENIDA,URBANO,NO CORRESPONDE,-8.117029,-79.032235,DESPEJADO,COMERCIAL,TRAMO RECTO,PLANA ,ASFALTADA,,,,,EN PROCESO DE INVESTIGACIÓN,NO CUENTA CON CAUSA ESPECIFICA,4.0,0,37.0,37.0,37.0,37.0,1,1,1,0,0,0,1
A-2021-09-240,2021-09-01,05:40,CHOQUE,2,0,2,LIMA,BARRANCA,PARAMONGA,RURAL,CARRETERA,NACIONAL,PE-1N,-10.599986435299568,-77.87112052775612,LLUVIOSO,RURAL,TRAMO RECTO,PLANA ,ASFALTADA,,,,,EN PROCESO DE INVESTIGACIÓN,NO CUENTA CON CAUSA ESPECIFICA,5.0,1,29.0,29.0,20.0,38.0,2,2,2,0,2,1,3
A-2021-09-176,2021-09-01,07:42,ATROPELLO,1,0,1,CUSCO,CUSCO,SANTIAGO,URBANA,AVENIDA,URBANO,NO CORRESPONDE,-13.5228258,-71.983837,DESPEJADO,RESIDENCIAL,CURVA,INCLINADA,ASFALTADA,SI,REGULADORA (R),,SI,IMPRUDENCIA DEL CONDUCTOR,OTRO (IMPRUDENCIA DEL CONDUCTOR),7.0,0,20.0,20.0,2.0,38.0,2,1,1,0,1,0,2
A-2021-09-51,2021-09-01,17:30,ATROPELLO,1,0,0,LIMA,LIMA,ANCON,URBANA,AVENIDA,URBANO,NO CORRESPONDE,-11.81507,-77.1277,NUBLADO,RESIDENCIAL,TRAMO RECTO,PLANA ,ASFALTADA,,,,,IMPRUDENCIA DEL PEATÓN,OTRO (IMPRUDENCIA DEL PEATÓN),17.0,0,31.0,31.0,31.0,31.0,2,1,1,0,0,0,2
A-2021-09-8,2021-09-01,17:30,CHOQUE,1,1,2,CAJAMARCA,SAN PABLO,TUMBADEN,RURAL,CARRETERA,PROVINCIAL,CA-1262,-6.943632,-78.685338,DESPEJADO,RURAL,CURVA,INCLINADA,AFIRMADO,,,,,IMPRUDENCIA DEL CONDUCTOR,EXCESO DE VELOCIDAD,17.0,0,39.333333333333336,40.0,34.0,44.0,2,2,1,1,0,0,3
A-2021-09-52,2021-09-01,17:45,ATROPELLO,1,0,0,LIMA,LIMA,SAN JUAN DE MIRAFLORES,URBANA,AVENIDA,URBANO,NO CORRESPONDE,-12.159394810974108,-76.95887978807589,DESPEJADO,COMERCIAL,INTERSECCIÓN,PLANA ,ASFALTADA,SI,PREVENTIVA (P),PREVENTIVA (P),NO,IMPRUDENCIA DEL CONDUCTOR,DESACATO DE SEÑAL DE TRÁNSITO,17.0,0,61.5,61.5,33.0,90.0,2,1,1,0,0,0,2
A-2021-09-6,2021-09-01,18:00,DESPISTE,1,0,1,PUNO,EL COLLAO,ILAVE,RURAL,CARRETERA,NACIONAL,PE-38A,-16.22351356304293,-69.67727820219523,DESPEJADO,RURAL,TRAMO RECTO,PLANA ,ASFALTADA,,,,,INFRAESTRUCTURA Y ENTORNO VIAL,OTRO (INFRAESTRUCTURA Y ENTORNO VIAL),18.0,0,62.0,62.0,62.0,62.0,1,1,1,0,0,0,1
A-2021-09-113,2021-09-01,18:30,ATROPELLO,1,0,1,CUSCO,CALCA,LAMAY,RURAL,CARRETERA,NACIONAL,PE-28B,-13.375819,-71.916846,DESPEJADO,RURAL,TRAMO RECTO,PLANA ,ASFALTADA,,,,,IMPRUDENCIA DEL CONDUCTOR,EXCESO DE VELOCIDAD,18.0,0,61.0,61.0,61.0,61.0,2,1,1,0,0,0,2
A-2021-09-58,2021-09-01,19:00,CAÍDA DE PASAJERO,1,0,1,CUSCO,CANCHIS,COMBAPATA,RURAL,CARRETERA,PROVINCIAL,CU-1452,-14.082319,-71.366155,SOLEADO,RURAL,OTRO,PLANA ,TROCHA,,,,,IMPRUDENCIA DEL CONDUCTOR,CONDUCIR EN ESTADO DE EBRIEDAD Y/O DROGADICCIÓN,19.0,0,60.0,60.0,54.0,66.0,2,1,1,0,0,0,2
A-2021-09-7,2021-09-01,19:30,CHOQUE,1,1,2,PUNO,CHUCUITO,ZEPITA,RURAL,CARRETERA,NACIONAL,PE-3S,-16.453691272636267,-69.14991796620194,DESPEJADO,RURAL,CURVA,PLANA ,ASFALTADA,SI,PREVENTIVA (P),REGULADORA (R),SI,IMPRUDENCIA DEL CONDUCTOR,ADELANTAR INDEBIDAMENTE,19.0,0,26.333333333333332,17.0,14.0,48.0,3,2,1,1,1,0,3
A-2021-09-15,2021-09-02,00:00,CHOQUE CON OBJETO FIJO,1,0,1,CAJAMARCA,CUTERVO,CUTERVO,URBANA,CARRETERA,NACIONAL,PE-3N,-6.39384815,-78.82548222,DESPEJADO,RESIDENCIAL,TRAMO RECTO,PLANA ,AFIRMADO,,,,,IMPRUDENCIA DEL CONDUCTOR,CONDUCIR EN ESTADO DE EBRIEDAD Y/O DROGADICCIÓN,0.0,0,30.0,30.0,30.0,30.0,1,1,1,0,0,0,1
A-2021-09-20,2021-09-02,16:19,CHOQUE,1,1,2,PIURA,PIURA,VEINTISEIS DE OCTUBRE,URBANA,AVENIDA,URBANO,NO CORRESPONDE,-5.168354,-80.668984,DESPEJADO,RESIDENCIAL,INTERSECCIÓN,PLANA ,ASFALTADA,SI,REGULADORA (R),,NO,IMPRUDENCIA DEL CONDUCTOR,EXCESO DE VELOCIDAD,16.0,0,34.666666666666664,33.0,28.0,43.0,3,2,1,1,1,0,3
A-2021-09-270,2021-09-02,16:30,CHOQUE,1,0,2,SAN MARTIN,SAN MARTIN,LA BANDA DE SHILCAYO,RURAL,CARRETERA,SIN CLASIFICAR,SIN CLASIFICAR,-6.54728,-76.34955,DESPEJADO,RURAL,CURVA,INCLINADA,ASFALTADA,,,,,IMPRUDENCIA DEL CONDUCTOR,INVASIÓN DE CARRIL,16.0,0,31.5,31.5,28.0,35.0,2,2,1,0,0,0,2
A-2021-09-13,2021-09-02,20:30,DESPISTE,1,1,1,AREQUIPA,AREQUIPA,LA JOYA,URBANA,CARRETERA,DEPARTAMENTAL,AR-114,-16.487177,-71.845593,DESPEJADO,RURAL,TRAMO RECTO,PLANA ,ASFALTADA,,,,,IMPRUDENCIA DEL CONDUCTOR,FATIGA Y/O CANSANCIO,20.0,0,34.0,34.0,30.0,38.0,2,1,1,1,0,0,2
A-2021-09-14,2021-09-02,23:30,DESPISTE,1,0,1,AREQUIPA,ISLAY,DEAN VALDIVIA,RURAL,CARRETERA,PROVINCIAL,AR-823,-17.146894,-71.818646,DESPEJADO,RURAL,ÓVALO,PLANA ,ASFALTADA,NO,,,SI,IMPRUDENCIA DEL CONDUCTOR,EXCESO DE VELOCIDAD,23.0,0,27.0,27.0,27.0,27.0,1,1,1,0,1,0,1
A-2021-09-3,2021-09-03,05:03,CHOQUE,2,1,2,TACNA,TACNA,SAMA,RURAL,CARRETERA,NACIONAL,PE-1SD,-18.170531,-70.646438,NIEBLA,RURAL,TRAMO RECTO,PLANA ,ASFALTADA,NO,,,SI,IMPRUDENCIA DEL CONDUCTOR,FATIGA Y/O CANSANCIO,5.0,1,37.5,34.5,34.0,47.0,4,2,2,1,2,0,4
A-2021-09-168,2021-09-03,11:30,ATROPELLO,1,0,1,CUSCO,CUSCO,SAN JERONIMO,URBANA,AVENIDA,URBANO,NO CORRESPONDE,-13.54395,-71.8953,DESPEJADO,RESIDENCIAL,TRAMO RECTO,PLANA ,ASFALTADA,,,,,IMPRUDENCIA DEL CONDUCTOR,EXCESO DE VELOCIDAD,11.0,0,62.5,62.5,58.0,67.0,2,1,1,0,0,0,2
A-2021-09-53,2021-09-03,13:40,ATROPELLO,1,0,0,LIMA,LIMA,VILLA EL SALVADOR,URBANA,AVENIDA,URBANO,NO CORRESPONDE,-12.224591563708854,-76.9388602205455,DESPEJADO,RESIDENCIAL,TRAMO RECTO,PLANA ,ASFALTADA,,,,,IMPRUDENCIA DEL CONDUCTOR,OTRO (IMPRUDENCIA DEL CONDUCTOR),13.0,0,37.0,37.0,37.0,37.0,1,1,1,0,1,0,2
A-2021-09-46,2021-09-03,20:50,DESPISTE,1,2,1,ANCASH,HUARAZ,PIRA,RURAL,CARRETERA,SIN CLASIFICAR,SIN CLASIFICAR,-9.541716398464796,-77.73839969223597,LLUVIOSO,RURAL,CURVA,INCLINADA,ASFALTADA,,,,,EN PROCESO DE INVESTIGACIÓN,NO CUENTA CON CAUSA ESPECIFICA,20.0,0,33.333333333333336,32.0,30.0,38.0,2,1,1,2,1,0,3
A-2021-09-241,2021-09-03,22:00,ATROPELLO FUGA,1,0,0,LIMA,BARRANCA,PARAMONGA,RURAL,CARRETERA,NACIONAL,PE-1N,-10.599432782782976,-77.87115271263951,LLUVIOSO,RURAL,TRAMO RECTO,PLANA ,ASFALTADA,,,,,EN PROCESO DE INVESTIGACIÓN,NO CUENTA CON CAUSA ESPECIFICA,22.0,0,,,,,0,0,1,0,0,0,2
A-2021-09-10,2021-09-04,06:40,ATROPELLO FUGA,1,0,0,TUMBES,TUMBES,TUMBES,RURAL,CARRETERA,NACIONAL,PE-1N,-3.545990898046043,-80.39612513905165,DESPEJADO,RURAL,TRAMO RECTO,PLANA ,ASFALTADA,,,,,EN PROCESO DE INVESTIGACIÓN,NO CUENTA CON CAUSA ESPECIFICA,6.0,0,23.0,23.0,23.0,23.0,1,0,1,0,0,0,1
A-2021-09-54,2021-09-04,16:45,ATROPELLO,1,0,0,LIMA,LIMA,EL AGUSTINO,URBANA,AVENIDA,URBANO,NO CORRESPONDE,-12.030794980090976,-76.99901098728667,DESPEJADO,RESIDENCIAL,INTERSECCIÓN,PLANA ,ASFALTADA,,,,,IMPRUDENCIA DEL PEATÓN,OTRO (IMPRUDENCIA DEL PEATÓN),16.0,0,44.0,44.0,27.0,61.0,2,1,1,0,1,0,2
A-2021-09-56,2021-09-05,03:30,CHOQUE,1,5,3,CUSCO,LA CONVENCION,QUELLOUNO,RURAL,CARRETERA,DEPARTAMENTAL,CU-105,-12.622066,-72.390168,NUBLADO,RURAL,TRAMO RECTO,INCLINADA,ASFALTADA,,,,,IMPRUDENCIA DEL CONDUCTOR,CONDUCIR EN ESTADO DE EBRIEDAD Y/O DROGADICCIÓN,3.0,0,33.0,32.5,20.0,45.0,4,3,1,5,1,0,6
A-2021-09-277,2021-09-05,04:00,CHOQUE,1,0,2,ANCASH,SANTA,CHIMBOTE,URBANA,AVENIDA,URBANO,NO CORRESPONDE,-9.07623196760691,-78.5900984595948,DESPEJADO,COMERCIAL,INTERSECCIÓN,PLANA ,ASFALTADA,,,,,IMPRUDENCIA DEL CONDUCTOR,CONDUCIR EN ESTADO DE EBRIEDAD Y/O DROGADICCIÓN,4.0,0,44.0,44.0,35.0,53.0,2,2,1,0,1,0,2
A-2021-09-287,2021-09-05,04:30,DESPISTE,1,0,1,JUNIN,CHUPACA,HUACHAC,RURAL,CARRETERA,PROVINCIAL,JU-877,-12.038789,-75.320593,DESPEJADO,RURAL,TRAMO RECTO,PLANA ,ASFALTADA,,,,,IMPRUDENCIA DEL CONDUCTOR,CONDUCIR EN ESTADO DE EBRIEDAD Y/O DROGADICCIÓN,4.0,0,27.0,27.0,26.0,28.0,2,1,1,0,1,1,2
A-2021-09-19,2021-09-05,06:00,CHOQUE,1,1,0,MADRE DE DIOS,TAMBOPATA,LAS PIEDRAS,RURAL,CARRETERA,NACIONAL,PE-30C,-12.5250136,-69.1370259,,,,,,,,,,EN PROCESO DE INVESTIGACIÓN,NO CUENTA CON CAUSA ESPECIFICA,6.0,0,53.333333333333336,64.0,30.0,66.0,3,2,1,1,0,0,3
A-2021-09-55,2021-09-05,06:00,ATROPELLO,1,0,0,LIMA,LIMA,LOS OLIVOS,URBANA,AVENIDA,URBANO,NO CORRESPONDE,-11.995378150934302,-77.07985320453479,DESPEJADO,RESIDENCIAL,INTERSECCIÓN,PLANA ,ASFALTADA,,,,,IMPRUDENCIA DEL CONDUCTOR,CONDUCIR EN ESTADO DE EBRIEDAD Y/O DROGADICCIÓN,6.0,0,29.0,29.0,29.0,29.0,2,1,1,0,1,0,2