CODIGO_SINIESTRO,FECHA_SINIESTRO,HORA_SINIESTRO,CLASE_SINIESTRO,CANTIDAD_FALLECIDOS,CANTIDAD_LESIONADOS,CANTIDAD_VEHICULOS,DEPARTAMENTO,PROVINCIA,DISTRITO,ZONA,TIPO_VIA,RED_VIAL,COD_CARRETERA,LATITUD,LONGITUD,CONDICION_CLIMATICA,ZONIFICACION,CARACTERISTICAS_VIA,PERFIL_VIA,SUPERFICIE_CALZADA,EXISTE_SENIAL_VERTICAL,CLASIFICACION_SENIAL_VERTICAL_1,CLASIFICACION_SENIAL_VERTICAL_2,EXISTE_SENIAL_HORIZONTAL,CAUSA_FACTOR_PRINCIPAL,CAUSA_ESPECIFICA,HORA,severidad,EDAD_PROMEDIO,EDAD_MEDIANA,EDAD_MIN,EDAD_MAX,TOTAL_MASCULINOS,TOTAL_CONDUCTORES,TOTAL_FALLECIDOS_AGG,TOTAL_LESIONADOS_AGG,TOTAL_LICENCIA,TOTAL_ALCOHOL_POSITIVO,TOTAL_PERSONAS
A-2021-09-256,2021-09-05,11:46,CHOQUE FUGA,1,0,1,PIURA,PIURA,LAS LOMAS,RURAL,CARRETERA,PROVINCIAL,PI-745,-4.7127,-80.1189,DESPEJADO,RURAL,OTRO,PLANA ,ASFALTADA,,,,,EN PROCESO DE INVESTIGACIÓN,NO CUENTA CON CAUSA ESPECIFICA,11.0,0,45.0,45.0,45.0,45.0,1,1,1,0,0,0,2
A-2021-09-249,2021-09-05,14:02,CHOQUE,1,0,2,PASCO,PASCO,TINYAHUARCO,URBANA,CARRETERA,NACIONAL,PE-3N,-10.747063196154816,-76.26107092726097,DESPEJADO,RURAL,CURVA,PLANA ,ASFALTADA,SI,REGULADORA (R),REGULADORA (R),NO,IMPRUDENCIA DEL CONDUCTOR,EXCESO DE VELOCIDAD,14.0,0,64.0,64.0,60.0,68.0,2,2,1,0,1,0,2
A-2021-09-238,2021-09-05,20:00,ATROPELLO FUGA,1,0,1,MOQUEGUA,MARISCAL NIETO,MOQUEGUA,RURAL,AVENIDA,URBANO,NO CORRESPONDE,-17.210203,-70.967377,DESPEJADO,RURAL,TRAMO RECTO,PLANA ,ASFALTADA,,,,,IMPRUDENCIA DEL CONDUCTOR,EXCESO DE VELOCIDAD,20.0,0,60.0,60.0,60.0,60.0,1,0,1,0,0,0,2
A-2021-09-68,2021-09-05,21:55,CHOQUE,1,0,2,LA LIBERTAD,CHEPEN,PACANGA,RURAL,CARRETERA,NACIONAL,PE-1N,-7.131972,-79.472647,DESPEJADO,RURAL,TRAMO RECTO,PLANA ,ASFALTADA,,,,,IMPRUDENCIA DEL CONDUCTOR,CONDUCIR EN ESTADO DE EBRIEDAD Y/O DROGADICCIÓN,21.0,0,47.0,47.0,47.0,47.0,2,2,1,0,1,0,2
A-2021-09-23,2021-09-06,05:00,DESPISTE,2,6,1,TACNA,TACNA,CORONEL GREGORIO ALBARRACIN LANCHIPA,RURAL,OTRO,URBANO,NO CORRESPONDE,-18.111418,-70.264048,LLUVIOSO,RURAL,CURVA,INCLINADA,TROCHA,SI,PREVENTIVA (P),PREVENTIVA (P),NO,IMPRUDENCIA DEL CONDUCTOR,EXCESO DE VELOCIDAD,5.0,1,25.125,27.5,2.0,47.0,5,0,2,6,0,0,9
A-2021-09-16,2021-09-06,10:46,CHOQUE,1,5,2,PUNO,PUNO,PUNO,URBANA,CARRETERA,NACIONAL,PE-3S,-15.82311960038636,-70.03120599505986,DESPEJADO,COMERCIAL,CURVA,INCLINADA,ASFALTADA,NO,,,SI,IMPRUDENCIA DEL CONDUCTOR,CONDUCIR EN ESTADO DE EBRIEDAD Y/O DROGADICCIÓN,10.0,0,21.857142857142858,28.0,0.0,48.0,3,2,1,5,2,0,7
A-2021-09-271,2021-09-06,12:30,CHOQUE,1,1,2,SAN MARTIN,SAN MARTIN,MORALES,RURAL,CARRETERA,NACIONAL,PE-5N,-6.48848,-76.39972,DESPEJADO,RURAL,TRAMO RECTO,PLANA ,ASFALTADA,NO,,,SI,IMPRUDENCIA DEL CONDUCTOR,CONDUCIR EN SENTIDO CONTRARIO,12.0,0,28.333333333333332,23.0,22.0,40.0,2,2,1,1,1,0,3
A-2021-09-57,2021-09-06,18:30,ATROPELLO,1,0,1,CUSCO,CANCHIS,SICUANI,URBANA,CARRETERA,NACIONAL,PE-3S,-14.2199641390098,-71.2897240922569,NUBLADO,RESIDENCIAL,TRAMO RECTO,PLANA ,ASFALTADA,,,,,NEGLIGENCIA DEL CONDUCTOR,OTRO (NEGLIGENCIA DEL CONDUCTOR),18.0,0,52.5,52.5,32.0,73.0,2,1,1,0,1,0,2
A-2021-09-18,2021-09-06,20:30,VOLCADURA,1,1,1,PUNO,PUNO,ACORA,RURAL,CARRETERA,PROVINCIAL,PU-1139,-15.973820414682033,-69.77735634022586,DESPEJADO,RURAL,TRAMO RECTO,PLANA ,TROCHA,,,,,IMPRUDENCIA DEL CONDUCTOR,OTRO (IMPRUDENCIA DEL CONDUCTOR),20.0,0,24.0,24.0,22.0,26.0,1,1,1,1,0,0,2
A-2021-09-244,2021-09-06,22:40,ATROPELLO,1,0,1,CUSCO,CUSCO,SAN SEBASTIAN,URBANA,AVENIDA,URBANO,NO CORRESPONDE,-13.532968255167583,-71.91230902906064,DESPEJADO,COMERCIAL,TRAMO RECTO,PLANA ,ASFALTADA,,,,,IMPRUDENCIA DEL PEATÓN,CRUCE INDEBIDO POR LA CALZADA,22.0,0,40.0,40.0,23.0,57.0,2,1,1,0,1,1,2
A-2021-09-27,2021-09-07,01:10,CHOQUE,1,6,2,ICA,PISCO,SAN CLEMENTE,URBANA,CARRETERA,NACIONAL,PE-1S,-13.676159,-76.15865,DESPEJADO,RURAL,TRAMO RECTO,PLANA ,ASFALTADA,,,,,IMPRUDENCIA DEL CONDUCTOR,OTRO (IMPRUDENCIA DEL CONDUCTOR),1.0,0,39.42857142857143,44.0,17.0,58.0,5,2,1,6,2,0,7
A-2021-09-207,2021-09-07,05:05,CHOQUE CON OBJETO FIJO,1,0,1,AYACUCHO,HUAMANGA,VINCHOS,RURAL,CARRETERA,PROVINCIAL,AY-811,-13.249432,-74.346021,DESPEJADO,RURAL,TRAMO RECTO,PLANA ,ASFALTADA,NO,,,SI,IMPRUDENCIA DEL CONDUCTOR,EXCESO DE VELOCIDAD,5.0,0,72.0,72.0,56.0,88.0,2,1,1,0,1,0,2
A-2021-09-30,2021-09-07,13:00,ATROPELLO,1,0,0,APURIMAC,ANDAHUAYLAS,SAN ANTONIO DE CACHI,URBANA,CARRETERA,PROVINCIAL,AP-728,-13.791937,-73.654092,DESPEJADO,RURAL,TRAMO RECTO,INCLINADA,AFIRMADO,,,,,IMPRUDENCIA DEL PEATÓN,OTRO (IMPRUDENCIA DEL PEATÓN),13.0,0,16.0,16.0,6.0,26.0,2,1,1,0,1,0,2
A-2021-09-122,2021-09-07,14:30,VOLCADURA,1,5,1,CUSCO,LA CONVENCION,ECHARATE,RURAL,CARRETERA,SIN CLASIFICAR,SIN CLASIFICAR,-12.3831,-73.44,DESPEJADO,RURAL,SINUOSA,INCLINADA,AFIRMADO,,,,,IMPRUDENCIA DEL CONDUCTOR,EXCESO DE VELOCIDAD,14.0,0,43.833333333333336,41.0,38.0,56.0,5,1,1,5,1,0,6
A-2021-09-28,2021-09-07,17:40,ATROPELLO,1,0,1,ICA,CHINCHA,TAMBO DE MORA,RURAL,CARRETERA,NACIONAL,PE-1SE,-13.477207,-76.184357,DESPEJADO,RURAL,INTERSECCIÓN,PLANA ,ASFALTADA,,,,,EN PROCESO DE INVESTIGACIÓN,NO CUENTA CON CAUSA ESPECIFICA,17.0,0,40.0,40.0,40.0,40.0,2,1,1,0,1,0,2
A-2021-09-285,2021-09-07,18:00,CHOQUE,1,0,2,AREQUIPA,CARAVELI,YAUCA,RURAL,CARRETERA,NACIONAL,PE-1S,-15.667729172402368,-74.54660298180991,DESPEJADO,RURAL,TRAMO RECTO,PLANA ,ASFALTADA,,,,,EN PROCESO DE INVESTIGACIÓN,NO CUENTA CON CAUSA ESPECIFICA,18.0,0,54.0,54.0,45.0,63.0,2,2,1,0,2,0,2
A-2021-09-189,2021-09-07,18:32,CHOQUE,2,0,2,JUNIN,TARMA,PALCA,RURAL,CARRETERA,NACIONAL,PE-22B,-11.33764144123931,-75.5575597232838,DESPEJADO,RURAL,TRAMO RECTO,PLANA ,ASFALTADA,,,,,EN PROCESO DE INVESTIGACIÓN,NO CUENTA CON CAUSA ESPECIFICA,18.0,1,39.333333333333336,37.0,36.0,45.0,3,2,2,0,1,0,3
A-2021-09-86,2021-09-07,19:16,CHOQUE,1,0,2,PUNO,LAMPA,PUCARA,RURAL,CARRETERA,NACIONAL,PE-3S,-14.976911672207429,-70.4454168107595,DESPEJADO,RURAL,TRAMO RECTO,PLANA ,ASFALTADA,,,,,IMPRUDENCIA DEL CONDUCTOR,CONDUCIR EN SENTIDO CONTRARIO,19.0,0,48.5,48.5,39.0,58.0,2,2,1,0,1,0,2
A-2021-09-29,2021-09-07,21:55,ATROPELLO,1,1,1,ICA,PALPA,LLIPATA,RURAL,CARRETERA,NACIONAL,PE-1S,-14.630707,-75.187448,DESPEJADO,RURAL,TRAMO RECTO,PLANA ,ASFALTADA,,REGULADORA (R),,,EN PROCESO DE INVESTIGACIÓN,NO CUENTA CON CAUSA ESPECIFICA,21.0,0,20.5,20.5,16.0,25.0,2,1,1,1,0,0,2
A-2021-09-234,2021-09-08,07:00,ATROPELLO,1,0,2,JUNIN,YAULI,LA OROYA,RURAL,CARRETERA,NACIONAL,PE-3S,-11.521031,-75.905211,DESPEJADO,RURAL,TRAMO RECTO,PLANA ,ASFALTADA,,,,,IMPRUDENCIA DEL CONDUCTOR,EXCESO DE VELOCIDAD,7.0,0,48.0,48.0,37.0,59.0,1,1,1,0,1,0,2
A-2021-09-107,2021-09-08,18:00,ATROPELLO FUGA,1,0,0,LAMBAYEQUE,CHICLAYO,CHICLAYO,URBANA,CARRETERA,NACIONAL,PE-1N,-6.792049,-79.865118,DESPEJADO,COMERCIAL,TRAMO RECTO,PLANA ,ASFALTADA,,,,,IMPRUDENCIA DEL CONDUCTOR,EXCESO DE VELOCIDAD,18.0,0,74.0,74.0,74.0,74.0,1,0,1,0,0,0,2
A-2021-09-106,2021-09-08,19:00,CHOQUE,1,2,1,LIMA,HUAURA,SAYAN,RURAL,CARRETERA,NACIONAL,PE-1NE,-11.138761819360765,-77.27290781387161,DESPEJADO,RURAL,TRAMO RECTO,PLANA ,ASFALTADA,SI,REGULADORA (R),,NO,IMPRUDENCIA DEL CONDUCTOR,CONDUCIR EN ESTADO DE EBRIEDAD Y/O DROGADICCIÓN,19.0,0,29.666666666666668,23.0,19.0,47.0,2,2,1,2,1,1,3
A-2021-09-87,2021-09-08,20:00,CHOQUE,1,0,2,PUNO,AZANGARO,SAMAN,RURAL,CARRETERA,NACIONAL,PE-34H,-15.30053128987367,-70.02410067448778,DESPEJADO,RURAL,TRAMO RECTO,PLANA ,ASFALTADA,,,,,IMPRUDENCIA DEL CONDUCTOR,EXCESO DE VELOCIDAD,20.0,0,53.5,53.5,50.0,57.0,2,2,1,0,1,0,2
A-2021-09-235,2021-09-08,23:45,CHOQUE,1,0,2,JUNIN,SATIPO,PANGOA,RURAL,CARRETERA,NACIONAL,PE-28C,-11.44894297291743,-74.48510519927761,DESPEJADO,RURAL,TRAMO RECTO,PLANA ,ASFALTADA,,,,,EN PROCESO DE INVESTIGACIÓN,NO CUENTA CON CAUSA ESPECIFICA,23.0,0,37.0,25.0,20.0,66.0,3,2,1,0,1,0,3
A-2021-09-200,2021-09-09,06:30,ATROPELLO FUGA,1,0,1,LIMA,HUARAL,CHANCAY,RURAL,CARRETERA,NACIONAL,PE-1N,-11.457522,-77.321459,DESPEJADO,RURAL,TRAMO RECTO,PLANA ,ASFALTADA,,,,,EN PROCESO DE INVESTIGACIÓN,NO CUENTA CON CAUSA ESPECIFICA,6.0,0,72.0,72.0,72.0,72.0,1,0,1,0,0,0,1
A-2021-09-114,2021-09-09,08:50,ATROPELLO,1,0,0,LIMA,LIMA,EL AGUSTINO,URBANA,AVENIDA,URBANO,NO CORRESPONDE,-12.02910567981228,-76.99168294364385,SOLEADO,COMERCIAL,TRAMO RECTO,PLANA ,ASFALTADA,,,,,IMPRUDENCIA DEL PEATÓN,CRUCE INDEBIDO POR LA CALZADA,8.0,0,68.0,68.0,68.0,68.0,1,1,1,0,0,0,2
A-2021-09-179,2021-09-09,09:30,CHOQUE,1,0,2,CUSCO,CALCA,TARAY,RURAL,CARRETERA,NACIONAL,PE-28G,-13.429176,-71.863166,DESPEJADO,RURAL,TRAMO RECTO,PLANA ,ASFALTADA,,,,,IMPRUDENCIA DEL CONDUCTOR,GIRAR IMPRUDENTEMENTE,9.0,0,46.0,46.0,46.0,46.0,2,2,1,0,2,0,2
A-2021-09-250,2021-09-09,12:00,CHOQUE,1,0,2,JUNIN,CHANCHAMAYO,PERENE,RURAL,CARRETERA,NACIONAL,PE-5S,-10.946973812713598,-75.2221705341921,DESPEJADO,RURAL,TRAMO RECTO,PLANA ,ASFALTADA,,,,,EN PROCESO DE INVESTIGACIÓN,NO CUENTA CON CAUSA ESPECIFICA,12.0,0,61.0,61.0,54.0,68.0,2,2,1,0,0,0,2
A-2021-09-242,2021-09-09,14:10,ATROPELLO,1,0,1,LIMA,BARRANCA,SUPE PUERTO,RURAL,CARRETERA,DEPARTAMENTAL,LM-100,-10.793471,-77.729742,DESPEJADO,RURAL,TRAMO RECTO,INCLINADA,ASFALTADA,,,,,EN PROCESO DE INVESTIGACIÓN,NO CUENTA CON CAUSA ESPECIFICA,14.0,0,57.0,57.0,37.0,77.0,2,1,1,0,0,0,2
A-2021-09-61,2021-09-09,17:20,ATROPELLO,1,0,1,CUSCO,QUISPICANCHI,QUIQUIJANA,RURAL,CARRETERA,SIN CLASIFICAR,SIN CLASIFICAR,-13.760977,-71.5462627,DESPEJADO,RURAL,CURVA,INCLINADA,TROCHA,,,,,NEGLIGENCIA DEL CONDUCTOR,OTRO (NEGLIGENCIA DEL CONDUCTOR),17.0,0,47.0,47.0,26.0,68.0,2,1,1,0,0,0,2
A-2021-09-26,2021-09-09,20:30,CHOQUE,1,0,2,AREQUIPA,AREQUIPA,YURA,URBANA,CARRETERA,DEPARTAMENTAL,AR-123,-16.3818322,-71.6574499,DESPEJADO,INDUSTRIAL,TRAMO RECTO,PLANA ,ASFALTADA,,,,,IMPRUDENCIA DEL CONDUCTOR,FATIGA Y/O CANSANCIO,20.0,0,40.5,40.5,39.0,42.0,1,2,1,0,1,0,2
A-2021-09-183,2021-09-10,06:15,CHOQUE,1,0,2,LIMA,HUAURA,SANTA MARIA,URBANA,AVENIDA,URBANO,NO CORRESPONDE,-11.093827896993163,-77.5840668080741,DESPEJADO,RESIDENCIAL,TRAMO RECTO,PLANA ,ASFALTADA,,,,,IMPRUDENCIA DEL CONDUCTOR,EXCESO DE VELOCIDAD,6.0,0,63.5,63.5,59.0,68.0,2,2,1,0,1,0,2
A-2021-09-286,2021-09-10,19:00,ATROPELLO,1,0,1,JUNIN,JAUJA,LEONOR ORDOÑEZ,RURAL,CARRETERA,NACIONAL,PE-3SB,-11.8742168,-75.4044973,DESPEJADO,RURAL,TRAMO RECTO,PLANA ,ASFALTADA,,,,,IMPRUDENCIA DEL PEATÓN,CRUCE INDEBIDO POR LA CALZADA,19.0,0,55.5,55.5,26.0,85.0,1,1,1,0,1,0,2
A-2021-09-39,2021-09-10,23:30,VOLCADURA,1,0,1,PIURA,PIURA,VEINTISEIS DE OCTUBRE,URBANA,AVENIDA,URBANO,NO CORRESPONDE,-5.1801321,-80.6552988,DESPEJADO,RESIDENCIAL,TRAMO RECTO,INCLINADA,ASFALTADA,SI,PREVENTIVA (P),REGULADORA (R),SI,EN PROCESO DE INVESTIGACIÓN,NO CUENTA CON CAUSA ESPECIFICA,23.0,0,21.0,21.0,21.0,21.0,1,1,1,0,0,0,1
A-2021-09-208,2021-09-11,01:20,ATROPELLO,1,0,1,AYACUCHO,HUAMANGA,VINCHOS,RURAL,CARRETERA,PROVINCIAL,AY-811,-13.253825,-74.341918,NUBLADO,RURAL,TRAMO RECTO,PLANA ,ASFALTADA,NO,,,SI,IMPRUDENCIA DEL CONDUCTOR,EXCESO DE VELOCIDAD,1.0,0,17.0,17.0,8.0,26.0,1,1,1,0,1,0,2
A-2021-09-63,2021-09-11,03:30,DESPISTE,1,1,1,CAJAMARCA,CAJABAMBA,CONDEBAMBA,URBANA,CARRETERA,NACIONAL,PE-3N,-7.585538,-78.133861,DESPEJADO,RESIDENCIAL,TRAMO RECTO,PLANA ,ASFALTADA,NO,,,SI,IMPRUDENCIA DEL CONDUCTOR,INVASIÓN DE CARRIL,3.0,0,43.5,43.5,25.0,62.0,2,1,1,1,1,0,2
A-2021-09-38,2021-09-11,14:15,ATROPELLO,1,0,1,ANCASH,HUARAZ,INDEPENDENCIA,URBANA,CARRETERA,NACIONAL,PE-3N,-9.509058417527417,-77.532194,DESPEJADO,COMERCIAL,TRAMO RECTO,PLANA ,ASFALTADA,,,,,NEGLIGENCIA DEL CONDUCTOR,OTRO (NEGLIGENCIA DEL CONDUCTOR),14.0,0,71.0,71.0,69.0,73.0,1,1,1,0,1,0,2
A-2021-09-40,2021-09-11,15:46,DESPISTE,1,2,1,PUNO,PUNO,PUNO,URBANA,AVENIDA,URBANO,NO CORRESPONDE,-15.87,-69.987,DESPEJADO,COMERCIAL,TRAMO RECTO,PLANA ,ASFALTADA,,,,,IMPRUDENCIA DEL CONDUCTOR,CONDUCIR EN ESTADO DE EBRIEDAD Y/O DROGADICCIÓN,15.0,0,24.333333333333332,22.0,4.0,47.0,2,1,1,2,0,0,3
A-2021-09-118,2021-09-11,17:40,ESPECIAL,1,0,0,LIMA,LIMA,CHACLACAYO,URBANA,CARRETERA,NACIONAL,PE-22,-11.985570801507548,-76.8095719742455,DESPEJADO,RESIDENCIAL,TRAMO RECTO,PLANA ,ASFALTADA,,,,,EN PROCESO DE INVESTIGACIÓN,NO CUENTA CON CAUSA ESPECIFICA,17.0,0,46.0,46.0,41.0,51.0,1,1,1,0,0,0,2
A-2021-09-48,2021-09-11,19:30,CHOQUE,1,2,2,PIURA,MORROPON,LA MATANZA,RURAL,CARRETERA,NACIONAL,PE-02A,-5.240542,-80.089013,DESPEJADO,RURAL,TRAMO RECTO,INCLINADA,ASFALTADA,,,,,EN PROCESO DE INVESTIGACIÓN,NO CUENTA CON CAUSA ESPECIFICA,19.0,0,45.25,41.0,23.0,76.0,4,1,1,2,0,2,4
A-2021-09-276,2021-09-12,05:00,CHOQUE,1,0,2,CAJAMARCA,JAEN,BELLAVISTA,URBANA,CARRETERA,PROVINCIAL,CA-744,-5.665039781651673,-78.6812549418639,DESPEJADO,RESIDENCIAL,TRAMO RECTO,PLANA ,ASFALTADA,,,,,EN PROCESO DE INVESTIGACIÓN,NO CUENTA CON CAUSA ESPECIFICA,5.0,0,32.0,32.0,26.0,38.0,2,2,1,0,1,0,2
A-2021-09-163,2021-09-12,12:30,FERROVIARIO,1,0,1,CUSCO,ANTA,ANTA,RURAL,CARRETERA,DEPARTAMENTAL,CU-110,-13.455011,-72.189688,DESPEJADO,RURAL,OTRO,PLANA ,CASCAJO/RIPIO,,,,,IMPRUDENCIA DEL PEATÓN,OTRO (IMPRUDENCIA DEL PEATÓN),12.0,0,26.0,26.0,5.0,47.0,2,1,1,0,1,0,2
A-2021-09-41,2021-09-12,16:40,CHOQUE,1,10,2,PUNO,PUNO,PUNO,URBANA,AVENIDA,URBANO,NO CORRESPONDE,-15.851551,-70.015947,DESPEJADO,COMERCIAL,TRAMO RECTO,PLANA ,ASFALTADA,NO,,,SI,IMPRUDENCIA DEL CONDUCTOR,CONDUCIR EN ESTADO DE EBRIEDAD Y/O DROGADICCIÓN,16.0,0,20.75,24.0,0.0,70.0,6,2,1,10,2,0,13
A-2021-09-119,2021-09-12,19:58,CHOQUE,1,0,0,LIMA,LIMA,VILLA EL SALVADOR,URBANA,AVENIDA,URBANO,NO CORRESPONDE,-12.19284986799084,-76.96236713957965,DESPEJADO,RESIDENCIAL,TRAMO RECTO,PLANA ,ASFALTADA,,,,,IMPRUDENCIA DEL CONDUCTOR,OTRO (IMPRUDENCIA DEL CONDUCTOR),19.0,0,28.0,28.0,28.0,28.0,2,2,1,0,0,0,2
A-2021-09-59,2021-09-12,22:00,CHOQUE,1,1,2,CUSCO,URUBAMBA,YUCAY,RURAL,CARRETERA,NACIONAL,PE-28B,-13.330792,-72.071909,SOLEADO,RURAL,TRAMO RECTO,PLANA ,ASFALTADA,,,,,IMPRUDENCIA DEL CONDUCTOR,INVASIÓN DE CARRIL,22.0,0,35.0,27.0,21.0,57.0,3,2,1,1,1,0,3
A-2021-09-209,2021-09-13,01:40,DESPISTE,1,1,1,AYACUCHO,PAUCAR DEL SARA SARA,PAUSA,RURAL,CARRETERA,PROVINCIAL,AY-1251,-15.367685,-73.29724,DESPEJADO,RURAL,CURVA,INCLINADA,AFIRMADO,,,,,IMPRUDENCIA DEL CONDUCTOR,CONDUCIR EN ESTADO DE EBRIEDAD Y/O DROGADICCIÓN,1.0,0,54.5,54.5,33.0,76.0,2,1,1,1,0,1,2
A-2021-09-69,2021-09-13,02:00,CHOQUE,2,0,2,LA LIBERTAD,PACASMAYO,GUADALUPE,RURAL,CARRETERA,NACIONAL,PE-1N,-7.323069,-79.481149,DESPEJADO,RURAL,TRAMO RECTO,PLANA ,ASFALTADA,,,,,EN PROCESO DE INVESTIGACIÓN,NO CUENTA CON CAUSA ESPECIFICA,2.0,1,38.0,38.0,38.0,38.0,2,2,2,0,1,0,3
A-2021-09-42,2021-09-13,04:00,ATROPELLO FUGA,1,0,0,AREQUIPA,AREQUIPA,JOSE LUIS BUSTAMANTE Y RIVERO,URBANA,CARRETERA,NACIONAL,PE-34C,-16.425485761082975,-71.53318932425682,DESPEJADO,COMERCIAL,TRAMO RECTO,PLANA ,ASFALTADA,,,,,IMPRUDENCIA DEL CONDUCTOR,EXCESO DE VELOCIDAD,4.0,0,56.0,56.0,56.0,56.0,1,0,1,0,0,0,1
A-2021-09-196,2021-09-13,09:40,CHOQUE,1,0,1,PUNO,SAN ROMAN,JULIACA,URBANA,CARRETERA,NACIONAL,PE-3S,-15.495436,-70.120294,DESPEJADO,COMERCIAL,TRAMO RECTO,PLANA ,ASFALTADA,,,,,IMPRUDENCIA DEL CONDUCTOR,EXCESO DE VELOCIDAD,9.0,0,54.0,54.0,38.0,70.0,2,2,1,0,1,0,2
A-2021-09-100,2021-09-13,10:10,ATROPELLO,1,0,0,PUNO,LAMPA,LAMPA,RURAL,CARRETERA,DEPARTAMENTAL,PU-123,-15.410127983519631,-70.36522252959625,DESPEJADO,RURAL,TRAMO RECTO,PLANA ,CONCRETO,,,,,NEGLIGENCIA DEL CONDUCTOR,OTRO (NEGLIGENCIA DEL CONDUCTOR),10.0,0,26.0,26.0,8.0,44.0,2,1,1,0,1,0,2
A-2021-09-199,2021-09-13,12:00,CHOQUE,1,4,2,LIMA,HUAURA,PACCHO,RURAL,CARRETERA,NACIONAL,PE-18,-10.913021559228133,-77.00273990850796,DESPEJADO,RURAL,CURVA,INCLINADA,ASFALTADA,,,,,IMPRUDENCIA DEL CONDUCTOR,INVASIÓN DE CARRIL,12.0,0,42.833333333333336,39.0,33.0,67.0,4,2,1,4,2,0,6
A-2021-09-255,2021-09-13,13:00,DESPISTE,1,0,1,JUNIN,CHANCHAMAYO,CHANCHAMAYO,RURAL,CARRETERA,NACIONAL,PE-22B,-11.022674418229409,-75.31631646869266,DESPEJADO,RURAL,TRAMO RECTO,PLANA ,ASFALTADA,,,,,EN PROCESO DE INVESTIGACIÓN,NO CUENTA CON CAUSA ESPECIFICA,13.0,0,38.0,38.0,38.0,38.0,1,1,1,0,1,0,1
A-2021-09-77,2021-09-13,18:50,ATROPELLO,1,2,1,AREQUIPA,AREQUIPA,YURA,URBANA,CARRETERA,DEPARTAMENTAL,AR-123,-16.3672817,-71.6395677,DESPEJADO,RESIDENCIAL,TRAMO RECTO,PLANA ,ASFALTADA,,,,,IMPRUDENCIA DEL CONDUCTOR,EXCESO DE VELOCIDAD,18.0,0,38.333333333333336,29.0,24.0,62.0,1,1,1,2,1,0,3
A-2021-09-239,2021-09-13,22:30,CHOQUE,1,0,2,MOQUEGUA,ILO,ILO,URBANA,CARRETERA,NACIONAL,PE-1SD,-17.64352615684302,-71.3391691409166,DESPEJADO,COMERCIAL,TRAMO RECTO,INCLINADA,ASFALTADA,SI,REGULADORA (R),REGULADORA (R),SI,IMPRUDENCIA DEL CONDUCTOR,OTRO (IMPRUDENCIA DEL CONDUCTOR),22.0,0,31.5,31.5,24.0,39.0,2,2,1,0,1,0,2
A-2021-09-49,2021-09-13,22:30,ATROPELLO FUGA,1,0,0,PIURA,MORROPON,CHULUCANAS,RURAL,CARRETERA,NACIONAL,PE-1NS,-5.139167,-80.173203,DESPEJADO,RURAL,TRAMO RECTO,PLANA ,ASFALTADA,,,,,EN PROCESO DE INVESTIGACIÓN,NO CUENTA CON CAUSA ESPECIFICA,22.0,0,46.0,46.0,46.0,46.0,1,0,1,0,0,1,1
A-2021-09-78,2021-09-14,05:25,CHOQUE,1,2,2,AREQUIPA,CAYLLOMA,SAN ANTONIO DE CHUCA,RURAL,CARRETERA,NACIONAL,PE-34A,-15.7617292,-70.9896114,DESPEJADO,RURAL,CURVA,INCLINADA,ASFALTADA,SI,PREVENTIVA (P),PREVENTIVA (P),SI,IMPRUDENCIA DEL CONDUCTOR,INVASIÓN DE CARRIL,5.0,0,60.0,58.5,35.0,88.0,3,2,1,2,1,0,4
A-2021-09-268,2021-09-14,09:00,CHOQUE,1,0,0,APURIMAC,COTABAMBAS,CHALLHUAHUACHO,RURAL,CARRETERA,NACIONAL,PE-3SF,-14.143804300351665,-72.30288533023071,,,,,,,,,,EN PROCESO DE INVESTIGACIÓN,NO CUENTA CON CAUSA ESPECIFICA,9.0,0,44.0,44.0,44.0,44.0,2,2,1,0,0,0,2
A-2021-09-130,2021-09-14,14:00,DESPISTE,1,0,1,LA LIBERTAD,SANTIAGO DE CHUCO,CACHICADAN,RURAL,CARRETERA,PROVINCIAL,LI-939,-8.039117,-78.09946,DESPEJADO,RURAL,TRAMO RECTO,PLANA ,TROCHA,,,,,EN PROCESO DE INVESTIGACIÓN,NO CUENTA CON CAUSA ESPECIFICA,14.0,0,38.0,38.0,38.0,38.0,1,1,1,0,1,0,1
A-2021-09-206,2021-09-14,14:45,CHOQUE,1,0,2,JUNIN,JAUJA,SAN LORENZO,RURAL,CARRETERA,NACIONAL,PE-3S,-11.845242,-75.386895,DESPEJADO,RESIDENCIAL,TRAMO RECTO,PLANA ,ASFALTADA,SI,PREVENTIVA (P),PREVENTIVA (P),NO,IMPRUDENCIA DEL CONDUCTOR,CONDUCIR EN ESTADO DE EBRIEDAD Y/O DROGADICCIÓN,14.0,0,44.5,44.5,24.0,65.0,2,2,1,0,1,0,2
A-2021-09-84,2021-09-14,19:30,CHOQUE,1,0,2,LA LIBERTAD,TRUJILLO,FLORENCIA DE MORA,URBANA,CALLE,URBANO,NO CORRESPONDE,-8.08727,-79.026687,DESPEJADO,COMERCIAL,INTERSECCIÓN,PLANA ,ASFALTADA,,,,,IMPRUDENCIA DEL CONDUCTOR,NO ESTABLECER EL DERECHO DE PASO,19.0,0,23.0,23.0,19.0,27.0,2,2,1,0,1,0,2
A-2021-09-121,2021-09-14,21:00,DESPISTE,1,0,0,LIMA,LIMA,LOS OLIVOS,URBANA,CARRETERA,NACIONAL,PE-1N,-11.9661888,-77.0678143,DESPEJADO,RESIDENCIAL,TRAMO RECTO,PLANA ,ASFALTADA,,,,,EN PROCESO DE INVESTIGACIÓN,NO CUENTA CON CAUSA ESPECIFICA,21.0,0,,,,,1,1,1,0,0,0,1