CODIGO_SINIESTRO,FECHA_SINIESTRO,HORA_SINIESTRO,CLASE_SINIESTRO,CANTIDAD_FALLECIDOS,CANTIDAD_LESIONADOS,CANTIDAD_VEHICULOS,DEPARTAMENTO,PROVINCIA,DISTRITO,ZONA,TIPO_VIA,RED_VIAL,COD_CARRETERA,LATITUD,LONGITUD,CONDICION_CLIMATICA,ZONIFICACION,CARACTERISTICAS_VIA,PERFIL_VIA,SUPERFICIE_CALZADA,EXISTE_SENIAL_VERTICAL,CLASIFICACION_SENIAL_VERTICAL_1,CLASIFICACION_SENIAL_VERTICAL_2,EXISTE_SENIAL_HORIZONTAL,CAUSA_FACTOR_PRINCIPAL,CAUSA_ESPECIFICA,HORA,severidad,EDAD_PROMEDIO,EDAD_MEDIANA,EDAD_MIN,EDAD_MAX,TOTAL_MASCULINOS,TOTAL_CONDUCTORES,TOTAL_FALLECIDOS_AGG,TOTAL_LESIONADOS_AGG,TOTAL_LICENCIA,TOTAL_ALCOHOL_POSITIVO,TOTAL_PERSONAS
A-2021-09-186,2021-09-24,17:40,ATROPELLO,1,0,0,PUNO,MELGAR,NUÑOA,URBANA,JIRÓN,URBANO,NO CORRESPONDE,-14.477117992542915,-70.63612282597065,DESPEJADO,RESIDENCIAL,INTERSECCIÓN,PLANA ,ASFALTADA,,,,,IMPRUDENCIA DEL PEATÓN,OTRO (IMPRUDENCIA DEL PEATÓN),17.0,0,22.0,22.0,1.0,43.0,2,1,1,0,1,0,2
A-2021-09-257,2021-09-24,18:00,CHOQUE,1,0,2,PIURA,AYABACA,SUYO,RURAL,CARRETERA,NACIONAL,PE-1NL,-4.5517,-80.0963,DESPEJADO,RURAL,TRAMO RECTO,PLANA ,ASFALTADA,,,,,EN PROCESO DE INVESTIGACIÓN,NO CUENTA CON CAUSA ESPECIFICA,18.0,0,44.5,44.5,24.0,65.0,2,2,1,0,1,0,2
A-2021-09-120,2021-09-24,18:25,CHOQUE,1,0,2,SAN MARTIN,MOYOBAMBA,CALZADA,RURAL,CARRETERA,NACIONAL,PE-5N,-6.03501466,-77.11573144,DESPEJADO,RURAL,TRAMO RECTO,PLANA ,ASFALTADA,,,,,EN PROCESO DE INVESTIGACIÓN,NO CUENTA CON CAUSA ESPECIFICA,18.0,0,48.5,48.5,38.0,59.0,2,2,1,0,1,0,2
A-2021-09-98,2021-09-24,21:30,CHOQUE,1,3,2,ICA,ICA,SANTIAGO,RURAL,CARRETERA,NACIONAL,PE-1S,-14.144087162902592,-75.7160197317997,DESPEJADO,RURAL,TRAMO RECTO,PLANA ,ASFALTADA,SI,PREVENTIVA (P),,NO,IMPRUDENCIA DEL CONDUCTOR,OTRO (IMPRUDENCIA DEL CONDUCTOR),21.0,0,38.5,38.0,33.0,45.0,4,2,1,3,1,0,4
A-2021-09-215,2021-09-25,00:10,CHOQUE,1,0,2,LAMBAYEQUE,CHICLAYO,PICSI,RURAL,CARRETERA,DEPARTAMENTAL,LA-111,-6.7052155,-79.7744233,DESPEJADO,RURAL,TRAMO RECTO,PLANA ,ASFALTADA,,,,,EN PROCESO DE INVESTIGACIÓN,NO CUENTA CON CAUSA ESPECIFICA,0.0,0,50.5,50.5,45.0,56.0,2,2,1,0,1,0,2
A-2021-09-267,2021-09-25,03:00,DESPISTE,1,0,1,CAJAMARCA,JAEN,COLASAY,RURAL,CARRETERA,PROVINCIAL,CA-672,-5.973568925257869,-79.06261677102088,DESPEJADO,RURAL,TRAMO RECTO,INCLINADA,TROCHA,,,,,EN PROCESO DE INVESTIGACIÓN,NO CUENTA CON CAUSA ESPECIFICA,3.0,0,47.0,47.0,47.0,47.0,1,1,1,0,0,0,1
A-2021-09-229,2021-09-25,05:45,CHOQUE,1,0,2,LAMBAYEQUE,LAMBAYEQUE,MORROPE,RURAL,CARRETERA,NACIONAL,PE-1N,-6.525331,-80.0401517,DESPEJADO,RURAL,TRAMO RECTO,INCLINADA,TROCHA,,,,,EN PROCESO DE INVESTIGACIÓN,NO CUENTA CON CAUSA ESPECIFICA,5.0,0,50.0,50.0,45.0,55.0,2,2,1,0,2,0,2
A-2021-09-154,2021-09-25,06:00,DESPISTE,1,0,0,LIMA,LIMA,LIMA,URBANA,AVENIDA,URBANO,NO CORRESPONDE,-12.050135,-77.077167,SOLEADO,RESIDENCIAL,TRAMO RECTO,PLANA ,ASFALTADA,,,,,EN PROCESO DE INVESTIGACIÓN,NO CUENTA CON CAUSA ESPECIFICA,6.0,0,,,,,1,1,1,0,0,0,1
A-2021-09-97,2021-09-25,09:30,DESPISTE,1,0,1,CAJAMARCA,SAN MARCOS,PEDRO GALVEZ,RURAL,CARRETERA,SIN CLASIFICAR,SIN CLASIFICAR,-7.281821437921813,-78.08243567466137,DESPEJADO,RURAL,TRAMO RECTO,PLANA ,AFIRMADO,,,,,IMPRUDENCIA DEL CONDUCTOR,OTRO (IMPRUDENCIA DEL CONDUCTOR),9.0,0,16.0,16.0,16.0,16.0,0,1,1,0,0,0,1
A-2021-09-140,2021-09-25,10:00,CHOQUE,1,0,2,LA LIBERTAD,VIRU,CHAO,RURAL,CARRETERA,NACIONAL,PE-1N,-8.53713,-78.679147,DESPEJADO,RURAL,TRAMO RECTO,PLANA ,ASFALTADA,,,,,IMPRUDENCIA DEL CONDUCTOR,NO ESTABLECER EL DERECHO DE PASO,10.0,0,27.5,27.5,25.0,30.0,2,2,1,0,1,0,2
A-2021-09-211,2021-09-25,11:40,CHOQUE,1,0,2,LAMBAYEQUE,LAMBAYEQUE,MOCHUMI,RURAL,CARRETERA,NACIONAL,PE-1NJ,-6.532391,-79.865197,SOLEADO,RURAL,TRAMO RECTO,PLANA ,ASFALTADA,,,,,EN PROCESO DE INVESTIGACIÓN,NO CUENTA CON CAUSA ESPECIFICA,11.0,0,68.0,68.0,64.0,72.0,2,2,1,0,0,0,2
A-2021-09-111,2021-09-25,15:26,VOLCADURA,1,0,2,AREQUIPA,AREQUIPA,UCHUMAYO,RURAL,CARRETERA,DEPARTAMENTAL,AR-115,-16.4874134,-71.6235753,SOLEADO,RURAL,CURVA,INCLINADA,ASFALTADA,NO,,,SI,EN PROCESO DE INVESTIGACIÓN,NO CUENTA CON CAUSA ESPECIFICA,15.0,0,34.0,34.0,32.0,36.0,2,2,1,0,2,0,2
A-2021-09-246,2021-09-25,19:30,CHOQUE,1,0,2,JUNIN,JAUJA,JAUJA,RURAL,CARRETERA,NACIONAL,PE-3SA,-11.778941,-75.483473,DESPEJADO,RURAL,INTERSECCIÓN,PLANA ,ASFALTADA,,,,,IMPRUDENCIA DEL CONDUCTOR,CONDUCIR EN ESTADO DE EBRIEDAD Y/O DROGADICCIÓN,19.0,0,55.0,55.0,42.0,68.0,2,2,1,0,1,1,2
A-2021-09-258,2021-09-25,20:30,DESPISTE,1,0,1,PIURA,PAITA,PAITA,URBANA,CARRETERA,DEPARTAMENTAL,PI-103,-5.101015131741215,-81.10908325865849,DESPEJADO,RURAL,TRAMO RECTO,PLANA ,ASFALTADA,SI,PREVENTIVA (P),REGULADORA (R),NO,EN PROCESO DE INVESTIGACIÓN,NO CUENTA CON CAUSA ESPECIFICA,20.0,0,55.0,55.0,55.0,55.0,1,1,1,0,1,0,1
A-2021-09-182,2021-09-25,23:00,ATROPELLO,1,3,1,PIURA,SECHURA,SECHURA,URBANA,CARRETERA,PROVINCIAL,PI-1058,-5.563217,-80.811242,DESPEJADO,RESIDENCIAL,TRAMO RECTO,PLANA ,ASFALTADA,NO,,,SI,EN PROCESO DE INVESTIGACIÓN,NO CUENTA CON CAUSA ESPECIFICA,23.0,0,18.6,11.0,3.0,39.0,2,1,1,3,0,0,5
A-2021-09-99,2021-09-26,00:50,VOLCADURA,1,3,1,ICA,NASCA,MARCONA,RURAL,CARRETERA,SIN CLASIFICAR,SIN CLASIFICAR,-15.3975951,-75.142132,NUBLADO,RURAL,OTRO,PLANA ,TROCHA,,,,,IMPRUDENCIA DEL CONDUCTOR,CONDUCIR EN ESTADO DE EBRIEDAD Y/O DROGADICCIÓN,0.0,0,39.0,36.0,31.0,53.0,2,1,1,3,1,1,4
A-2021-09-142,2021-09-26,15:40,ATROPELLO,1,0,1,LA LIBERTAD,TRUJILLO,TRUJILLO,URBANA,AVENIDA,URBANO,NO CORRESPONDE,-8.092923,-79.017566,DESPEJADO,COMERCIAL,TRAMO RECTO,PLANA ,ASFALTADA,,,,,EN PROCESO DE INVESTIGACIÓN,NO CUENTA CON CAUSA ESPECIFICA,15.0,0,11.5,11.5,2.0,21.0,2,1,1,0,1,0,2
A-2021-09-169,2021-09-26,16:30,DESPISTE,1,6,1,CUSCO,CHUMBIVILCAS,VELILLE,RURAL,CARRETERA,NACIONAL,PE-3SW,-14.618753,-71.740671,DESPEJADO,RURAL,SINUOSA,INCLINADA,ASFALTADA,,,,,IMPRUDENCIA DEL CONDUCTOR,EXCESO DE VELOCIDAD,16.0,0,32.57142857142857,31.0,13.0,61.0,2,1,1,6,1,0,7
A-2021-09-141,2021-09-26,19:30,DESPISTE,1,11,1,SAN MARTIN,MOYOBAMBA,MOYOBAMBA,RURAL,CARRETERA,DEPARTAMENTAL,SM-100,-6.049048,-76.956868,DESPEJADO,RURAL,CURVA,INCLINADA,CASCAJO/RIPIO,,,,,EN PROCESO DE INVESTIGACIÓN,NO CUENTA CON CAUSA ESPECIFICA,19.0,0,28.923076923076923,28.0,2.0,59.0,2,1,1,11,1,0,13
A-2021-09-105,2021-09-26,21:00,ATROPELLO FUGA,1,0,0,AREQUIPA,AREQUIPA,SACHACA,URBANA,AVENIDA,URBANO,NO CORRESPONDE,-16.4173344,-71.5834855,DESPEJADO,RESIDENCIAL,TRAMO RECTO,PLANA ,ASFALTADA,,,,,EN PROCESO DE INVESTIGACIÓN,NO CUENTA CON CAUSA ESPECIFICA,21.0,0,34.0,34.0,34.0,34.0,1,0,1,0,0,0,1
A-2021-09-115,2021-09-27,03:00,VOLCADURA,1,0,1,TUMBES,ZARUMILLA,MATAPALO,RURAL,CARRETERA,PROVINCIAL,TU-524,-3.691311302438237,-80.26531396462646,DESPEJADO,RURAL,TRAMO RECTO,INCLINADA,TROCHA,,,,,IMPRUDENCIA DEL CONDUCTOR,CONDUCIR EN ESTADO DE EBRIEDAD Y/O DROGADICCIÓN,3.0,0,16.0,16.0,16.0,16.0,1,1,1,0,0,0,1
A-2021-09-248,2021-09-27,03:20,DESPISTE,1,0,1,JUNIN,HUANCAYO,HUANCAYO,URBANA,AVENIDA,URBANO,NO CORRESPONDE,-12.06235,-75.20229,DESPEJADO,COMERCIAL,INTERSECCIÓN,PLANA ,ASFALTADA,,,,,IMPRUDENCIA DEL CONDUCTOR,CONDUCIR EN ESTADO DE EBRIEDAD Y/O DROGADICCIÓN,3.0,0,27.0,27.0,27.0,27.0,1,1,1,0,1,0,1
A-2021-09-181,2021-09-27,04:30,DESPISTE,1,1,1,CUSCO,CANCHIS,CHECACUPE,RURAL,CARRETERA,NACIONAL,PE-3S,-13.9934193,-71.4626391,DESPEJADO,RURAL,TRAMO RECTO,PLANA ,ASFALTADA,,,,,IMPRUDENCIA DEL CONDUCTOR,EXCESO DE VELOCIDAD,4.0,0,35.0,35.0,28.0,42.0,2,1,1,1,0,0,2
A-2021-09-247,2021-09-27,05:11,DESPISTE,4,2,0,JUNIN,JAUJA,LLOCLLAPAMPA,RURAL,CARRETERA,NACIONAL,PE-3S,-11.783232,-75.575759,DESPEJADO,RURAL,CURVA,PLANA ,ASFALTADA,,,,,IMPRUDENCIA DEL CONDUCTOR,EXCESO DE VELOCIDAD,5.0,2,24.666666666666668,27.0,6.0,34.0,5,1,4,2,0,0,6
A-2021-09-108,2021-09-27,06:35,CHOQUE,3,3,2,AREQUIPA,AREQUIPA,LA JOYA,RURAL,CARRETERA,NACIONAL,PE-1S,-16.510706,-71.8120445,DESPEJADO,RURAL,TRAMO RECTO,PLANA ,ASFALTADA,SI,REGULADORA (R),REGULADORA (R),NO,IMPRUDENCIA DEL CONDUCTOR,INVASIÓN DE CARRIL,6.0,2,26.5,26.5,23.0,30.0,4,2,3,3,2,0,7
A-2021-09-161,2021-09-27,11:00,DESPISTE,1,1,1,ANCASH,POMABAMBA,PAROBAMBA,RURAL,CARRETERA,PROVINCIAL,AN-585,-8.69607135915343,-77.43129672288616,DESPEJADO,RURAL,CURVA,INCLINADA,AFIRMADO,,,,,NEGLIGENCIA DEL CONDUCTOR,OTRO (NEGLIGENCIA DEL CONDUCTOR),11.0,0,48.0,48.0,47.0,49.0,2,1,1,1,1,0,2
A-2021-09-216,2021-09-27,15:00,CHOQUE FUGA,1,3,1,LAMBAYEQUE,LAMBAYEQUE,OLMOS,RURAL,CARRETERA,NACIONAL,PE-1NJ,-5.9627901,-79.7535165,DESPEJADO,RURAL,TRAMO RECTO,PLANA ,ASFALTADA,,,,,EN PROCESO DE INVESTIGACIÓN,NO CUENTA CON CAUSA ESPECIFICA,15.0,0,28.75,29.0,17.0,40.0,2,1,1,3,0,0,5
A-2021-09-156,2021-09-27,18:00,ATROPELLO,1,0,0,LIMA,LIMA,LURIN,URBANA,AVENIDA,URBANO,NO CORRESPONDE,-12.277608,-76.869489,NUBLADO,COMERCIAL,TRAMO RECTO,PLANA ,ASFALTADA,,,,,EN PROCESO DE INVESTIGACIÓN,NO CUENTA CON CAUSA ESPECIFICA,18.0,0,16.0,16.0,0.0,32.0,2,1,1,0,0,0,2
A-2021-09-155,2021-09-27,20:30,ATROPELLO,1,0,0,LIMA,LIMA,BREÑA,URBANA,AVENIDA,URBANO,NO CORRESPONDE,-12.068307746191367,-77.048367843082,DESPEJADO,COMERCIAL,TRAMO RECTO,PLANA ,ASFALTADA,,,,,EN PROCESO DE INVESTIGACIÓN,NO CUENTA CON CAUSA ESPECIFICA,20.0,0,64.0,64.0,60.0,68.0,1,1,1,0,0,0,2
A-2021-09-236,2021-09-28,09:20,DESPISTE,3,3,1,AYACUCHO,LA MAR,CHUNGUI,RURAL,CARRETERA,DEPARTAMENTAL,AY-102,-13.221061,-73.629836,LLUVIOSO,RURAL,CURVA,INCLINADA,TROCHA,,,,,EN PROCESO DE INVESTIGACIÓN,NO CUENTA CON CAUSA ESPECIFICA,9.0,2,34.166666666666664,31.0,5.0,79.0,6,1,3,3,1,0,6
A-2021-09-177,2021-09-28,10:46,ATROPELLO,1,0,0,LORETO,MAYNAS,IQUITOS,URBANA,CALLE,URBANO,NO CORRESPONDE,-3.755339670284915,-73.27128319823574,SOLEADO,COMERCIAL,INTERSECCIÓN,PLANA ,ASFALTADA,,,,,EN PROCESO DE INVESTIGACIÓN,NO CUENTA CON CAUSA ESPECIFICA,10.0,0,41.0,41.0,40.0,42.0,2,1,1,0,1,0,2
A-2021-09-205,2021-09-29,02:30,CHOQUE,1,2,0,PIURA,PIURA,VEINTISEIS DE OCTUBRE,URBANA,CARRETERA,NACIONAL,PE-02,-5.178513,-80.666801,,,,,,,,,,EN PROCESO DE INVESTIGACIÓN,NO CUENTA CON CAUSA ESPECIFICA,2.0,0,35.75,30.5,27.0,55.0,4,2,1,2,0,0,4
A-2021-09-233,2021-09-29,05:30,CHOQUE,1,0,3,PUNO,MOHO,MOHO,RURAL,CARRETERA,NACIONAL,PE-34I,-15.3149803,-69.5636829,DESPEJADO,RURAL,TRAMO RECTO,PLANA ,ASFALTADA,,,,,IMPRUDENCIA DEL CONDUCTOR,EXCESO DE VELOCIDAD,5.0,0,28.0,28.0,28.0,28.0,1,1,1,0,0,0,3
A-2021-09-222,2021-09-29,09:30,ATROPELLO,1,0,0,LIMA,LIMA,SAN JUAN DE LURIGANCHO,URBANA,AVENIDA,URBANO,NO CORRESPONDE,-11.936900367759373,-76.97113212187342,SOLEADO,RESIDENCIAL,INTERSECCIÓN,PLANA ,ASFALTADA,,,,,IMPRUDENCIA DEL CONDUCTOR,OTRO (IMPRUDENCIA DEL CONDUCTOR),9.0,0,69.0,69.0,69.0,69.0,2,1,1,0,0,0,2
A-2021-09-217,2021-09-29,10:30,DESPISTE,1,0,1,JUNIN,JAUJA,PARCO,RURAL,CALLE,URBANO,NO CORRESPONDE,-11.820974,-75.507486,DESPEJADO,RURAL,PASE A DESNIVEL,INCLINADA,TROCHA,,,,,IMPRUDENCIA DEL CONDUCTOR,OTRO (IMPRUDENCIA DEL CONDUCTOR),10.0,0,38.0,38.0,25.0,51.0,1,1,1,0,1,0,2
A-2021-09-224,2021-09-29,12:00,ATROPELLO,1,0,0,LIMA,LIMA,LIMA,URBANA,AVENIDA,URBANO,NO CORRESPONDE,-12.062737737424804,-77.04355287372726,SOLEADO,COMERCIAL,TRAMO RECTO,PLANA ,ASFALTADA,,,,,EN PROCESO DE INVESTIGACIÓN,NO CUENTA CON CAUSA ESPECIFICA,12.0,0,49.5,49.5,41.0,58.0,1,1,1,0,0,0,2
A-2021-09-265,2021-09-29,15:06,CHOQUE,1,0,2,CAJAMARCA,JAEN,JAEN,URBANA,OTRO,URBANO,NO CORRESPONDE,-5.703239,-78.807528,DESPEJADO,RESIDENCIAL,INTERSECCIÓN,PLANA ,CONCRETO,,,,,EN PROCESO DE INVESTIGACIÓN,NO CUENTA CON CAUSA ESPECIFICA,15.0,0,16.5,16.5,16.0,17.0,1,2,1,0,0,0,2
A-2021-09-223,2021-09-29,20:00,CHOQUE,1,0,0,LIMA,LIMA,LURIN,URBANA,AVENIDA,URBANO,NO CORRESPONDE,-12.275765644225062,-76.87090862740266,SOLEADO,COMERCIAL,TRAMO RECTO,PLANA ,ASFALTADA,,,,,EN PROCESO DE INVESTIGACIÓN,NO CUENTA CON CAUSA ESPECIFICA,20.0,0,40.5,40.5,34.0,47.0,2,2,1,0,0,0,2
A-2021-09-226,2021-09-30,00:48,CHOQUE CON OBJETO FIJO,1,1,1,LIMA,LIMA,COMAS,URBANA,AVENIDA,URBANO,NO CORRESPONDE,-11.951160927516437,-77.05056302644783,DESPEJADO,ESCOLAR,TRAMO RECTO,PLANA ,ASFALTADA,,,,,EN PROCESO DE INVESTIGACIÓN,NO CUENTA CON CAUSA ESPECIFICA,0.0,0,34.0,34.0,34.0,34.0,2,1,1,1,0,0,2
A-2021-09-237,2021-09-30,05:00,DESPISTE,1,3,1,AYACUCHO,LA MAR,CHUNGUI,RURAL,CARRETERA,DEPARTAMENTAL,AY-102,-13.216081,-73.634727,DESPEJADO,RURAL,CURVA,INCLINADA,ASFALTADA,,,,,IMPRUDENCIA DEL CONDUCTOR,EXCESO DE VELOCIDAD,5.0,0,33.75,31.0,17.0,56.0,2,1,1,3,1,0,4
A-2021-09-275,2021-09-30,06:00,VOLCADURA,1,0,1,SAN MARTIN,PICOTA,SAN HILARION,RURAL,CARRETERA,NACIONAL,PE-5N,-6.99929,-76.44187,DESPEJADO,RURAL,TRAMO RECTO,PLANA ,ASFALTADA,NO,,,SI,IMPRUDENCIA DEL CONDUCTOR,CONDUCIR EN ESTADO DE EBRIEDAD Y/O DROGADICCIÓN,6.0,0,18.0,18.0,18.0,18.0,1,1,1,0,0,1,1
A-2021-09-213,2021-09-30,11:20,CHOQUE,1,3,2,CAJAMARCA,CONTUMAZA,YONAN,RURAL,CARRETERA,NACIONAL,PE-08,-7.23926398,-79.22229602,SOLEADO,RURAL,TRAMO RECTO,PLANA ,AFIRMADO,NO,,,NO,IMPRUDENCIA DEL CONDUCTOR,INVASIÓN DE CARRIL,11.0,0,48.0,44.5,9.0,100.0,3,2,1,3,2,1,6
A-2021-09-230,2021-09-30,18:45,CHOQUE,1,0,2,PUNO,LAMPA,CALAPUJA,RURAL,CARRETERA,NACIONAL,PE-3S,-15.3458064,-70.1807105,DESPEJADO,RURAL,TRAMO RECTO,PLANA ,ASFALTADA,,,,,IMPRUDENCIA DEL CONDUCTOR,CONDUCIR EN SENTIDO CONTRARIO,18.0,0,40.0,40.0,34.0,46.0,2,2,1,0,2,0,2
A-2021-09-227,2021-09-30,21:00,ATROPELLO,1,0,1,PUNO,SAN ROMAN,JULIACA,URBANA,CARRETERA,NACIONAL,PE-3S,-15.4634461,-70.1389322,DESPEJADO,RURAL,TRAMO RECTO,PLANA ,ASFALTADA,,,,,IMPRUDENCIA DEL PEATÓN,CRUCE INDEBIDO POR LA CALZADA,21.0,0,31.0,31.0,22.0,40.0,2,1,1,0,1,0,2
A-2021-10-237,2021-10-01,18:55,CHOQUE,1,0,0,CAJAMARCA,JAEN,JAEN,RURAL,CARRETERA,NACIONAL,PE-5N,-5.832726,-78.748357,DESPEJADO,RURAL,CURVA,INCLINADA,ASFALTADA,,,,,EN PROCESO DE INVESTIGACIÓN,NO CUENTA CON CAUSA ESPECIFICA,18.0,0,37.0,37.0,29.0,45.0,2,2,1,0,1,0,2
A-2021-10-254,2021-10-01,19:30,CHOQUE,1,0,2,LIMA,BARRANCA,SUPE,RURAL,CARRETERA,NACIONAL,PE-1N,-10.856982110062484,-77.69072533603766,DESPEJADO,RURAL,TRAMO RECTO,PLANA ,ASFALTADA,,,,,EN PROCESO DE INVESTIGACIÓN,NO CUENTA CON CAUSA ESPECIFICA,19.0,0,47.0,47.0,38.0,56.0,2,2,1,0,1,0,2
A-2021-10-40,2021-10-01,19:30,ATROPELLO FUGA,1,0,0,LIMA,LIMA,SAN JUAN DE LURIGANCHO,URBANA,AVENIDA,URBANO,NO CORRESPONDE,-11.98678826956822,-77.01574397392685,DESPEJADO,COMERCIAL,TRAMO RECTO,PLANA ,ASFALTADA,,,,,EN PROCESO DE INVESTIGACIÓN,NO CUENTA CON CAUSA ESPECIFICA,19.0,0,65.0,65.0,65.0,65.0,0,0,1,0,0,0,1
A-2021-10-279,2021-10-01,21:00,CHOQUE,1,0,2,ANCASH,SANTA,SANTA,URBANA,CARRETERA,NACIONAL,PE-1N,-8.998258205771755,-78.61797806714192,DESPEJADO,RESIDENCIAL,TRAMO RECTO,PLANA ,ASFALTADA,,,,,EN PROCESO DE INVESTIGACIÓN,NO CUENTA CON CAUSA ESPECIFICA,21.0,0,31.5,31.5,25.0,38.0,2,2,1,0,1,0,2
A-2021-10-70,2021-10-01,21:40,DESPISTE,3,1,1,LA LIBERTAD,PATAZ,PIAS,URBANA,CARRETERA,PROVINCIAL,LI-865,-7.89231008535038,-77.56053383383959,DESPEJADO,RURAL,TRAMO RECTO,PLANA ,TROCHA,,,,,IMPRUDENCIA DEL CONDUCTOR,ADELANTAR INDEBIDAMENTE,21.0,2,37.0,34.0,18.0,62.0,4,1,3,1,1,0,4
A-2021-10-2,2021-10-02,02:00,DESPISTE,5,25,1,HUANCAVELICA,HUAYTARA,TAMBO,RURAL,CARRETERA,NACIONAL,PE-28A,-13.5020815314854,-75.1389084543188,DESPEJADO,RURAL,SINUOSA,PLANA ,ASFALTADA,,,,,EN PROCESO DE INVESTIGACIÓN,NO CUENTA CON CAUSA ESPECIFICA,2.0,2,40.06666666666667,35.5,4.0,83.0,12,1,5,25,1,0,30
A-2021-10-19,2021-10-02,10:00,DESPISTE,1,1,0,ANCASH,SIHUAS,CASHAPAMPA,RURAL,CARRETERA,NACIONAL,PE-14C,-8.595565513920915,-77.65579275880476,,,,,,,,,,EN PROCESO DE INVESTIGACIÓN,NO CUENTA CON CAUSA ESPECIFICA,10.0,0,35.5,35.5,15.0,56.0,2,1,1,1,0,0,2
A-2021-10-4,2021-10-02,11:30,ATROPELLO FUGA,1,0,1,PIURA,PIURA,CATACAOS,URBANA,CARRETERA,NACIONAL,PE-1N,-5.228525,-80.65309,DESPEJADO,COMERCIAL,TRAMO RECTO,PLANA ,ASFALTADA,SI,INFORMATIVA (I),,NO,EN PROCESO DE INVESTIGACIÓN,NO CUENTA CON CAUSA ESPECIFICA,11.0,0,24.0,24.0,24.0,24.0,1,0,1,0,0,0,2
A-2021-10-288,2021-10-02,12:30,DESPISTE,1,1,0,JUNIN,CHUPACA,HUACHAC,RURAL,CARRETERA,PROVINCIAL,JU-868,-12.052939,-75.352517,DESPEJADO,RURAL,TRAMO RECTO,INCLINADA,TROCHA,,,,,IMPRUDENCIA DEL CONDUCTOR,OTRO (IMPRUDENCIA DEL CONDUCTOR),12.0,0,31.5,31.5,12.0,51.0,2,1,1,1,0,0,2
A-2021-10-3,2021-10-02,17:00,CHOQUE,1,0,2,ICA,ICA,SALAS,RURAL,CARRETERA,NACIONAL,PE-1S,-13.951114,-75.79674,DESPEJADO,RURAL,TRAMO RECTO,PLANA ,ASFALTADA,,,,,EN PROCESO DE INVESTIGACIÓN,NO CUENTA CON CAUSA ESPECIFICA,17.0,0,46.5,46.5,31.0,62.0,2,2,1,0,1,0,2
A-2021-10-239,2021-10-02,19:22,ATROPELLO,1,0,0,LAMBAYEQUE,CHICLAYO,LA VICTORIA,URBANA,OTRO,URBANO,NO CORRESPONDE,-6.796301,-79.843871,DESPEJADO,COMERCIAL,INTERSECCIÓN,PLANA ,ASFALTADA,,,,,IMPRUDENCIA DEL CONDUCTOR,EXCESO DE VELOCIDAD,19.0,0,50.0,50.0,36.0,64.0,1,1,1,0,0,0,2
A-2021-10-9,2021-10-02,20:20,CHOQUE,1,0,0,APURIMAC,ANDAHUAYLAS,JOSE MARIA ARGUEDAS,RURAL,CARRETERA,PROVINCIAL,AP-693,-13.76823096846766,-73.36587238577928,DESPEJADO,RURAL,CURVA,INCLINADA,AFIRMADO,,,,,IMPRUDENCIA DEL CONDUCTOR,CONDUCIR EN ESTADO DE EBRIEDAD Y/O DROGADICCIÓN,20.0,0,42.5,42.5,26.0,59.0,2,2,1,0,0,0,2
A-2021-10-270,2021-10-02,23:00,CHOQUE FUGA,1,0,0,LORETO,MAYNAS,SAN JUAN BAUTISTA,RURAL,CARRETERA,DEPARTAMENTAL,LO-103,-3.843165595348717,-73.33486691605374,,,,,,,,,,EN PROCESO DE INVESTIGACIÓN,NO CUENTA CON CAUSA ESPECIFICA,23.0,0,16.0,16.0,16.0,16.0,1,1,1,0,0,0,1
A-2021-10-263,2021-10-03,04:40,CHOQUE,1,0,2,LIMA,BARRANCA,BARRANCA,URBANA,AVENIDA,URBANO,NO CORRESPONDE,-10.752897390545105,-77.75814059112236,LLUVIOSO,COMERCIAL,INTERSECCIÓN,PLANA ,ASFALTADA,,,,,EN PROCESO DE INVESTIGACIÓN,NO CUENTA CON CAUSA ESPECIFICA,4.0,0,29.5,29.5,24.0,35.0,2,2,1,0,0,0,2
A-2021-10-1,2021-10-03,06:30,ATROPELLO FUGA,1,0,0,PUNO,EL COLLAO,ILAVE,RURAL,CARRETERA,NACIONAL,PE-38A,-16.164515,-69.649208,DESPEJADO,RURAL,TRAMO RECTO,PLANA ,ASFALTADA,,,,,EN PROCESO DE INVESTIGACIÓN,NO CUENTA CON CAUSA ESPECIFICA,6.0,0,35.0,35.0,35.0,35.0,1,0,1,0,0,0,2
A-2021-10-73,2021-10-03,07:27,ATROPELLO,1,0,1,LA LIBERTAD,PATAZ,PARCOY,RURAL,CARRETERA,PROVINCIAL,LI-893,-8.021766,-77.476395,DESPEJADO,RURAL,TRAMO RECTO,PLANA ,ASFALTADA,,,,,NEGLIGENCIA DEL CONDUCTOR,OTRO (NEGLIGENCIA DEL CONDUCTOR),7.0,0,16.5,16.5,2.0,31.0,1,1,1,0,1,0,2
A-2021-10-264,2021-10-03,07:50,CHOQUE,1,0,2,LIMA,BARRANCA,BARRANCA,RURAL,CARRETERA,DEPARTAMENTAL,LM-100,-10.77671786202964,-77.74506182475308,DESPEJADO,RURAL,TRAMO RECTO,PLANA ,ASFALTADA,,,,,EN PROCESO DE INVESTIGACIÓN,NO CUENTA CON CAUSA ESPECIFICA,7.0,0,34.5,34.5,29.0,40.0,2,2,1,0,1,1,2
A-2021-10-41,2021-10-03,12:40,DESPISTE,1,1,1,LIMA,LIMA,SAN MARTIN DE PORRES,URBANA,AVENIDA,URBANO,NO CORRESPONDE,-11.9907417,-77.0930204,DESPEJADO,COMERCIAL,INTERSECCIÓN,PLANA ,ASFALTADA,,,,,EN PROCESO DE INVESTIGACIÓN,NO CUENTA CON CAUSA ESPECIFICA,12.0,0,23.0,23.0,23.0,23.0,1,1,1,1,0,0,2