CODIGO_SINIESTRO,FECHA_SINIESTRO,HORA_SINIESTRO,CLASE_SINIESTRO,CANTIDAD_FALLECIDOS,CANTIDAD_LESIONADOS,CANTIDAD_VEHICULOS,DEPARTAMENTO,PROVINCIA,DISTRITO,ZONA,TIPO_VIA,RED_VIAL,COD_CARRETERA,LATITUD,LONGITUD,CONDICION_CLIMATICA,ZONIFICACION,CARACTERISTICAS_VIA,PERFIL_VIA,SUPERFICIE_CALZADA,EXISTE_SENIAL_VERTICAL,CLASIFICACION_SENIAL_VERTICAL_1,CLASIFICACION_SENIAL_VERTICAL_2,EXISTE_SENIAL_HORIZONTAL,CAUSA_FACTOR_PRINCIPAL,CAUSA_ESPECIFICA,HORA,severidad,EDAD_PROMEDIO,EDAD_MEDIANA,EDAD_MIN,EDAD_MAX,TOTAL_MASCULINOS,TOTAL_CONDUCTORES,TOTAL_FALLECIDOS_AGG,TOTAL_LESIONADOS_AGG,TOTAL_LICENCIA,TOTAL_ALCOHOL_POSITIVO,TOTAL_PERSONAS
A-2021-10-275,2021-10-03,19:40,ATROPELLO,1,0,0,SAN MARTIN,SAN MARTIN,TARAPOTO,URBANA,JIRÓN,URBANO,NO CORRESPONDE,-6.48395,-76.37267,DESPEJADO,COMERCIAL,TRAMO RECTO,PLANA ,ASFALTADA,NO,,,SI,EN PROCESO DE INVESTIGACIÓN,NO CUENTA CON CAUSA ESPECIFICA,19.0,0,79.0,79.0,79.0,79.0,1,0,1,0,0,0,2
A-2021-10-71,2021-10-03,21:10,ATROPELLO,1,0,1,LA LIBERTAD,ASCOPE,CHICAMA,URBANA,CARRETERA,NACIONAL,PE-1N,-7.920846350651576,-79.11031771336556,DESPEJADO,INDUSTRIAL,TRAMO RECTO,PLANA ,ASFALTADA,,,,,EN PROCESO DE INVESTIGACIÓN,NO CUENTA CON CAUSA ESPECIFICA,21.0,0,35.5,35.5,34.0,37.0,2,1,1,0,1,0,2
A-2021-10-11,2021-10-03,22:20,ATROPELLO FUGA,1,0,0,TACNA,TACNA,CORONEL GREGORIO ALBARRACIN LANCHIPA,URBANA,AVENIDA,URBANO,NO CORRESPONDE,-18.02990354339072,-70.25125439989434,LLUVIOSO,INDUSTRIAL,TRAMO RECTO,PLANA ,ASFALTADA,,,,,IMPRUDENCIA DEL PEATÓN,ESTADO DE EBRIEDAD Y/O DROGADICCIÓN,22.0,0,17.0,17.0,17.0,17.0,1,0,1,0,0,0,2
A-2021-10-72,2021-10-03,23:00,ATROPELLO FUGA,1,0,0,LA LIBERTAD,VIRU,CHAO,RURAL,CARRETERA,NACIONAL,PE-1N,-8.537008,-78.67925,DESPEJADO,RURAL,TRAMO RECTO,PLANA ,ASFALTADA,,,,,EN PROCESO DE INVESTIGACIÓN,NO CUENTA CON CAUSA ESPECIFICA,23.0,0,46.0,46.0,46.0,46.0,1,0,1,0,0,0,2
A-2021-10-21,2021-10-04,03:00,DESPISTE,1,0,1,CAJAMARCA,CUTERVO,CUTERVO,RURAL,CARRETERA,PROVINCIAL,CA-825,-6.34424784,-78.90665524,DESPEJADO,RURAL,CURVA,PLANA ,AFIRMADO,,,,,IMPRUDENCIA DEL CONDUCTOR,CONDUCIR EN ESTADO DE EBRIEDAD Y/O DROGADICCIÓN,3.0,0,37.0,37.0,37.0,37.0,1,1,1,0,0,1,1
A-2021-10-7,2021-10-04,05:50,CHOQUE,1,9,0,CAJAMARCA,CAJAMARCA,SAN JUAN,RURAL,CARRETERA,NACIONAL,PE-08,-7.257916,-78.506222,DESPEJADO,RURAL,TRAMO RECTO,INCLINADA,ASFALTADA,,,,,IMPRUDENCIA DEL CONDUCTOR,INVASIÓN DE CARRIL,5.0,0,33.111111111111114,37.0,2.0,45.0,7,2,1,9,1,0,10
A-2021-10-155,2021-10-04,10:45,ESPECIAL,1,0,0,CUSCO,ESPINAR,PALLPATA,,CARRETERA,PROVINCIAL,CU-1758,-14.90162717044661,-71.09326937418774,DESPEJADO,RURAL,TRAMO RECTO,PLANA ,ASFALTADA,,,,,NEGLIGENCIA DEL CONDUCTOR,OTRO (NEGLIGENCIA DEL CONDUCTOR),10.0,0,16.0,16.0,0.0,32.0,2,1,1,0,1,0,2
A-2021-10-265,2021-10-04,14:30,CHOQUE,1,0,2,LIMA,BARRANCA,PATIVILCA,RURAL,CARRETERA,NACIONAL,PE-16A,-10.660912731104885,-77.61419528129836,SOLEADO,RURAL,TRAMO RECTO,PLANA ,ASFALTADA,,,,,EN PROCESO DE INVESTIGACIÓN,NO CUENTA CON CAUSA ESPECIFICA,14.0,0,52.5,52.5,41.0,64.0,2,2,1,0,2,0,2
A-2021-10-199,2021-10-04,18:51,DESPISTE,1,0,1,CUSCO,URUBAMBA,OLLANTAYTAMBO,RURAL,CARRETERA,DEPARTAMENTAL,CU-106,-13.248447719615452,-72.25411762788868,DESPEJADO,RURAL,CURVA,PLANA ,AFIRMADO,,,,,IMPRUDENCIA DEL CONDUCTOR,EXCESO DE VELOCIDAD,18.0,0,22.0,22.0,22.0,22.0,1,1,1,0,0,0,1
A-2021-10-12,2021-10-04,19:30,CHOQUE FUGA,1,1,1,PUNO,EL COLLAO,ILAVE,RURAL,CARRETERA,NACIONAL,PE-38A,-16.096062197858306,-69.63340754356499,DESPEJADO,RURAL,TRAMO RECTO,PLANA ,ASFALTADA,SI,PREVENTIVA (P),REGULADORA (R),SI,IMPRUDENCIA DEL CONDUCTOR,OTRO (IMPRUDENCIA DEL CONDUCTOR),19.0,0,62.5,62.5,56.0,69.0,1,1,1,1,0,0,3
A-2021-10-240,2021-10-04,21:00,DESPISTE,1,1,1,LAMBAYEQUE,CHICLAYO,TUMAN,RURAL,CARRETERA,PROVINCIAL,LA-758,-6.80105,-79.685641,DESPEJADO,RURAL,CURVA,INCLINADA,ASFALTADA,,,,,IMPRUDENCIA DEL CONDUCTOR,CONDUCIR EN ESTADO DE EBRIEDAD Y/O DROGADICCIÓN,21.0,0,35.0,35.0,35.0,35.0,2,1,1,1,0,1,2
A-2021-10-6,2021-10-05,05:30,VOLCADURA,1,0,1,AREQUIPA,ISLAY,MEJIA,RURAL,CARRETERA,NACIONAL,PE-1SD,-17.086751,-71.916428,DESPEJADO,RURAL,CURVA,INCLINADA,ASFALTADA,SI,REGULADORA (R),PREVENTIVA (P),SI,EN PROCESO DE INVESTIGACIÓN,NO CUENTA CON CAUSA ESPECIFICA,5.0,0,55.0,55.0,55.0,55.0,1,1,1,0,1,0,1
A-2021-10-20,2021-10-05,05:50,DESPISTE,1,19,1,ANCASH,RECUAY,CATAC,RURAL,CARRETERA,NACIONAL,PE-3N,-9.92304537452372,-77.38727145292336,DESPEJADO,RURAL,TRAMO RECTO,INCLINADA,ASFALTADA,,,,,IMPRUDENCIA DEL CONDUCTOR,OTRO (IMPRUDENCIA DEL CONDUCTOR),5.0,0,41.1578947368421,36.0,11.0,79.0,12,1,1,19,1,0,20
A-2021-10-16,2021-10-05,07:50,CHOQUE,1,1,2,PIURA,MORROPON,LA MATANZA,RURAL,CARRETERA,NACIONAL,PE-1NJ,-5.39129720817052,-80.04823204396705,DESPEJADO,RURAL,TRAMO RECTO,PLANA ,ASFALTADA,SI,PREVENTIVA (P),,NO,EN PROCESO DE INVESTIGACIÓN,NO CUENTA CON CAUSA ESPECIFICA,7.0,0,42.666666666666664,47.0,26.0,55.0,3,2,1,1,2,1,3
A-2021-10-94,2021-10-05,08:30,VOLCADURA,1,0,1,ANCASH,HUARAZ,HUARAZ,URBANA,CARRETERA,NACIONAL,PE-3N,-9.535526805679268,-77.5319712920164,DESPEJADO,COMERCIAL,INTERSECCIÓN,PLANA ,CONCRETO,,,,,EN PROCESO DE INVESTIGACIÓN,NO CUENTA CON CAUSA ESPECIFICA,8.0,0,44.0,44.0,27.0,61.0,2,2,1,0,2,0,2
A-2021-10-42,2021-10-05,14:30,ATROPELLO,1,0,0,LIMA,LIMA,INDEPENDENCIA,URBANA,AVENIDA,URBANO,NO CORRESPONDE,-12.00935130226224,-77.05182857230899,DESPEJADO,RESIDENCIAL,TRAMO RECTO,PLANA ,ASFALTADA,,,,,EN PROCESO DE INVESTIGACIÓN,NO CUENTA CON CAUSA ESPECIFICA,14.0,0,0.0,0.0,0.0,0.0,2,1,1,0,0,0,2
A-2021-10-266,2021-10-05,23:05,ATROPELLO FUGA,1,0,1,JUNIN,CONCEPCION,CONCEPCION,RURAL,CARRETERA,NACIONAL,PE-3S,-11.906613,-75.331392,DESPEJADO,RURAL,TRAMO RECTO,PLANA ,ASFALTADA,,,,,IMPRUDENCIA DEL PEATÓN,ESTADO DE EBRIEDAD Y/O DROGADICCIÓN,23.0,0,34.0,34.0,34.0,34.0,1,0,1,0,0,0,2
A-2021-10-14,2021-10-06,12:30,DESPISTE,1,5,1,AREQUIPA,CAYLLOMA,CHIVAY,RURAL,CARRETERA,DEPARTAMENTAL,AR-109,-15.688877,-71.593917,SOLEADO,RURAL,CURVA,INCLINADA,ASFALTADA,SI,PREVENTIVA (P),PREVENTIVA (P),SI,EN PROCESO DE INVESTIGACIÓN,NO CUENTA CON CAUSA ESPECIFICA,12.0,0,18.833333333333332,12.0,10.0,37.0,2,1,1,5,0,0,6
A-2021-10-267,2021-10-06,15:00,VOLCADURA,1,0,2,JUNIN,JAUJA,LEONOR ORDOÑEZ,RURAL,CARRETERA,NACIONAL,PE-3SB,-11.8488028,-75.4238195,DESPEJADO,RURAL,TRAMO RECTO,PLANA ,ASFALTADA,,,,,IMPRUDENCIA DEL CONDUCTOR,OTRO (IMPRUDENCIA DEL CONDUCTOR),15.0,0,49.5,49.5,35.0,64.0,2,2,1,0,2,0,2
A-2021-10-13,2021-10-06,16:00,CHOQUE,2,7,2,AREQUIPA,AREQUIPA,VITOR,RURAL,CARRETERA,PROVINCIAL,AR-743,-16.5767007,-71.9325388,SOLEADO,RURAL,TRAMO RECTO,PLANA ,ASFALTADA,NO,,,SI,EN PROCESO DE INVESTIGACIÓN,NO CUENTA CON CAUSA ESPECIFICA,16.0,1,26.22222222222222,36.0,4.0,47.0,5,2,2,7,2,0,9
A-2021-10-43,2021-10-06,17:30,ATROPELLO,1,0,0,LIMA,LIMA,SANTIAGO DE SURCO,URBANA,CARRETERA,NACIONAL,PE-1S,-12.13134804927549,-76.97835262250652,DESPEJADO,COMERCIAL,TRAMO RECTO,PLANA ,ASFALTADA,,,,,EN PROCESO DE INVESTIGACIÓN,NO CUENTA CON CAUSA ESPECIFICA,17.0,0,48.0,48.0,47.0,49.0,2,1,1,0,0,0,2
A-2021-10-241,2021-10-06,21:50,CAÍDA DE PASAJERO,1,0,1,LAMBAYEQUE,CHICLAYO,CHICLAYO,URBANA,OTRO,URBANO,NO CORRESPONDE,-6.778690606970792,-79.83272817188312,DESPEJADO,COMERCIAL,OTRO,INCLINADA,CONCRETO,,,,,EN PROCESO DE INVESTIGACIÓN,NO CUENTA CON CAUSA ESPECIFICA,21.0,0,26.0,26.0,22.0,30.0,1,1,1,0,0,0,2
A-2021-10-86,2021-10-07,06:30,DESPISTE,1,0,0,ANCASH,RECUAY,MARCA,RURAL,CARRETERA,PROVINCIAL,AN-1239,-10.15167951929115,-77.47552153014149,DESPEJADO,RURAL,TRAMO RECTO,INCLINADA,TROCHA,,,,,EN PROCESO DE INVESTIGACIÓN,NO CUENTA CON CAUSA ESPECIFICA,6.0,0,51.0,51.0,51.0,51.0,1,1,1,0,0,0,1
A-2021-10-163,2021-10-07,06:40,ATROPELLO,1,0,1,CAJAMARCA,CAJAMARCA,CAJAMARCA,URBANA,AVENIDA,URBANO,NO CORRESPONDE,-7.165672,-78.505686,DESPEJADO,RESIDENCIAL,TRAMO RECTO,PLANA ,ASFALTADA,SI,PREVENTIVA (P),,SI,EN PROCESO DE INVESTIGACIÓN,NO CUENTA CON CAUSA ESPECIFICA,6.0,0,49.5,49.5,33.0,66.0,1,1,1,0,1,0,2
A-2021-10-222,2021-10-07,08:00,ATROPELLO FUGA,1,0,1,PIURA,PIURA,VEINTISEIS DE OCTUBRE,URBANA,CARRETERA,NACIONAL,PE-02,-5.169773,-80.691237,DESPEJADO,INDUSTRIAL,PASE A DESNIVEL,PLANA ,ASFALTADA,SI,PREVENTIVA (P),INFORMATIVA (I),NO,EN PROCESO DE INVESTIGACIÓN,NO CUENTA CON CAUSA ESPECIFICA,8.0,0,,,,,1,0,1,0,0,0,2
A-2021-10-34,2021-10-07,08:00,CHOQUE,2,2,0,PIURA,MORROPON,CHULUCANAS,RURAL,CARRETERA,NACIONAL,PE-1NJ,-5.14669,-80.269904,DESPEJADO,RURAL,TRAMO RECTO,PLANA ,ASFALTADA,,,,,EN PROCESO DE INVESTIGACIÓN,NO CUENTA CON CAUSA ESPECIFICA,8.0,1,33.4,26.0,20.0,60.0,3,2,2,2,1,0,6
A-2021-10-74,2021-10-07,14:20,VOLCADURA,2,3,1,LA LIBERTAD,PACASMAYO,SAN PEDRO DE LLOC,RURAL,CARRETERA,PROVINCIAL,LI-585,-7.392739,-79.495388,DESPEJADO,RURAL,TRAMO RECTO,PLANA ,ASFALTADA,,,,,IMPRUDENCIA DEL PEATÓN,CRUCE INDEBIDO POR LA CALZADA,14.0,1,43.4,50.0,20.0,63.0,3,1,2,3,1,0,5
A-2021-10-49,2021-10-07,16:15,CHOQUE CON OBJETO FIJO,1,0,1,LIMA,LIMA,BARRANCO,URBANA,AVENIDA,URBANO,NO CORRESPONDE,-12.139583151291832,-77.01778279949289,DESPEJADO,COMERCIAL,TRAMO RECTO,PLANA ,ASFALTADA,,,,,EN PROCESO DE INVESTIGACIÓN,NO CUENTA CON CAUSA ESPECIFICA,16.0,0,,,,,1,1,1,0,0,0,1
A-2021-10-242,2021-10-07,17:00,CHOQUE,1,0,2,CAJAMARCA,JAEN,POMAHUACA,RURAL,CARRETERA,NACIONAL,PE-3N,-5.952115307253124,-79.23049087953318,DESPEJADO,RURAL,CURVA,INCLINADA,ASFALTADA,NO,,,NO,EN PROCESO DE INVESTIGACIÓN,NO CUENTA CON CAUSA ESPECIFICA,17.0,0,35.0,35.0,31.0,39.0,2,2,1,0,1,0,2
A-2021-10-27,2021-10-07,19:20,CHOQUE,1,1,2,AREQUIPA,AREQUIPA,CERRO COLORADO,URBANA,CALLE,URBANO,NO CORRESPONDE,-16.32995,-71.557076,DESPEJADO,RESIDENCIAL,INTERSECCIÓN,PLANA ,ASFALTADA,NO,,,SI,EN PROCESO DE INVESTIGACIÓN,NO CUENTA CON CAUSA ESPECIFICA,19.0,0,45.0,49.0,26.0,60.0,2,2,1,1,1,0,3
A-2021-10-50,2021-10-07,19:20,VOLCADURA,1,0,1,LIMA,LIMA,VILLA EL SALVADOR,URBANA,AVENIDA,URBANO,NO CORRESPONDE,-12.210074,-76.938764,DESPEJADO,COMERCIAL,INTERSECCIÓN,PLANA ,ASFALTADA,,,,,EN PROCESO DE INVESTIGACIÓN,NO CUENTA CON CAUSA ESPECIFICA,19.0,0,34.0,34.0,34.0,34.0,1,1,1,0,0,0,1
A-2021-10-51,2021-10-07,19:30,CHOQUE CON OBJETO FIJO,1,0,1,LIMA,LIMA,SANTIAGO DE SURCO,URBANA,CARRETERA,NACIONAL,PE-1S,-12.096454474769404,-76.97998552236754,DESPEJADO,RESIDENCIAL,TRAMO RECTO,PLANA ,ASFALTADA,,,,,EN PROCESO DE INVESTIGACIÓN,NO CUENTA CON CAUSA ESPECIFICA,19.0,0,46.0,46.0,46.0,46.0,0,1,1,0,0,0,1
A-2021-10-243,2021-10-07,20:30,CHOQUE,1,0,2,LAMBAYEQUE,CHICLAYO,POMALCA,RURAL,CARRETERA,NACIONAL,PE-06A,-6.753705,-79.726366,DESPEJADO,RURAL,TRAMO RECTO,PLANA ,ASFALTADA,,,,,EN PROCESO DE INVESTIGACIÓN,NO CUENTA CON CAUSA ESPECIFICA,20.0,0,40.0,40.0,30.0,50.0,2,2,1,0,2,0,2
A-2021-10-271,2021-10-08,02:00,DESPISTE,1,0,0,JUNIN,CHANCHAMAYO,PERENE,RURAL,CARRETERA,NACIONAL,PE-5S,-10.948163637161352,-75.22282116619475,,,,,,,,,,EN PROCESO DE INVESTIGACIÓN,NO CUENTA CON CAUSA ESPECIFICA,2.0,0,,,,,1,1,1,0,0,0,1
A-2021-10-25,2021-10-08,06:15,CHOQUE,1,0,2,AREQUIPA,CAYLLOMA,MAJES,URBANA,OTRO,URBANO,NO CORRESPONDE,-16.352556,-72.208859,SOLEADO,RESIDENCIAL,TRAMO RECTO,PLANA ,AFIRMADO,,,,,EN PROCESO DE INVESTIGACIÓN,NO CUENTA CON CAUSA ESPECIFICA,6.0,0,23.0,23.0,23.0,23.0,1,1,1,0,0,0,2
A-2021-10-85,2021-10-08,08:30,DESPISTE,2,0,1,ANCASH,CORONGO,LA PAMPA,RURAL,CARRETERA,NACIONAL,PE-3NA,-8.678306725546722,-77.91874039512558,DESPEJADO,RURAL,TRAMO RECTO,INCLINADA,ASFALTADA,,,,,IMPRUDENCIA DEL CONDUCTOR,FATIGA Y/O CANSANCIO,8.0,1,47.0,47.0,47.0,47.0,1,1,2,0,1,0,2
A-2021-10-32,2021-10-08,09:30,CHOQUE CON OBJETO FIJO,1,3,0,CAJAMARCA,CAJAMARCA,LLACANORA,RURAL,CARRETERA,NACIONAL,PE-3N,-7.203913,-78.435135,DESPEJADO,RURAL,TRAMO RECTO,PLANA ,ASFALTADA,,,,,IMPRUDENCIA DEL CONDUCTOR,EXCESO DE VELOCIDAD,9.0,0,40.5,44.5,11.0,62.0,2,1,1,3,1,0,4
A-2021-10-52,2021-10-08,10:30,ATROPELLO,1,0,1,LIMA,LIMA,COMAS,URBANA,AVENIDA,URBANO,NO CORRESPONDE,-11.940899,-77.0438,DESPEJADO,INDUSTRIAL,TRAMO RECTO,PLANA ,ASFALTADA,,,,,EN PROCESO DE INVESTIGACIÓN,NO CUENTA CON CAUSA ESPECIFICA,10.0,0,65.0,65.0,34.0,96.0,2,1,1,0,0,0,2
A-2021-10-107,2021-10-08,11:20,ATROPELLO FUGA,1,0,1,PUNO,SAN ROMAN,SAN MIGUEL,RURAL,CARRETERA,NACIONAL,PE-3S,-15.460852,-70.1393179,DESPEJADO,RURAL,TRAMO RECTO,PLANA ,ASFALTADA,,,,,EN PROCESO DE INVESTIGACIÓN,NO CUENTA CON CAUSA ESPECIFICA,11.0,0,32.5,32.5,24.0,41.0,2,1,1,0,1,1,3
A-2021-10-216,2021-10-08,14:30,CHOQUE,1,1,2,ANCASH,HUARAZ,INDEPENDENCIA,RURAL,CARRETERA,NACIONAL,PE-14,-9.524184217703764,-77.54526433498175,DESPEJADO,RURAL,TRAMO RECTO,INCLINADA,ASFALTADA,,,,,IMPRUDENCIA DEL CONDUCTOR,INVASIÓN DE CARRIL,14.0,0,48.0,48.0,38.0,58.0,2,2,1,1,1,0,2
A-2021-10-133,2021-10-08,23:30,DESPISTE,1,0,1,CALLAO,CALLAO,BELLAVISTA,URBANA,AVENIDA,URBANO,NO CORRESPONDE,-12.055473817244213,-77.10758129754797,DESPEJADO,RESIDENCIAL,TRAMO RECTO,INCLINADA,ASFALTADA,,,,,IMPRUDENCIA DEL CONDUCTOR,CONDUCIR EN ESTADO DE EBRIEDAD Y/O DROGADICCIÓN,23.0,0,22.0,22.0,22.0,22.0,1,1,1,0,1,0,1
A-2021-10-28,2021-10-09,02:40,ATROPELLO,1,0,1,ICA,PALPA,PALPA,RURAL,CARRETERA,NACIONAL,PE-30D,-14.531044,-75.187675,DESPEJADO,RURAL,TRAMO RECTO,PLANA ,ASFALTADA,,,,,EN PROCESO DE INVESTIGACIÓN,NO CUENTA CON CAUSA ESPECIFICA,2.0,0,38.0,38.0,38.0,38.0,0,0,1,0,0,0,2
A-2021-10-26,2021-10-09,03:49,ATROPELLO,1,0,1,AREQUIPA,AREQUIPA,CERRO COLORADO,URBANA,CARRETERA,NACIONAL,PE-34A,-16.342429,-71.585874,DESPEJADO,COMERCIAL,INTERSECCIÓN,PLANA ,ASFALTADA,NO,,,SI,EN PROCESO DE INVESTIGACIÓN,NO CUENTA CON CAUSA ESPECIFICA,3.0,0,63.0,63.0,57.0,69.0,2,1,1,0,0,0,2
A-2021-10-145,2021-10-09,07:40,CHOQUE,1,0,1,CUSCO,CANCHIS,TINTA,RURAL,CARRETERA,NACIONAL,PE-3S,-14.152643949371454,-71.39154812679948,DESPEJADO,RURAL,TRAMO RECTO,INCLINADA,ASFALTADA,,,,,IMPRUDENCIA DEL CONDUCTOR,EXCESO DE VELOCIDAD,7.0,0,51.0,51.0,31.0,71.0,2,2,1,0,2,0,2
A-2021-10-174,2021-10-09,08:09,DESPISTE,2,19,1,CUSCO,LA CONVENCION,HUAYOPATA,RURAL,CARRETERA,NACIONAL,PE-28B,-13.100004191349283,-72.37735462678407,DESPEJADO,RURAL,CURVA,PLANA ,ASFALTADA,,,,,IMPRUDENCIA DEL CONDUCTOR,EXCESO DE VELOCIDAD,8.0,1,25.88235294117647,25.0,3.0,63.0,10,1,2,19,1,0,21
A-2021-10-151,2021-10-09,08:15,CHOQUE,1,0,2,CUSCO,CANCHIS,SAN PEDRO,URBANA,CARRETERA,NACIONAL,PE-3S,-14.184457,-71.350138,DESPEJADO,RURAL,TRAMO RECTO,PLANA ,ASFALTADA,,,,,IMPRUDENCIA DEL CONDUCTOR,EXCESO DE VELOCIDAD,8.0,0,34.5,34.5,27.0,42.0,2,2,1,0,2,1,2
A-2021-10-281,2021-10-09,09:00,DESPISTE,1,1,1,ANCASH,SANTA,NUEVO CHIMBOTE,URBANA,CARRETERA,NACIONAL,PE-1N,-9.12566274667016,-78.534261575131,DESPEJADO,RESIDENCIAL,TRAMO RECTO,PLANA ,ASFALTADA,,,,,EN PROCESO DE INVESTIGACIÓN,NO CUENTA CON CAUSA ESPECIFICA,9.0,0,31.0,31.0,25.0,37.0,0,1,1,1,0,0,3
A-2021-10-280,2021-10-09,14:10,ATROPELLO,1,0,1,ANCASH,SANTA,SAMANCO,RURAL,CARRETERA,NACIONAL,PE-1N,-9.277351779240735,-78.41748933380784,DESPEJADO,RURAL,TRAMO RECTO,PLANA ,ASFALTADA,,,,,IMPRUDENCIA DEL PEATÓN,ESTADO DE EBRIEDAD Y/O DROGADICCIÓN,14.0,0,48.5,48.5,44.0,53.0,1,1,1,0,1,0,2
A-2021-10-166,2021-10-09,19:40,DESPISTE,2,0,1,CUSCO,ESPINAR,PALLPATA,RURAL,CARRETERA,NACIONAL,PE-3SG,-14.897640632862313,-71.20320446892045,DESPEJADO,RURAL,TRAMO RECTO,PLANA ,ASFALTADA,SI,REGULADORA (R),PREVENTIVA (P),NO,IMPRUDENCIA DEL CONDUCTOR,EXCESO DE VELOCIDAD,19.0,1,17.333333333333332,21.0,5.0,26.0,1,1,2,0,1,0,3
A-2021-10-53,2021-10-09,20:15,CHOQUE,1,0,0,LIMA,LIMA,LURIN,URBANA,AVENIDA,URBANO,NO CORRESPONDE,-12.250217031834625,-76.86691741288067,DESPEJADO,RESIDENCIAL,TRAMO RECTO,PLANA ,ASFALTADA,,,,,IMPRUDENCIA DEL CONDUCTOR,EXCESO DE VELOCIDAD,20.0,0,32.0,32.0,32.0,32.0,1,1,1,0,0,0,2
A-2021-10-120,2021-10-09,21:00,ATROPELLO FUGA,1,0,0,LIMA,HUAURA,HUAURA,RURAL,CARRETERA,NACIONAL,PE-1N,-11.069352186346697,-77.5858579607905,,,,,,,,,,EN PROCESO DE INVESTIGACIÓN,NO CUENTA CON CAUSA ESPECIFICA,21.0,0,20.0,20.0,20.0,20.0,1,0,1,0,0,0,2
A-2021-10-31,2021-10-10,01:00,ATROPELLO FUGA,1,0,0,AREQUIPA,CAMANA,MARISCAL CACERES,RURAL,CARRETERA,NACIONAL,PE-1S,-16.59056493575648,-72.78737207987088,DESPEJADO,RURAL,TRAMO RECTO,PLANA ,ASFALTADA,,,,,EN PROCESO DE INVESTIGACIÓN,NO CUENTA CON CAUSA ESPECIFICA,1.0,0,,,,,0,0,1,0,0,0,2
A-2021-10-272,2021-10-10,02:30,DESPISTE,1,0,0,JUNIN,CHANCHAMAYO,CHANCHAMAYO,RURAL,CARRETERA,NACIONAL,PE-5S,-10.94929265319884,-75.25945059336534,,,,,,,,,,EN PROCESO DE INVESTIGACIÓN,NO CUENTA CON CAUSA ESPECIFICA,2.0,0,,,,,1,1,1,0,0,0,1
A-2021-10-76,2021-10-10,03:30,DESPISTE,2,1,1,LA LIBERTAD,PATAZ,PATAZ,RURAL,CARRETERA,PROVINCIAL,LI-860,-7.761307,-77.581554,DESPEJADO,RURAL,TRAMO RECTO,PLANA ,TROCHA,,,,,EN PROCESO DE INVESTIGACIÓN,NO CUENTA CON CAUSA ESPECIFICA,3.0,1,20.333333333333332,22.0,17.0,22.0,2,1,2,1,0,0,3
A-2021-10-75,2021-10-10,05:30,ATROPELLO,1,0,1,LA LIBERTAD,TRUJILLO,SALAVERRY,RURAL,CARRETERA,NACIONAL,PE-1N,-8.344752,-78.884327,DESPEJADO,RURAL,TRAMO RECTO,PLANA ,ASFALTADA,,,,,EN PROCESO DE INVESTIGACIÓN,NO CUENTA CON CAUSA ESPECIFICA,5.0,0,46.0,46.0,34.0,58.0,2,1,1,0,1,0,2
A-2021-10-30,2021-10-10,09:35,CHOQUE,1,0,0,TACNA,TACNA,LA YARADA LOS PALOS,RURAL,AVENIDA,URBANO,NO CORRESPONDE,-18.165491830153485,-70.45879830893082,DESPEJADO,RURAL,TRAMO RECTO,PLANA ,ASFALTADA,SI,PREVENTIVA (P),PREVENTIVA (P),NO,EN PROCESO DE INVESTIGACIÓN,NO CUENTA CON CAUSA ESPECIFICA,9.0,0,60.5,60.5,60.0,61.0,2,2,1,0,1,0,2
A-2021-10-226,2021-10-10,10:00,DESPISTE,1,0,1,PIURA,SULLANA,SULLANA,RURAL,CARRETERA,PROVINCIAL,PI-579,-4.891034,-80.641044,DESPEJADO,RURAL,TRAMO RECTO,PLANA ,AFIRMADO,,,,,EN PROCESO DE INVESTIGACIÓN,NO CUENTA CON CAUSA ESPECIFICA,10.0,0,35.0,35.0,35.0,35.0,1,1,1,0,0,0,1
A-2021-10-224,2021-10-10,12:30,DESPISTE,1,0,1,JUNIN,CHANCHAMAYO,PERENE,RURAL,CARRETERA,NACIONAL,PE-5S,-10.950734286619117,-75.22382805324851,DESPEJADO,RURAL,TRAMO RECTO,PLANA ,ASFALTADA,,,,,EN PROCESO DE INVESTIGACIÓN,NO CUENTA CON CAUSA ESPECIFICA,12.0,0,28.0,28.0,28.0,28.0,1,1,1,0,1,0,1
A-2021-10-274,2021-10-10,12:40,CHOQUE,1,0,2,SAN MARTIN,SAN MARTIN,JUAN GUERRA,RURAL,CARRETERA,NACIONAL,PE-5N,-6.58914,-76.30856,DESPEJADO,RURAL,TRAMO RECTO,PLANA ,ASFALTADA,NO,,,SI,IMPRUDENCIA DEL CONDUCTOR,CONDUCIR EN ESTADO DE EBRIEDAD Y/O DROGADICCIÓN,12.0,0,39.5,39.5,39.0,40.0,2,2,1,0,1,1,2
A-2021-10-147,2021-10-10,20:00,ATROPELLO FUGA,1,0,0,CUSCO,ANTA,ANTA,RURAL,CARRETERA,NACIONAL,PE-3S,-13.4978881537579,-72.2048472862061,DESPEJADO,RURAL,TRAMO RECTO,PLANA ,ASFALTADA,,,,,IMPRUDENCIA DEL PEATÓN,ESTADO DE EBRIEDAD Y/O DROGADICCIÓN,20.0,0,57.0,57.0,43.0,71.0,2,1,1,0,1,1,2