CODIGO_SINIESTRO,FECHA_SINIESTRO,HORA_SINIESTRO,CLASE_SINIESTRO,CANTIDAD_FALLECIDOS,CANTIDAD_LESIONADOS,CANTIDAD_VEHICULOS,DEPARTAMENTO,PROVINCIA,DISTRITO,ZONA,TIPO_VIA,RED_VIAL,COD_CARRETERA,LATITUD,LONGITUD,CONDICION_CLIMATICA,ZONIFICACION,CARACTERISTICAS_VIA,PERFIL_VIA,SUPERFICIE_CALZADA,EXISTE_SENIAL_VERTICAL,CLASIFICACION_SENIAL_VERTICAL_1,CLASIFICACION_SENIAL_VERTICAL_2,EXISTE_SENIAL_HORIZONTAL,CAUSA_FACTOR_PRINCIPAL,CAUSA_ESPECIFICA,HORA,severidad,EDAD_PROMEDIO,EDAD_MEDIANA,EDAD_MIN,EDAD_MAX,TOTAL_MASCULINOS,TOTAL_CONDUCTORES,TOTAL_FALLECIDOS_AGG,TOTAL_LESIONADOS_AGG,TOTAL_LICENCIA,TOTAL_ALCOHOL_POSITIVO,TOTAL_PERSONAS
A-2021-11-43,2021-11-17,08:00,CHOQUE,1,0,1,CAJAMARCA,CAJAMARCA,CAJAMARCA,URBANA,CARRETERA,NACIONAL,PE-08,-7.17477274507342,-78.491620090553,DESPEJADO,INDUSTRIAL,INTERSECCIÓN,INCLINADA,AFIRMADO,,,,,IMPRUDENCIA DEL CONDUCTOR,CONDUCIR EN ESTADO DE EBRIEDAD Y/O DROGADICCIÓN,8.0,0,40.0,40.0,26.0,54.0,2,2,1,0,0,0,2
A-2021-11-85,2021-11-17,09:10,DESPISTE,2,2,1,LA LIBERTAD,SANCHEZ CARRION,HUAMACHUCO,RURAL,CARRETERA,NACIONAL,PE-3N,-7.821043,-78.052167,DESPEJADO,RURAL,TRAMO RECTO,PLANA ,AFIRMADO,,,,,IMPRUDENCIA DEL CONDUCTOR,INVASIÓN DE CARRIL,9.0,1,19.0,23.5,3.0,26.0,3,1,2,2,0,0,4
A-2021-11-84,2021-11-17,10:00,CHOQUE,1,0,2,LA LIBERTAD,TRUJILLO,VICTOR LARCO HERRERA,RURAL,AVENIDA,URBANO,NO CORRESPONDE,-8.141297,-79.059369,DESPEJADO,RURAL,INTERSECCIÓN,PLANA ,ASFALTADA,,,,,IMPRUDENCIA DEL CONDUCTOR,NO ESTABLECER EL DERECHO DE PASO,10.0,0,48.0,48.0,38.0,58.0,2,2,1,0,1,0,2
A-2021-11-168,2021-11-17,10:30,ATROPELLO,1,0,0,LIMA,LIMA,PUEBLO LIBRE,URBANA,AVENIDA,URBANO,NO CORRESPONDE,-12.080674888187314,-77.05846725922301,DESPEJADO,RESIDENCIAL,INTERSECCIÓN,PLANA ,ASFALTADA,,,,,EN PROCESO DE INVESTIGACIÓN,NO CUENTA CON CAUSA ESPECIFICA,10.0,0,62.5,62.5,49.0,76.0,2,1,1,0,1,0,2
A-2021-11-86,2021-11-17,13:00,CHOQUE,1,0,2,LA LIBERTAD,TRUJILLO,POROTO,RURAL,CARRETERA,NACIONAL,PE-10A,-8.002149,-78.76972,DESPEJADO,RURAL,TRAMO RECTO,PLANA ,ASFALTADA,,,,,IMPRUDENCIA DEL CONDUCTOR,INVASIÓN DE CARRIL,13.0,0,52.0,52.0,30.0,74.0,2,2,1,0,2,0,2
A-2021-11-232,2021-11-17,19:30,ATROPELLO FUGA,1,0,1,AREQUIPA,CAMANA,SAMUEL PASTOR,RURAL,CARRETERA,NACIONAL,PE-1S,-16.62827020553261,-72.6930890789305,DESPEJADO,RURAL,TRAMO RECTO,PLANA ,ASFALTADA,,,,,EN PROCESO DE INVESTIGACIÓN,NO CUENTA CON CAUSA ESPECIFICA,19.0,0,29.5,29.5,24.0,35.0,0,1,1,0,1,0,2
A-2021-11-87,2021-11-17,23:30,ATROPELLO FUGA,1,0,1,LA LIBERTAD,TRUJILLO,SALAVERRY,RURAL,CARRETERA,NACIONAL,PE-1N,-8.25924,-78.931955,DESPEJADO,RURAL,TRAMO RECTO,PLANA ,ASFALTADA,,,,,EN PROCESO DE INVESTIGACIÓN,NO CUENTA CON CAUSA ESPECIFICA,23.0,0,,,,,0,0,1,0,0,0,2
A-2021-11-240,2021-11-18,02:00,DESPISTE,1,0,1,HUANUCO,HUANUCO,MARGOS,RURAL,CARRETERA,DEPARTAMENTAL,HU-111,-10.009498,-76.535212,DESPEJADO,RURAL,CURVA,PLANA ,TROCHA,,,,,IMPRUDENCIA DEL CONDUCTOR,CONDUCIR EN ESTADO DE EBRIEDAD Y/O DROGADICCIÓN,2.0,0,25.0,25.0,25.0,25.0,1,1,1,0,0,0,1
A-2021-11-48,2021-11-18,05:40,ATROPELLO,1,0,1,AREQUIPA,AREQUIPA,JOSE LUIS BUSTAMANTE Y RIVERO,URBANA,CARRETERA,DEPARTAMENTAL,AR-117,-16.4300227,-71.5361144,DESPEJADO,COMERCIAL,TRAMO RECTO,PLANA ,ASFALTADA,,,,,EN PROCESO DE INVESTIGACIÓN,NO CUENTA CON CAUSA ESPECIFICA,5.0,0,72.0,72.0,58.0,86.0,2,1,1,0,1,0,2
A-2021-11-182,2021-11-18,06:45,DESPISTE,1,1,1,PUNO,AZANGARO,POTONI,RURAL,CARRETERA,NACIONAL,PE-34B,-14.3529749,-70.2682848,DESPEJADO,RURAL,TRAMO RECTO,PLANA ,ASFALTADA,,,,,IMPRUDENCIA DEL CONDUCTOR,OTRO (IMPRUDENCIA DEL CONDUCTOR),6.0,0,49.5,49.5,48.0,51.0,1,1,1,1,1,0,2
A-2021-11-102,2021-11-18,08:10,CHOQUE,2,2,2,CUSCO,PAUCARTAMBO,PAUCARTAMBO,RURAL,CARRETERA,SIN CLASIFICAR,SIN CLASIFICAR,-13.3468,-71.6011,DESPEJADO,RURAL,CURVA,INCLINADA,AFIRMADO,,,,,IMPRUDENCIA DEL CONDUCTOR,EXCESO DE VELOCIDAD,8.0,1,19.2,13.0,7.0,33.0,4,2,2,2,0,0,5
A-2021-11-31,2021-11-18,09:00,DESPISTE,1,1,1,HUANCAVELICA,ANGARAES,LIRCAY,RURAL,CARRETERA,PROVINCIAL,HV-880,-12.979848,-74.712108,DESPEJADO,RURAL,SINUOSA,INCLINADA,AFIRMADO,,,,,EN PROCESO DE INVESTIGACIÓN,NO CUENTA CON CAUSA ESPECIFICA,9.0,0,,,,,2,1,1,1,0,0,2
A-2021-11-36,2021-11-18,15:10,CHOQUE,1,1,0,LORETO,MAYNAS,PUNCHANA,URBANA,CARRETERA,NACIONAL,PE-5NI,-3.720411303265196,-73.2425450347904,,,,,,,,,,EN PROCESO DE INVESTIGACIÓN,NO CUENTA CON CAUSA ESPECIFICA,15.0,0,35.0,38.0,27.0,40.0,3,2,1,1,0,0,3
A-2021-11-212,2021-11-18,17:00,ATROPELLO,1,0,1,SAN MARTIN,HUALLAGA,SACANCHE,RURAL,CARRETERA,DEPARTAMENTAL,SM-103,-7.07277,-76.71877,DESPEJADO,RURAL,CURVA,INCLINADA,ASFALTADA,NO,,,SI,IMPRUDENCIA DEL CONDUCTOR,CONDUCIR EN ESTADO DE EBRIEDAD Y/O DROGADICCIÓN,17.0,0,26.0,26.0,14.0,38.0,1,1,1,0,1,1,2
A-2021-11-202,2021-11-18,18:50,ATROPELLO FUGA,1,0,0,LIMA,BARRANCA,SUPE,RURAL,CARRETERA,NACIONAL,PE-1N,-10.791308617020889,-77.70925909555447,DESPEJADO,RURAL,TRAMO RECTO,PLANA ,ASFALTADA,,,,,EN PROCESO DE INVESTIGACIÓN,NO CUENTA CON CAUSA ESPECIFICA,18.0,0,43.0,43.0,43.0,43.0,1,0,1,0,0,0,2
A-2021-11-51,2021-11-18,23:30,CHOQUE FUGA,1,1,2,AREQUIPA,ISLAY,DEAN VALDIVIA,RURAL,CARRETERA,NACIONAL,PE-1SD,-17.1411545,-71.8357064,DESPEJADO,RURAL,TRAMO RECTO,PLANA ,ASFALTADA,SI,REGULADORA (R),REGULADORA (R),SI,EN PROCESO DE INVESTIGACIÓN,NO CUENTA CON CAUSA ESPECIFICA,23.0,0,30.333333333333332,31.0,17.0,43.0,3,2,1,1,0,0,3
A-2021-11-134,2021-11-19,03:00,DESPISTE,1,0,1,CUSCO,LA CONVENCION,HUAYOPATA,RURAL,CARRETERA,NACIONAL,PE-28B,-13.093662331396777,-72.38584510102147,NUBLADO,RURAL,CURVA,PLANA ,ASFALTADA,,,,,IMPRUDENCIA DEL CONDUCTOR,EXCESO DE VELOCIDAD,3.0,0,42.0,42.0,42.0,42.0,1,1,1,0,1,0,1
A-2021-11-52,2021-11-19,08:30,DESPISTE,1,0,1,AREQUIPA,CAYLLOMA,SAN ANTONIO DE CHUCA,RURAL,CARRETERA,NACIONAL,PE-34A,-15.8920264,-71.1723788,DESPEJADO,RURAL,TRAMO RECTO,PLANA ,ASFALTADA,NO,,,SI,EN PROCESO DE INVESTIGACIÓN,NO CUENTA CON CAUSA ESPECIFICA,8.0,0,52.0,52.0,52.0,52.0,1,1,1,0,1,0,1
A-2021-11-169,2021-11-19,14:00,ATROPELLO FUGA,1,0,0,LIMA,LIMA,CHORRILLOS,URBANA,AVENIDA,URBANO,NO CORRESPONDE,-12.182938656902534,-76.99432249652605,DESPEJADO,RESIDENCIAL,TRAMO RECTO,PLANA ,ASFALTADA,,,,,EN PROCESO DE INVESTIGACIÓN,NO CUENTA CON CAUSA ESPECIFICA,14.0,0,6.0,6.0,6.0,6.0,1,0,1,0,0,0,2
A-2021-11-130,2021-11-19,17:00,CHOQUE,3,0,2,PIURA,SECHURA,SECHURA,RURAL,CARRETERA,NACIONAL,PE-1N,-5.957526,-80.531208,DESPEJADO,RURAL,TRAMO RECTO,PLANA ,ASFALTADA,,,,,EN PROCESO DE INVESTIGACIÓN,NO CUENTA CON CAUSA ESPECIFICA,17.0,2,34.333333333333336,33.0,29.0,41.0,3,2,3,0,2,0,3
A-2021-11-88,2021-11-19,19:30,DESPISTE,1,0,1,LA LIBERTAD,TRUJILLO,EL PORVENIR,RURAL,AVENIDA,URBANO,NO CORRESPONDE,-8.066139,-78.995617,DESPEJADO,RURAL,TRAMO RECTO,PLANA ,ASFALTADA,,,,,EN PROCESO DE INVESTIGACIÓN,NO CUENTA CON CAUSA ESPECIFICA,19.0,0,74.0,74.0,63.0,85.0,2,1,1,0,0,0,2
A-2021-11-47,2021-11-19,23:55,CHOQUE,1,0,1,HUANCAVELICA,HUAYTARA,PILPICHACA,RURAL,CARRETERA,NACIONAL,PE-28A,-13.447842,-74.979233,DESPEJADO,RURAL,CURVA,INCLINADA,ASFALTADA,,,,,EN PROCESO DE INVESTIGACIÓN,NO CUENTA CON CAUSA ESPECIFICA,23.0,0,,,,,2,2,1,0,1,0,2
A-2021-11-50,2021-11-20,02:00,DESPISTE,1,3,1,HUANCAVELICA,CHURCAMPA,ANCO,RURAL,CARRETERA,NACIONAL,PE-3S,-12.6737149,-74.5938041,DESPEJADO,RURAL,SINUOSA,PLANA ,ASFALTADA,SI,PREVENTIVA (P),,NO,EN PROCESO DE INVESTIGACIÓN,NO CUENTA CON CAUSA ESPECIFICA,2.0,0,,,,,3,1,1,3,1,0,4
A-2021-11-131,2021-11-20,03:00,ATROPELLO FUGA,1,0,0,PASCO,PASCO,HUARIACA,URBANA,CARRETERA,NACIONAL,PE-3N,-10.432468046334192,-76.19413896976683,LLUVIOSO,RURAL,CURVA,PLANA ,ASFALTADA,SI,PREVENTIVA (P),REGULADORA (R),NO,EN PROCESO DE INVESTIGACIÓN,NO CUENTA CON CAUSA ESPECIFICA,3.0,0,42.0,42.0,42.0,42.0,1,0,1,0,0,0,2
A-2021-11-135,2021-11-20,05:30,DESPISTE,1,2,1,CUSCO,LA CONVENCION,HUAYOPATA,RURAL,CARRETERA,NACIONAL,PE-28B,-13.03181522295676,-72.47147570753424,LLUVIOSO,RURAL,CURVA,PLANA ,ASFALTADA,,,,,IMPRUDENCIA DEL CONDUCTOR,EXCESO DE VELOCIDAD,5.0,0,38.25,42.0,22.0,47.0,2,1,1,2,1,0,4
A-2021-11-98,2021-11-20,10:00,DESPISTE,3,3,1,PUNO,CARABAYA,OLLACHEA,RURAL,CARRETERA,NACIONAL,PE-34B,-13.85624105236558,-70.50906033566767,NUBLADO,RURAL,CURVA,PLANA ,ASFALTADA,,,,,IMPRUDENCIA DEL CONDUCTOR,ADELANTAR INDEBIDAMENTE,10.0,2,22.0,30.0,1.0,33.0,2,1,3,3,1,0,6
A-2021-11-38,2021-11-20,16:30,DESPISTE,1,1,1,ANCASH,HUAYLAS,PAMPAROMAS,RURAL,CARRETERA,DEPARTAMENTAL,AN-104,-9.09869513924873,-77.88210152257754,NUBLADO,RURAL,TRAMO RECTO,PLANA ,AFIRMADO,,,,,IMPRUDENCIA DEL CONDUCTOR,FATIGA Y/O CANSANCIO,16.0,0,52.0,52.0,51.0,53.0,2,1,1,1,1,0,2
A-2021-11-89,2021-11-20,22:00,CHOQUE,1,0,2,LA LIBERTAD,PACASMAYO,GUADALUPE,RURAL,CARRETERA,NACIONAL,PE-1N,-7.268483,-79.481162,DESPEJADO,RURAL,TRAMO RECTO,PLANA ,ASFALTADA,,,,,IMPRUDENCIA DEL CONDUCTOR,CONDUCIR EN ESTADO DE EBRIEDAD Y/O DROGADICCIÓN,22.0,0,36.5,36.5,31.0,42.0,2,2,1,0,1,1,2
A-2021-11-34,2021-11-20,23:00,DESPISTE,1,1,1,ICA,ICA,PUEBLO NUEVO,RURAL,CARRETERA,NACIONAL,PE-1S,-14.1152592,-75.717401,DESPEJADO,RURAL,TRAMO RECTO,PLANA ,ASFALTADA,,,,,EN PROCESO DE INVESTIGACIÓN,NO CUENTA CON CAUSA ESPECIFICA,23.0,0,26.0,26.0,25.0,27.0,1,1,1,1,0,0,2
A-2021-11-63,2021-11-21,00:30,CHOQUE,1,2,2,AREQUIPA,AREQUIPA,YURA,RURAL,CARRETERA,NACIONAL,PE-34A,-16.0768203,-71.498348,DESPEJADO,RURAL,TRAMO RECTO,PLANA ,ASFALTADA,,,,,EN PROCESO DE INVESTIGACIÓN,NO CUENTA CON CAUSA ESPECIFICA,0.0,0,31.25,31.0,22.0,41.0,4,2,1,2,2,0,4
A-2021-11-179,2021-11-21,03:00,ATROPELLO FUGA,1,0,0,LIMA,LIMA,SANTA ANITA,URBANA,CARRETERA,NACIONAL,PE-1N,-12.054748568596857,-76.9747883993657,DESPEJADO,RESIDENCIAL,TRAMO RECTO,PLANA ,ASFALTADA,,,,,EN PROCESO DE INVESTIGACIÓN,NO CUENTA CON CAUSA ESPECIFICA,3.0,0,22.0,22.0,22.0,22.0,1,1,1,0,0,0,2
A-2021-11-33,2021-11-21,03:30,DESPISTE,1,0,1,TACNA,TACNA,CORONEL GREGORIO ALBARRACIN LANCHIPA,URBANA,AVENIDA,URBANO,NO CORRESPONDE,-18.037486,-70.260703,DESPEJADO,RESIDENCIAL,TRAMO RECTO,PLANA ,ASFALTADA,,,,,IMPRUDENCIA DEL CONDUCTOR,CONDUCIR EN ESTADO DE EBRIEDAD Y/O DROGADICCIÓN,3.0,0,36.0,36.0,36.0,36.0,1,1,1,0,1,0,1
A-2021-11-214,2021-11-21,04:35,CHOQUE FUGA,1,0,2,CAJAMARCA,JAEN,JAEN,URBANA,CARRETERA,NACIONAL,PE-5N,-5.72867,-78.79662,DESPEJADO,COMERCIAL,INTERSECCIÓN,PLANA ,ASFALTADA,,,,,EN PROCESO DE INVESTIGACIÓN,NO CUENTA CON CAUSA ESPECIFICA,4.0,0,16.0,16.0,16.0,16.0,1,1,1,0,0,0,3
A-2021-11-61,2021-11-21,05:40,ATROPELLO FUGA,1,0,1,SAN MARTIN,RIOJA,NUEVA CAJAMARCA,URBANA,CARRETERA,NACIONAL,PE-5N,-5.93185,-77.311865,DESPEJADO,RESIDENCIAL,TRAMO RECTO,PLANA ,ASFALTADA,SI,REGULADORA (R),,NO,IMPRUDENCIA DEL CONDUCTOR,NO DAR PASO PREFERENTE AL PEATÓN,5.0,0,40.0,40.0,23.0,57.0,1,1,1,0,1,0,2
A-2021-11-170,2021-11-21,05:45,DESPISTE,1,1,1,LIMA,LIMA,SAN MARTIN DE PORRES,URBANA,CARRETERA,NACIONAL,PE-1N,-12.023133862305114,-77.05883491680459,DESPEJADO,COMERCIAL,TRAMO RECTO,PLANA ,ASFALTADA,,,,,EN PROCESO DE INVESTIGACIÓN,NO CUENTA CON CAUSA ESPECIFICA,5.0,0,22.5,22.5,22.0,23.0,1,1,1,1,0,0,2
A-2021-11-35,2021-11-21,06:30,CHOQUE,1,0,2,PUNO,PUNO,CHUCUITO,RURAL,CARRETERA,NACIONAL,PE-3S,-15.915259,-69.882214,DESPEJADO,RURAL,TRAMO RECTO,PLANA ,ASFALTADA,,,,,IMPRUDENCIA DEL CONDUCTOR,INVASIÓN DE CARRIL,6.0,0,23.0,23.0,17.0,29.0,2,2,1,0,0,0,2
A-2021-11-37,2021-11-21,07:10,DESPISTE,1,1,1,PUNO,EL COLLAO,ILAVE,RURAL,CARRETERA,NACIONAL,PE-38A,-16.120117,-69.6431889,LLUVIOSO,RURAL,CURVA,INCLINADA,ASFALTADA,NO,,,SI,IMPRUDENCIA DEL CONDUCTOR,OTRO (IMPRUDENCIA DEL CONDUCTOR),7.0,0,39.333333333333336,40.0,17.0,61.0,1,1,1,1,1,0,3
A-2021-11-150,2021-11-21,14:20,CHOQUE,2,2,0,PIURA,PIURA,CATACAOS,RURAL,CARRETERA,SIN CLASIFICAR,SIN CLASIFICAR,-5.283704,-80.6313,DESPEJADO,RURAL,INTERSECCIÓN,PLANA ,AFIRMADO,,,,,EN PROCESO DE INVESTIGACIÓN,NO CUENTA CON CAUSA ESPECIFICA,14.0,1,14.0,14.0,1.0,25.0,3,2,2,2,0,0,5
A-2021-11-201,2021-11-21,15:50,CHOQUE FUGA,1,0,1,LAMBAYEQUE,CHICLAYO,CHONGOYAPE,RURAL,CARRETERA,NACIONAL,PE-06A,-6.67677,-79.44425,DESPEJADO,RURAL,CURVA,INCLINADA,ASFALTADA,SI,PREVENTIVA (P),INFORMATIVA (I),NO,EN PROCESO DE INVESTIGACIÓN,NO CUENTA CON CAUSA ESPECIFICA,15.0,0,40.0,40.0,40.0,40.0,1,1,1,0,0,0,2
A-2021-11-49,2021-11-21,18:00,CAÍDA DE PASAJERO,1,0,0,APURIMAC,ANDAHUAYLAS,SANTA MARIA DE CHICMO,RURAL,CARRETERA,NACIONAL,PE-3S,-13.653259,-73.512845,DESPEJADO,RURAL,CURVA,PLANA ,ASFALTADA,NO,,,SI,IMPRUDENCIA DEL PASAJERO/OCUPANTE,OTRO (IMPRUDENCIA DEL PASAJERO/OCUPANTE),18.0,0,64.0,64.0,57.0,71.0,2,1,1,0,1,0,2
A-2021-11-40,2021-11-21,21:00,VOLCADURA,1,0,1,ICA,ICA,ICA,URBANA,CARRETERA,NACIONAL,PE-1S,-14.050054741709207,-75.74768866124752,DESPEJADO,ESCOLAR,TRAMO RECTO,PLANA ,ASFALTADA,,,,,EN PROCESO DE INVESTIGACIÓN,NO CUENTA CON CAUSA ESPECIFICA,21.0,0,23.0,23.0,23.0,23.0,1,1,1,0,0,0,1
A-2021-11-180,2021-11-21,22:45,ATROPELLO,1,0,0,LIMA,LIMA,COMAS,URBANA,CARRETERA,NACIONAL,PE-1N,-11.948593590159216,-77.07040605702021,DESPEJADO,RESIDENCIAL,TRAMO RECTO,PLANA ,ASFALTADA,,,,,EN PROCESO DE INVESTIGACIÓN,NO CUENTA CON CAUSA ESPECIFICA,22.0,0,34.5,34.5,26.0,43.0,2,1,1,0,1,0,2
A-2021-11-100,2021-11-21,23:45,DESPISTE,1,0,1,CUSCO,CANCHIS,SAN PABLO,RURAL,CARRETERA,NACIONAL,PE-3S,-14.208523296311345,-71.30307608103304,DESPEJADO,RURAL,TRAMO RECTO,PLANA ,ASFALTADA,,,,,IMPRUDENCIA DEL CONDUCTOR,EXCESO DE VELOCIDAD,23.0,0,50.0,50.0,50.0,50.0,1,1,1,0,0,0,1
A-2021-11-203,2021-11-22,20:10,ATROPELLO,1,0,1,LIMA,BARRANCA,PATIVILCA,RURAL,CARRETERA,NACIONAL,PE-1N,-10.701313305679356,-77.77938884946218,DESPEJADO,RURAL,TRAMO RECTO,INCLINADA,ASFALTADA,,,,,EN PROCESO DE INVESTIGACIÓN,NO CUENTA CON CAUSA ESPECIFICA,20.0,0,33.0,33.0,21.0,45.0,2,1,1,0,1,0,2
A-2021-11-185,2021-11-23,22:35,DESPISTE,1,0,0,LIMA,LIMA,LA MOLINA,URBANA,CALLE,URBANO,NO CORRESPONDE,-12.11685065759413,-76.93791708161632,DESPEJADO,RESIDENCIAL,INTERSECCIÓN,PLANA ,ASFALTADA,,,,,IMPRUDENCIA DEL CONDUCTOR,EXCESO DE VELOCIDAD,22.0,0,30.0,30.0,30.0,30.0,1,1,1,0,0,0,1
A-2021-11-90,2021-11-24,00:30,ATROPELLO FUGA,1,0,1,LA LIBERTAD,ASCOPE,CHICAMA,RURAL,CARRETERA,NACIONAL,PE-1N,-7.9131651,-79.1142003,DESPEJADO,RURAL,TRAMO RECTO,PLANA ,ASFALTADA,,,,,EN PROCESO DE INVESTIGACIÓN,NO CUENTA CON CAUSA ESPECIFICA,0.0,0,,,,,0,0,1,0,0,0,2
A-2021-11-68,2021-11-24,20:00,DESPISTE,1,0,1,APURIMAC,ANDAHUAYLAS,ANDAHUAYLAS,URBANA,AVENIDA,URBANO,NO CORRESPONDE,-13.6592421011983,-73.37518568698871,LLUVIOSO,COMERCIAL,TRAMO RECTO,PLANA ,AFIRMADO,,,,,IMPRUDENCIA DEL CONDUCTOR,CONDUCIR EN ESTADO DE EBRIEDAD Y/O DROGADICCIÓN,20.0,0,24.0,24.0,24.0,24.0,1,1,1,0,0,0,1
A-2021-11-65,2021-11-25,13:00,CHOQUE FUGA,1,2,2,LIMA,HUARAL,HUARAL,URBANA,JIRÓN,URBANO,NO CORRESPONDE,-11.500312,-77.208334,DESPEJADO,RESIDENCIAL,INTERSECCIÓN,PLANA ,ASFALTADA,,,,,IMPRUDENCIA DEL CONDUCTOR,EXCESO DE VELOCIDAD,13.0,0,29.5,29.5,24.0,35.0,3,1,1,2,2,0,4
A-2021-11-186,2021-11-25,15:00,CHOQUE,1,0,0,LIMA,LIMA,LURIN,URBANA,AVENIDA,URBANO,NO CORRESPONDE,-12.247909439203358,-76.86390822783696,DESPEJADO,COMERCIAL,INTERSECCIÓN,PLANA ,ASFALTADA,,,,,EN PROCESO DE INVESTIGACIÓN,NO CUENTA CON CAUSA ESPECIFICA,15.0,0,37.333333333333336,37.0,30.0,45.0,2,2,1,0,0,0,3
A-2021-11-64,2021-11-26,01:45,ATROPELLO FUGA,1,0,1,LIMA,HUAURA,SANTA MARIA,RURAL,CARRETERA,NACIONAL,PE-1N,-11.087076,-77.583176,DESPEJADO,RURAL,TRAMO RECTO,INCLINADA,ASFALTADA,,,,,EN PROCESO DE INVESTIGACIÓN,NO CUENTA CON CAUSA ESPECIFICA,1.0,0,54.0,54.0,54.0,54.0,1,0,1,0,0,0,2
A-2021-11-71,2021-11-26,04:30,CHOQUE,1,0,1,PUNO,SAN ROMAN,JULIACA,URBANA,CARRETERA,NACIONAL,PE-3S,-15.474065430197102,-70.1372390623389,DESPEJADO,COMERCIAL,TRAMO RECTO,PLANA ,ASFALTADA,,,,,IMPRUDENCIA DEL CONDUCTOR,INVASIÓN DE CARRIL,4.0,0,61.0,61.0,51.0,71.0,2,2,1,0,1,0,2
A-2021-11-233,2021-11-26,05:00,CHOQUE FUGA,1,1,2,AREQUIPA,CARAVELI,CHAPARRA,RURAL,CARRETERA,NACIONAL,PE-1S,-15.923091132318184,-74.11629154492239,DESPEJADO,RURAL,TRAMO RECTO,PLANA ,ASFALTADA,,,,,EN PROCESO DE INVESTIGACIÓN,NO CUENTA CON CAUSA ESPECIFICA,5.0,0,45.0,45.0,25.0,65.0,2,2,1,1,1,0,2
A-2021-11-187,2021-11-26,14:00,ATROPELLO FUGA,1,0,0,LIMA,LIMA,LA VICTORIA,URBANA,AVENIDA,URBANO,NO CORRESPONDE,-12.08023548625088,-77.00790110807338,DESPEJADO,COMERCIAL,TRAMO RECTO,PLANA ,ASFALTADA,,,,,EN PROCESO DE INVESTIGACIÓN,NO CUENTA CON CAUSA ESPECIFICA,14.0,0,88.0,88.0,88.0,88.0,1,0,1,0,0,0,2
A-2021-11-73,2021-11-26,20:00,ATROPELLO,1,0,1,PUNO,SAN ROMAN,SAN MIGUEL,RURAL,CARRETERA,NACIONAL,PE-3S,-15.4067364,-70.1510499,DESPEJADO,RURAL,TRAMO RECTO,PLANA ,ASFALTADA,,,,,IMPRUDENCIA DEL PEATÓN,CRUCE INDEBIDO POR LA CALZADA,20.0,0,49.5,49.5,45.0,54.0,2,1,1,0,1,1,2
A-2021-11-74,2021-11-26,22:42,CHOQUE,1,0,1,PUNO,LAMPA,CALAPUJA,RURAL,CARRETERA,NACIONAL,PE-3S,-15.316983871125714,-70.2013545703828,NUBLADO,RURAL,TRAMO RECTO,PLANA ,ASFALTADA,,,,,IMPRUDENCIA DEL CONDUCTOR,INVASIÓN DE CARRIL,22.0,0,40.666666666666664,38.0,23.0,61.0,3,2,1,0,0,1,3
A-2021-11-204,2021-11-27,01:10,ATROPELLO FUGA,1,0,0,LIMA,BARRANCA,SUPE,RURAL,CARRETERA,NACIONAL,PE-1N,-10.80227534236085,-77.70341739914097,DESPEJADO,RURAL,TRAMO RECTO,PLANA ,ASFALTADA,,,,,EN PROCESO DE INVESTIGACIÓN,NO CUENTA CON CAUSA ESPECIFICA,1.0,0,56.0,56.0,56.0,56.0,1,0,1,0,0,0,2
A-2021-11-62,2021-11-27,01:50,CHOQUE,3,0,2,ICA,NASCA,EL INGENIO,RURAL,CARRETERA,NACIONAL,PE-1S,-14.79576350848956,-75.01151937151305,DESPEJADO,RURAL,TRAMO RECTO,PLANA ,ASFALTADA,,,,,EN PROCESO DE INVESTIGACIÓN,NO CUENTA CON CAUSA ESPECIFICA,1.0,2,39.25,38.0,24.0,57.0,2,2,3,0,2,0,4
A-2021-11-70,2021-11-27,02:40,VOLCADURA,1,1,1,AREQUIPA,AREQUIPA,YURA,RURAL,CARRETERA,NACIONAL,PE-34A,-16.2298412,-71.6631733,DESPEJADO,RURAL,CURVA,INCLINADA,ASFALTADA,,,,,EN PROCESO DE INVESTIGACIÓN,NO CUENTA CON CAUSA ESPECIFICA,2.0,0,46.0,46.0,42.0,50.0,1,1,1,1,1,0,2
A-2021-11-137,2021-11-27,14:00,DESPISTE,1,0,1,CUSCO,CANAS,LAYO,RURAL,CARRETERA,PROVINCIAL,CU-1710,-14.50623295355888,-71.13723560000152,NUBLADO,RURAL,TRAMO RECTO,INCLINADA,AFIRMADO,,,,,IMPRUDENCIA DEL CONDUCTOR,EXCESO DE VELOCIDAD,14.0,0,24.0,24.0,20.0,28.0,2,1,1,0,1,0,2
A-2021-11-188,2021-11-27,14:30,ATROPELLO,1,0,0,LIMA,LIMA,LURIN,RURAL,OTRO,URBANO,NO CORRESPONDE,-12.23968,-76.89281,DESPEJADO,RURAL,PASE A DESNIVEL,INCLINADA,ASFALTADA,,,,,EN PROCESO DE INVESTIGACIÓN,NO CUENTA CON CAUSA ESPECIFICA,14.0,0,46.333333333333336,34.0,34.0,71.0,2,2,1,0,0,0,3