CODIGO_SINIESTRO,FECHA_SINIESTRO,HORA_SINIESTRO,CLASE_SINIESTRO,CANTIDAD_FALLECIDOS,CANTIDAD_LESIONADOS,CANTIDAD_VEHICULOS,DEPARTAMENTO,PROVINCIA,DISTRITO,ZONA,TIPO_VIA,RED_VIAL,COD_CARRETERA,LATITUD,LONGITUD,CONDICION_CLIMATICA,ZONIFICACION,CARACTERISTICAS_VIA,PERFIL_VIA,SUPERFICIE_CALZADA,EXISTE_SENIAL_VERTICAL,CLASIFICACION_SENIAL_VERTICAL_1,CLASIFICACION_SENIAL_VERTICAL_2,EXISTE_SENIAL_HORIZONTAL,CAUSA_FACTOR_PRINCIPAL,CAUSA_ESPECIFICA,HORA,severidad,EDAD_PROMEDIO,EDAD_MEDIANA,EDAD_MIN,EDAD_MAX,TOTAL_MASCULINOS,TOTAL_CONDUCTORES,TOTAL_FALLECIDOS_AGG,TOTAL_LESIONADOS_AGG,TOTAL_LICENCIA,TOTAL_ALCOHOL_POSITIVO,TOTAL_PERSONAS
A-2021-12-90,2021-12-06,17:45,DESPISTE,1,2,1,LIMA,HUAURA,SAYAN,URBANA,CARRETERA,PROVINCIAL,LM-659,-11.218220590942453,-77.4090298771327,DESPEJADO,RESIDENCIAL,TRAMO RECTO,PLANA ,ASFALTADA,,,,,EN PROCESO DE INVESTIGACIÓN,NO CUENTA CON CAUSA ESPECIFICA,17.0,0,17.666666666666668,18.0,16.0,19.0,3,1,1,2,0,0,3
A-2021-12-126,2021-12-06,18:00,DESPISTE,1,0,1,PIURA,PIURA,VEINTISEIS DE OCTUBRE,URBANA,AVENIDA,URBANO,NO CORRESPONDE,-5.1904082,-80.6666742,DESPEJADO,COMERCIAL,TRAMO RECTO,PLANA ,CONCRETO,,,,,EN PROCESO DE INVESTIGACIÓN,NO CUENTA CON CAUSA ESPECIFICA,18.0,0,40.0,40.0,40.0,40.0,1,1,1,0,1,1,1
A-2021-12-31,2021-12-06,20:10,ATROPELLO,1,0,1,PUNO,AZANGARO,SAN ANTON,RURAL,CARRETERA,NACIONAL,PE-34B,-14.430196,-70.2589258,DESPEJADO,RURAL,TRAMO RECTO,PLANA ,ASFALTADA,,,,,IMPRUDENCIA DEL PEATÓN,CRUCE INDEBIDO POR LA CALZADA,20.0,0,44.0,44.0,38.0,50.0,1,1,1,0,1,0,2
A-2021-12-10,2021-12-06,21:50,ATROPELLO,1,0,0,ANCASH,HUARAZ,HUARAZ,RURAL,CARRETERA,NACIONAL,PE-3N,-9.5631808,-77.5390986,LLUVIOSO,RURAL,TRAMO RECTO,PLANA ,ASFALTADA,SI,PREVENTIVA (P),,NO,IMPRUDENCIA DEL PEATÓN,CRUCE INDEBIDO POR LA CALZADA,21.0,0,53.5,53.5,38.0,69.0,2,1,1,0,1,0,2
A-2021-12-119,2021-12-07,14:35,CHOQUE,1,0,2,LIMA,LIMA,CHACLACAYO,URBANA,CARRETERA,NACIONAL,PE-22,-11.985720245080582,-76.80978528061422,SOLEADO,RESIDENCIAL,TRAMO RECTO,PLANA ,ASFALTADA,,,,,EN PROCESO DE INVESTIGACIÓN,NO CUENTA CON CAUSA ESPECIFICA,14.0,0,42.0,42.0,42.0,42.0,1,2,1,0,1,0,2
A-2021-12-8,2021-12-07,18:00,CHOQUE,1,0,1,CALLAO,CALLAO,CALLAO,URBANA,CARRETERA,NACIONAL,PE-20,-11.972424576844084,-77.1248169387054,DESPEJADO,INDUSTRIAL,TRAMO RECTO,PLANA ,ASFALTADA,,,,,EN PROCESO DE INVESTIGACIÓN,NO CUENTA CON CAUSA ESPECIFICA,18.0,0,38.5,38.5,19.0,58.0,2,2,1,0,1,0,2
A-2021-12-7,2021-12-07,22:00,CHOQUE,1,0,1,CALLAO,CALLAO,CALLAO,URBANA,CARRETERA,NACIONAL,PE-20,-12.038259793695234,-77.12717963582398,DESPEJADO,RESIDENCIAL,TRAMO RECTO,PLANA ,CONCRETO,,,,,NEGLIGENCIA DEL CONDUCTOR,OTRO (NEGLIGENCIA DEL CONDUCTOR),22.0,0,41.5,41.5,39.0,44.0,2,2,1,0,1,0,2
A-2021-12-69,2021-12-08,06:00,ATROPELLO FUGA,1,0,0,PASCO,PASCO,VICCO,URBANA,CARRETERA,NACIONAL,PE-20A,-10.810985467282697,-76.23864765339725,DESPEJADO,RURAL,OTRO,PLANA ,ASFALTADA,SI,REGULADORA (R),,NO,IMPRUDENCIA DEL CONDUCTOR,EXCESO DE VELOCIDAD,6.0,0,54.0,54.0,54.0,54.0,1,0,1,0,0,0,2
A-2021-12-170,2021-12-08,06:30,CHOQUE,1,0,2,LAMBAYEQUE,CHICLAYO,PIMENTEL,URBANA,CARRETERA,NACIONAL,PE-1N,-6.751879484350171,-79.8676442770372,DESPEJADO,COMERCIAL,TRAMO RECTO,PLANA ,ASFALTADA,,,,,EN PROCESO DE INVESTIGACIÓN,NO CUENTA CON CAUSA ESPECIFICA,6.0,0,47.5,47.5,43.0,52.0,2,2,1,0,2,0,2
A-2021-12-99,2021-12-08,06:30,CHOQUE,1,0,2,UCAYALI,CORONEL PORTILLO,YARINACOCHA,RURAL,CARRETERA,NACIONAL,PE-18C,-8.40977,-74.650205,DESPEJADO,RURAL,TRAMO RECTO,PLANA ,ASFALTADA,SI,REGULADORA (R),,NO,IMPRUDENCIA DEL CONDUCTOR,CONDUCIR EN SENTIDO CONTRARIO,6.0,0,50.5,50.5,42.0,59.0,2,2,1,0,0,0,2
A-2021-12-238,2021-12-08,07:20,VOLCADURA,1,0,2,SAN MARTIN,SAN MARTIN,LA BANDA DE SHILCAYO,RURAL,CARRETERA,NACIONAL,PE-5NB,-6.42122732,-76.291237,DESPEJADO,RURAL,CURVA,INCLINADA,ASFALTADA,SI,PREVENTIVA (P),,SI,IMPRUDENCIA DEL CONDUCTOR,EXCESO DE VELOCIDAD,7.0,0,55.0,55.0,45.0,65.0,2,2,1,0,2,0,2
A-2021-12-216,2021-12-08,10:00,CAÍDA DE PASAJERO,1,0,0,LIMA,LIMA,VILLA MARIA DEL TRIUNFO,URBANA,JIRÓN,URBANO,NO CORRESPONDE,-12.183116,-76.924735,SOLEADO,RESIDENCIAL,TRAMO RECTO,PLANA ,ASFALTADA,,,,,EN PROCESO DE INVESTIGACIÓN,NO CUENTA CON CAUSA ESPECIFICA,10.0,0,53.0,53.0,53.0,53.0,1,0,1,0,0,0,2
A-2021-12-26,2021-12-08,15:30,DESPISTE,2,2,1,ICA,ICA,YAUCA DEL ROSARIO,RURAL,CARRETERA,DEPARTAMENTAL,IC-107,-14.1745787,-75.5859515,SOLEADO,RURAL,TRAMO RECTO,PLANA ,TROCHA,,,,,EN PROCESO DE INVESTIGACIÓN,NO CUENTA CON CAUSA ESPECIFICA,15.0,1,68.5,68.0,51.0,87.0,2,1,2,2,1,0,4
A-2021-12-66,2021-12-08,19:50,ATROPELLO,1,1,0,LORETO,MAYNAS,IQUITOS,URBANA,AVENIDA,URBANO,NO CORRESPONDE,-3.731932130476979,-73.25876824469772,,,,,,,,,,EN PROCESO DE INVESTIGACIÓN,NO CUENTA CON CAUSA ESPECIFICA,19.0,0,32.666666666666664,19.0,16.0,63.0,2,1,1,1,0,0,3
A-2021-12-9,2021-12-09,04:22,ATROPELLO FUGA,1,0,0,PUNO,PUNO,PAUCARCOLLA,RURAL,CARRETERA,NACIONAL,PE-3S,-15.752785753272578,-70.05233133972958,DESPEJADO,RURAL,TRAMO RECTO,PLANA ,ASFALTADA,SI,REGULADORA (R),,SI,EN PROCESO DE INVESTIGACIÓN,NO CUENTA CON CAUSA ESPECIFICA,4.0,0,51.0,51.0,51.0,51.0,1,0,1,0,0,0,2
A-2021-12-70,2021-12-09,18:00,CHOQUE,1,1,0,LORETO,MAYNAS,SAN JUAN BAUTISTA,URBANA,CARRETERA,DEPARTAMENTAL,LO-103,-3.766726217229544,-73.27312225655557,,,,,,,,,,EN PROCESO DE INVESTIGACIÓN,NO CUENTA CON CAUSA ESPECIFICA,18.0,0,41.666666666666664,42.0,36.0,47.0,2,2,1,1,0,0,3
A-2021-12-23,2021-12-09,23:30,DESPISTE,1,2,1,APURIMAC,ANDAHUAYLAS,SANTA MARIA DE CHICMO,RURAL,CARRETERA,NACIONAL,PE-3S,-13.611073,-73.575278,NUBLADO,RURAL,TRAMO RECTO,PLANA ,ASFALTADA,,,,,IMPRUDENCIA DEL CONDUCTOR,EXCESO DE VELOCIDAD,23.0,0,44.333333333333336,53.0,25.0,55.0,1,1,1,2,1,0,3
A-2021-12-154,2021-12-10,01:00,DESPISTE,1,2,1,LIMA,LIMA,BARRANCO,URBANA,OTRO,URBANO,NO CORRESPONDE,-12.153688218841218,-77.02474408850549,DESPEJADO,RESIDENCIAL,TRAMO RECTO,INCLINADA,ASFALTADA,,,,,EN PROCESO DE INVESTIGACIÓN,NO CUENTA CON CAUSA ESPECIFICA,1.0,0,,,,,2,1,1,2,0,0,3
A-2021-12-11,2021-12-10,01:30,ATROPELLO,1,0,1,PUNO,EL COLLAO,ILAVE,RURAL,CARRETERA,NACIONAL,PE-3S,-16.08053640545883,-69.65219393210701,DESPEJADO,RURAL,TRAMO RECTO,PLANA ,ASFALTADA,,,,,IMPRUDENCIA DEL PEATÓN,CRUCE INDEBIDO POR LA CALZADA,1.0,0,34.0,34.0,32.0,36.0,2,1,1,0,1,0,2
A-2021-12-12,2021-12-10,02:00,ATROPELLO FUGA,1,0,1,AREQUIPA,AREQUIPA,LA JOYA,URBANA,CARRETERA,NACIONAL,PE-1S,-16.569711312640678,-71.8303789791813,DESPEJADO,RESIDENCIAL,TRAMO RECTO,PLANA ,ASFALTADA,,,,,EN PROCESO DE INVESTIGACIÓN,NO CUENTA CON CAUSA ESPECIFICA,2.0,0,37.0,37.0,37.0,37.0,1,0,1,0,0,0,2
A-2021-12-51,2021-12-10,13:30,ATROPELLO FUGA,1,2,1,LA LIBERTAD,TRUJILLO,HUANCHACO,RURAL,CARRETERA,NACIONAL,PE-1N,-8.002536,-79.071728,DESPEJADO,RURAL,TRAMO RECTO,PLANA ,ASFALTADA,,,,,IMPRUDENCIA DEL CONDUCTOR,FATIGA Y/O CANSANCIO,13.0,0,46.333333333333336,48.0,39.0,52.0,3,0,1,2,0,0,4
A-2021-12-155,2021-12-10,16:40,CAÍDA DE PASAJERO,1,0,0,LIMA,LIMA,VILLA MARIA DEL TRIUNFO,URBANA,AVENIDA,URBANO,NO CORRESPONDE,-12.166162,-76.952253,SOLEADO,ESCOLAR,TRAMO RECTO,PLANA ,ASFALTADA,,,,,EN PROCESO DE INVESTIGACIÓN,NO CUENTA CON CAUSA ESPECIFICA,16.0,0,43.5,43.5,31.0,56.0,3,2,1,0,1,0,3
A-2021-12-204,2021-12-10,19:20,ATROPELLO FUGA,1,0,0,LIMA,BARRANCA,SUPE,RURAL,CARRETERA,NACIONAL,PE-1N,-10.858267596199711,-77.69031756830302,DESPEJADO,RURAL,TRAMO RECTO,PLANA ,ASFALTADA,,,,,EN PROCESO DE INVESTIGACIÓN,NO CUENTA CON CAUSA ESPECIFICA,19.0,0,27.0,27.0,27.0,27.0,1,0,1,0,0,0,2
A-2021-12-29,2021-12-10,20:00,DESPISTE,1,1,1,PIURA,AYABACA,AYABACA,RURAL,CARRETERA,NACIONAL,PE-1NT,-4.654003900781257,-79.73730502191634,LLUVIOSO,RURAL,CURVA,INCLINADA,AFIRMADO,,,,,EN PROCESO DE INVESTIGACIÓN,NO CUENTA CON CAUSA ESPECIFICA,20.0,0,40.333333333333336,42.0,35.0,44.0,3,1,1,1,1,0,3
A-2021-12-53,2021-12-11,09:00,CHOQUE,1,0,2,LA LIBERTAD,SANCHEZ CARRION,SARIN,RURAL,CARRETERA,PROVINCIAL,LI-907,-7.911865,-77.903236,DESPEJADO,RURAL,TRAMO RECTO,PLANA ,AFIRMADO,,,,,IMPRUDENCIA DEL CONDUCTOR,INVASIÓN DE CARRIL,9.0,0,42.333333333333336,29.0,28.0,70.0,3,2,1,0,2,0,3
A-2021-12-156,2021-12-11,12:50,ATROPELLO,1,0,0,LIMA,LIMA,LOS OLIVOS,URBANA,AVENIDA,URBANO,NO CORRESPONDE,-12.006545,-77.082327,SOLEADO,RESIDENCIAL,INTERSECCIÓN,PLANA ,ASFALTADA,,,,,EN PROCESO DE INVESTIGACIÓN,NO CUENTA CON CAUSA ESPECIFICA,12.0,0,33.0,33.0,24.0,42.0,2,1,1,0,0,0,2
A-2021-12-24,2021-12-11,16:30,CHOQUE,1,2,1,PIURA,SULLANA,QUERECOTILLO,RURAL,CARRETERA,NACIONAL,PE-1NN,-4.836912863178541,-80.65014654787663,DESPEJADO,RURAL,TRAMO RECTO,PLANA ,ASFALTADA,,,,,EN PROCESO DE INVESTIGACIÓN,NO CUENTA CON CAUSA ESPECIFICA,16.0,0,20.8,24.0,5.0,37.0,3,2,1,2,1,0,5
A-2021-12-157,2021-12-11,21:30,CHOQUE,1,7,2,LIMA,LIMA,VILLA EL SALVADOR,URBANA,CARRETERA,NACIONAL,PE-1S,-12.1951485,-76.9727995,DESPEJADO,RESIDENCIAL,TRAMO RECTO,PLANA ,ASFALTADA,,,,,EN PROCESO DE INVESTIGACIÓN,NO CUENTA CON CAUSA ESPECIFICA,21.0,0,51.0,46.0,33.0,74.0,5,2,1,7,2,0,10
A-2021-12-147,2021-12-12,00:10,CAÍDA DE PASAJERO,1,0,0,PUNO,SAN ROMAN,JULIACA,URBANA,CARRETERA,NACIONAL,PE-3S,-15.466688,-70.138269,DESPEJADO,COMERCIAL,INTERSECCIÓN,PLANA ,ASFALTADA,,,,,IMPRUDENCIA DEL CONDUCTOR,EXCESO DE VELOCIDAD,0.0,0,31.5,31.5,27.0,36.0,1,1,1,0,1,0,2
A-2021-12-30,2021-12-12,02:00,DESPISTE,1,0,1,AREQUIPA,AREQUIPA,AREQUIPA,URBANA,CALLE,URBANO,NO CORRESPONDE,-16.39678115171792,-71.54263681204017,DESPEJADO,RESIDENCIAL,TRAMO RECTO,INCLINADA,ADOQUINADO,,,,,EN PROCESO DE INVESTIGACIÓN,NO CUENTA CON CAUSA ESPECIFICA,2.0,0,31.0,31.0,31.0,31.0,1,1,1,0,0,0,1
A-2021-12-289,2021-12-12,04:00,DESPISTE,1,0,1,AREQUIPA,CONDESUYOS,CHUQUIBAMBA,RURAL,CARRETERA,DEPARTAMENTAL,AR-105,-15.836532580285567,-72.6581406225321,DESPEJADO,RURAL,SINUOSA,INCLINADA,ASFALTADA,,,,,EN PROCESO DE INVESTIGACIÓN,NO CUENTA CON CAUSA ESPECIFICA,4.0,0,27.0,27.0,27.0,27.0,1,1,1,0,1,0,1
A-2021-12-50,2021-12-12,04:25,DESPISTE,1,0,1,HUANCAVELICA,ACOBAMBA,ROSARIO,RURAL,CARRETERA,SIN CLASIFICAR,SIN CLASIFICAR,-12.762491056153,-74.5656884153541,DESPEJADO,RURAL,CURVA,PLANA ,AFIRMADO,SI,PREVENTIVA (P),,NO,EN PROCESO DE INVESTIGACIÓN,NO CUENTA CON CAUSA ESPECIFICA,4.0,0,,,,,1,1,1,0,0,0,1
A-2021-12-14,2021-12-12,07:40,DESPISTE,1,0,0,CALLAO,CALLAO,CALLAO,URBANA,CARRETERA,NACIONAL,PE-20B,-12.041565034775047,-77.10440847210458,DESPEJADO,RURAL,TRAMO RECTO,PLANA ,ASFALTADA,,,,,EN PROCESO DE INVESTIGACIÓN,NO CUENTA CON CAUSA ESPECIFICA,7.0,0,33.0,33.0,33.0,33.0,1,1,1,0,1,0,1
A-2021-12-91,2021-12-12,09:00,ATROPELLO,1,0,1,LIMA,HUAURA,HUACHO,RURAL,CARRETERA,NACIONAL,PE-1N,-11.306502113545593,-77.48817080324059,SOLEADO,RURAL,TRAMO RECTO,PLANA ,ASFALTADA,,,,,IMPRUDENCIA DEL PEATÓN,CRUCE INDEBIDO POR LA CALZADA,9.0,0,58.0,58.0,43.0,73.0,2,1,1,0,1,0,2
A-2021-12-295,2021-12-12,13:25,DESPISTE,1,0,0,LIMA,LIMA,LOS OLIVOS,URBANA,AVENIDA,URBANO,NO CORRESPONDE,-11.97059094851008,-77.07248371063332,,,,,,,,,,EN PROCESO DE INVESTIGACIÓN,NO CUENTA CON CAUSA ESPECIFICA,13.0,0,,,,,1,1,1,0,0,0,2
A-2021-12-57,2021-12-12,18:50,DESPISTE,1,0,1,LA LIBERTAD,TRUJILLO,SALAVERRY,URBANA,AVENIDA,URBANO,NO CORRESPONDE,-8.218302,-78.978789,DESPEJADO,INDUSTRIAL,INTERSECCIÓN,PLANA ,ASFALTADA,,,,,EN PROCESO DE INVESTIGACIÓN,NO CUENTA CON CAUSA ESPECIFICA,18.0,0,51.0,51.0,45.0,57.0,2,1,1,0,0,0,2
A-2021-12-286,2021-12-12,19:00,DESPISTE,4,0,1,AREQUIPA,CONDESUYOS,YANAQUIHUA,RURAL,CARRETERA,PROVINCIAL,AR-535,-15.780590725331528,-72.88359509567928,DESPEJADO,RURAL,CURVA,INCLINADA,TROCHA,,,,,EN PROCESO DE INVESTIGACIÓN,NO CUENTA CON CAUSA ESPECIFICA,19.0,2,22.25,24.0,1.0,40.0,2,1,4,0,1,0,4
A-2021-12-58,2021-12-12,19:00,DESPISTE,2,0,1,LA LIBERTAD,OTUZCO,SALPO,RURAL,CARRETERA,NACIONAL,PE-10A,-8.018895,-78.715078,DESPEJADO,RURAL,CURVA,INCLINADA,ASFALTADA,,,,,EN PROCESO DE INVESTIGACIÓN,NO CUENTA CON CAUSA ESPECIFICA,19.0,1,18.666666666666668,18.0,14.0,24.0,1,1,2,0,0,0,3
A-2021-12-127,2021-12-12,20:00,DESPISTE,1,0,1,PIURA,PIURA,PIURA,RURAL,CARRETERA,NACIONAL,PE-1N,-5.11873130880967,-80.7018813777461,DESPEJADO,COMERCIAL,TRAMO RECTO,PLANA ,ASFALTADA,,,,,EN PROCESO DE INVESTIGACIÓN,NO CUENTA CON CAUSA ESPECIFICA,20.0,0,33.0,33.0,33.0,33.0,1,1,1,0,0,0,1
A-2021-12-81,2021-12-12,22:00,CHOQUE,4,16,3,PUNO,HUANCANE,PUSI,RURAL,CARRETERA,NACIONAL,PE-34H,-15.40756,-70.0659119,DESPEJADO,RURAL,TRAMO RECTO,PLANA ,ASFALTADA,,,,,IMPRUDENCIA DEL CONDUCTOR,OTRO (IMPRUDENCIA DEL CONDUCTOR),22.0,2,34.80952380952381,36.0,5.0,74.0,14,3,4,16,2,0,21
A-2021-12-139,2021-12-13,03:00,DESPISTE,2,0,1,AYACUCHO,CANGALLO,PARAS,RURAL,CARRETERA,NACIONAL,PE-28A,-13.333705,-74.597611,LLUVIOSO,RURAL,CURVA,INCLINADA,ASFALTADA,SI,PREVENTIVA (P),PREVENTIVA (P),NO,INFRAESTRUCTURA Y ENTORNO VIAL,FACTOR AMBIENTAL,3.0,1,55.0,55.0,55.0,55.0,2,1,2,0,1,0,2
A-2021-12-68,2021-12-13,16:55,CHOQUE,1,0,2,LA LIBERTAD,VIRU,VIRU,RURAL,CARRETERA,NACIONAL,PE-1N,-8.423766875656197,-78.78223717052951,DESPEJADO,RURAL,TRAMO RECTO,PLANA ,ASFALTADA,,,,,IMPRUDENCIA DEL CONDUCTOR,ADELANTAR INDEBIDAMENTE,16.0,0,35.0,35.0,22.0,48.0,2,2,1,0,1,0,2
A-2021-12-148,2021-12-13,17:30,CHOQUE,1,1,2,PUNO,AZANGARO,SAMAN,RURAL,CARRETERA,SIN CLASIFICAR,SIN CLASIFICAR,-15.354542788072528,-70.02497785698304,DESPEJADO,RURAL,TRAMO RECTO,PLANA ,ASFALTADA,,,,,IMPRUDENCIA DEL CONDUCTOR,OTRO (IMPRUDENCIA DEL CONDUCTOR),17.0,0,19.5,19.5,15.0,24.0,1,1,1,1,0,0,3
A-2021-12-205,2021-12-13,19:50,ATROPELLO,1,0,1,LIMA,BARRANCA,SUPE,RURAL,CARRETERA,NACIONAL,PE-1N,-10.787009620009208,-77.7128743936837,DESPEJADO,RURAL,TRAMO RECTO,PLANA ,ASFALTADA,,,,,EN PROCESO DE INVESTIGACIÓN,NO CUENTA CON CAUSA ESPECIFICA,19.0,0,47.5,47.5,42.0,53.0,2,1,1,0,1,0,2
A-2021-12-158,2021-12-13,21:30,CHOQUE,1,0,2,LIMA,LIMA,CIENEGUILLA,URBANA,CALLE,URBANO,NO CORRESPONDE,-12.073099184950324,-76.87478182472802,DESPEJADO,RURAL,TRAMO RECTO,INCLINADA,TROCHA,,,,,EN PROCESO DE INVESTIGACIÓN,NO CUENTA CON CAUSA ESPECIFICA,21.0,0,,,,,1,2,1,0,0,0,2
A-2021-12-159,2021-12-14,06:50,CHOQUE,1,0,2,LIMA,LIMA,LOS OLIVOS,URBANA,CARRETERA,NACIONAL,PE-20F,-11.954954,-77.084784,DESPEJADO,RESIDENCIAL,INTERSECCIÓN,PLANA ,ASFALTADA,,,,,EN PROCESO DE INVESTIGACIÓN,NO CUENTA CON CAUSA ESPECIFICA,6.0,0,58.0,58.0,58.0,58.0,2,2,1,0,0,0,2
A-2021-12-35,2021-12-14,10:30,DESPISTE,1,1,1,TUMBES,TUMBES,SAN JACINTO,URBANA,CALLE,URBANO,NO CORRESPONDE,-3.657076361677861,-80.44771486098061,DESPEJADO,RURAL,TRAMO RECTO,PLANA ,ASFALTADA,,,,,IMPRUDENCIA DEL CONDUCTOR,EXCESO DE VELOCIDAD,10.0,0,53.0,53.0,41.0,65.0,1,1,1,1,0,0,2
A-2021-12-138,2021-12-14,11:00,DESPISTE,1,0,1,AYACUCHO,HUAMANGA,OCROS,RURAL,CARRETERA,PROVINCIAL,AY-942,-13.4270030742541,-73.8992032361863,DESPEJADO,RURAL,CURVA,INCLINADA,AFIRMADO,,,,,IMPRUDENCIA DEL CONDUCTOR,FATIGA Y/O CANSANCIO,11.0,0,66.0,66.0,66.0,66.0,1,1,1,0,1,0,1
A-2021-12-282,2021-12-14,21:00,ATROPELLO,1,0,1,AREQUIPA,CASTILLA,APLAO,RURAL,CARRETERA,DEPARTAMENTAL,AR-105,-16.055994998033942,-72.48721909347373,DESPEJADO,RURAL,CURVA,INCLINADA,ASFALTADA,,,,,EN PROCESO DE INVESTIGACIÓN,NO CUENTA CON CAUSA ESPECIFICA,21.0,0,30.0,30.0,2.0,58.0,2,1,1,0,1,0,2
A-2021-12-162,2021-12-15,09:30,DESPISTE,1,0,1,PUNO,SANDIA,CUYOCUYO,RURAL,CARRETERA,NACIONAL,PE-34H,-14.441577221899978,-69.53008537150941,SOLEADO,RURAL,TRAMO RECTO,PLANA ,ASFALTADA,,,,,IMPRUDENCIA DEL CONDUCTOR,OTRO (IMPRUDENCIA DEL CONDUCTOR),9.0,0,57.5,57.5,29.0,86.0,2,1,1,0,0,0,2
A-2021-12-37,2021-12-15,14:14,CHOQUE FUGA,1,3,2,AREQUIPA,ISLAY,ISLAY,RURAL,CARRETERA,NACIONAL,PE-34,-16.921667,-72.053889,NUBLADO,RURAL,CURVA,INCLINADA,ASFALTADA,SI,PREVENTIVA (P),PREVENTIVA (P),NO,EN PROCESO DE INVESTIGACIÓN,NO CUENTA CON CAUSA ESPECIFICA,14.0,0,42.0,30.0,19.0,71.0,4,1,1,3,1,0,6
A-2021-12-27,2021-12-15,17:00,CHOQUE,1,0,1,CALLAO,CALLAO,CALLAO,URBANA,AVENIDA,URBANO,NO CORRESPONDE,-12.017058066620036,-77.09289378582605,DESPEJADO,RESIDENCIAL,TRAMO RECTO,PLANA ,ASFALTADA,SI,REGULADORA (R),REGULADORA (R),SI,IMPRUDENCIA DEL CONDUCTOR,OTRO (IMPRUDENCIA DEL CONDUCTOR),17.0,0,23.5,23.5,11.0,36.0,2,2,1,0,1,0,2
A-2021-12-206,2021-12-15,19:40,VOLCADURA,1,0,1,LIMA,LIMA,CIENEGUILLA,URBANA,AVENIDA,URBANO,NO CORRESPONDE,-12.10018,-76.79166,DESPEJADO,RESIDENCIAL,TRAMO RECTO,PLANA ,ASFALTADA,,,,,EN PROCESO DE INVESTIGACIÓN,NO CUENTA CON CAUSA ESPECIFICA,19.0,0,54.0,54.0,54.0,54.0,1,1,1,0,0,0,1
A-2021-12-33,2021-12-15,19:50,ATROPELLO FUGA,1,0,1,ICA,NASCA,NASCA,RURAL,CARRETERA,NACIONAL,PE-1S,-14.819407482236658,-74.97213789560045,DESPEJADO,RURAL,TRAMO RECTO,PLANA ,ASFALTADA,,,,,EN PROCESO DE INVESTIGACIÓN,NO CUENTA CON CAUSA ESPECIFICA,19.0,0,34.0,34.0,34.0,34.0,1,0,1,0,0,0,2
A-2021-12-55,2021-12-16,00:40,CHOQUE,1,0,2,AREQUIPA,AREQUIPA,CERRO COLORADO,URBANA,CARRETERA,NACIONAL,PE-34A,-16.362821,-71.578105,DESPEJADO,COMERCIAL,TRAMO RECTO,PLANA ,ASFALTADA,NO,,,SI,EN PROCESO DE INVESTIGACIÓN,NO CUENTA CON CAUSA ESPECIFICA,0.0,0,37.0,37.0,30.0,44.0,2,2,1,0,2,0,2
A-2021-12-276,2021-12-16,01:21,VOLCADURA,1,0,0,APURIMAC,AYMARAES,LUCRE,RURAL,CARRETERA,DEPARTAMENTAL,AP-107,-13.924061,-73.233873,,,,,,,,,,EN PROCESO DE INVESTIGACIÓN,NO CUENTA CON CAUSA ESPECIFICA,1.0,0,35.0,35.0,35.0,35.0,1,1,1,0,0,0,1
A-2021-12-281,2021-12-16,08:40,DESPISTE,1,0,1,AREQUIPA,CARAVELI,HUANUHUANU,RURAL,CARRETERA,PROVINCIAL,AR-510,-15.65924478381697,-74.0951974362041,DESPEJADO,RURAL,CURVA,INCLINADA,ASFALTADA,,,,,EN PROCESO DE INVESTIGACIÓN,NO CUENTA CON CAUSA ESPECIFICA,8.0,0,30.5,30.5,26.0,35.0,2,1,1,0,0,0,2
A-2021-12-124,2021-12-16,14:30,CHOQUE,1,0,1,PUNO,AZANGARO,SAMAN,RURAL,CARRETERA,SIN CLASIFICAR,SIN CLASIFICAR,-15.360108796566491,-70.04266428683378,DESPEJADO,RURAL,TRAMO RECTO,PLANA ,TROCHA,,,,,IMPRUDENCIA DEL CONDUCTOR,OTRO (IMPRUDENCIA DEL CONDUCTOR),14.0,0,31.5,31.5,24.0,39.0,1,2,1,0,0,0,2
A-2021-12-72,2021-12-16,17:00,ATROPELLO,1,0,1,LA LIBERTAD,TRUJILLO,LAREDO,RURAL,CARRETERA,NACIONAL,PE-10A,-8.021698,-78.838331,DESPEJADO,RURAL,TRAMO RECTO,PLANA ,ASFALTADA,,,,,IMPRUDENCIA DEL CONDUCTOR,GIRAR IMPRUDENTEMENTE,17.0,0,49.5,49.5,32.0,67.0,1,1,1,0,1,0,2
A-2021-12-207,2021-12-16,20:00,ATROPELLO,1,0,0,LIMA,LIMA,PACHACAMAC,URBANA,AVENIDA,URBANO,NO CORRESPONDE,-12.108048,-76.875272,DESPEJADO,RESIDENCIAL,TRAMO RECTO,PLANA ,ASFALTADA,,,,,IMPRUDENCIA DEL CONDUCTOR,OTRO (IMPRUDENCIA DEL CONDUCTOR),20.0,0,20.0,20.0,20.0,20.0,0,1,1,0,0,0,2
A-2021-12-62,2021-12-17,07:00,DESPISTE,1,0,1,HUANCAVELICA,HUAYTARA,PILPICHACA,RURAL,CARRETERA,NACIONAL,PE-28A,-13.3680319,-74.9544355,DESPEJADO,RURAL,CURVA,INCLINADA,ASFALTADA,SI,PREVENTIVA (P),,SI,EN PROCESO DE INVESTIGACIÓN,NO CUENTA CON CAUSA ESPECIFICA,7.0,0,39.0,39.0,39.0,39.0,1,1,1,0,0,0,1