CODIGO_SINIESTRO,FECHA_SINIESTRO,HORA_SINIESTRO,CLASE_SINIESTRO,CANTIDAD_FALLECIDOS,CANTIDAD_LESIONADOS,CANTIDAD_VEHICULOS,DEPARTAMENTO,PROVINCIA,DISTRITO,ZONA,TIPO_VIA,RED_VIAL,COD_CARRETERA,LATITUD,LONGITUD,CONDICION_CLIMATICA,ZONIFICACION,CARACTERISTICAS_VIA,PERFIL_VIA,SUPERFICIE_CALZADA,EXISTE_SENIAL_VERTICAL,CLASIFICACION_SENIAL_VERTICAL_1,CLASIFICACION_SENIAL_VERTICAL_2,EXISTE_SENIAL_HORIZONTAL,CAUSA_FACTOR_PRINCIPAL,CAUSA_ESPECIFICA,HORA,severidad,EDAD_PROMEDIO,EDAD_MEDIANA,EDAD_MIN,EDAD_MAX,TOTAL_MASCULINOS,TOTAL_CONDUCTORES,TOTAL_FALLECIDOS_AGG,TOTAL_LESIONADOS_AGG,TOTAL_LICENCIA,TOTAL_ALCOHOL_POSITIVO,TOTAL_PERSONAS
A-2021-12-76,2021-12-25,06:00,CHOQUE,1,1,2,AREQUIPA,CAYLLOMA,SAN ANTONIO DE CHUCA,RURAL,CARRETERA,NACIONAL,PE-34A,-15.759281,-70.932057,NUBLADO,RURAL,CURVA,INCLINADA,ASFALTADA,NO,,,SI,EN PROCESO DE INVESTIGACIÓN,NO CUENTA CON CAUSA ESPECIFICA,6.0,0,28.333333333333332,22.0,1.0,62.0,2,2,1,1,2,0,3
A-2021-12-82,2021-12-25,07:45,CHOQUE,1,0,2,ICA,NASCA,VISTA ALEGRE,RURAL,CARRETERA,NACIONAL,PE-1S,-14.9084803174106,-74.98480375259908,DESPEJADO,RURAL,CURVA,PLANA ,ASFALTADA,,,,,EN PROCESO DE INVESTIGACIÓN,NO CUENTA CON CAUSA ESPECIFICA,7.0,0,31.0,31.0,24.0,38.0,2,2,1,0,1,0,2
A-2021-12-144,2021-12-25,11:21,DESPISTE,1,4,1,CUSCO,CHUMBIVILCAS,VELILLE,RURAL,CARRETERA,NACIONAL,PE-3SW,-14.5711517,-71.8120606,DESPEJADO,RURAL,TRAMO RECTO,PLANA ,ASFALTADA,,,,,IMPRUDENCIA DEL CONDUCTOR,EXCESO DE VELOCIDAD,11.0,0,28.4,31.0,1.0,55.0,2,1,1,4,1,0,5
A-2021-12-293,2021-12-25,13:45,ATROPELLO,1,0,1,CALLAO,CALLAO,VENTANILLA,URBANA,AVENIDA,URBANO,NO CORRESPONDE,-11.8885719,-77.13055217,DESPEJADO,INDUSTRIAL,TRAMO RECTO,INCLINADA,ASFALTADA,NO,,,SI,IMPRUDENCIA DEL PEATÓN,OTRO (IMPRUDENCIA DEL PEATÓN),13.0,0,40.0,40.0,27.0,53.0,1,1,1,0,0,0,2
A-2021-12-75,2021-12-25,14:45,CHOQUE,1,5,2,AREQUIPA,CAYLLOMA,CHIVAY,RURAL,CARRETERA,DEPARTAMENTAL,AR-109,-15.700749,-71.590196,DESPEJADO,RURAL,CURVA,INCLINADA,ASFALTADA,NO,,,SI,EN PROCESO DE INVESTIGACIÓN,NO CUENTA CON CAUSA ESPECIFICA,14.0,0,43.166666666666664,42.5,26.0,62.0,3,2,1,5,2,0,6
A-2021-12-242,2021-12-25,16:30,ATROPELLO,1,0,0,LIMA,LIMA,CARABAYLLO,URBANA,AVENIDA,URBANO,NO CORRESPONDE,-11.871631,-77.014417,DESPEJADO,RESIDENCIAL,TRAMO RECTO,PLANA ,ASFALTADA,,,,,EN PROCESO DE INVESTIGACIÓN,NO CUENTA CON CAUSA ESPECIFICA,16.0,0,,,,,2,1,1,0,0,0,2
A-2021-12-200,2021-12-25,19:20,CHOQUE FUGA,1,1,3,PIURA,PIURA,VEINTISEIS DE OCTUBRE,URBANA,CARRETERA,NACIONAL,PE-1N,-5.176398,-80.67267,DESPEJADO,COMERCIAL,TRAMO RECTO,PLANA ,ASFALTADA,,,,,EN PROCESO DE INVESTIGACIÓN,NO CUENTA CON CAUSA ESPECIFICA,19.0,0,37.666666666666664,41.0,30.0,42.0,2,3,1,1,2,2,3
A-2021-12-103,2021-12-25,20:00,ATROPELLO FUGA,1,0,1,HUANUCO,HUANUCO,PILLCO MARCA,URBANA,CARRETERA,NACIONAL,PE-3N,-10.033127,-76.234572,DESPEJADO,COMERCIAL,TRAMO RECTO,PLANA ,ASFALTADA,,,,,EN PROCESO DE INVESTIGACIÓN,NO CUENTA CON CAUSA ESPECIFICA,20.0,0,27.0,27.0,27.0,27.0,1,0,1,0,0,0,2
A-2021-12-98,2021-12-25,20:40,ATROPELLO FUGA,1,0,1,AREQUIPA,CAYLLOMA,MAJES,RURAL,CARRETERA,PROVINCIAL,AR-736,-16.314977,-72.284058,DESPEJADO,RURAL,TRAMO RECTO,PLANA ,ASFALTADA,,,,,EN PROCESO DE INVESTIGACIÓN,NO CUENTA CON CAUSA ESPECIFICA,20.0,0,63.0,63.0,63.0,63.0,1,0,1,0,0,0,3
A-2021-12-243,2021-12-26,04:00,DESPISTE,1,0,1,LIMA,LIMA,CHACLACAYO,URBANA,CARRETERA,NACIONAL,PE-22,-11.990416,-76.820875,DESPEJADO,RESIDENCIAL,TRAMO RECTO,PLANA ,ASFALTADA,,,,,EN PROCESO DE INVESTIGACIÓN,NO CUENTA CON CAUSA ESPECIFICA,4.0,0,,,,,1,1,1,0,0,0,1
A-2021-12-186,2021-12-26,04:40,ATROPELLO FUGA,1,0,0,LAMBAYEQUE,LAMBAYEQUE,OLMOS,RURAL,CARRETERA,NACIONAL,PE-1NJ,-5.747039639523959,-79.87042842461791,DESPEJADO,RURAL,TRAMO RECTO,PLANA ,ASFALTADA,SI,REGULADORA (R),INFORMATIVA (I),NO,EN PROCESO DE INVESTIGACIÓN,NO CUENTA CON CAUSA ESPECIFICA,4.0,0,55.0,55.0,55.0,55.0,1,0,1,0,0,0,2
A-2021-12-122,2021-12-26,13:00,DESPISTE,1,1,1,HUANCAVELICA,ANGARAES,CHINCHO,RURAL,CARRETERA,PROVINCIAL,HV-667,-13.03333,-74.28189,DESPEJADO,RURAL,CURVA,INCLINADA,AFIRMADO,,,,,EN PROCESO DE INVESTIGACIÓN,NO CUENTA CON CAUSA ESPECIFICA,13.0,0,36.5,36.5,23.0,50.0,1,1,1,1,0,0,2
A-2021-12-245,2021-12-26,16:00,VOLCADURA,1,0,1,LIMA,LIMA,LA VICTORIA,URBANA,AVENIDA,URBANO,NO CORRESPONDE,-12.067019,-76.997399,SOLEADO,COMERCIAL,INTERSECCIÓN,PLANA ,ASFALTADA,,,,,EN PROCESO DE INVESTIGACIÓN,NO CUENTA CON CAUSA ESPECIFICA,16.0,0,,,,,1,1,1,0,0,0,1
A-2021-12-244,2021-12-26,17:15,ATROPELLO,2,1,1,LIMA,LIMA,CHORRILLOS,URBANA,AVENIDA,URBANO,NO CORRESPONDE,-12.181323,-77.012318,DESPEJADO,RESIDENCIAL,INTERSECCIÓN,PLANA ,ASFALTADA,,,,,EN PROCESO DE INVESTIGACIÓN,NO CUENTA CON CAUSA ESPECIFICA,17.0,1,,,,,1,1,2,1,0,0,3
A-2021-12-279,2021-12-26,21:30,DESPISTE,1,0,1,AREQUIPA,CARAVELI,HUANUHUANU,RURAL,CARRETERA,SIN CLASIFICAR,SIN CLASIFICAR,-15.53804051321607,-74.12523747887633,DESPEJADO,RURAL,CURVA,INCLINADA,TROCHA,,,,,EN PROCESO DE INVESTIGACIÓN,NO CUENTA CON CAUSA ESPECIFICA,21.0,0,42.0,42.0,42.0,42.0,1,1,1,0,1,0,1
A-2021-12-83,2021-12-26,23:30,DESPISTE,1,0,1,ICA,PISCO,SAN ANDRES,URBANA,AVENIDA,URBANO,NO CORRESPONDE,-13.7114134,-76.1871595,DESPEJADO,COMERCIAL,TRAMO RECTO,PLANA ,ASFALTADA,,,,,EN PROCESO DE INVESTIGACIÓN,NO CUENTA CON CAUSA ESPECIFICA,23.0,0,35.0,35.0,35.0,35.0,1,1,1,0,1,0,1
A-2021-12-187,2021-12-27,00:37,DESPISTE,1,0,1,LAMBAYEQUE,CHICLAYO,CHICLAYO,URBANA,AVENIDA,URBANO,NO CORRESPONDE,-6.770939879081685,-79.84757598756295,DESPEJADO,RESIDENCIAL,TRAMO RECTO,PLANA ,ASFALTADA,,,,,EN PROCESO DE INVESTIGACIÓN,NO CUENTA CON CAUSA ESPECIFICA,0.0,0,33.0,33.0,33.0,33.0,1,1,1,0,1,0,1
A-2021-12-140,2021-12-27,03:30,DESPISTE,2,2,1,AYACUCHO,PAUCAR DEL SARA SARA,MARCABAMBA,RURAL,CARRETERA,DEPARTAMENTAL,AY-116,-15.0947834874954,-73.3310470252106,DESPEJADO,RURAL,CURVA,INCLINADA,AFIRMADO,,,,,IMPRUDENCIA DEL CONDUCTOR,FATIGA Y/O CANSANCIO,3.0,1,40.25,38.5,5.0,79.0,3,1,2,2,0,0,4
A-2021-12-246,2021-12-27,04:00,CHOQUE,1,0,2,LIMA,LIMA,LURIGANCHO,URBANA,CARRETERA,NACIONAL,PE-22,-11.931703,-76.692086,DESPEJADO,RESIDENCIAL,TRAMO RECTO,PLANA ,ASFALTADA,,,,,EN PROCESO DE INVESTIGACIÓN,NO CUENTA CON CAUSA ESPECIFICA,4.0,0,,,,,2,2,1,0,0,0,2
A-2021-12-80,2021-12-27,07:30,CHOQUE,1,0,0,CALLAO,CALLAO,CALLAO,URBANA,CARRETERA,NACIONAL,PE-20,-11.985128045581396,-77.12521423663608,DESPEJADO,INDUSTRIAL,TRAMO RECTO,PLANA ,ASFALTADA,,,,,IMPRUDENCIA DEL CONDUCTOR,NO DAR PASO PREFERENTE AL PEATÓN,7.0,0,39.5,39.5,38.0,41.0,2,2,1,0,0,0,2
A-2021-12-77,2021-12-27,16:10,CHOQUE,1,0,2,PUNO,PUNO,PUNO,RURAL,CARRETERA,NACIONAL,PE-3S,-15.853722,-69.963299,DESPEJADO,RURAL,TRAMO RECTO,PLANA ,ASFALTADA,SI,REGULADORA (R),REGULADORA (R),SI,IMPRUDENCIA DEL CONDUCTOR,INVASIÓN DE CARRIL,16.0,0,33.5,33.5,27.0,40.0,2,2,1,0,2,0,2
A-2021-12-151,2021-12-27,18:30,CHOQUE,1,0,2,PUNO,LAMPA,LAMPA,RURAL,CARRETERA,NACIONAL,PE-3S,-15.212994359035113,-70.35131148436571,DESPEJADO,RURAL,TRAMO RECTO,PLANA ,ASFALTADA,,,,,NEGLIGENCIA DEL CONDUCTOR,OTRO (NEGLIGENCIA DEL CONDUCTOR),18.0,0,49.0,49.0,31.0,67.0,2,2,1,0,1,0,2
A-2021-12-152,2021-12-28,11:20,CHOQUE,1,0,1,PUNO,CARABAYA,CRUCERO,RURAL,CARRETERA,NACIONAL,PE-34K,-14.3529249,-70.081084,DESPEJADO,RURAL,TRAMO RECTO,PLANA ,ASFALTADA,,,,,IMPRUDENCIA DEL CONDUCTOR,EXCESO DE VELOCIDAD,11.0,0,32.0,32.0,29.0,35.0,2,2,1,0,0,0,2
A-2021-12-142,2021-12-29,10:00,DESPISTE,1,0,1,CUSCO,ESPINAR,PALLPATA,RURAL,CARRETERA,NACIONAL,PE-3SG,-14.88137023269232,-71.21465549153032,DESPEJADO,RURAL,TRAMO RECTO,PLANA ,ASFALTADA,,,,,IMPRUDENCIA DEL CONDUCTOR,EXCESO DE VELOCIDAD,10.0,0,61.0,61.0,61.0,61.0,1,1,1,0,0,0,1
A-2021-12-201,2021-12-29,13:50,ATROPELLO,1,0,1,AREQUIPA,CAYLLOMA,MAJES,URBANA,CALLE,URBANO,NO CORRESPONDE,-16.332504,-72.193772,SOLEADO,RURAL,TRAMO RECTO,PLANA ,TROCHA,,,,,EN PROCESO DE INVESTIGACIÓN,NO CUENTA CON CAUSA ESPECIFICA,13.0,0,23.0,23.0,6.0,40.0,2,1,1,0,1,0,2
A-2021-12-218,2021-12-29,13:55,ATROPELLO,1,1,1,LIMA,LIMA,SAN JUAN DE LURIGANCHO,URBANA,AVENIDA,URBANO,NO CORRESPONDE,-12.025253,-77.010592,SOLEADO,RESIDENCIAL,INTERSECCIÓN,PLANA ,ASFALTADA,,,,,EN PROCESO DE INVESTIGACIÓN,NO CUENTA CON CAUSA ESPECIFICA,13.0,0,37.5,37.5,22.0,53.0,1,1,1,1,0,0,3
A-2021-12-255,2021-12-29,20:20,ATROPELLO FUGA,1,0,0,LAMBAYEQUE,CHICLAYO,LA VICTORIA,URBANA,CARRETERA,NACIONAL,PE-1N,-6.801760935825376,-79.84689468372586,DESPEJADO,RESIDENCIAL,INTERSECCIÓN,PLANA ,ASFALTADA,,,,,EN PROCESO DE INVESTIGACIÓN,NO CUENTA CON CAUSA ESPECIFICA,20.0,0,,,,,0,0,1,0,0,0,2
A-2021-12-114,2021-12-29,21:45,ATROPELLO,1,0,1,LA LIBERTAD,PACASMAYO,SAN JOSE,RURAL,CARRETERA,NACIONAL,PE-1N,-7.339899,-79.503357,DESPEJADO,RURAL,TRAMO RECTO,PLANA ,ASFALTADA,,,,,EN PROCESO DE INVESTIGACIÓN,NO CUENTA CON CAUSA ESPECIFICA,21.0,0,50.5,50.5,49.0,52.0,2,1,1,0,1,0,2
A-2021-12-135,2021-12-30,01:30,DESPISTE,1,0,1,CAJAMARCA,CAJABAMBA,CACHACHI,RURAL,CARRETERA,SIN CLASIFICAR,SIN CLASIFICAR,-7.6183,-78.32917,DESPEJADO,RURAL,CURVA,PLANA ,AFIRMADO,,,,,EN PROCESO DE INVESTIGACIÓN,NO CUENTA CON CAUSA ESPECIFICA,1.0,0,34.0,34.0,34.0,34.0,1,1,1,0,0,0,1
A-2021-12-97,2021-12-30,06:30,CHOQUE,1,0,2,PUNO,CHUCUITO,DESAGUADERO,RURAL,CARRETERA,NACIONAL,PE-36A,-16.58572099912765,-69.06567490499069,DESPEJADO,RURAL,TRAMO RECTO,INCLINADA,ASFALTADA,NO,,,SI,IMPRUDENCIA DEL CONDUCTOR,OTRO (IMPRUDENCIA DEL CONDUCTOR),6.0,0,23.5,23.5,19.0,28.0,2,2,1,0,2,0,2
A-2021-12-217,2021-12-30,11:30,DESPISTE,1,4,1,LIMA,LIMA,LURIN,URBANA,CARRETERA,NACIONAL,PE-1S,-12.301834,-76.845125,SOLEADO,RESIDENCIAL,TRAMO RECTO,PLANA ,ASFALTADA,,,,,EN PROCESO DE INVESTIGACIÓN,NO CUENTA CON CAUSA ESPECIFICA,11.0,0,46.0,46.0,46.0,46.0,1,1,1,4,1,0,6
A-2021-12-104,2021-12-31,04:30,CHOQUE,2,0,2,ANCASH,RECUAY,CATAC,RURAL,CARRETERA,NACIONAL,PE-3N,-9.969805916630804,-77.3589046601169,NUBLADO,RURAL,TRAMO RECTO,INCLINADA,ASFALTADA,SI,PREVENTIVA (P),,SI,IMPRUDENCIA DEL CONDUCTOR,INVASIÓN DE CARRIL,4.0,1,36.666666666666664,33.0,28.0,49.0,3,2,2,0,2,0,3
A-2021-12-219,2021-12-31,09:10,ATROPELLO,1,0,0,LIMA,LIMA,LURIGANCHO,URBANA,CARRETERA,NACIONAL,PE-22,-11.933058498741993,-76.69317478959006,DESPEJADO,RESIDENCIAL,INTERSECCIÓN,PLANA ,ASFALTADA,,,,,EN PROCESO DE INVESTIGACIÓN,NO CUENTA CON CAUSA ESPECIFICA,9.0,0,54.5,54.5,31.0,78.0,2,1,1,0,1,0,2
A-2021-12-161,2021-12-31,09:30,CHOQUE,1,0,1,CALLAO,CALLAO,CALLAO,URBANA,CARRETERA,NACIONAL,PE-20,-12.024209442238538,-77.12873359104283,DESPEJADO,INDUSTRIAL,TRAMO RECTO,PLANA ,ASFALTADA,NO,,,SI,NEGLIGENCIA DEL CONDUCTOR,CONDUCIR CON FALLAS DE FRENOS,9.0,0,39.5,31.0,22.0,74.0,4,3,1,0,2,0,4
A-2021-12-247,2021-12-31,10:54,DESPISTE,1,0,1,LIMA,LIMA,INDEPENDENCIA,URBANA,AVENIDA,URBANO,NO CORRESPONDE,-11.997731,-77.051705,SOLEADO,RESIDENCIAL,TRAMO RECTO,INCLINADA,ASFALTADA,,,,,EN PROCESO DE INVESTIGACIÓN,NO CUENTA CON CAUSA ESPECIFICA,10.0,0,,,,,2,1,1,0,0,0,2
A-2021-12-248,2021-12-31,17:05,ATROPELLO,1,0,1,LIMA,LIMA,VILLA MARIA DEL TRIUNFO,URBANA,AVENIDA,URBANO,NO CORRESPONDE,-12.171185,-76.930697,DESPEJADO,RESIDENCIAL,TRAMO RECTO,PLANA ,ASFALTADA,,,,,EN PROCESO DE INVESTIGACIÓN,NO CUENTA CON CAUSA ESPECIFICA,17.0,0,43.0,43.0,43.0,43.0,2,1,1,0,0,0,2
A-2022-12-112,2021-12-31,17:30,CHOQUE,1,1,2,LIMA,HUAURA,SAYAN,RURAL,CARRETERA,NACIONAL,PE-18,-11.039807703262472,-77.11205005274367,DESPEJADO,RURAL,CURVA,PLANA ,ASFALTADA,SI,PREVENTIVA (P),REGULADORA (R),NO,IMPRUDENCIA DEL CONDUCTOR,INVASIÓN DE CARRIL,17.0,0,30.666666666666668,28.0,27.0,37.0,2,2,1,1,2,0,3
A-2021-12-115,2021-12-31,18:00,DESPISTE,4,4,1,AREQUIPA,AREQUIPA,YURA,RURAL,CARRETERA,NACIONAL,PE-34A,-16.2248434,-71.6634792,DESPEJADO,RURAL,TRAMO RECTO,INCLINADA,ASFALTADA,NO,,,SI,EN PROCESO DE INVESTIGACIÓN,NO CUENTA CON CAUSA ESPECIFICA,18.0,2,29.125,28.0,0.0,53.0,3,1,4,4,1,0,8
A-2021-12-202,2021-12-31,21:00,ATROPELLO,1,0,1,PIURA,MORROPON,MORROPON,URBANA,CARRETERA,PROVINCIAL,PI-809,-5.186126,-79.969722,DESPEJADO,COMERCIAL,TRAMO RECTO,PLANA ,CONCRETO,,,,,EN PROCESO DE INVESTIGACIÓN,NO CUENTA CON CAUSA ESPECIFICA,21.0,0,27.5,27.5,23.0,32.0,1,1,1,0,0,1,2
A-2021-12-291,2021-12-31,22:10,ATROPELLO,1,1,1,HUANUCO,LEONCIO PRADO,JOSE CRESPO Y CASTILLO,RURAL,CARRETERA,NACIONAL,PE-5N,-8.952813221693319,-76.10167218422438,DESPEJADO,RURAL,TRAMO RECTO,PLANA ,ASFALTADA,,,,,IMPRUDENCIA DEL PEATÓN,ESTADO DE EBRIEDAD Y/O DROGADICCIÓN,22.0,0,39.0,39.0,17.0,61.0,2,1,1,1,0,0,2
A-2022-01-221,2022-01-01,04:30,CHOQUE,1,1,2,CUSCO,ESPINAR,ALTO PICHIGUA,URBANA,CARRETERA,NACIONAL,PE-34F,-14.73723063652993,-71.32631439224909,NUBLADO,RURAL,CURVA,PLANA ,ASFALTADA,,,,,IMPRUDENCIA DEL CONDUCTOR,FATIGA Y/O CANSANCIO,4.0,0,41.666666666666664,43.0,20.0,62.0,2,2,1,1,2,0,3
A-2022-01-69,2022-01-01,06:04,DESPISTE,1,0,0,LIMA,LIMA,LA MOLINA,URBANA,AVENIDA,URBANO,NO CORRESPONDE,-12.063661,-76.952232,DESPEJADO,COMERCIAL,TRAMO RECTO,PLANA ,ASFALTADA,,,,,EN PROCESO DE INVESTIGACIÓN,NO CUENTA CON CAUSA ESPECIFICA,6.0,0,28.0,28.0,28.0,28.0,1,1,1,0,0,0,1
A-2022-01-53,2022-01-01,06:30,DESPISTE,1,1,1,CAJAMARCA,CHOTA,CHIMBAN,RURAL,CARRETERA,SIN CLASIFICAR,SIN CLASIFICAR,-6.282066,-78.481812,DESPEJADO,RURAL,CURVA,INCLINADA,AFIRMADO,,,,,EN PROCESO DE INVESTIGACIÓN,NO CUENTA CON CAUSA ESPECIFICA,6.0,0,42.0,42.0,36.0,48.0,2,1,1,1,0,0,2
A-2022-01-154,2022-01-01,09:00,DESPISTE,1,0,1,LA LIBERTAD,TRUJILLO,HUANCHACO,URBANA,OTRO,URBANO,NO CORRESPONDE,-8.0816026258135,-79.11600389190302,DESPEJADO,RESIDENCIAL,PUENTE,PLANA ,CONCRETO,,,,,EN PROCESO DE INVESTIGACIÓN,NO CUENTA CON CAUSA ESPECIFICA,9.0,0,50.0,50.0,50.0,50.0,1,1,1,0,0,0,1
A-2022-01-1,2022-01-01,18:30,DESPISTE,3,3,0,ANCASH,CORONGO,CORONGO,RURAL,CARRETERA,PROVINCIAL,AN-514,-8.575619341484126,-77.91582947335122,,,,,,,,,,EN PROCESO DE INVESTIGACIÓN,NO CUENTA CON CAUSA ESPECIFICA,18.0,2,25.0,14.0,7.0,53.0,1,1,3,3,1,0,6
A-2022-01-296,2022-01-01,18:57,ATROPELLO,1,2,1,JUNIN,HUANCAYO,HUANCAN,RURAL,CARRETERA,NACIONAL,PE-3S,-12.110581,-75.216347,DESPEJADO,RURAL,INTERSECCIÓN,PLANA ,ASFALTADA,SI,PREVENTIVA (P),,NO,IMPRUDENCIA DEL CONDUCTOR,EXCESO DE VELOCIDAD,18.0,0,37.0,30.0,7.0,81.0,3,1,1,2,0,0,4
A-2022-01-70,2022-01-01,23:00,ATROPELLO,1,0,0,LIMA,LIMA,PACHACAMAC,URBANA,CARRETERA,PROVINCIAL,LM-796,-12.104026430763833,-76.87641783945658,DESPEJADO,RURAL,TRAMO RECTO,PLANA ,ASFALTADA,,,,,EN PROCESO DE INVESTIGACIÓN,NO CUENTA CON CAUSA ESPECIFICA,23.0,0,46.0,43.0,35.0,60.0,2,2,1,0,1,0,3
A-2022-01-294,2022-01-01,23:05,CHOQUE,1,0,1,JUNIN,HUANCAYO,HUAYUCACHI,RURAL,CARRETERA,SIN CLASIFICAR,SIN CLASIFICAR,-12.147337,-75.235731,DESPEJADO,RURAL,TRAMO RECTO,PLANA ,TROCHA,,,,,IMPRUDENCIA DEL CONDUCTOR,OTRO (IMPRUDENCIA DEL CONDUCTOR),23.0,0,32.666666666666664,23.0,23.0,52.0,3,2,1,0,2,1,3
A-2022-01-2,2022-01-02,05:00,ATROPELLO FUGA,1,0,1,ICA,ICA,SALAS,RURAL,CARRETERA,NACIONAL,PE-1S,-13.971056,-75.779005,NIEBLA,RURAL,INTERSECCIÓN,PLANA ,ASFALTADA,,,,,EN PROCESO DE INVESTIGACIÓN,NO CUENTA CON CAUSA ESPECIFICA,5.0,0,18.0,18.0,18.0,18.0,1,0,1,0,0,0,2
A-2022-01-290,2022-01-02,09:15,DESPISTE,1,1,1,AREQUIPA,CAMANA,OCOÑA,RURAL,CARRETERA,PROVINCIAL,AR-535,-16.246854330244204,-73.15264523366587,DESPEJADO,RURAL,CURVA,INCLINADA,TROCHA,,,,,EN PROCESO DE INVESTIGACIÓN,NO CUENTA CON CAUSA ESPECIFICA,9.0,0,59.0,59.0,51.0,67.0,1,1,1,1,1,0,2
A-2022-01-167,2022-01-02,10:05,ATROPELLO,1,0,0,PUNO,SAN ROMAN,JULIACA,URBANA,OTRO,URBANO,NO CORRESPONDE,-15.48467909601851,-70.10789062701292,DESPEJADO,ESCOLAR,TRAMO RECTO,PLANA ,TROCHA,,,,,IMPRUDENCIA DEL PEATÓN,OTRO (IMPRUDENCIA DEL PEATÓN),10.0,0,23.5,23.5,1.0,46.0,2,1,1,0,1,0,2
A-2022-01-278,2022-01-02,12:30,DESPISTE,1,2,1,AYACUCHO,HUAMANGA,ACOS VINCHOS,RURAL,CARRETERA,PROVINCIAL,AY-713,-13.115315,-74.093383,DESPEJADO,RURAL,CURVA,INCLINADA,AFIRMADO,,,,,IMPRUDENCIA DEL CONDUCTOR,EXCESO DE VELOCIDAD,12.0,0,28.666666666666668,29.0,26.0,31.0,1,1,1,2,0,0,3
A-2022-01-155,2022-01-02,16:00,DESPISTE,1,7,1,LA LIBERTAD,SANTIAGO DE CHUCO,QUIRUVILCA,RURAL,CARRETERA,NACIONAL,PE-3N,-8.105542,-78.296194,DESPEJADO,RURAL,TRAMO RECTO,INCLINADA,AFIRMADO,,,,,NEGLIGENCIA DEL CONDUCTOR,CONDUCIR CON FALLAS DE FRENOS,16.0,0,19.555555555555557,14.0,3.0,50.0,5,1,1,7,1,0,9
A-2022-01-228,2022-01-02,18:45,ATROPELLO,1,0,1,CUSCO,CANCHIS,TINTA,RURAL,CARRETERA,NACIONAL,PE-3S,-14.121408,-71.41428,DESPEJADO,RURAL,CURVA,PLANA ,ASFALTADA,,,,,IMPRUDENCIA DEL PEATÓN,ESTADO DE EBRIEDAD Y/O DROGADICCIÓN,18.0,0,46.5,46.5,34.0,59.0,2,1,1,0,1,1,2
A-2022-01-300,2022-01-02,19:30,ATROPELLO FUGA,1,0,1,LA LIBERTAD,TRUJILLO,HUANCHACO,URBANA,AVENIDA,URBANO,NO CORRESPONDE,-8.032351,-79.061989,DESPEJADO,COMERCIAL,TRAMO RECTO,PLANA ,ASFALTADA,,,,,EN PROCESO DE INVESTIGACIÓN,NO CUENTA CON CAUSA ESPECIFICA,19.0,0,64.0,64.0,64.0,64.0,1,0,1,0,0,0,2
A-2022-01-343,2022-01-02,20:15,CHOQUE,1,0,2,TACNA,TACNA,CORONEL GREGORIO ALBARRACIN LANCHIPA,RURAL,OTRO,URBANO,NO CORRESPONDE,-18.111547741646653,-70.2575237198779,DESPEJADO,RURAL,TRAMO RECTO,PLANA ,AFIRMADO,,,,,IMPRUDENCIA DEL CONDUCTOR,CONDUCIR EN ESTADO DE EBRIEDAD Y/O DROGADICCIÓN,20.0,0,53.0,53.0,39.0,67.0,2,2,1,0,0,1,2
A-2022-01-142,2022-01-03,00:10,ATROPELLO,1,0,1,PUNO,SAN ROMAN,SAN MIGUEL,URBANA,AVENIDA,URBANO,NO CORRESPONDE,-15.471991294492025,-70.12311970961198,DESPEJADO,COMERCIAL,INTERSECCIÓN,PLANA ,ASFALTADA,,,,,IMPRUDENCIA DEL CONDUCTOR,CONDUCIR EN ESTADO DE EBRIEDAD Y/O DROGADICCIÓN,0.0,0,32.5,32.5,28.0,37.0,2,1,1,0,1,1,2
A-2022-01-64,2022-01-03,08:30,DESPISTE,1,1,1,APURIMAC,CHINCHEROS,CHINCHEROS,RURAL,CARRETERA,PROVINCIAL,AP-541,-13.578622,-73.710652,NUBLADO,RURAL,TRAMO RECTO,PLANA ,AFIRMADO,,,,,IMPRUDENCIA DEL CONDUCTOR,EXCESO DE VELOCIDAD,8.0,0,47.0,51.0,38.0,52.0,3,1,1,1,1,0,3
A-2022-01-73,2022-01-03,19:00,CHOQUE,1,0,0,LIMA,LIMA,CHORRILLOS,URBANA,CARRETERA,NACIONAL,PE-1S,-12.221114594425702,-76.97614819371015,DESPEJADO,ESCOLAR,INTERSECCIÓN,PLANA ,ASFALTADA,,,,,EN PROCESO DE INVESTIGACIÓN,NO CUENTA CON CAUSA ESPECIFICA,19.0,0,49.0,49.0,45.0,53.0,2,2,1,0,2,0,2
A-2022-01-7,2022-01-03,19:45,CHOQUE,1,0,2,SAN MARTIN,MOYOBAMBA,MOYOBAMBA,RURAL,CARRETERA,NACIONAL,PE-5N,-6.082243,-76.884668,DESPEJADO,RURAL,CURVA,INCLINADA,ASFALTADA,,,,,EN PROCESO DE INVESTIGACIÓN,NO CUENTA CON CAUSA ESPECIFICA,19.0,0,52.5,52.5,46.0,59.0,2,2,1,0,2,0,2