CODIGO_SINIESTRO,FECHA_SINIESTRO,HORA_SINIESTRO,CLASE_SINIESTRO,CANTIDAD_FALLECIDOS,CANTIDAD_LESIONADOS,CANTIDAD_VEHICULOS,DEPARTAMENTO,PROVINCIA,DISTRITO,ZONA,TIPO_VIA,RED_VIAL,COD_CARRETERA,LATITUD,LONGITUD,CONDICION_CLIMATICA,ZONIFICACION,CARACTERISTICAS_VIA,PERFIL_VIA,SUPERFICIE_CALZADA,EXISTE_SENIAL_VERTICAL,CLASIFICACION_SENIAL_VERTICAL_1,CLASIFICACION_SENIAL_VERTICAL_2,EXISTE_SENIAL_HORIZONTAL,CAUSA_FACTOR_PRINCIPAL,CAUSA_ESPECIFICA,HORA,severidad,EDAD_PROMEDIO,EDAD_MEDIANA,EDAD_MIN,EDAD_MAX,TOTAL_MASCULINOS,TOTAL_CONDUCTORES,TOTAL_FALLECIDOS_AGG,TOTAL_LESIONADOS_AGG,TOTAL_LICENCIA,TOTAL_ALCOHOL_POSITIVO,TOTAL_PERSONAS
A-2022-01-54,2022-01-03,21:10,DESPISTE,1,1,1,CAJAMARCA,CONTUMAZA,YONAN,RURAL,CARRETERA,NACIONAL,PE-08,-7.240266,-79.057652,DESPEJADO,RURAL,CURVA,INCLINADA,ASFALTADA,,,,,EN PROCESO DE INVESTIGACIÓN,NO CUENTA CON CAUSA ESPECIFICA,21.0,0,38.5,38.5,24.0,53.0,2,1,1,1,1,0,2
A-2022-01-229,2022-01-03,21:40,ATROPELLO,1,0,1,CUSCO,CUSCO,SAYLLA,RURAL,CARRETERA,NACIONAL,PE-3S,-13.55588917373734,-71.85594867584527,DESPEJADO,ESCOLAR,TRAMO RECTO,PLANA ,ASFALTADA,,,,,IMPRUDENCIA DEL PEATÓN,ESTADO DE EBRIEDAD Y/O DROGADICCIÓN,21.0,0,47.5,47.5,37.0,58.0,2,1,1,0,1,1,2
A-2022-01-89,2022-01-03,22:00,CHOQUE,1,0,0,LIMA,LIMA,PUENTE PIEDRA,URBANA,CARRETERA,NACIONAL,PE-1N,-11.890384903545833,-77.06837829493487,DESPEJADO,COMERCIAL,TRAMO RECTO,PLANA ,ASFALTADA,,,,,EN PROCESO DE INVESTIGACIÓN,NO CUENTA CON CAUSA ESPECIFICA,22.0,0,45.0,45.0,32.0,58.0,2,2,1,0,1,0,2
A-2022-01-330,2022-01-04,03:00,VOLCADURA,1,1,1,HUANUCO,PACHITEA,PANAO,RURAL,CARRETERA,NACIONAL,PE-18B,-9.902059,-75.999937,DESPEJADO,RURAL,TRAMO RECTO,INCLINADA,TROCHA,,,,,IMPRUDENCIA DEL CONDUCTOR,EXCESO DE VELOCIDAD,3.0,0,45.0,45.0,27.0,63.0,2,1,1,1,1,0,2
A-2022-01-90,2022-01-04,10:45,ATROPELLO,1,0,0,LIMA,LIMA,SAN MARTIN DE PORRES,URBANA,CARRETERA,NACIONAL,PE-1N,-12.02323,-77.058815,DESPEJADO,COMERCIAL,TRAMO RECTO,PLANA ,ASFALTADA,,,,,EN PROCESO DE INVESTIGACIÓN,NO CUENTA CON CAUSA ESPECIFICA,10.0,0,70.5,70.5,51.0,90.0,2,1,1,0,0,0,2
A-2022-01-323,2022-01-04,17:50,CHOQUE,1,4,2,HUANUCO,HUANUCO,CHINCHAO,RURAL,CARRETERA,NACIONAL,PE-18A,-9.577413,-76.024176,DESPEJADO,RURAL,CURVA,INCLINADA,ASFALTADA,,,,,IMPRUDENCIA DEL CONDUCTOR,EXCESO DE VELOCIDAD,17.0,0,33.333333333333336,37.5,5.0,57.0,3,2,1,4,2,0,6
A-2022-01-169,2022-01-04,19:05,CHOQUE,2,1,2,LA LIBERTAD,VIRU,CHAO,RURAL,CARRETERA,PROVINCIAL,LI-1208,-8.559906,-78.68751,DESPEJADO,RURAL,TRAMO RECTO,PLANA ,ASFALTADA,,,,,IMPRUDENCIA DEL CONDUCTOR,INVASIÓN DE CARRIL,19.0,1,38.0,39.0,33.0,42.0,3,2,2,1,2,0,3
A-2022-01-91,2022-01-04,20:30,DESPISTE,1,0,0,LIMA,LIMA,SAN MARTIN DE PORRES,URBANA,AVENIDA,URBANO,NO CORRESPONDE,-11.987278,-77.103042,DESPEJADO,COMERCIAL,INTERSECCIÓN,PLANA ,ASFALTADA,,,,,EN PROCESO DE INVESTIGACIÓN,NO CUENTA CON CAUSA ESPECIFICA,20.0,0,25.0,25.0,25.0,25.0,1,1,1,0,0,0,1
A-2022-01-110,2022-01-05,06:50,CHOQUE,1,0,0,LIMA,LIMA,SAN JUAN DE MIRAFLORES,URBANA,CARRETERA,NACIONAL,PE-1S,-12.172018297607602,-76.97873171240589,DESPEJADO,RESIDENCIAL,TRAMO RECTO,PLANA ,ASFALTADA,,,,,EN PROCESO DE INVESTIGACIÓN,NO CUENTA CON CAUSA ESPECIFICA,6.0,0,45.0,45.0,29.0,61.0,2,2,1,0,0,0,2
A-2022-01-144,2022-01-05,09:00,DESPISTE,1,0,1,PUNO,SAN ROMAN,CARACOTO,RURAL,CARRETERA,NACIONAL,PE-3S,-15.599523018953684,-70.09527050806683,DESPEJADO,RURAL,TRAMO RECTO,PLANA ,ASFALTADA,,,,,IMPRUDENCIA DEL CONDUCTOR,CONDUCIR EN ESTADO DE EBRIEDAD Y/O DROGADICCIÓN,9.0,0,43.0,43.0,41.0,45.0,2,1,1,0,1,1,2
A-2022-01-150,2022-01-05,09:10,CHOQUE,1,0,2,PUNO,AZANGARO,AZANGARO,RURAL,CARRETERA,SIN CLASIFICAR,SIN CLASIFICAR,-14.916700760306144,-70.15833731195083,DESPEJADO,RURAL,CURVA,PLANA ,TROCHA,,,,,IMPRUDENCIA DEL CONDUCTOR,EXCESO DE VELOCIDAD,9.0,0,55.5,55.5,46.0,65.0,2,2,1,0,1,0,2
A-2022-01-8,2022-01-05,19:00,VOLCADURA,1,1,1,AREQUIPA,ISLAY,ISLAY,RURAL,CARRETERA,NACIONAL,PE-34,-16.920378,-72.050103,DESPEJADO,RURAL,CURVA,INCLINADA,ASFALTADA,NO,,,SI,EN PROCESO DE INVESTIGACIÓN,NO CUENTA CON CAUSA ESPECIFICA,19.0,0,21.5,21.5,21.0,22.0,1,1,1,1,0,0,2
A-2022-01-318,2022-01-05,19:20,ATROPELLO,1,0,0,ANCASH,SANTA,CHIMBOTE,URBANA,JIRÓN,URBANO,NO CORRESPONDE,-9.06232,-78.58501,DESPEJADO,RESIDENCIAL,INTERSECCIÓN,PLANA ,ASFALTADA,,,,,EN PROCESO DE INVESTIGACIÓN,NO CUENTA CON CAUSA ESPECIFICA,19.0,0,64.0,64.0,54.0,74.0,1,1,1,0,1,0,2
A-2022-01-170,2022-01-05,20:30,CHOQUE,1,0,2,LA LIBERTAD,TRUJILLO,SALAVERRY,RURAL,CARRETERA,NACIONAL,PE-1N,-8.204563,-78.958988,DESPEJADO,RURAL,TRAMO RECTO,PLANA ,ASFALTADA,,,,,EN PROCESO DE INVESTIGACIÓN,NO CUENTA CON CAUSA ESPECIFICA,20.0,0,45.0,45.0,35.0,55.0,2,2,1,0,0,0,2
A-2022-01-76,2022-01-06,01:40,DESPISTE,1,1,1,PIURA,PIURA,VEINTISEIS DE OCTUBRE,URBANA,AVENIDA,URBANO,NO CORRESPONDE,-5.175998,-80.661607,DESPEJADO,ESCOLAR,TRAMO RECTO,PLANA ,ASFALTADA,SI,PREVENTIVA (P),,NO,EN PROCESO DE INVESTIGACIÓN,NO CUENTA CON CAUSA ESPECIFICA,1.0,0,19.0,19.0,17.0,21.0,1,1,1,1,0,1,2
A-2022-01-336,2022-01-06,08:00,ATROPELLO,1,0,1,MADRE DE DIOS,TAMBOPATA,TAMBOPATA,URBANA,AVENIDA,URBANO,NO CORRESPONDE,-12.587281,-69.196777,DESPEJADO,COMERCIAL,INTERSECCIÓN,PLANA ,CONCRETO,,,,,IMPRUDENCIA DEL PEATÓN,ESTADO DE EBRIEDAD Y/O DROGADICCIÓN,8.0,0,55.5,55.5,52.0,59.0,2,1,1,0,0,0,2
A-2022-01-175,2022-01-06,10:30,DESPISTE,2,4,1,LA LIBERTAD,SANCHEZ CARRION,CHUGAY,RURAL,CARRETERA,SIN CLASIFICAR,SIN CLASIFICAR,-7.655822579496478,-77.82414315419939,DESPEJADO,RURAL,CURVA,INCLINADA,AFIRMADO,,,,,IMPRUDENCIA DEL CONDUCTOR,OTRO (IMPRUDENCIA DEL CONDUCTOR),10.0,1,26.0,28.0,7.0,38.0,4,1,2,4,1,0,6
A-2022-01-33,2022-01-06,11:00,CHOQUE,1,0,2,AREQUIPA,AREQUIPA,SABANDIA,URBANA,AVENIDA,URBANO,NO CORRESPONDE,-16.4634618,-71.5042127,LLUVIOSO,RESIDENCIAL,INTERSECCIÓN,PLANA ,ASFALTADA,,,,,EN PROCESO DE INVESTIGACIÓN,NO CUENTA CON CAUSA ESPECIFICA,11.0,0,29.5,29.5,23.0,36.0,2,2,1,0,2,0,2
A-2022-01-231,2022-01-06,13:00,CHOQUE,1,3,2,CUSCO,ESPINAR,ESPINAR,URBANA,CARRETERA,DEPARTAMENTAL,CU-130,-14.782489,-71.411279,DESPEJADO,RESIDENCIAL,TRAMO RECTO,PLANA ,ASFALTADA,,,,,IMPERICIA DEL CONDUCTOR,,13.0,0,27.0,33.0,5.0,51.0,2,2,1,3,2,0,5
A-2022-01-55,2022-01-06,18:00,ATROPELLO,1,1,1,CAJAMARCA,SAN MARCOS,GREGORIO PITA,RURAL,CARRETERA,PROVINCIAL,CA-1562,-7.26103128,-78.13695433,DESPEJADO,RURAL,TRAMO RECTO,PLANA ,AFIRMADO,,,,,EN PROCESO DE INVESTIGACIÓN,NO CUENTA CON CAUSA ESPECIFICA,18.0,0,37.0,37.0,19.0,55.0,1,1,1,1,1,0,2
A-2022-01-209,2022-01-06,19:00,ATROPELLO,1,1,1,LAMBAYEQUE,CHICLAYO,CHICLAYO,URBANA,AVENIDA,URBANO,NO CORRESPONDE,-6.780335,-79.854679,DESPEJADO,RESIDENCIAL,TRAMO RECTO,PLANA ,ASFALTADA,SI,PREVENTIVA (P),INFORMATIVA (I),SI,EN PROCESO DE INVESTIGACIÓN,NO CUENTA CON CAUSA ESPECIFICA,19.0,0,65.5,65.5,46.0,85.0,2,1,1,1,0,0,2
A-2022-01-11,2022-01-06,20:20,ATROPELLO,1,0,1,ICA,PISCO,SAN CLEMENTE,RURAL,CARRETERA,NACIONAL,PE-1SE,-13.627379,-76.172521,DESPEJADO,RURAL,TRAMO RECTO,PLANA ,ASFALTADA,,,,,EN PROCESO DE INVESTIGACIÓN,NO CUENTA CON CAUSA ESPECIFICA,20.0,0,42.0,42.0,41.0,43.0,2,1,1,0,1,0,2
A-2022-01-248,2022-01-07,04:30,CHOQUE,1,0,2,CUSCO,QUISPICANCHI,OCONGATE,RURAL,CARRETERA,NACIONAL,PE-30C,-13.606140564367696,-71.20272030062668,LLUVIOSO,RURAL,CURVA,PLANA ,ASFALTADA,,,,,IMPRUDENCIA DEL CONDUCTOR,EXCESO DE VELOCIDAD,4.0,0,51.333333333333336,44.0,31.0,79.0,2,2,1,0,2,0,3
A-2022-01-32,2022-01-07,05:40,CHOQUE,1,2,2,SAN MARTIN,MOYOBAMBA,MOYOBAMBA,RURAL,CARRETERA,NACIONAL,PE-5N,-6.057292,-76.932873,DESPEJADO,RURAL,TRAMO RECTO,INCLINADA,ASFALTADA,,,,,NEGLIGENCIA DEL CONDUCTOR,OTRO (NEGLIGENCIA DEL CONDUCTOR),5.0,0,37.75,30.5,18.0,72.0,3,2,1,2,2,0,4
A-2022-01-145,2022-01-07,09:20,CHOQUE,1,1,2,PUNO,SAN ROMAN,JULIACA,URBANA,CARRETERA,NACIONAL,PE-3S,-15.481370461726788,-70.13464537865062,DESPEJADO,COMERCIAL,INTERSECCIÓN,PLANA ,ASFALTADA,,,,,IMPRUDENCIA DEL CONDUCTOR,EXCESO DE VELOCIDAD,9.0,0,42.666666666666664,44.0,23.0,61.0,3,2,1,1,1,1,3
A-2022-01-250,2022-01-07,11:45,DESPISTE,1,0,1,CUSCO,CALCA,PISAC,RURAL,CARRETERA,NACIONAL,PE-28G,-13.42684412675796,-71.85445808563742,DESPEJADO,RURAL,TRAMO RECTO,PLANA ,ASFALTADA,NO,,,NO,IMPRUDENCIA DEL CONDUCTOR,EXCESO DE VELOCIDAD,11.0,0,46.5,46.5,37.0,56.0,1,1,1,0,1,0,2
A-2022-01-56,2022-01-07,17:50,ATROPELLO,1,0,1,CAJAMARCA,CHOTA,CHOTA,URBANA,JIRÓN,URBANO,NO CORRESPONDE,-6.565370097087003,-78.65140967244484,DESPEJADO,RESIDENCIAL,TRAMO RECTO,INCLINADA,CONCRETO,,,,,EN PROCESO DE INVESTIGACIÓN,NO CUENTA CON CAUSA ESPECIFICA,17.0,0,35.0,35.0,21.0,49.0,2,1,1,0,0,0,2
A-2022-01-177,2022-01-07,20:00,DESPISTE,2,0,1,LA LIBERTAD,BOLIVAR,BAMBAMARCA,RURAL,CARRETERA,DEPARTAMENTAL,LI-125,-7.545864,-77.706634,DESPEJADO,RURAL,CURVA,INCLINADA,TROCHA,,,,,EN PROCESO DE INVESTIGACIÓN,NO CUENTA CON CAUSA ESPECIFICA,20.0,1,31.5,31.5,29.0,34.0,2,1,2,0,0,0,2
A-2022-01-227,2022-01-07,22:30,CHOQUE,1,1,2,UCAYALI,CORONEL PORTILLO,CALLERIA,URBANA,AVENIDA,URBANO,NO CORRESPONDE,-8.383484414941446,-74.55564789589198,DESPEJADO,COMERCIAL,INTERSECCIÓN,PLANA ,CONCRETO,SI,REGULADORA (R),,NO,IMPRUDENCIA DEL CONDUCTOR,CONDUCIR EN SENTIDO CONTRARIO,22.0,0,31.5,31.5,21.0,42.0,2,2,1,1,1,2,2
A-2022-01-195,2022-01-08,08:30,DESPISTE,3,1,0,LIMA,HUAURA,HUACHO,RURAL,CARRETERA,NACIONAL,PE-1N,-11.214710867714132,-77.55449110659245,DESPEJADO,RURAL,TRAMO RECTO,PLANA ,ASFALTADA,SI,REGULADORA (R),INFORMATIVA (I),NO,IMPRUDENCIA DEL CONDUCTOR,EXCESO DE VELOCIDAD,8.0,2,20.0,20.0,1.0,39.0,2,1,3,1,1,0,4
A-2022-01-35,2022-01-08,08:30,CHOQUE,1,0,2,SAN MARTIN,MOYOBAMBA,MOYOBAMBA,URBANA,CARRETERA,NACIONAL,PE-5N,-6.05454983,-76.93673561,DESPEJADO,RURAL,TRAMO RECTO,PLANA ,ASFALTADA,,,,,IMPRUDENCIA DEL CONDUCTOR,CONDUCIR EN ESTADO DE EBRIEDAD Y/O DROGADICCIÓN,8.0,0,39.5,39.5,24.0,55.0,2,2,1,0,1,0,2
A-2022-01-17,2022-01-08,08:40,DESPISTE,1,0,1,ICA,PISCO,PARACAS,RURAL,CARRETERA,PROVINCIAL,IC-602,-13.884703,-76.3207,DESPEJADO,RURAL,TRAMO RECTO,PLANA ,TROCHA,,,,,EN PROCESO DE INVESTIGACIÓN,NO CUENTA CON CAUSA ESPECIFICA,8.0,0,50.0,50.0,50.0,50.0,1,1,1,0,1,0,1
A-2022-01-16,2022-01-09,04:34,ATROPELLO,1,0,1,PUNO,EL COLLAO,ILAVE,RURAL,CARRETERA,NACIONAL,PE-38A,-16.135414213373448,-69.64369664845323,DESPEJADO,RURAL,TRAMO RECTO,PLANA ,ASFALTADA,NO,,,SI,IMPRUDENCIA DEL CONDUCTOR,OTRO (IMPRUDENCIA DEL CONDUCTOR),4.0,0,43.5,43.5,38.0,49.0,1,1,1,0,1,0,2
A-2022-01-178,2022-01-09,08:10,DESPISTE,1,0,1,LA LIBERTAD,PACASMAYO,GUADALUPE,RURAL,CARRETERA,NACIONAL,PE-08,-7.299342,-79.415822,DESPEJADO,RURAL,TRAMO RECTO,PLANA ,ASFALTADA,,,,,EN PROCESO DE INVESTIGACIÓN,NO CUENTA CON CAUSA ESPECIFICA,8.0,0,27.0,27.0,27.0,27.0,1,1,1,0,1,0,1
A-2022-01-289,2022-01-09,09:20,CHOQUE,3,2,2,AREQUIPA,CARAVELI,LOMAS,RURAL,CARRETERA,NACIONAL,PE-1S,-15.481438476431409,-74.85966725034878,DESPEJADO,RURAL,TRAMO RECTO,INCLINADA,ASFALTADA,,,,,EN PROCESO DE INVESTIGACIÓN,NO CUENTA CON CAUSA ESPECIFICA,9.0,2,39.8,45.0,8.0,59.0,3,2,3,2,2,0,5
A-2022-01-57,2022-01-09,14:40,DESPISTE,2,1,1,CAJAMARCA,CUTERVO,SOCOTA,RURAL,CARRETERA,PROVINCIAL,CA-788,-6.30739,-78.663099,DESPEJADO,RURAL,TRAMO RECTO,PLANA ,AFIRMADO,,,,,EN PROCESO DE INVESTIGACIÓN,NO CUENTA CON CAUSA ESPECIFICA,14.0,1,20.0,20.0,17.0,23.0,3,1,2,1,0,0,3
A-2022-01-111,2022-01-09,19:10,ATROPELLO,1,0,0,LIMA,LIMA,SAN BARTOLO,URBANA,CARRETERA,NACIONAL,PE-1S,-12.385164664801556,-76.77044923432662,DESPEJADO,INDUSTRIAL,PUENTE,PLANA ,ASFALTADA,,,,,IMPRUDENCIA DEL PEATÓN,CRUCE INDEBIDO POR LA CALZADA,19.0,0,39.5,39.5,28.0,51.0,2,1,1,0,0,0,2
A-2022-01-63,2022-01-09,19:30,CHOQUE,1,0,1,SAN MARTIN,RIOJA,AWAJUN,RURAL,CARRETERA,NACIONAL,PE-5N,-5.790776,-77.41728,DESPEJADO,RURAL,TRAMO RECTO,PLANA ,ASFALTADA,,,,,IMPRUDENCIA DEL CONDUCTOR,OTRO (IMPRUDENCIA DEL CONDUCTOR),19.0,0,26.0,26.0,26.0,26.0,1,1,1,0,0,0,2
A-2022-01-311,2022-01-09,20:05,CHOQUE,1,0,2,JUNIN,SATIPO,PANGOA,RURAL,CARRETERA,NACIONAL,PE-28C,-11.4743929,-74.4793899,DESPEJADO,RURAL,TRAMO RECTO,INCLINADA,ASFALTADA,SI,PREVENTIVA (P),,NO,IMPRUDENCIA DEL CONDUCTOR,EXCESO DE VELOCIDAD,20.0,0,53.0,53.0,50.0,56.0,2,2,1,0,2,0,2
A-2022-01-180,2022-01-09,20:14,ATROPELLO,1,0,1,LA LIBERTAD,VIRU,CHAO,RURAL,AVENIDA,URBANO,NO CORRESPONDE,-8.504148,-78.686039,DESPEJADO,RURAL,TRAMO RECTO,PLANA ,AFIRMADO,,,,,IMPRUDENCIA DEL CONDUCTOR,OTRO (IMPRUDENCIA DEL CONDUCTOR),20.0,0,40.5,40.5,33.0,48.0,2,1,1,0,1,0,2
A-2022-01-282,2022-01-09,23:50,DESPISTE,1,2,1,PIURA,HUANCABAMBA,HUANCABAMBA,RURAL,CARRETERA,PROVINCIAL,PI-848,-5.236725,-79.416748,DESPEJADO,RURAL,CURVA,INCLINADA,TROCHA,,,,,EN PROCESO DE INVESTIGACIÓN,NO CUENTA CON CAUSA ESPECIFICA,23.0,0,28.333333333333332,26.0,18.0,41.0,1,1,1,2,1,1,3
A-2022-01-77,2022-01-09,23:50,DESPISTE,1,0,1,PIURA,SECHURA,CRISTO NOS VALGA,RURAL,AVENIDA,URBANO,NO CORRESPONDE,-5.497836664,-80.73845966,DESPEJADO,RURAL,TRAMO RECTO,INCLINADA,TROCHA,,,,,EN PROCESO DE INVESTIGACIÓN,NO CUENTA CON CAUSA ESPECIFICA,23.0,0,57.0,57.0,57.0,57.0,0,1,1,0,0,1,1
A-2022-01-333,2022-01-10,04:50,DESPISTE,1,0,1,LIMA,HUAURA,SANTA MARIA,URBANA,CARRETERA,NACIONAL,PE-1N,-11.09203,-77.58439,DESPEJADO,RURAL,TRAMO RECTO,PLANA ,ASFALTADA,,,,,IMPRUDENCIA DEL CONDUCTOR,FATIGA Y/O CANSANCIO,4.0,0,25.0,25.0,25.0,25.0,1,1,1,0,1,0,1
A-2022-01-312,2022-01-10,05:30,ATROPELLO,1,0,1,JUNIN,TARMA,TARMA,RURAL,CARRETERA,NACIONAL,PE-22B,-11.398206122160406,-75.68685284052289,DESPEJADO,RURAL,TRAMO RECTO,PLANA ,ASFALTADA,SI,REGULADORA (R),INFORMATIVA (I),NO,IMPRUDENCIA DEL PEATÓN,ESTADO DE EBRIEDAD Y/O DROGADICCIÓN,5.0,0,67.5,67.5,54.0,81.0,2,1,1,0,1,0,2
A-2022-01-59,2022-01-10,07:45,DESPISTE,1,0,1,AREQUIPA,AREQUIPA,CAYMA,RURAL,CARRETERA,PROVINCIAL,AR-753,-16.2819103,-71.475033,NUBLADO,RURAL,TRAMO RECTO,INCLINADA,ASFALTADA,NO,,,SI,EN PROCESO DE INVESTIGACIÓN,NO CUENTA CON CAUSA ESPECIFICA,7.0,0,37.0,37.0,37.0,37.0,1,1,1,0,1,0,1
A-2022-01-120,2022-01-10,08:25,DESPISTE,1,0,0,LIMA,LIMA,SANTIAGO DE SURCO,URBANA,CARRETERA,NACIONAL,PE-1S,-12.124371627362988,-76.97719929375269,DESPEJADO,RESIDENCIAL,INTERSECCIÓN,PLANA ,ASFALTADA,,,,,EN PROCESO DE INVESTIGACIÓN,NO CUENTA CON CAUSA ESPECIFICA,8.0,0,30.0,30.0,30.0,30.0,1,1,1,0,0,0,1
A-2022-01-319,2022-01-10,10:30,CHOQUE,1,0,0,ANCASH,SANTA,NUEVO CHIMBOTE,URBANA,CARRETERA,NACIONAL,PE-1N,-9.152771,-78.50487,DESPEJADO,RESIDENCIAL,TRAMO RECTO,PLANA ,ASFALTADA,,,,,EN PROCESO DE INVESTIGACIÓN,NO CUENTA CON CAUSA ESPECIFICA,10.0,0,59.5,59.5,39.0,80.0,2,2,1,0,1,0,2
A-2022-01-20,2022-01-10,14:15,DESPISTE,1,0,1,PUNO,EL COLLAO,ILAVE,RURAL,CARRETERA,PROVINCIAL,PU-1152,-16.035396607584524,-69.57523015013945,DESPEJADO,RURAL,SINUOSA,INCLINADA,ASFALTADA,,,,,IMPRUDENCIA DEL CONDUCTOR,OTRO (IMPRUDENCIA DEL CONDUCTOR),14.0,0,21.0,21.0,21.0,21.0,1,1,1,0,0,0,1
A-2022-01-193,2022-01-10,15:00,ATROPELLO,1,0,1,LIMA,HUAURA,SAYAN,RURAL,CARRETERA,NACIONAL,PE-18,-11.187992887222167,-77.30319548992247,DESPEJADO,RURAL,TRAMO RECTO,PLANA ,ASFALTADA,,,,,IMPRUDENCIA DEL PEATÓN,ESTADO DE EBRIEDAD Y/O DROGADICCIÓN,15.0,0,45.0,45.0,39.0,51.0,2,1,1,0,1,0,2
A-2022-01-232,2022-01-10,17:00,CHOQUE,2,1,2,CUSCO,ESPINAR,CONDOROMA,RURAL,CARRETERA,NACIONAL,PE-34J,-15.246490395905036,-71.1512566787835,DESPEJADO,RURAL,CURVA,PLANA ,ASFALTADA,SI,PREVENTIVA (P),INFORMATIVA (I),NO,IMPRUDENCIA DEL CONDUCTOR,EXCESO DE VELOCIDAD,17.0,1,39.8,42.0,22.0,52.0,4,2,2,1,2,0,5
A-2022-01-211,2022-01-11,03:55,ATROPELLO,1,0,1,LAMBAYEQUE,CHICLAYO,MONSEFU,RURAL,CARRETERA,DEPARTAMENTAL,LA-115,-6.8820991,-79.9012933,DESPEJADO,RURAL,TRAMO RECTO,PLANA ,ASFALTADA,,,,,EN PROCESO DE INVESTIGACIÓN,NO CUENTA CON CAUSA ESPECIFICA,3.0,0,20.0,20.0,18.0,22.0,2,1,1,0,0,0,2
A-2022-01-320,2022-01-11,04:30,CHOQUE,1,1,0,ANCASH,CASMA,CASMA,URBANA,CARRETERA,NACIONAL,PE-1N,-9.47325,-78.30741,DESPEJADO,COMERCIAL,INTERSECCIÓN,PLANA ,ASFALTADA,,,,,EN PROCESO DE INVESTIGACIÓN,NO CUENTA CON CAUSA ESPECIFICA,4.0,0,28.333333333333332,26.0,24.0,35.0,1,2,1,1,1,0,3
A-2022-01-344,2022-01-11,11:50,CHOQUE,1,0,2,TACNA,TACNA,TACNA,RURAL,CARRETERA,NACIONAL,PE-1S,-18.164303256503395,-70.3355345977059,DESPEJADO,RURAL,TRAMO RECTO,PLANA ,ASFALTADA,,,,,IMPRUDENCIA DEL CONDUCTOR,EXCESO DE VELOCIDAD,11.0,0,47.5,47.5,21.0,74.0,2,2,1,0,1,0,2
A-2022-01-31,2022-01-11,19:00,ATROPELLO FUGA,1,0,0,PUNO,EL COLLAO,ILAVE,RURAL,CARRETERA,PROVINCIAL,PU-1166,-16.084886777850674,-69.61735716907411,DESPEJADO,RURAL,TRAMO RECTO,PLANA ,AFIRMADO,,,,,EN PROCESO DE INVESTIGACIÓN,NO CUENTA CON CAUSA ESPECIFICA,19.0,0,83.0,83.0,83.0,83.0,1,0,1,0,0,0,2
A-2022-01-121,2022-01-12,02:00,CHOQUE CON OBJETO FIJO,1,0,1,LIMA,LIMA,EL AGUSTINO,URBANA,AUTOPISTA,URBANO,NO CORRESPONDE,-12.0306282,-76.9945093,DESPEJADO,INDUSTRIAL,INTERSECCIÓN,PLANA ,ASFALTADA,,,,,IMPRUDENCIA DEL CONDUCTOR,VEHÍCULO MAL ESTACIONADO,2.0,0,28.0,28.0,28.0,28.0,1,1,1,0,0,0,2
A-2022-01-37,2022-01-12,12:10,VOLCADURA,1,1,1,TUMBES,TUMBES,TUMBES,URBANA,AVENIDA,URBANO,NO CORRESPONDE,-3.581578226796995,-80.41127983121075,DESPEJADO,RURAL,CURVA,PLANA ,ASFALTADA,,,,,IMPRUDENCIA DEL CONDUCTOR,EXCESO DE VELOCIDAD,12.0,0,52.5,52.5,52.0,53.0,1,1,1,1,1,0,2
A-2022-01-83,2022-01-12,13:50,DESPISTE,1,1,1,HUANCAVELICA,TAYACAJA,QUICHUAS,RURAL,CARRETERA,NACIONAL,PE-3S,-12.496579,-74.720855,DESPEJADO,RURAL,CURVA,INCLINADA,ASFALTADA,SI,PREVENTIVA (P),,NO,EN PROCESO DE INVESTIGACIÓN,NO CUENTA CON CAUSA ESPECIFICA,13.0,0,46.0,46.0,25.0,67.0,1,1,1,1,1,0,2
A-2022-01-212,2022-01-12,17:10,DESPISTE,1,2,1,LAMBAYEQUE,CHICLAYO,MONSEFU,RURAL,CARRETERA,DEPARTAMENTAL,LA-115,-6.882256,-79.902413,SOLEADO,RURAL,TRAMO RECTO,PLANA ,ASFALTADA,,,,,EN PROCESO DE INVESTIGACIÓN,NO CUENTA CON CAUSA ESPECIFICA,17.0,0,33.333333333333336,30.0,27.0,43.0,3,1,1,2,1,0,3
A-2022-01-213,2022-01-12,20:22,ATROPELLO,1,0,1,LAMBAYEQUE,CHICLAYO,LAGUNAS,RURAL,CARRETERA,NACIONAL,PE-1N,-6.929354736645017,-79.73863542845908,DESPEJADO,RURAL,TRAMO RECTO,PLANA ,ASFALTADA,,,,,EN PROCESO DE INVESTIGACIÓN,NO CUENTA CON CAUSA ESPECIFICA,20.0,0,50.0,50.0,33.0,67.0,1,1,1,0,0,0,2
A-2022-01-335,2022-01-13,00:20,CHOQUE,1,0,2,ICA,CHINCHA,ALTO LARAN,URBANA,CARRETERA,NACIONAL,PE-1S,-13.4441628,-76.1355111,DESPEJADO,COMERCIAL,TRAMO RECTO,PLANA ,ASFALTADA,,,,,NEGLIGENCIA DEL CONDUCTOR,OTRO (NEGLIGENCIA DEL CONDUCTOR),0.0,0,45.5,45.5,45.0,46.0,2,2,1,0,2,0,2
A-2022-01-249,2022-01-13,04:30,ATROPELLO FUGA,1,0,0,CUSCO,ANTA,ANTA,URBANA,CARRETERA,NACIONAL,PE-3S,-13.465644673047192,-72.14040684030022,DESPEJADO,COMERCIAL,CURVA,PLANA ,ASFALTADA,,,,,IMPRUDENCIA DEL CONDUCTOR,EXCESO DE VELOCIDAD,4.0,0,63.0,63.0,63.0,63.0,0,0,1,0,0,0,2