CODIGO_SINIESTRO,FECHA_SINIESTRO,HORA_SINIESTRO,CLASE_SINIESTRO,CANTIDAD_FALLECIDOS,CANTIDAD_LESIONADOS,CANTIDAD_VEHICULOS,DEPARTAMENTO,PROVINCIA,DISTRITO,ZONA,TIPO_VIA,RED_VIAL,COD_CARRETERA,LATITUD,LONGITUD,CONDICION_CLIMATICA,ZONIFICACION,CARACTERISTICAS_VIA,PERFIL_VIA,SUPERFICIE_CALZADA,EXISTE_SENIAL_VERTICAL,CLASIFICACION_SENIAL_VERTICAL_1,CLASIFICACION_SENIAL_VERTICAL_2,EXISTE_SENIAL_HORIZONTAL,CAUSA_FACTOR_PRINCIPAL,CAUSA_ESPECIFICA,HORA,severidad,EDAD_PROMEDIO,EDAD_MEDIANA,EDAD_MIN,EDAD_MAX,TOTAL_MASCULINOS,TOTAL_CONDUCTORES,TOTAL_FALLECIDOS_AGG,TOTAL_LESIONADOS_AGG,TOTAL_LICENCIA,TOTAL_ALCOHOL_POSITIVO,TOTAL_PERSONAS
A-2022-01-114,2022-01-13,07:12,CHOQUE,2,2,2,PIURA,HUANCABAMBA,HUARMACA,RURAL,CARRETERA,NACIONAL,PE-04B,-5.883344,-79.537538,DESPEJADO,RURAL,TRAMO RECTO,INCLINADA,ASFALTADA,,,,,EN PROCESO DE INVESTIGACIÓN,NO CUENTA CON CAUSA ESPECIFICA,7.0,1,51.0,50.0,40.0,64.0,5,2,2,2,2,0,5
A-2022-01-34,2022-01-13,08:20,CHOQUE,1,0,2,PUNO,EL COLLAO,ILAVE,RURAL,CARRETERA,NACIONAL,PE-3S,-16.09348415310147,-69.62616561009612,DESPEJADO,RURAL,INTERSECCIÓN,PLANA ,ASFALTADA,SI,INFORMATIVA (I),,SI,IMPRUDENCIA DEL CONDUCTOR,GIRAR IMPRUDENTEMENTE,8.0,0,60.5,60.5,58.0,63.0,2,2,1,0,1,0,2
A-2022-01-216,2022-01-13,12:45,ATROPELLO FUGA,1,0,0,LAMBAYEQUE,CHICLAYO,CHICLAYO,URBANA,CALLE,URBANO,NO CORRESPONDE,-6.7667865,-79.8368476,DESPEJADO,COMERCIAL,TRAMO RECTO,PLANA ,ASFALTADA,,,,,EN PROCESO DE INVESTIGACIÓN,NO CUENTA CON CAUSA ESPECIFICA,12.0,0,56.0,56.0,56.0,56.0,0,0,1,0,0,0,2
A-2022-01-123,2022-01-13,14:00,CHOQUE,1,0,0,LIMA,LIMA,LIMA,URBANA,AVENIDA,URBANO,NO CORRESPONDE,-12.043799984265837,-77.02457270473965,DESPEJADO,INDUSTRIAL,PUENTE,PLANA ,ASFALTADA,,,,,EN PROCESO DE INVESTIGACIÓN,NO CUENTA CON CAUSA ESPECIFICA,14.0,0,42.5,42.5,37.0,48.0,2,2,1,0,0,0,2
A-2022-01-189,2022-01-13,20:00,DESPISTE,1,0,1,CAJAMARCA,CAJAMARCA,ASUNCION,RURAL,CARRETERA,DEPARTAMENTAL,CA-106,-7.331981,-78.52511,DESPEJADO,RURAL,CURVA,INCLINADA,AFIRMADO,,,,,EN PROCESO DE INVESTIGACIÓN,NO CUENTA CON CAUSA ESPECIFICA,20.0,0,40.0,40.0,40.0,40.0,1,1,1,0,1,0,1
A-2022-01-188,2022-01-14,03:00,DESPISTE,2,1,1,PUNO,CARABAYA,SAN GABAN,RURAL,CARRETERA,NACIONAL,PE-34B,-13.4037645,-70.3089502,DESPEJADO,RURAL,TRAMO RECTO,PLANA ,ASFALTADA,,,,,IMPRUDENCIA DEL CONDUCTOR,FATIGA Y/O CANSANCIO,3.0,1,24.333333333333332,25.0,15.0,33.0,2,1,2,1,1,0,3
A-2022-01-302,2022-01-14,12:30,CHOQUE,1,2,2,LA LIBERTAD,VIRU,CHAO,RURAL,CARRETERA,SIN CLASIFICAR,SIN CLASIFICAR,-8.548747555311945,-78.65473332347972,DESPEJADO,RURAL,TRAMO RECTO,PLANA ,TROCHA,,,,,IMPRUDENCIA DEL CONDUCTOR,OTRO (IMPRUDENCIA DEL CONDUCTOR),12.0,0,26.5,23.5,21.0,38.0,4,2,1,2,1,0,4
A-2022-01-124,2022-01-14,15:30,ATROPELLO,1,0,0,LIMA,LIMA,SAN JUAN DE LURIGANCHO,RURAL,CALLE,URBANO,NO CORRESPONDE,-11.881754889914252,-76.94773246404225,DESPEJADO,RURAL,TRAMO RECTO,PLANA ,AFIRMADO,,,,,EN PROCESO DE INVESTIGACIÓN,NO CUENTA CON CAUSA ESPECIFICA,15.0,0,29.5,29.5,5.0,54.0,1,1,1,0,0,0,2
A-2022-01-130,2022-01-14,18:30,VOLCADURA,1,0,1,SAN MARTIN,SAN MARTIN,LA BANDA DE SHILCAYO,RURAL,CARRETERA,NACIONAL,PE-5NB,-6.462042585,-76.30752591,DESPEJADO,RURAL,CURVA,INCLINADA,ASFALTADA,NO,,,SI,IMPRUDENCIA DEL CONDUCTOR,EXCESO DE VELOCIDAD,18.0,0,34.0,34.0,34.0,34.0,1,1,1,0,0,0,1
A-2022-01-125,2022-01-14,20:50,ATROPELLO,1,0,0,LIMA,LIMA,PUENTE PIEDRA,URBANA,CARRETERA,NACIONAL,PE-1N,-11.913491414372915,-77.07381770920416,DESPEJADO,COMERCIAL,TRAMO RECTO,PLANA ,ASFALTADA,,,,,IMPRUDENCIA DEL CONDUCTOR,EXCESO DE VELOCIDAD,20.0,0,33.0,33.0,33.0,33.0,2,1,1,0,0,0,2
A-2022-01-172,2022-01-15,00:30,VOLCADURA,1,1,1,PIURA,MORROPON,CHULUCANAS,RURAL,CARRETERA,NACIONAL,PE-1NJ,-5.169457,-80.18693,DESPEJADO,COMERCIAL,TRAMO RECTO,PLANA ,ASFALTADA,,,,,EN PROCESO DE INVESTIGACIÓN,NO CUENTA CON CAUSA ESPECIFICA,0.0,0,17.0,17.0,17.0,17.0,2,1,1,1,0,0,2
A-2022-01-313,2022-01-15,04:00,CHOQUE,1,0,2,JUNIN,SATIPO,SATIPO,RURAL,CARRETERA,NACIONAL,PE-24A,-11.247685849517891,-74.63719189770524,DESPEJADO,RURAL,INTERSECCIÓN,PLANA ,ASFALTADA,,,,,EN PROCESO DE INVESTIGACIÓN,NO CUENTA CON CAUSA ESPECIFICA,4.0,0,19.0,19.0,19.0,19.0,1,2,1,0,0,0,2
A-2022-01-43,2022-01-15,06:10,ATROPELLO,1,0,0,TUMBES,ZARUMILLA,PAPAYAL,RURAL,CARRETERA,SIN CLASIFICAR,SIN CLASIFICAR,-3.61342,-80.19236,DESPEJADO,RURAL,CURVA,INCLINADA,TROCHA,,,,,IMPRUDENCIA DEL CONDUCTOR,EXCESO DE VELOCIDAD,6.0,0,27.0,27.0,27.0,27.0,1,0,1,0,0,0,2
A-2022-01-288,2022-01-15,08:30,CHOQUE,1,0,2,AREQUIPA,CARAVELI,ATICO,RURAL,CARRETERA,NACIONAL,PE-1S,-16.242134387643762,-73.57263022618606,DESPEJADO,RURAL,TRAMO RECTO,INCLINADA,ASFALTADA,,,,,EN PROCESO DE INVESTIGACIÓN,NO CUENTA CON CAUSA ESPECIFICA,8.0,0,43.5,43.5,35.0,52.0,2,2,1,0,2,0,2
A-2022-01-297,2022-01-15,10:35,ATROPELLO FUGA,1,0,0,JUNIN,HUANCAYO,HUANCAYO,URBANA,AVENIDA,URBANO,NO CORRESPONDE,-12.069688,-75.199547,DESPEJADO,COMERCIAL,TRAMO RECTO,PLANA ,ASFALTADA,,,,,IMPRUDENCIA DEL CONDUCTOR,OTRO (IMPRUDENCIA DEL CONDUCTOR),10.0,0,41.0,41.0,41.0,41.0,1,0,1,0,0,0,2
A-2022-01-165,2022-01-15,18:00,DESPISTE,1,0,1,PUNO,CARABAYA,MACUSANI,RURAL,CARRETERA,NACIONAL,PE-34B,-14.0951379,-70.3834199,DESPEJADO,RURAL,CURVA,PLANA ,ASFALTADA,,,,,IMPRUDENCIA DEL CONDUCTOR,EXCESO DE VELOCIDAD,18.0,0,32.0,32.0,32.0,32.0,1,1,1,0,0,0,1
A-2022-01-251,2022-01-15,19:50,ATROPELLO,1,0,1,CUSCO,CANCHIS,MARANGANI,RURAL,CARRETERA,NACIONAL,PE-3S,-14.386878306773752,-71.13783989801603,DESPEJADO,RURAL,TRAMO RECTO,PLANA ,ASFALTADA,,,,,IMPRUDENCIA DEL CONDUCTOR,EXCESO DE VELOCIDAD,19.0,0,53.5,53.5,37.0,70.0,2,1,1,0,1,0,2
A-2022-01-217,2022-01-15,20:00,CHOQUE,1,2,2,LAMBAYEQUE,LAMBAYEQUE,MORROPE,RURAL,CARRETERA,NACIONAL,PE-1N,-6.576851,-79.988526,LLUVIOSO,RURAL,TRAMO RECTO,PLANA ,ASFALTADA,,,,,EN PROCESO DE INVESTIGACIÓN,NO CUENTA CON CAUSA ESPECIFICA,20.0,0,25.333333333333332,34.0,3.0,39.0,3,2,1,2,2,0,3
A-2022-01-314,2022-01-15,20:00,DESPISTE,1,1,0,JUNIN,CHANCHAMAYO,PERENE,RURAL,CARRETERA,NACIONAL,PE-5S,-10.942997349301974,-75.2178364467561,,,,,,,,,,EN PROCESO DE INVESTIGACIÓN,NO CUENTA CON CAUSA ESPECIFICA,20.0,0,23.5,23.5,20.0,27.0,2,1,1,1,0,0,2
A-2022-01-93,2022-01-15,23:00,CHOQUE,1,2,2,SAN MARTIN,RIOJA,NUEVA CAJAMARCA,URBANA,CARRETERA,NACIONAL,PE-5N,-5.933622,-77.311038,DESPEJADO,COMERCIAL,TRAMO RECTO,PLANA ,CONCRETO,,,,,EN PROCESO DE INVESTIGACIÓN,NO CUENTA CON CAUSA ESPECIFICA,23.0,0,43.333333333333336,47.0,28.0,55.0,2,2,1,2,0,0,3
A-2022-01-50,2022-01-16,01:30,ATROPELLO FUGA,1,0,1,PUNO,EL COLLAO,ILAVE,URBANA,AVENIDA,URBANO,NO CORRESPONDE,-16.083694610698117,-69.64495680940077,DESPEJADO,RURAL,TRAMO RECTO,PLANA ,ASFALTADA,,,,,IMPRUDENCIA DEL CONDUCTOR,OTRO (IMPRUDENCIA DEL CONDUCTOR),1.0,0,29.5,29.5,25.0,34.0,1,0,1,0,1,0,2
A-2022-01-252,2022-01-16,05:40,DESPISTE,1,0,1,CUSCO,PAUCARTAMBO,PAUCARTAMBO,RURAL,CARRETERA,DEPARTAMENTAL,CU-113,-13.34777843057828,-71.57216178207099,LLUVIOSO,RURAL,CURVA,PLANA ,ASFALTADA,,,,,NEGLIGENCIA DEL CONDUCTOR,OTRO (NEGLIGENCIA DEL CONDUCTOR),5.0,0,35.0,35.0,35.0,35.0,1,1,1,0,0,0,1
A-2022-01-51,2022-01-16,09:05,DESPISTE,2,1,1,PUNO,CHUCUITO,POMATA,RURAL,CARRETERA,NACIONAL,PE-3S,-16.369813,-69.2249847,DESPEJADO,RURAL,TRAMO RECTO,PLANA ,ASFALTADA,NO,,,SI,IMPRUDENCIA DEL CONDUCTOR,GIRAR IMPRUDENTEMENTE,9.0,1,11.666666666666666,5.0,0.0,30.0,2,1,2,1,0,0,3
A-2022-01-80,2022-01-16,12:01,CHOQUE,2,3,2,AREQUIPA,AREQUIPA,LA JOYA,URBANA,CARRETERA,NACIONAL,PE-1S,-16.5133522,-71.8084117,DESPEJADO,RESIDENCIAL,TRAMO RECTO,PLANA ,ASFALTADA,NO,,,SI,EN PROCESO DE INVESTIGACIÓN,NO CUENTA CON CAUSA ESPECIFICA,12.0,1,22.6,18.0,12.0,49.0,3,1,2,3,1,0,6
A-2022-01-81,2022-01-16,15:06,DESPISTE,1,3,1,AREQUIPA,AREQUIPA,MARIANO MELGAR,URBANA,CALLE,URBANO,NO CORRESPONDE,-16.395862,-71.506317,NUBLADO,RESIDENCIAL,INTERSECCIÓN,PLANA ,ASFALTADA,,,,,EN PROCESO DE INVESTIGACIÓN,NO CUENTA CON CAUSA ESPECIFICA,15.0,0,36.0,28.5,14.0,73.0,2,1,1,3,1,0,4
A-2022-01-113,2022-01-16,19:20,ATROPELLO,1,0,1,TUMBES,TUMBES,TUMBES,RURAL,CARRETERA,NACIONAL,PE-1N,-3.534944221495855,-80.37715784699547,DESPEJADO,RURAL,TRAMO RECTO,PLANA ,ASFALTADA,,,,,IMPRUDENCIA DEL CONDUCTOR,EXCESO DE VELOCIDAD,19.0,0,,,,,1,0,1,0,0,0,2
A-2022-01-61,2022-01-17,00:00,CHOQUE,1,0,2,TACNA,TACNA,CORONEL GREGORIO ALBARRACIN LANCHIPA,URBANA,CARRETERA,PROVINCIAL,TA-634,-18.055143,-70.243578,DESPEJADO,COMERCIAL,INTERSECCIÓN,PLANA ,ASFALTADA,SI,PREVENTIVA (P),PREVENTIVA (P),NO,IMPRUDENCIA DEL CONDUCTOR,CONDUCIR EN ESTADO DE EBRIEDAD Y/O DROGADICCIÓN,0.0,0,35.5,35.5,25.0,46.0,2,2,1,0,1,0,2
A-2022-01-190,2022-01-17,01:40,VOLCADURA,1,0,0,APURIMAC,AYMARAES,TINTAY,RURAL,CARRETERA,DEPARTAMENTAL,AP-107,-13.96353053662499,-73.18190586256235,,,,,,,,,,EN PROCESO DE INVESTIGACIÓN,NO CUENTA CON CAUSA ESPECIFICA,1.0,0,34.0,34.0,34.0,34.0,1,1,1,0,0,0,1
A-2022-01-126,2022-01-17,07:45,ATROPELLO,1,0,0,LIMA,LIMA,ATE,URBANA,AVENIDA,URBANO,NO CORRESPONDE,-12.06192,-76.996147,DESPEJADO,RESIDENCIAL,INTERSECCIÓN,PLANA ,ASFALTADA,,,,,EN PROCESO DE INVESTIGACIÓN,NO CUENTA CON CAUSA ESPECIFICA,7.0,0,56.0,56.0,32.0,80.0,2,1,1,0,0,0,2
A-2022-01-186,2022-01-17,14:40,ATROPELLO,1,0,1,PUNO,HUANCANE,HUANCANE,URBANA,JIRÓN,URBANO,NO CORRESPONDE,-15.200819037493488,-69.75991393907492,DESPEJADO,COMERCIAL,INTERSECCIÓN,PLANA ,ASFALTADA,,,,,IMPRUDENCIA DEL CONDUCTOR,OTRO (IMPRUDENCIA DEL CONDUCTOR),14.0,0,77.0,77.0,63.0,91.0,1,1,1,0,1,0,2
A-2022-01-149,2022-01-18,03:30,DESPISTE,1,0,1,PUNO,LAMPA,SANTA LUCIA,RURAL,CARRETERA,NACIONAL,PE-34A,-15.6907928,-70.5942683,DESPEJADO,RURAL,TRAMO RECTO,PLANA ,ASFALTADA,,,,,IMPRUDENCIA DEL CONDUCTOR,FATIGA Y/O CANSANCIO,3.0,0,28.0,28.0,28.0,28.0,1,1,1,0,1,0,1
A-2022-01-327,2022-01-18,07:00,CHOQUE,1,4,2,HUANUCO,AMBO,AMBO,URBANA,CARRETERA,NACIONAL,PE-3N,-10.1430053,-76.1955216,DESPEJADO,RURAL,TRAMO RECTO,PLANA ,ASFALTADA,,,,,IMPRUDENCIA DEL CONDUCTOR,EXCESO DE VELOCIDAD,7.0,0,45.333333333333336,48.0,22.0,75.0,3,2,1,4,2,0,6
A-2022-01-287,2022-01-18,14:20,CHOQUE,1,0,2,AREQUIPA,CARAVELI,YAUCA,RURAL,CARRETERA,NACIONAL,PE-1S,-15.660819535299668,-74.56546523908517,DESPEJADO,RURAL,TRAMO RECTO,PLANA ,ASFALTADA,,,,,EN PROCESO DE INVESTIGACIÓN,NO CUENTA CON CAUSA ESPECIFICA,14.0,0,52.5,52.5,51.0,54.0,2,2,1,0,1,0,2
A-2022-01-260,2022-01-18,17:00,DESPISTE,1,1,0,LIMA,LIMA,CIENEGUILLA,RURAL,CARRETERA,DEPARTAMENTAL,LM-119,-12.130890783402148,-76.8109076328621,DESPEJADO,RURAL,TRAMO RECTO,INCLINADA,ASFALTADA,,,,,EN PROCESO DE INVESTIGACIÓN,NO CUENTA CON CAUSA ESPECIFICA,17.0,0,36.0,36.0,28.0,44.0,2,2,1,1,0,0,2
A-2022-01-100,2022-01-18,23:30,CHOQUE CON OBJETO FIJO,1,1,1,AREQUIPA,AREQUIPA,AREQUIPA,URBANA,CARRETERA,NACIONAL,PE-34C,-16.415782,-71.551365,DESPEJADO,RESIDENCIAL,TRAMO RECTO,PLANA ,ASFALTADA,,,,,EN PROCESO DE INVESTIGACIÓN,NO CUENTA CON CAUSA ESPECIFICA,23.0,0,37.5,37.5,36.0,39.0,1,1,1,1,1,0,2
A-2022-01-298,2022-01-19,01:15,DESPISTE,1,2,1,JUNIN,YAULI,LA OROYA,RURAL,CARRETERA,NACIONAL,PE-22,-11.610237,-75.976422,DESPEJADO,RURAL,TRAMO RECTO,PLANA ,ASFALTADA,,,,,IMPRUDENCIA DEL CONDUCTOR,FATIGA Y/O CANSANCIO,1.0,0,35.333333333333336,33.0,14.0,59.0,3,1,1,2,1,0,3
A-2022-01-331,2022-01-19,03:20,DESPISTE,1,0,1,MADRE DE DIOS,TAMBOPATA,TAMBOPATA,URBANA,JIRÓN,URBANO,NO CORRESPONDE,-12.594108159085534,-69.19233473997863,DESPEJADO,ESCOLAR,INTERSECCIÓN,PLANA ,CONCRETO,,,,,EN PROCESO DE INVESTIGACIÓN,NO CUENTA CON CAUSA ESPECIFICA,3.0,0,34.0,34.0,34.0,34.0,1,1,1,0,1,0,1
A-2022-01-140,2022-01-19,10:40,CHOQUE FUGA,1,1,3,AREQUIPA,AREQUIPA,CERRO COLORADO,URBANA,CARRETERA,NACIONAL,PE-34A,-16.363203,-71.578079,DESPEJADO,COMERCIAL,TRAMO RECTO,PLANA ,ASFALTADA,NO,,,SI,EN PROCESO DE INVESTIGACIÓN,NO CUENTA CON CAUSA ESPECIFICA,10.0,0,35.666666666666664,36.0,24.0,47.0,3,2,1,1,2,0,4
A-2022-01-261,2022-01-19,16:50,CAÍDA DE PASAJERO,1,0,0,LIMA,LIMA,COMAS,URBANA,AVENIDA,URBANO,NO CORRESPONDE,-11.940693,-77.067244,DESPEJADO,COMERCIAL,INTERSECCIÓN,PLANA ,ASFALTADA,,,,,EN PROCESO DE INVESTIGACIÓN,NO CUENTA CON CAUSA ESPECIFICA,16.0,0,50.0,50.0,50.0,50.0,0,0,1,0,0,0,2
A-2022-01-295,2022-01-19,21:31,DESPISTE,1,1,1,AREQUIPA,CAMANA,SAMUEL PASTOR,RURAL,CARRETERA,PROVINCIAL,AR-545,-16.628789585117158,-72.69478116431125,DESPEJADO,RURAL,TRAMO RECTO,PLANA ,ASFALTADA,,,,,EN PROCESO DE INVESTIGACIÓN,NO CUENTA CON CAUSA ESPECIFICA,21.0,0,25.5,25.5,22.0,29.0,2,1,1,1,0,0,2
A-2022-01-233,2022-01-19,21:50,ATROPELLO FUGA,1,0,0,CUSCO,CUSCO,SAYLLA,RURAL,CARRETERA,NACIONAL,PE-3S,-13.563570706947669,-71.84049246873444,NUBLADO,RURAL,CURVA,PLANA ,ASFALTADA,,,,,IMPERICIA DEL CONDUCTOR,,21.0,0,54.0,54.0,54.0,54.0,1,0,1,0,0,0,2
A-2022-01-160,2022-01-20,04:25,DESPISTE,3,12,1,AREQUIPA,CAYLLOMA,SAN ANTONIO DE CHUCA,RURAL,CARRETERA,NACIONAL,PE-34J,-15.671403,-71.052133,LLUVIOSO,RURAL,CURVA,PLANA ,ASFALTADA,NO,,,SI,EN PROCESO DE INVESTIGACIÓN,NO CUENTA CON CAUSA ESPECIFICA,4.0,2,17.6,12.0,0.0,55.0,9,1,3,12,0,0,15
A-2022-01-315,2022-01-20,11:45,DESPISTE,1,0,0,JUNIN,TARMA,ACOBAMBA,RURAL,CARRETERA,NACIONAL,PE-22B,-11.35362532943492,-75.66239113005282,,,,,,,,,,EN PROCESO DE INVESTIGACIÓN,NO CUENTA CON CAUSA ESPECIFICA,11.0,0,26.0,26.0,26.0,26.0,1,1,1,0,1,0,1
A-2022-01-115,2022-01-20,18:35,DESPISTE,1,0,1,TUMBES,ZARUMILLA,AGUAS VERDES,RURAL,CARRETERA,NACIONAL,PE-1NO,-3.4839760878288,-80.25838308128853,DESPEJADO,RURAL,TRAMO RECTO,PLANA ,ASFALTADA,,,,,IMPRUDENCIA DEL CONDUCTOR,CONDUCIR EN ESTADO DE EBRIEDAD Y/O DROGADICCIÓN,18.0,0,44.0,44.0,44.0,44.0,1,1,1,0,0,1,1
A-2022-01-286,2022-01-20,21:40,CHOQUE,1,1,2,AREQUIPA,CARAVELI,ATICO,RURAL,CARRETERA,NACIONAL,PE-1S,-16.23112327858188,-73.59952494853842,DESPEJADO,RURAL,CURVA,PLANA ,ASFALTADA,,,,,EN PROCESO DE INVESTIGACIÓN,NO CUENTA CON CAUSA ESPECIFICA,21.0,0,31.0,31.0,29.0,33.0,2,2,1,1,0,0,2
A-2022-01-94,2022-01-21,04:40,ATROPELLO,1,0,1,CALLAO,CALLAO,VENTANILLA,URBANA,AVENIDA,URBANO,NO CORRESPONDE,-11.82886121774238,-77.15930383658092,DESPEJADO,RESIDENCIAL,TRAMO RECTO,INCLINADA,ASFALTADA,,,,,IMPRUDENCIA DEL PEATÓN,CRUCE INDEBIDO POR LA CALZADA,4.0,0,45.0,45.0,45.0,45.0,1,1,1,0,1,0,2
A-2022-01-162,2022-01-21,06:00,CHOQUE,1,0,2,AREQUIPA,AREQUIPA,MIRAFLORES,URBANA,AVENIDA,URBANO,NO CORRESPONDE,-16.39663,-71.52217,DESPEJADO,COMERCIAL,INTERSECCIÓN,PLANA ,ASFALTADA,NO,,,SI,EN PROCESO DE INVESTIGACIÓN,NO CUENTA CON CAUSA ESPECIFICA,6.0,0,54.5,54.5,45.0,64.0,2,2,1,0,2,0,2
A-2022-01-183,2022-01-21,10:05,CHOQUE FUGA,1,0,2,LA LIBERTAD,VIRU,GUADALUPITO,RURAL,CARRETERA,NACIONAL,PE-1N,-8.741275,-78.634681,DESPEJADO,RURAL,TRAMO RECTO,PLANA ,ASFALTADA,,,,,EN PROCESO DE INVESTIGACIÓN,NO CUENTA CON CAUSA ESPECIFICA,10.0,0,21.0,21.0,21.0,21.0,1,1,1,0,1,0,2
A-2022-01-147,2022-01-21,11:45,DESPISTE,2,9,1,PUNO,SAN ANTONIO DE PUTINA,ANANEA,RURAL,CARRETERA,DEPARTAMENTAL,PU-111,-14.52117600799157,-69.69357207870516,DESPEJADO,RURAL,CURVA,PLANA ,ASFALTADA,,,,,INFRAESTRUCTURA Y ENTORNO VIAL,FACTOR AMBIENTAL,11.0,1,27.083333333333332,30.0,1.0,43.0,11,1,2,9,1,0,12
A-2022-01-224,2022-01-21,13:20,CHOQUE,1,0,2,LAMBAYEQUE,LAMBAYEQUE,LAMBAYEQUE,URBANA,CARRETERA,NACIONAL,PE-1N,-6.708673857241669,-79.90361268205403,DESPEJADO,RESIDENCIAL,TRAMO RECTO,PLANA ,ASFALTADA,,,,,EN PROCESO DE INVESTIGACIÓN,NO CUENTA CON CAUSA ESPECIFICA,13.0,0,67.0,67.0,64.0,70.0,1,2,1,0,0,0,2
A-2022-01-168,2022-01-21,14:15,ATROPELLO,1,0,0,PUNO,MELGAR,AYAVIRI,URBANA,JIRÓN,URBANO,NO CORRESPONDE,-14.876014713954254,-70.58731897875592,DESPEJADO,ESCOLAR,TRAMO RECTO,PLANA ,TROCHA,,,,,IMPRUDENCIA DEL PEATÓN,CRUCE INDEBIDO POR LA CALZADA,14.0,0,22.0,22.0,1.0,43.0,1,1,1,0,1,0,2
A-2022-01-127,2022-01-21,17:00,DESPISTE,1,4,0,ANCASH,RECUAY,CATAC,RURAL,CARRETERA,NACIONAL,PE-3N,-9.946351022990324,-77.38170942837297,,,,,,,,,,EN PROCESO DE INVESTIGACIÓN,NO CUENTA CON CAUSA ESPECIFICA,17.0,0,37.6,40.0,20.0,55.0,3,1,1,4,1,0,5
A-2022-01-262,2022-01-21,20:00,CHOQUE,1,0,0,LIMA,LIMA,LURIN,URBANA,CARRETERA,NACIONAL,PE-1S,-12.289421067505211,-76.86866818905403,DESPEJADO,INDUSTRIAL,TRAMO RECTO,PLANA ,ASFALTADA,,,,,EN PROCESO DE INVESTIGACIÓN,NO CUENTA CON CAUSA ESPECIFICA,20.0,0,50.5,50.5,42.0,59.0,2,2,1,0,1,0,2
A-2022-01-176,2022-01-21,20:10,DESPISTE,1,0,0,ANCASH,POMABAMBA,POMABAMBA,RURAL,CARRETERA,PROVINCIAL,AN-594,-8.84563091021682,-77.44435663315294,,,,,,,,,,EN PROCESO DE INVESTIGACIÓN,NO CUENTA CON CAUSA ESPECIFICA,20.0,0,33.0,33.0,33.0,33.0,1,1,1,0,0,0,1
A-2022-01-179,2022-01-21,22:30,CHOQUE,1,0,2,PUNO,HUANCANE,PUSI,RURAL,CARRETERA,NACIONAL,PE-34H,-15.378331779272118,-70.0571616431556,DESPEJADO,RURAL,TRAMO RECTO,PLANA ,ASFALTADA,,,,,IMPRUDENCIA DEL CONDUCTOR,CONDUCIR EN SENTIDO CONTRARIO,22.0,0,38.0,38.0,18.0,58.0,2,2,1,0,1,0,2
A-2022-01-116,2022-01-21,23:00,DESPISTE,1,1,1,TUMBES,TUMBES,TUMBES,RURAL,CARRETERA,NACIONAL,PE-1N,-3.5356606816561085,-80.37896221963575,DESPEJADO,RURAL,TRAMO RECTO,PLANA ,ASFALTADA,SI,PREVENTIVA (P),,NO,IMPRUDENCIA DEL CONDUCTOR,CONDUCIR EN ESTADO DE EBRIEDAD Y/O DROGADICCIÓN,23.0,0,24.0,24.0,24.0,24.0,0,1,1,1,0,2,2
A-2022-01-207,2022-01-22,02:30,DESPISTE,2,0,1,CAJAMARCA,CONTUMAZA,CONTUMAZA,RURAL,CARRETERA,NACIONAL,PE-1NF,-7.33690021,-78.79378894,DESPEJADO,RURAL,CURVA,INCLINADA,ASFALTADA,,,,,EN PROCESO DE INVESTIGACIÓN,NO CUENTA CON CAUSA ESPECIFICA,2.0,1,47.333333333333336,47.0,27.0,68.0,3,1,2,0,1,0,3
A-2022-01-104,2022-01-22,06:00,ATROPELLO,1,0,0,CALLAO,CALLAO,CALLAO,URBANA,CARRETERA,NACIONAL,PE-20,-12.046638238382068,-77.13209852397658,DESPEJADO,RESIDENCIAL,TRAMO RECTO,PLANA ,ASFALTADA,SI,REGULADORA (R),INFORMATIVA (I),NO,IMPRUDENCIA DEL PEATÓN,ESTADO DE EBRIEDAD Y/O DROGADICCIÓN,6.0,0,31.0,31.0,23.0,39.0,2,1,1,0,1,0,2
A-2022-01-173,2022-01-22,06:00,ATROPELLO FUGA,1,0,1,PIURA,PIURA,PIURA,URBANA,JIRÓN,URBANO,NO CORRESPONDE,-5.187519,-80.638189,DESPEJADO,COMERCIAL,TRAMO RECTO,PLANA ,ASFALTADA,,,,,EN PROCESO DE INVESTIGACIÓN,NO CUENTA CON CAUSA ESPECIFICA,6.0,0,,,,,1,0,1,0,0,0,2
A-2022-01-163,2022-01-22,08:30,CHOQUE,1,0,1,AREQUIPA,AREQUIPA,YARABAMBA,URBANA,AVENIDA,URBANO,NO CORRESPONDE,-16.551395,-71.469449,SOLEADO,RESIDENCIAL,TRAMO RECTO,PLANA ,ASFALTADA,NO,,,SI,EN PROCESO DE INVESTIGACIÓN,NO CUENTA CON CAUSA ESPECIFICA,8.0,0,49.0,49.0,15.0,83.0,2,2,1,0,0,0,2
A-2022-01-337,2022-01-22,10:10,DESPISTE,1,0,1,ICA,CHINCHA,CHINCHA BAJA,RURAL,CARRETERA,NACIONAL,PE-1SE,-13.529696,-76.183139,DESPEJADO,RURAL,TRAMO RECTO,PLANA ,ASFALTADA,,,,,IMPRUDENCIA DEL CONDUCTOR,EXCESO DE VELOCIDAD,10.0,0,49.0,49.0,49.0,49.0,1,1,1,0,1,0,1