CODIGO_SINIESTRO,FECHA_SINIESTRO,HORA_SINIESTRO,CLASE_SINIESTRO,CANTIDAD_FALLECIDOS,CANTIDAD_LESIONADOS,CANTIDAD_VEHICULOS,DEPARTAMENTO,PROVINCIA,DISTRITO,ZONA,TIPO_VIA,RED_VIAL,COD_CARRETERA,LATITUD,LONGITUD,CONDICION_CLIMATICA,ZONIFICACION,CARACTERISTICAS_VIA,PERFIL_VIA,SUPERFICIE_CALZADA,EXISTE_SENIAL_VERTICAL,CLASIFICACION_SENIAL_VERTICAL_1,CLASIFICACION_SENIAL_VERTICAL_2,EXISTE_SENIAL_HORIZONTAL,CAUSA_FACTOR_PRINCIPAL,CAUSA_ESPECIFICA,HORA,severidad,EDAD_PROMEDIO,EDAD_MEDIANA,EDAD_MIN,EDAD_MAX,TOTAL_MASCULINOS,TOTAL_CONDUCTORES,TOTAL_FALLECIDOS_AGG,TOTAL_LESIONADOS_AGG,TOTAL_LICENCIA,TOTAL_ALCOHOL_POSITIVO,TOTAL_PERSONAS
A-2022-01-276,2022-01-22,12:00,DESPISTE,1,4,0,AYACUCHO,CANGALLO,PARAS,RURAL,CARRETERA,NACIONAL,PE-28A,-13.35177989,-74.78369587,DESPEJADO,RURAL,CURVA,PLANA ,ASFALTADA,,,,,INFRAESTRUCTURA Y ENTORNO VIAL,FACTOR AMBIENTAL,12.0,0,17.2,17.0,3.0,31.0,2,1,1,4,1,0,6
A-2022-01-174,2022-01-22,13:00,CHOQUE,1,1,2,PIURA,MORROPON,MORROPON,RURAL,CARRETERA,PROVINCIAL,PI-796,-5.137449186418048,-80.04357586072663,DESPEJADO,RURAL,TRAMO RECTO,PLANA ,ASFALTADA,,,,,EN PROCESO DE INVESTIGACIÓN,NO CUENTA CON CAUSA ESPECIFICA,13.0,0,27.0,27.0,14.0,40.0,2,2,1,1,0,0,2
A-2022-01-285,2022-01-22,15:00,ATROPELLO,1,0,1,AREQUIPA,CAMANA,OCOÑA,RURAL,CARRETERA,PROVINCIAL,AR-535,-16.379316617306536,-73.12531824933414,DESPEJADO,RURAL,TRAMO RECTO,PLANA ,TROCHA,,,,,EN PROCESO DE INVESTIGACIÓN,NO CUENTA CON CAUSA ESPECIFICA,15.0,0,51.5,51.5,29.0,74.0,2,1,1,0,1,0,2
A-2022-01-303,2022-01-22,15:30,DESPISTE,1,4,1,JUNIN,YAULI,LA OROYA,RURAL,CARRETERA,NACIONAL,PE-22,-11.605365,-75.971077,DESPEJADO,RURAL,CURVA,PLANA ,ASFALTADA,,,,,IMPRUDENCIA DEL CONDUCTOR,ADELANTAR INDEBIDAMENTE,15.0,0,30.666666666666668,31.5,0.0,70.0,2,1,1,4,1,0,6
A-2022-01-284,2022-01-22,19:40,CHOQUE,4,3,2,AREQUIPA,CAMANA,OCOÑA,RURAL,CARRETERA,NACIONAL,PE-1S,-16.48807984203104,-73.02118859585194,DESPEJADO,RURAL,CURVA,INCLINADA,ASFALTADA,,,,,EN PROCESO DE INVESTIGACIÓN,NO CUENTA CON CAUSA ESPECIFICA,19.0,2,31.125,30.0,4.0,66.0,5,2,4,3,2,0,8
A-2022-01-164,2022-01-22,20:00,CHOQUE,3,5,2,AREQUIPA,AREQUIPA,SAN JUAN DE TARUCANI,RURAL,CARRETERA,NACIONAL,PE-34A,-16.058517,-71.355349,DESPEJADO,RURAL,TRAMO RECTO,INCLINADA,ASFALTADA,NO,,,SI,EN PROCESO DE INVESTIGACIÓN,NO CUENTA CON CAUSA ESPECIFICA,20.0,2,31.857142857142858,37.0,0.0,56.0,7,2,3,5,1,0,9
A-2022-01-299,2022-01-22,20:00,CHOQUE,1,0,2,JUNIN,CONCEPCION,ORCOTUNA,RURAL,CARRETERA,NACIONAL,PE-3SB,-11.9744062,-75.3007962,DESPEJADO,RURAL,TRAMO RECTO,PLANA ,ASFALTADA,,,,,IMPRUDENCIA DEL CONDUCTOR,CONDUCIR EN ESTADO DE EBRIEDAD Y/O DROGADICCIÓN,20.0,0,38.0,38.0,34.0,42.0,2,2,1,0,2,0,2
A-2022-01-266,2022-01-22,22:50,ATROPELLO,1,0,0,LIMA,LIMA,SANTIAGO DE SURCO,URBANA,CARRETERA,NACIONAL,PE-1S,-12.153347346790111,-76.98395309001715,DESPEJADO,RESIDENCIAL,TRAMO RECTO,PLANA ,ASFALTADA,,,,,EN PROCESO DE INVESTIGACIÓN,NO CUENTA CON CAUSA ESPECIFICA,22.0,0,50.0,50.0,50.0,50.0,1,1,1,0,0,0,2
A-2022-01-304,2022-01-22,23:00,CHOQUE,1,2,2,LIMA,HUARAL,HUARAL,RURAL,CARRETERA,SIN CLASIFICAR,SIN CLASIFICAR,-11.46979,-77.23711,DESPEJADO,RURAL,TRAMO RECTO,PLANA ,TROCHA,,,,,EN PROCESO DE INVESTIGACIÓN,NO CUENTA CON CAUSA ESPECIFICA,23.0,0,51.333333333333336,61.0,30.0,63.0,2,2,1,2,0,0,3
A-2022-01-272,2022-01-23,00:10,CHOQUE,1,0,2,PUNO,LAMPA,CALAPUJA,RURAL,CARRETERA,NACIONAL,PE-3S,-15.3065146,-70.2330651,DESPEJADO,RURAL,TRAMO RECTO,PLANA ,ASFALTADA,,,,,IMPERICIA DEL CONDUCTOR,,0.0,0,42.0,42.0,30.0,54.0,2,2,1,0,1,0,2
A-2022-01-220,2022-01-23,01:30,DESPISTE,1,0,1,LAMBAYEQUE,LAMBAYEQUE,TUCUME,RURAL,CARRETERA,SIN CLASIFICAR,SIN CLASIFICAR,-6.509704,-79.841312,DESPEJADO,RURAL,TRAMO RECTO,PLANA ,ASFALTADA,,,,,EN PROCESO DE INVESTIGACIÓN,NO CUENTA CON CAUSA ESPECIFICA,1.0,0,32.0,32.0,32.0,32.0,1,1,1,0,1,0,1
A-2022-01-97,2022-01-23,01:30,DESPISTE,2,0,1,ICA,PISCO,INDEPENDENCIA,URBANA,CARRETERA,NACIONAL,PE-28A,-13.716453,-75.970584,DESPEJADO,RURAL,TRAMO RECTO,PLANA ,ASFALTADA,,,,,EN PROCESO DE INVESTIGACIÓN,NO CUENTA CON CAUSA ESPECIFICA,1.0,1,25.5,25.5,22.0,29.0,1,1,2,0,0,0,2
A-2022-01-265,2022-01-23,03:30,CHOQUE,1,1,2,PIURA,SECHURA,SECHURA,RURAL,CARRETERA,NACIONAL,PE-1N,-6.026737,-80.522233,DESPEJADO,RURAL,TRAMO RECTO,PLANA ,ASFALTADA,,,,,EN PROCESO DE INVESTIGACIÓN,NO CUENTA CON CAUSA ESPECIFICA,3.0,0,37.0,41.0,24.0,46.0,3,2,1,1,2,0,3
A-2022-01-191,2022-01-23,04:00,CHOQUE,1,0,2,SAN MARTIN,MOYOBAMBA,MOYOBAMBA,URBANA,CARRETERA,NACIONAL,PE-5N,-6.047933,-76.979441,DESPEJADO,INDUSTRIAL,TRAMO RECTO,PLANA ,ASFALTADA,SI,PREVENTIVA (P),PREVENTIVA (P),NO,IMPRUDENCIA DEL CONDUCTOR,EXCESO DE VELOCIDAD,4.0,0,32.5,32.5,27.0,38.0,2,2,1,0,2,0,2
A-2022-01-253,2022-01-23,04:31,DESPISTE,1,0,1,CUSCO,PAUCARTAMBO,COLQUEPATA,RURAL,CARRETERA,SIN CLASIFICAR,SIN CLASIFICAR,-13.367107579846689,-71.67037785113385,NUBLADO,RURAL,CURVA,PLANA ,TROCHA,,,,,IMPRUDENCIA DEL CONDUCTOR,EXCESO DE VELOCIDAD,4.0,0,30.0,30.0,28.0,32.0,2,1,1,0,1,0,2
A-2022-01-225,2022-01-23,06:30,ATROPELLO FUGA,1,0,0,LAMBAYEQUE,CHICLAYO,POMALCA,RURAL,CARRETERA,DEPARTAMENTAL,LA-116,-6.7727843,-79.7700622,DESPEJADO,RURAL,TRAMO RECTO,PLANA ,ASFALTADA,,,,,EN PROCESO DE INVESTIGACIÓN,NO CUENTA CON CAUSA ESPECIFICA,6.0,0,,,,,0,0,1,0,0,0,2
A-2022-01-338,2022-01-23,09:30,CHOQUE,2,0,1,ICA,CHINCHA,TAMBO DE MORA,RURAL,CARRETERA,NACIONAL,PE-1SE,-13.476075278306704,-76.1839681188437,DESPEJADO,RURAL,TRAMO RECTO,PLANA ,ASFALTADA,NO,,,NO,IMPRUDENCIA DEL CONDUCTOR,OTRO (IMPRUDENCIA DEL CONDUCTOR),9.0,1,32.5,32.5,28.0,37.0,2,1,2,0,0,0,3
A-2022-01-181,2022-01-23,10:30,ATROPELLO,1,0,1,PUNO,HUANCANE,HUATASANI,RURAL,CARRETERA,NACIONAL,PE-34H,-15.049521566625504,-69.80174029740061,DESPEJADO,RURAL,TRAMO RECTO,PLANA ,ASFALTADA,,,,,IMPRUDENCIA DEL CONDUCTOR,EXCESO DE VELOCIDAD,10.0,0,52.0,52.0,33.0,71.0,2,1,1,0,0,0,2
A-2022-01-334,2022-01-23,12:50,DESPISTE,1,40,0,LIMA,BARRANCA,PARAMONGA,RURAL,CARRETERA,NACIONAL,PE-1N,-10.63917854,-77.85469021,DESPEJADO,RURAL,CURVA,PLANA ,ASFALTADA,SI,PREVENTIVA (P),,NO,EN PROCESO DE INVESTIGACIÓN,NO CUENTA CON CAUSA ESPECIFICA,12.0,0,49.94444444444444,55.5,15.0,74.0,22,1,1,40,1,0,41
A-2022-01-256,2022-01-23,17:20,ATROPELLO,1,0,1,LAMBAYEQUE,CHICLAYO,LA VICTORIA,RURAL,CARRETERA,NACIONAL,PE-1N,-6.801423,-79.850091,DESPEJADO,COMERCIAL,TRAMO RECTO,PLANA ,ASFALTADA,,,,,EN PROCESO DE INVESTIGACIÓN,NO CUENTA CON CAUSA ESPECIFICA,17.0,0,38.0,38.0,20.0,56.0,2,1,1,0,0,0,2
A-2022-01-263,2022-01-23,18:00,CHOQUE,4,4,0,PIURA,PIURA,CASTILLA,RURAL,CARRETERA,NACIONAL,PE-1NJ,-5.166927,-80.528331,DESPEJADO,RURAL,TRAMO RECTO,PLANA ,ASFALTADA,,,,,EN PROCESO DE INVESTIGACIÓN,NO CUENTA CON CAUSA ESPECIFICA,18.0,2,35.1,30.5,10.0,96.0,7,2,4,4,1,0,10
A-2022-01-264,2022-01-23,19:30,CHOQUE FUGA,1,0,0,PIURA,MORROPON,CHULUCANAS,RURAL,CARRETERA,NACIONAL,PE-1NR,-5.0048659,-80.2229152,DESPEJADO,RURAL,TRAMO RECTO,PLANA ,ASFALTADA,,,,,EN PROCESO DE INVESTIGACIÓN,NO CUENTA CON CAUSA ESPECIFICA,19.0,0,64.0,64.0,64.0,64.0,1,1,1,0,0,0,2
A-2022-01-324,2022-01-23,20:00,ATROPELLO FUGA,1,1,2,HUANUCO,HUANUCO,PILLCO MARCA,URBANA,CARRETERA,NACIONAL,PE-3N,-10.0134291517104,-76.2358841832359,DESPEJADO,INDUSTRIAL,TRAMO RECTO,PLANA ,ASFALTADA,,,,,IMPRUDENCIA DEL PEATÓN,ESTADO DE EBRIEDAD Y/O DROGADICCIÓN,20.0,0,37.333333333333336,41.0,26.0,45.0,3,1,1,1,1,0,3
A-2022-01-291,2022-01-23,21:30,CHOQUE,1,1,2,LAMBAYEQUE,CHICLAYO,NUEVA ARICA,RURAL,CARRETERA,NACIONAL,PE-1NI,-6.8718087,-79.3298177,DESPEJADO,RURAL,TRAMO RECTO,PLANA ,ASFALTADA,,,,,EN PROCESO DE INVESTIGACIÓN,NO CUENTA CON CAUSA ESPECIFICA,21.0,0,33.333333333333336,35.0,19.0,46.0,2,2,1,1,1,0,3
A-2022-01-321,2022-01-24,03:50,DESPISTE,1,0,0,ANCASH,HUARMEY,HUARMEY,RURAL,CARRETERA,NACIONAL,PE-1N,-10.139020945647744,-78.11708769171571,DESPEJADO,RURAL,TRAMO RECTO,PLANA ,ASFALTADA,,,,,EN PROCESO DE INVESTIGACIÓN,NO CUENTA CON CAUSA ESPECIFICA,3.0,0,46.0,46.0,46.0,46.0,1,1,1,0,1,0,1
A-2022-01-268,2022-01-24,04:00,CHOQUE,2,1,0,LIMA,LIMA,ATE,URBANA,CARRETERA,NACIONAL,PE-1S,-12.061300215225032,-76.97222202697768,DESPEJADO,INDUSTRIAL,TRAMO RECTO,PLANA ,ASFALTADA,,,,,EN PROCESO DE INVESTIGACIÓN,NO CUENTA CON CAUSA ESPECIFICA,4.0,1,51.25,51.5,36.0,66.0,2,1,2,1,0,0,5
A-2022-01-103,2022-01-24,05:30,ATROPELLO,1,0,1,ICA,PISCO,INDEPENDENCIA,RURAL,CARRETERA,NACIONAL,PE-28A,-13.732020897040178,-75.93328403930165,DESPEJADO,RURAL,TRAMO RECTO,INCLINADA,ASFALTADA,,,,,IMPRUDENCIA DEL PEATÓN,OTRO (IMPRUDENCIA DEL PEATÓN),5.0,0,42.5,42.5,20.0,65.0,2,1,1,0,1,0,2
A-2022-01-166,2022-01-24,06:00,ATROPELLO,2,0,2,AREQUIPA,ISLAY,PUNTA DE BOMBON,RURAL,CARRETERA,NACIONAL,PE-1SD,-17.174419,-71.770636,DESPEJADO,RURAL,TRAMO RECTO,PLANA ,ASFALTADA,,,,,EN PROCESO DE INVESTIGACIÓN,NO CUENTA CON CAUSA ESPECIFICA,6.0,1,57.666666666666664,61.0,51.0,61.0,3,2,2,0,1,0,3
A-2022-01-223,2022-01-24,08:40,CHOQUE,1,0,2,LAMBAYEQUE,CHICLAYO,TUMAN,RURAL,CARRETERA,DEPARTAMENTAL,LA-116,-6.806213,-79.695536,DESPEJADO,RURAL,TRAMO RECTO,PLANA ,ASFALTADA,,,,,EN PROCESO DE INVESTIGACIÓN,NO CUENTA CON CAUSA ESPECIFICA,8.0,0,59.5,59.5,32.0,87.0,2,2,1,0,1,0,2
A-2022-01-305,2022-01-24,09:20,DESPISTE,1,2,1,JUNIN,YAULI,LA OROYA,RURAL,CARRETERA,SIN CLASIFICAR,SIN CLASIFICAR,-11.5237998,-75.8979711,DESPEJADO,RURAL,CURVA,PLANA ,ASFALTADA,SI,PREVENTIVA (P),,SI,IMPRUDENCIA DEL CONDUCTOR,EXCESO DE VELOCIDAD,9.0,0,34.75,39.5,9.0,51.0,3,1,1,2,1,0,4
A-2022-01-306,2022-01-25,01:55,CHOQUE,1,0,2,JUNIN,YAULI,LA OROYA,URBANA,CARRETERA,NACIONAL,PE-22,-11.5246257,-75.9121852,DESPEJADO,INDUSTRIAL,TRAMO RECTO,PLANA ,ASFALTADA,SI,PREVENTIVA (P),,NO,IMPRUDENCIA DEL CONDUCTOR,CONDUCIR EN ESTADO DE EBRIEDAD Y/O DROGADICCIÓN,1.0,0,38.5,38.5,29.0,48.0,2,2,1,0,2,0,2
A-2022-01-267,2022-01-25,05:25,ATROPELLO,1,0,0,LIMA,LIMA,SAN JUAN DE MIRAFLORES,URBANA,CARRETERA,NACIONAL,PE-1S,-12.1805924,-76.9760667,DESPEJADO,COMERCIAL,PUENTE,PLANA ,ASFALTADA,,,,,EN PROCESO DE INVESTIGACIÓN,NO CUENTA CON CAUSA ESPECIFICA,5.0,0,36.0,36.0,36.0,36.0,1,1,1,0,0,0,2
A-2022-01-275,2022-01-25,07:20,CHOQUE,1,1,0,AYACUCHO,HUAMANGA,CARMEN ALTO,URBANA,AVENIDA,URBANO,NO CORRESPONDE,-13.175674,-74.218741,DESPEJADO,COMERCIAL,INTERSECCIÓN,PLANA ,CONCRETO,,,,,IMPRUDENCIA DEL CONDUCTOR,EXCESO DE VELOCIDAD,7.0,0,22.0,18.0,18.0,30.0,3,2,1,1,1,0,3
A-2022-01-197,2022-01-25,08:30,CHOQUE,1,2,2,LIMA,HUARAL,HUARAL,URBANA,CARRETERA,PROVINCIAL,LM-678,-11.480485,-77.20776,DESPEJADO,RESIDENCIAL,TRAMO RECTO,PLANA ,ASFALTADA,,,,,IMPRUDENCIA DEL CONDUCTOR,GIRAR IMPRUDENTEMENTE,8.0,0,24.666666666666668,25.0,23.0,26.0,2,2,1,2,2,0,3
A-2022-01-198,2022-01-25,08:45,CHOQUE,1,0,1,AREQUIPA,ISLAY,MEJIA,RURAL,CARRETERA,NACIONAL,PE-1SD,-17.11040511,-71.8991648,DESPEJADO,RURAL,TRAMO RECTO,INCLINADA,ASFALTADA,,,,,EN PROCESO DE INVESTIGACIÓN,NO CUENTA CON CAUSA ESPECIFICA,8.0,0,28.5,28.5,21.0,36.0,1,2,1,0,1,1,2
A-2022-01-196,2022-01-25,09:00,CHOQUE,1,0,2,AREQUIPA,CAYLLOMA,SAN ANTONIO DE CHUCA,RURAL,CARRETERA,NACIONAL,PE-34A,-15.843563,-71.106597,DESPEJADO,RURAL,TRAMO RECTO,PLANA ,ASFALTADA,SI,PREVENTIVA (P),,SI,EN PROCESO DE INVESTIGACIÓN,NO CUENTA CON CAUSA ESPECIFICA,9.0,0,34.0,34.0,33.0,35.0,3,2,1,0,2,0,3
A-2022-01-112,2022-01-25,09:40,CHOQUE,1,2,2,PUNO,CHUCUITO,ZEPITA,RURAL,CARRETERA,NACIONAL,PE-36A,-16.569921367119754,-69.25691668026715,DESPEJADO,RURAL,TRAMO RECTO,PLANA ,ASFALTADA,NO,,,SI,IMPRUDENCIA DEL CONDUCTOR,GIRAR IMPRUDENTEMENTE,9.0,0,42.25,42.5,29.0,55.0,1,2,1,2,1,0,4
A-2022-01-273,2022-01-25,21:15,ATROPELLO FUGA,1,0,0,PUNO,HUANCANE,PUSI,RURAL,CARRETERA,NACIONAL,PE-34H,-15.4178728,-70.0689953,DESPEJADO,RURAL,TRAMO RECTO,PLANA ,ASFALTADA,,,,,EN PROCESO DE INVESTIGACIÓN,NO CUENTA CON CAUSA ESPECIFICA,21.0,0,77.0,77.0,77.0,77.0,1,0,1,0,0,0,2
A-2022-01-255,2022-01-26,02:00,DESPISTE,3,0,1,CUSCO,LA CONVENCION,ECHARATE,RURAL,CARRETERA,DEPARTAMENTAL,CU-101,-12.760986726336746,-72.5695940456684,LLUVIOSO,RURAL,CURVA,PLANA ,ASFALTADA,NO,,,SI,IMPRUDENCIA DEL CONDUCTOR,EXCESO DE VELOCIDAD,2.0,2,40.0,40.0,28.0,52.0,1,1,3,0,1,0,3
A-2022-01-254,2022-01-26,08:30,VOLCADURA,1,0,1,CUSCO,QUISPICANCHI,OCONGATE,RURAL,CARRETERA,NACIONAL,PE-30C,-13.65966217913052,-71.36296134726351,DESPEJADO,RURAL,CURVA,PLANA ,ASFALTADA,,,,,IMPRUDENCIA DEL CONDUCTOR,NO DAR PASO PREFERENTE AL PEATÓN,8.0,0,38.0,38.0,38.0,38.0,1,1,1,0,0,0,1
A-2022-01-341,2022-01-26,12:45,CHOQUE,1,1,2,JUNIN,CHUPACA,CHUPACA,URBANA,CARRETERA,PROVINCIAL,JU-894,-12.06552943854823,-75.27851338721504,DESPEJADO,ESCOLAR,INTERSECCIÓN,PLANA ,ASFALTADA,NO,,,SI,IMPRUDENCIA DEL CONDUCTOR,GIRAR IMPRUDENTEMENTE,12.0,0,41.0,40.0,27.0,56.0,2,2,1,1,2,0,3
A-2022-01-283,2022-01-26,21:00,CHOQUE,1,0,2,CAJAMARCA,JAEN,BELLAVISTA,RURAL,CARRETERA,PROVINCIAL,CA-744,-5.6608308,-78.685608,DESPEJADO,RURAL,TRAMO RECTO,PLANA ,ASFALTADA,,,,,EN PROCESO DE INVESTIGACIÓN,NO CUENTA CON CAUSA ESPECIFICA,21.0,0,37.5,37.5,35.0,40.0,2,2,1,0,2,0,2
A-2022-01-308,2022-01-27,01:30,DESPISTE,1,0,1,JUNIN,HUANCAYO,HUANCAYO,URBANA,JIRÓN,URBANO,NO CORRESPONDE,-12.0611598,-75.2031727,DESPEJADO,RESIDENCIAL,INTERSECCIÓN,PLANA ,ASFALTADA,SI,PREVENTIVA (P),,NO,IMPRUDENCIA DEL CONDUCTOR,CONDUCIR EN ESTADO DE EBRIEDAD Y/O DROGADICCIÓN,1.0,0,21.0,21.0,20.0,22.0,2,1,1,0,1,1,2
A-2022-01-184,2022-01-27,04:00,DESPISTE,1,0,1,LA LIBERTAD,OTUZCO,CHARAT,RURAL,CARRETERA,DEPARTAMENTAL,LI-113,-7.838403,-78.467516,LLUVIOSO,RURAL,TRAMO RECTO,PLANA ,AFIRMADO,,,,,EN PROCESO DE INVESTIGACIÓN,NO CUENTA CON CAUSA ESPECIFICA,4.0,0,20.0,20.0,20.0,20.0,1,1,1,0,1,0,1
A-2022-01-301,2022-01-27,05:50,CHOQUE,1,1,2,LA LIBERTAD,TRUJILLO,TRUJILLO,URBANA,AVENIDA,URBANO,NO CORRESPONDE,-8.106805,-79.046712,DESPEJADO,COMERCIAL,INTERSECCIÓN,PLANA ,ASFALTADA,,,,,IMPRUDENCIA DEL CONDUCTOR,CONDUCIR EN ESTADO DE EBRIEDAD Y/O DROGADICCIÓN,5.0,0,31.333333333333332,29.0,27.0,38.0,3,2,1,1,1,0,3
A-2022-01-310,2022-01-27,07:50,DESPISTE,1,0,1,HUANUCO,LEONCIO PRADO,LUYANDO,RURAL,CARRETERA,NACIONAL,PE-18A,-9.238196,-75.990316,DESPEJADO,COMERCIAL,TRAMO RECTO,PLANA ,ASFALTADA,,,,,IMPRUDENCIA DEL CONDUCTOR,EXCESO DE VELOCIDAD,7.0,0,74.0,74.0,74.0,74.0,1,1,1,0,0,0,1
A-2022-01-325,2022-01-27,21:00,CHOQUE,1,5,4,HUANUCO,HUANUCO,PILLCO MARCA,URBANA,CARRETERA,NACIONAL,PE-3N,-9.949219,-76.250995,DESPEJADO,ESCOLAR,TRAMO RECTO,PLANA ,ASFALTADA,,,,,IMPRUDENCIA DEL CONDUCTOR,GIRAR IMPRUDENTEMENTE,21.0,0,25.375,26.0,10.0,51.0,6,4,1,5,2,0,8
A-2022-01-230,2022-01-28,02:40,ATROPELLO,1,0,1,SAN MARTIN,SAN MARTIN,MORALES,URBANA,CARRETERA,NACIONAL,PE-5N,-6.486156,-76.39055,DESPEJADO,COMERCIAL,TRAMO RECTO,PLANA ,ASFALTADA,,,,,IMPRUDENCIA DEL CONDUCTOR,CONDUCIR EN ESTADO DE EBRIEDAD Y/O DROGADICCIÓN,2.0,0,48.0,48.0,39.0,57.0,2,1,1,0,1,1,2
A-2022-01-199,2022-01-28,06:30,CHOQUE FUGA,1,0,1,AREQUIPA,CAYLLOMA,MAJES,URBANA,CARRETERA,DEPARTAMENTAL,AR-108,-16.332534,-72.203831,DESPEJADO,RESIDENCIAL,TRAMO RECTO,PLANA ,ASFALTADA,,,,,EN PROCESO DE INVESTIGACIÓN,NO CUENTA CON CAUSA ESPECIFICA,6.0,0,67.0,67.0,67.0,67.0,1,1,1,0,0,0,2
A-2022-01-139,2022-01-28,09:30,CHOQUE,1,1,2,PUNO,EL COLLAO,ILAVE,RURAL,CARRETERA,NACIONAL,PE-38A,-16.24095244075126,-69.68082364939654,DESPEJADO,RURAL,INTERSECCIÓN,PLANA ,AFIRMADO,SI,PREVENTIVA (P),,NO,IMPRUDENCIA DEL CONDUCTOR,OTRO (IMPRUDENCIA DEL CONDUCTOR),9.0,0,72.0,71.0,67.0,78.0,2,2,1,1,1,0,3
A-2022-01-332,2022-01-28,11:35,CHOQUE,1,0,2,JUNIN,JAUJA,JAUJA,URBANA,AVENIDA,URBANO,NO CORRESPONDE,-11.77893,-75.4977,DESPEJADO,RURAL,INTERSECCIÓN,PLANA ,ASFALTADA,,,,,IMPRUDENCIA DEL CONDUCTOR,NO ESTABLECER EL DERECHO DE PASO,11.0,0,67.0,67.0,60.0,74.0,2,2,1,0,1,0,2
A-2022-01-274,2022-01-28,18:00,DESPISTE,1,0,1,PUNO,MELGAR,AYAVIRI,RURAL,CARRETERA,NACIONAL,PE-3S,-14.954512,-70.5146254,DESPEJADO,RURAL,TRAMO RECTO,PLANA ,ASFALTADA,,,,,IMPRUDENCIA DEL CONDUCTOR,CONDUCIR EN SENTIDO CONTRARIO,18.0,0,22.5,22.5,7.0,38.0,2,1,1,0,1,0,2
A-2022-01-339,2022-01-28,19:30,ATROPELLO FUGA,1,3,2,ICA,CHINCHA,TAMBO DE MORA,RURAL,CARRETERA,NACIONAL,PE-1SE,-13.48064866882319,-76.18441131162028,DESPEJADO,RURAL,TRAMO RECTO,PLANA ,ASFALTADA,,,,,IMPRUDENCIA DEL PEATÓN,CRUCE INDEBIDO POR LA CALZADA,19.0,0,49.0,47.5,43.0,58.0,3,2,1,3,2,0,5
A-2022-01-269,2022-01-28,23:40,ATROPELLO FUGA,1,0,0,LIMA,LIMA,RIMAC,URBANA,CARRETERA,NACIONAL,PE-1N,-12.042152628931484,-77.02061367069078,DESPEJADO,INDUSTRIAL,INTERSECCIÓN,INCLINADA,ASFALTADA,,,,,EN PROCESO DE INVESTIGACIÓN,NO CUENTA CON CAUSA ESPECIFICA,23.0,0,,,,,1,0,1,0,0,0,2
A-2022-01-322,2022-01-29,05:00,DESPISTE,1,0,0,ANCASH,YUNGAY,QUILLO,RURAL,CARRETERA,SIN CLASIFICAR,SIN CLASIFICAR,-9.326317715393536,-78.0123802080485,DESPEJADO,RURAL,SINUOSA,INCLINADA,TROCHA,,,,,EN PROCESO DE INVESTIGACIÓN,NO CUENTA CON CAUSA ESPECIFICA,5.0,0,38.0,38.0,38.0,38.0,1,1,1,0,1,0,1
A-2022-01-309,2022-01-29,11:00,ATROPELLO,1,0,1,JUNIN,HUANCAYO,EL TAMBO,URBANA,CARRETERA,NACIONAL,PE-3S,-12.029801,-75.234779,DESPEJADO,COMERCIAL,TRAMO RECTO,PLANA ,ASFALTADA,,,,,IMPRUDENCIA DEL PEATÓN,CRUCE INDEBIDO POR LA CALZADA,11.0,0,55.0,55.0,37.0,73.0,2,1,1,0,1,0,2
A-2022-01-258,2022-01-29,15:00,CHOQUE,1,0,2,CUSCO,ESPINAR,OCORURO,RURAL,CARRETERA,NACIONAL,PE-34J,-15.048068904848686,-71.13118878631418,NUBLADO,RURAL,TRAMO RECTO,PLANA ,ASFALTADA,,,,,IMPERICIA DEL CONDUCTOR,,15.0,0,44.5,44.5,24.0,65.0,2,2,1,0,2,0,2
A-2022-01-328,2022-01-29,15:13,CHOQUE,2,0,2,HUANUCO,HUANUCO,SANTA MARIA DEL VALLE,URBANA,CARRETERA,NACIONAL,PE-18A,-9.842552,-76.136056,DESPEJADO,RURAL,CURVA,PLANA ,ASFALTADA,,,,,IMPRUDENCIA DEL CONDUCTOR,OTRO (IMPRUDENCIA DEL CONDUCTOR),15.0,1,44.5,44.5,25.0,64.0,2,2,2,0,2,0,2
A-2022-01-259,2022-01-29,16:30,CHOQUE,1,0,2,LA LIBERTAD,TRUJILLO,EL PORVENIR,URBANA,AVENIDA,URBANO,NO CORRESPONDE,-8.08562,-79.001736,DESPEJADO,COMERCIAL,INTERSECCIÓN,PLANA ,ASFALTADA,,,,,IMPRUDENCIA DEL CONDUCTOR,NO ESTABLECER EL DERECHO DE PASO,16.0,0,44.0,50.0,31.0,51.0,2,2,1,0,1,0,3
A-2022-01-214,2022-01-29,21:30,CHOQUE FUGA,1,0,2,SAN MARTIN,RIOJA,NUEVA CAJAMARCA,URBANA,CARRETERA,NACIONAL,PE-5N,-5.927639,-77.314049,DESPEJADO,COMERCIAL,TRAMO RECTO,PLANA ,ASFALTADA,,,,,NEGLIGENCIA DEL CONDUCTOR,OTRO (NEGLIGENCIA DEL CONDUCTOR),21.0,0,28.0,28.0,28.0,28.0,1,1,1,0,1,0,2