CODIGO_SINIESTRO,FECHA_SINIESTRO,HORA_SINIESTRO,CLASE_SINIESTRO,CANTIDAD_FALLECIDOS,CANTIDAD_LESIONADOS,CANTIDAD_VEHICULOS,DEPARTAMENTO,PROVINCIA,DISTRITO,ZONA,TIPO_VIA,RED_VIAL,COD_CARRETERA,LATITUD,LONGITUD,CONDICION_CLIMATICA,ZONIFICACION,CARACTERISTICAS_VIA,PERFIL_VIA,SUPERFICIE_CALZADA,EXISTE_SENIAL_VERTICAL,CLASIFICACION_SENIAL_VERTICAL_1,CLASIFICACION_SENIAL_VERTICAL_2,EXISTE_SENIAL_HORIZONTAL,CAUSA_FACTOR_PRINCIPAL,CAUSA_ESPECIFICA,HORA,severidad,EDAD_PROMEDIO,EDAD_MEDIANA,EDAD_MIN,EDAD_MAX,TOTAL_MASCULINOS,TOTAL_CONDUCTORES,TOTAL_FALLECIDOS_AGG,TOTAL_LESIONADOS_AGG,TOTAL_LICENCIA,TOTAL_ALCOHOL_POSITIVO,TOTAL_PERSONAS
A-2022-01-326,2022-01-29,23:00,DESPISTE,2,3,1,HUANUCO,HUANUCO,CHURUBAMBA,RURAL,CARRETERA,PROVINCIAL,HU-788,-9.805828,-76.132483,DESPEJADO,RURAL,TRAMO RECTO,INCLINADA,TROCHA,,,,,IMPRUDENCIA DEL CONDUCTOR,OTRO (IMPRUDENCIA DEL CONDUCTOR),23.0,1,32.6,20.0,18.0,53.0,3,1,2,3,0,0,5
A-2022-01-270,2022-01-30,01:20,VOLCADURA,1,0,0,LIMA,LIMA,SANTIAGO DE SURCO,URBANA,CARRETERA,NACIONAL,PE-1S,-12.141153345291308,-76.98128810467387,DESPEJADO,INDUSTRIAL,PUENTE,PLANA ,ASFALTADA,,,,,EN PROCESO DE INVESTIGACIÓN,NO CUENTA CON CAUSA ESPECIFICA,1.0,0,26.0,26.0,26.0,26.0,1,1,1,0,0,0,1
A-2022-01-187,2022-01-30,01:30,DESPISTE,1,0,1,LORETO,MAYNAS,IQUITOS,URBANA,CARRETERA,PROVINCIAL,LO-502,-3.761243,-73.265914,DESPEJADO,RESIDENCIAL,TRAMO RECTO,PLANA ,ASFALTADA,,,,,IMPRUDENCIA DEL CONDUCTOR,CONDUCIR EN ESTADO DE EBRIEDAD Y/O DROGADICCIÓN,1.0,0,29.0,29.0,29.0,29.0,1,1,1,0,0,1,1
A-2022-01-182,2022-01-30,04:30,CHOQUE,1,2,2,TACNA,TACNA,LA YARADA LOS PALOS,RURAL,CARRETERA,PROVINCIAL,TA-644,-18.243249,-70.375058,DESPEJADO,RURAL,TRAMO RECTO,PLANA ,ASFALTADA,,,,,EN PROCESO DE INVESTIGACIÓN,NO CUENTA CON CAUSA ESPECIFICA,4.0,0,43.666666666666664,56.0,17.0,58.0,2,2,1,2,1,0,3
A-2022-01-185,2022-01-30,04:30,ATROPELLO FUGA,1,0,1,LA LIBERTAD,VIRU,CHAO,RURAL,CARRETERA,NACIONAL,PE-1N,-8.529504,-78.682131,DESPEJADO,RURAL,TRAMO RECTO,PLANA ,ASFALTADA,,,,,EN PROCESO DE INVESTIGACIÓN,NO CUENTA CON CAUSA ESPECIFICA,4.0,0,41.0,41.0,41.0,41.0,0,0,1,0,0,0,2
A-2022-01-277,2022-01-30,06:00,CHOQUE,1,0,1,LIMA,LIMA,SAN MARTIN DE PORRES,URBANA,CARRETERA,NACIONAL,PE-1N,-12.022886281559128,-77.05922110245548,DESPEJADO,INDUSTRIAL,INTERSECCIÓN,PLANA ,ASFALTADA,,,,,EN PROCESO DE INVESTIGACIÓN,NO CUENTA CON CAUSA ESPECIFICA,6.0,0,26.333333333333332,28.0,23.0,28.0,2,2,1,0,1,0,3
A-2022-01-257,2022-01-30,06:03,CHOQUE,1,1,2,LAMBAYEQUE,CHICLAYO,SAÑA,RURAL,CARRETERA,DEPARTAMENTAL,LA-116,-6.8108587,-79.662292,NIEBLA,RURAL,TRAMO RECTO,PLANA ,ASFALTADA,,,,,EN PROCESO DE INVESTIGACIÓN,NO CUENTA CON CAUSA ESPECIFICA,6.0,0,44.5,44.5,30.0,59.0,2,2,1,1,1,0,2
A-2022-01-271,2022-01-30,08:10,CHOQUE,1,0,0,LIMA,LIMA,VILLA MARIA DEL TRIUNFO,URBANA,AVENIDA,URBANO,NO CORRESPONDE,-12.204976612184334,-76.92874793045789,DESPEJADO,COMERCIAL,TRAMO RECTO,PLANA ,ASFALTADA,,,,,EN PROCESO DE INVESTIGACIÓN,NO CUENTA CON CAUSA ESPECIFICA,8.0,0,57.5,57.5,46.0,69.0,2,2,1,0,1,0,2
A-2022-01-208,2022-01-30,11:00,DESPISTE,4,1,1,CAJAMARCA,HUALGAYOC,BAMBAMARCA,RURAL,CARRETERA,PROVINCIAL,CA-966,-6.63552833,-78.4833,DESPEJADO,RURAL,TRAMO RECTO,INCLINADA,AFIRMADO,,,,,EN PROCESO DE INVESTIGACIÓN,NO CUENTA CON CAUSA ESPECIFICA,11.0,2,17.2,9.0,1.0,36.0,2,1,4,1,0,0,5
A-2022-01-204,2022-01-30,15:30,DESPISTE,1,0,1,HUANCAVELICA,ANGARAES,LIRCAY,RURAL,CARRETERA,NACIONAL,PE-26B,-13.03259,-74.71472,DESPEJADO,RURAL,SINUOSA,INCLINADA,ASFALTADA,,,,,EN PROCESO DE INVESTIGACIÓN,NO CUENTA CON CAUSA ESPECIFICA,15.0,0,,,,,1,1,1,0,0,0,1
A-2022-01-280,2022-01-30,21:50,DESPISTE,1,0,0,CUSCO,PAUCARTAMBO,KOSÑIPATA,RURAL,CARRETERA,DEPARTAMENTAL,CU-113,-13.162065159379,-71.59397462736474,DESPEJADO,RURAL,CURVA,INCLINADA,AFIRMADO,SI,PREVENTIVA (P),INFORMATIVA (I),NO,IMPERICIA DEL CONDUCTOR,,21.0,0,50.0,50.0,50.0,50.0,1,1,1,0,1,0,1
A-2022-01-226,2022-01-31,03:50,CHOQUE,1,0,2,LAMBAYEQUE,LAMBAYEQUE,MORROPE,RURAL,CARRETERA,DEPARTAMENTAL,LA-105,-6.4948,-79.93756,DESPEJADO,RURAL,TRAMO RECTO,PLANA ,ASFALTADA,,,,,EN PROCESO DE INVESTIGACIÓN,NO CUENTA CON CAUSA ESPECIFICA,3.0,0,40.0,40.0,32.0,48.0,2,2,1,0,1,0,2
A-2022-01-279,2022-01-31,12:00,DESPISTE,1,1,0,LIMA,LIMA,SANTA ANITA,URBANA,AVENIDA,URBANO,NO CORRESPONDE,-12.028669118024691,-76.9510746473504,DESPEJADO,COMERCIAL,INTERSECCIÓN,PLANA ,ASFALTADA,,,,,EN PROCESO DE INVESTIGACIÓN,NO CUENTA CON CAUSA ESPECIFICA,12.0,0,48.5,48.5,44.0,53.0,1,0,1,1,0,0,3
A-2022-01-194,2022-01-31,13:00,CHOQUE,1,9,2,PUNO,EL COLLAO,ILAVE,RURAL,CARRETERA,NACIONAL,PE-38A,-16.2569127,-69.6829824,DESPEJADO,RURAL,CURVA,INCLINADA,ASFALTADA,,,,,IMPRUDENCIA DEL CONDUCTOR,INVASIÓN DE CARRIL,13.0,0,43.5,48.0,19.0,61.0,7,2,1,9,2,0,10
A-2022-02-10,2022-02-01,10:00,DESPISTE,1,1,1,TUMBES,CONTRALMIRANTE VILLAR,CANOAS DE PUNTA SAL,URBANA,CALLE,URBANO,NO CORRESPONDE,-3.949371050705741,-80.94310785772831,DESPEJADO,RESIDENCIAL,CURVA,INCLINADA,CONCRETO,,,,,IMPERICIA DEL CONDUCTOR,,10.0,0,39.0,39.0,38.0,40.0,2,1,1,1,1,0,2
A-2022-02-25,2022-02-01,14:00,DESPISTE,1,0,1,CAJAMARCA,CUTERVO,QUEROCOTILLO,RURAL,CARRETERA,PROVINCIAL,CA-824,-6.14191256,-79.01309076,DESPEJADO,RESIDENCIAL,CURVA,INCLINADA,AFIRMADO,,,,,EN PROCESO DE INVESTIGACIÓN,NO CUENTA CON CAUSA ESPECIFICA,14.0,0,51.0,51.0,51.0,51.0,1,0,1,0,0,0,2
A-2022-02-276,2022-02-01,20:30,ATROPELLO,1,0,0,JUNIN,TARMA,PALCA,RURAL,CARRETERA,NACIONAL,PE-22B,-11.351937043927538,-75.59772310644954,,,,,,,,,,EN PROCESO DE INVESTIGACIÓN,NO CUENTA CON CAUSA ESPECIFICA,20.0,0,61.0,61.0,42.0,80.0,2,1,1,0,1,0,2
A-2022-02-89,2022-02-01,20:30,CHOQUE,3,0,2,LAMBAYEQUE,LAMBAYEQUE,OLMOS,RURAL,CARRETERA,NACIONAL,PE-1NJ,-5.978231948237736,-79.74728283782693,DESPEJADO,RURAL,TRAMO RECTO,PLANA ,ASFALTADA,,,,,EN PROCESO DE INVESTIGACIÓN,NO CUENTA CON CAUSA ESPECIFICA,20.0,2,25.75,26.0,21.0,30.0,4,2,3,0,1,0,4
A-2022-02-136,2022-02-02,03:30,ATROPELLO,1,0,0,PUNO,SAN ROMAN,JULIACA,RURAL,CARRETERA,NACIONAL,PE-34A,-15.5187966,-70.1770208,DESPEJADO,RURAL,TRAMO RECTO,PLANA ,ASFALTADA,,,,,IMPRUDENCIA DEL PEATÓN,CRUCE INDEBIDO POR LA CALZADA,3.0,0,45.0,45.0,39.0,51.0,2,1,1,0,1,1,2
A-2022-02-149,2022-02-02,10:00,ATROPELLO,1,0,0,LIMA,LIMA,SAN MARTIN DE PORRES,URBANA,CARRETERA,NACIONAL,PE-1N,-12.020893494197905,-77.05935531665118,DESPEJADO,RESIDENCIAL,INTERSECCIÓN,PLANA ,ASFALTADA,,,,,EN PROCESO DE INVESTIGACIÓN,NO CUENTA CON CAUSA ESPECIFICA,10.0,0,51.0,51.0,38.0,64.0,1,1,1,0,0,0,2
A-2022-02-23,2022-02-02,11:15,CHOQUE,1,0,2,CAJAMARCA,HUALGAYOC,HUALGAYOC,RURAL,CARRETERA,NACIONAL,PE-3N,-6.726036,-78.57479,DESPEJADO,RURAL,CURVA,INCLINADA,ASFALTADA,,,,,EN PROCESO DE INVESTIGACIÓN,NO CUENTA CON CAUSA ESPECIFICA,11.0,0,28.0,28.0,21.0,35.0,2,2,1,0,1,0,2
A-2022-02-33,2022-02-02,16:00,CHOQUE,1,1,2,SAN MARTIN,LAMAS,RUMISAPA,RURAL,CARRETERA,DEPARTAMENTAL,SM-104,-6.447490393261228,-76.48514266910513,SOLEADO,RURAL,CURVA,INCLINADA,ASFALTADA,SI,PREVENTIVA (P),PREVENTIVA (P),NO,IMPRUDENCIA DEL CONDUCTOR,CONDUCIR EN ESTADO DE EBRIEDAD Y/O DROGADICCIÓN,16.0,0,28.333333333333332,26.0,21.0,38.0,2,2,1,1,1,1,3
A-2022-02-158,2022-02-02,17:30,CHOQUE,1,0,2,LIMA,HUARAL,AUCALLAMA,RURAL,CARRETERA,PROVINCIAL,LM-679,-11.54525144010356,-77.18249017714855,DESPEJADO,RURAL,CURVA,INCLINADA,ASFALTADA,SI,REGULADORA (R),REGULADORA (R),NO,IMPRUDENCIA DEL CONDUCTOR,CONDUCIR EN ESTADO DE EBRIEDAD Y/O DROGADICCIÓN,17.0,0,32.5,32.5,30.0,35.0,2,2,1,0,1,0,2
A-2022-02-265,2022-02-02,19:55,ATROPELLO,1,2,1,JUNIN,JAUJA,LEONOR ORDOÑEZ,RURAL,CARRETERA,NACIONAL,PE-3SB,-11.862694,-75.413345,DESPEJADO,RURAL,TRAMO RECTO,PLANA ,ASFALTADA,,,,,IMPRUDENCIA DEL PEATÓN,ESTADO DE EBRIEDAD Y/O DROGADICCIÓN,19.0,0,39.0,25.0,25.0,67.0,2,1,1,2,1,0,3
A-2022-02-11,2022-02-02,20:00,DESPISTE,2,0,1,ANCASH,AIJA,HUACLLAN,RURAL,CARRETERA,SIN CLASIFICAR,SIN CLASIFICAR,-9.755958931696258,-77.66675202273255,NUBLADO,RURAL,CURVA,INCLINADA,TROCHA,,,,,IMPRUDENCIA DEL CONDUCTOR,EXCESO DE VELOCIDAD,20.0,1,54.0,54.0,54.0,54.0,1,1,2,0,1,0,2
A-2022-02-150,2022-02-02,20:00,ATROPELLO FUGA,1,0,0,LIMA,LIMA,ATE,URBANA,CARRETERA,NACIONAL,PE-22,-12.012293875275123,-76.87820424799322,DESPEJADO,INDUSTRIAL,INTERSECCIÓN,PLANA ,ASFALTADA,,,,,EN PROCESO DE INVESTIGACIÓN,NO CUENTA CON CAUSA ESPECIFICA,20.0,0,33.0,33.0,33.0,33.0,1,0,1,0,0,0,2
A-2022-02-151,2022-02-03,06:10,ATROPELLO,1,0,0,LIMA,LIMA,SAN JUAN DE LURIGANCHO,URBANA,AVENIDA,URBANO,NO CORRESPONDE,-12.0240652,-76.9779903,DESPEJADO,INDUSTRIAL,TRAMO RECTO,PLANA ,ASFALTADA,,,,,EN PROCESO DE INVESTIGACIÓN,NO CUENTA CON CAUSA ESPECIFICA,6.0,0,73.0,73.0,73.0,73.0,2,1,1,0,0,0,2
A-2022-02-90,2022-02-03,09:10,CHOQUE,1,0,2,LAMBAYEQUE,LAMBAYEQUE,SAN JOSE,RURAL,CARRETERA,DEPARTAMENTAL,LA-109,-6.7722995,-79.9143657,DESPEJADO,RURAL,CURVA,PLANA ,ASFALTADA,,,,,EN PROCESO DE INVESTIGACIÓN,NO CUENTA CON CAUSA ESPECIFICA,9.0,0,39.0,39.0,28.0,50.0,1,2,1,0,2,0,2
A-2022-02-153,2022-02-03,13:25,ATROPELLO,1,1,0,LIMA,LIMA,VILLA EL SALVADOR,URBANA,AVENIDA,URBANO,NO CORRESPONDE,-12.195677361150429,-76.9590793694863,DESPEJADO,COMERCIAL,TRAMO RECTO,PLANA ,ASFALTADA,,,,,EN PROCESO DE INVESTIGACIÓN,NO CUENTA CON CAUSA ESPECIFICA,13.0,0,38.666666666666664,21.0,19.0,76.0,2,1,1,1,0,0,3
A-2022-02-196,2022-02-03,14:35,DESPISTE,1,0,1,CUSCO,CHUMBIVILCAS,SANTO TOMAS,RURAL,CARRETERA,NACIONAL,PE-3SG,-14.549508457539153,-72.04748801690361,DESPEJADO,RURAL,TRAMO RECTO,PLANA ,ASFALTADA,,,,,IMPRUDENCIA DEL CONDUCTOR,CONDUCIR EN ESTADO DE EBRIEDAD Y/O DROGADICCIÓN,14.0,0,34.0,34.0,34.0,34.0,1,1,1,0,0,1,1
A-2022-02-31,2022-02-03,15:40,CHOQUE,1,1,2,SAN MARTIN,RIOJA,RIOJA,RURAL,CARRETERA,NACIONAL,PE-5N,-6.024967,-77.218665,DESPEJADO,RURAL,TRAMO RECTO,PLANA ,ASFALTADA,,,,,IMPRUDENCIA DEL CONDUCTOR,OTRO (IMPRUDENCIA DEL CONDUCTOR),15.0,0,43.666666666666664,39.0,35.0,57.0,2,2,1,1,2,0,3
A-2022-02-92,2022-02-03,19:10,DESPISTE,1,0,1,LAMBAYEQUE,CHICLAYO,PIMENTEL,URBANA,AVENIDA,URBANO,NO CORRESPONDE,-6.787288,-79.872331,DESPEJADO,RESIDENCIAL,INTERSECCIÓN,PLANA ,ASFALTADA,,,,,EN PROCESO DE INVESTIGACIÓN,NO CUENTA CON CAUSA ESPECIFICA,19.0,0,23.0,23.0,23.0,23.0,1,1,1,0,0,0,1
A-2022-02-16,2022-02-03,19:45,CHOQUE,2,2,2,AREQUIPA,ISLAY,MOLLENDO,URBANA,CARRETERA,NACIONAL,PE-1SD,-17.063167,-71.949771,DESPEJADO,RURAL,TRAMO RECTO,PLANA ,ASFALTADA,NO,,,SI,EN PROCESO DE INVESTIGACIÓN,NO CUENTA CON CAUSA ESPECIFICA,19.0,1,31.8,28.0,20.0,54.0,3,2,2,2,2,0,5
A-2022-02-257,2022-02-04,05:39,DESPISTE,1,0,1,PUNO,MELGAR,UMACHIRI,RURAL,CARRETERA,NACIONAL,PE-3S,-14.8007541,-70.7124488,DESPEJADO,RURAL,TRAMO RECTO,PLANA ,ASFALTADA,,,,,IMPRUDENCIA DEL CONDUCTOR,EXCESO DE VELOCIDAD,5.0,0,38.0,38.0,35.0,41.0,1,1,1,0,1,0,2
A-2022-02-15,2022-02-04,08:05,CHOQUE FUGA,1,1,2,PUNO,EL COLLAO,ILAVE,RURAL,CARRETERA,NACIONAL,PE-3S,-16.0969018,-69.6183043,DESPEJADO,RURAL,OTRO,PLANA ,ASFALTADA,SI,REGULADORA (R),,SI,IMPRUDENCIA DEL CONDUCTOR,GIRAR IMPRUDENTEMENTE,8.0,0,37.0,30.0,27.0,54.0,3,2,1,1,0,0,3
A-2022-02-17,2022-02-04,13:10,CHOQUE,1,0,2,AREQUIPA,CAYLLOMA,CHIVAY,URBANA,CARRETERA,PROVINCIAL,AR-681,-15.633662,-71.603697,DESPEJADO,RESIDENCIAL,TRAMO RECTO,INCLINADA,EMPEDRADO,,,,,EN PROCESO DE INVESTIGACIÓN,NO CUENTA CON CAUSA ESPECIFICA,13.0,0,41.5,41.5,21.0,62.0,2,2,1,0,2,0,2
A-2022-02-28,2022-02-04,14:00,ATROPELLO FUGA,1,0,0,LA LIBERTAD,TRUJILLO,TRUJILLO,URBANA,CARRETERA,NACIONAL,PE-1N,-8.136703,-79.027147,DESPEJADO,RURAL,TRAMO RECTO,PLANA ,ASFALTADA,,,,,IMPRUDENCIA DEL CONDUCTOR,OTRO (IMPRUDENCIA DEL CONDUCTOR),14.0,0,,,,,1,0,1,0,0,0,2
A-2022-02-29,2022-02-04,14:00,ATROPELLO FUGA,1,0,0,LA LIBERTAD,TRUJILLO,HUANCHACO,URBANA,AVENIDA,URBANO,NO CORRESPONDE,-8.09725721179942,-79.06948865796765,DESPEJADO,COMERCIAL,TRAMO RECTO,PLANA ,ASFALTADA,,,,,EN PROCESO DE INVESTIGACIÓN,NO CUENTA CON CAUSA ESPECIFICA,14.0,0,29.0,29.0,29.0,29.0,1,0,1,0,0,0,2
A-2022-02-201,2022-02-04,14:30,ATROPELLO,1,0,1,CUSCO,CANAS,PAMPAMARCA,RURAL,CARRETERA,NACIONAL,PE-34F,-14.153503,-71.456701,DESPEJADO,RURAL,TRAMO RECTO,PLANA ,ASFALTADA,NO,,,SI,IMPRUDENCIA DEL CONDUCTOR,CONDUCIR EN ESTADO DE EBRIEDAD Y/O DROGADICCIÓN,14.0,0,23.0,23.0,17.0,29.0,2,1,1,0,1,1,2
A-2022-02-96,2022-02-04,14:30,CHOQUE,2,3,2,PIURA,PIURA,CASTILLA,RURAL,CARRETERA,NACIONAL,PE-1NJ,-5.144435,-80.450707,DESPEJADO,RURAL,TRAMO RECTO,PLANA ,ASFALTADA,,,,,EN PROCESO DE INVESTIGACIÓN,NO CUENTA CON CAUSA ESPECIFICA,14.0,1,38.4,32.0,20.0,64.0,5,2,2,3,2,0,5
A-2022-02-72,2022-02-05,04:00,DESPISTE,2,6,1,LA LIBERTAD,SANCHEZ CARRION,MARCABAL,RURAL,CARRETERA,SIN CLASIFICAR,SIN CLASIFICAR,-7.732968533712147,-77.95604109147587,DESPEJADO,RURAL,CURVA,INCLINADA,AFIRMADO,,,,,EN PROCESO DE INVESTIGACIÓN,NO CUENTA CON CAUSA ESPECIFICA,4.0,1,45.625,53.0,11.0,63.0,4,1,2,6,1,0,8
A-2022-02-154,2022-02-05,07:00,CHOQUE,1,0,0,LIMA,LIMA,CHORRILLOS,URBANA,AVENIDA,URBANO,NO CORRESPONDE,-12.187631641683383,-76.99171043981733,DESPEJADO,INDUSTRIAL,INTERSECCIÓN,PLANA ,ASFALTADA,,,,,EN PROCESO DE INVESTIGACIÓN,NO CUENTA CON CAUSA ESPECIFICA,7.0,0,38.666666666666664,34.0,33.0,49.0,3,2,1,0,0,0,3
A-2022-02-277,2022-02-05,16:22,ATROPELLO,1,0,0,JUNIN,CHANCHAMAYO,PERENE,URBANA,CARRETERA,SIN CLASIFICAR,SIN CLASIFICAR,-10.924257218349757,-74.87992644426056,,,,,,,,,,EN PROCESO DE INVESTIGACIÓN,NO CUENTA CON CAUSA ESPECIFICA,16.0,0,13.5,13.5,2.0,25.0,1,1,1,0,1,0,2
A-2022-02-22,2022-02-05,17:10,CHOQUE FUGA,1,0,0,CALLAO,CALLAO,BELLAVISTA,URBANA,AVENIDA,URBANO,NO CORRESPONDE,-12.061247755256444,-77.13397775567661,DESPEJADO,COMERCIAL,TRAMO RECTO,PLANA ,ASFALTADA,,,,,IMPRUDENCIA DEL CONDUCTOR,NO DAR PASO PREFERENTE AL PEATÓN,17.0,0,72.0,72.0,72.0,72.0,1,1,1,0,0,0,2
A-2022-02-114,2022-02-05,17:15,ATROPELLO,1,0,1,CAJAMARCA,CONTUMAZA,TANTARICA,URBANA,CARRETERA,NACIONAL,PE-08,-7.21637833,-78.91612,DESPEJADO,RURAL,CURVA,PLANA ,ASFALTADA,NO,,,SI,EN PROCESO DE INVESTIGACIÓN,NO CUENTA CON CAUSA ESPECIFICA,17.0,0,51.5,51.5,37.0,66.0,2,1,1,0,0,0,2
A-2022-02-19,2022-02-05,20:40,CHOQUE,1,1,2,TUMBES,ZARUMILLA,PAPAYAL,RURAL,CARRETERA,DEPARTAMENTAL,TU-101,-3.564513386193448,-80.22319578855198,DESPEJADO,RURAL,TRAMO RECTO,PLANA ,ASFALTADA,,,,,IMPRUDENCIA DEL CONDUCTOR,EXCESO DE VELOCIDAD,20.0,0,17.0,17.0,17.0,17.0,1,2,1,1,0,0,3
A-2022-02-155,2022-02-06,05:15,CHOQUE,1,0,0,LIMA,LIMA,INDEPENDENCIA,URBANA,CARRETERA,NACIONAL,PE-1N,-11.990121634387853,-77.06409531702582,DESPEJADO,INDUSTRIAL,INTERSECCIÓN,PLANA ,ASFALTADA,,,,,EN PROCESO DE INVESTIGACIÓN,NO CUENTA CON CAUSA ESPECIFICA,5.0,0,29.0,29.0,29.0,29.0,2,2,1,0,0,0,2
A-2022-02-85,2022-02-06,06:50,ATROPELLO FUGA,1,0,0,ANCASH,HUAYLAS,CARAZ,RURAL,CARRETERA,NACIONAL,PE-3N,-9.015417723,-77.81961428,,,,,,,,,,EN PROCESO DE INVESTIGACIÓN,NO CUENTA CON CAUSA ESPECIFICA,6.0,0,60.0,60.0,60.0,60.0,1,0,1,0,0,0,2
A-2022-02-21,2022-02-06,07:30,CHOQUE,5,13,2,AREQUIPA,CAYLLOMA,SAN ANTONIO DE CHUCA,RURAL,CARRETERA,NACIONAL,PE-34A,-15.946451,-71.1926249,DESPEJADO,RURAL,TRAMO RECTO,INCLINADA,ASFALTADA,NO,,,SI,EN PROCESO DE INVESTIGACIÓN,NO CUENTA CON CAUSA ESPECIFICA,7.0,2,41.705882352941174,47.0,9.0,72.0,11,2,5,13,2,0,18
A-2022-02-24,2022-02-06,10:00,DESPISTE,1,2,1,CAJAMARCA,CAJAMARCA,ASUNCION,RURAL,CARRETERA,PROVINCIAL,CA-1419,-7.338618,-78.596964,DESPEJADO,RURAL,CURVA,PLANA ,AFIRMADO,,,,,EN PROCESO DE INVESTIGACIÓN,NO CUENTA CON CAUSA ESPECIFICA,10.0,0,17.333333333333332,9.0,7.0,36.0,1,1,1,2,1,0,3
A-2022-02-18,2022-02-06,10:45,DESPISTE,1,0,1,ICA,ICA,SALAS,RURAL,CARRETERA,NACIONAL,PE-1S,-13.929557214532462,-75.96813851672198,DESPEJADO,RURAL,TRAMO RECTO,PLANA ,ASFALTADA,,,,,IMPRUDENCIA DEL CONDUCTOR,OTRO (IMPRUDENCIA DEL CONDUCTOR),10.0,0,28.0,28.0,28.0,28.0,1,1,1,0,1,0,1
A-2022-02-26,2022-02-06,12:30,CHOQUE,3,2,2,ANCASH,RECUAY,CATAC,RURAL,CARRETERA,NACIONAL,PE-16,-10.123321332874571,-77.29294883730833,NUBLADO,RURAL,CURVA,INCLINADA,ASFALTADA,SI,PREVENTIVA (P),PREVENTIVA (P),SI,IMPRUDENCIA DEL CONDUCTOR,INVASIÓN DE CARRIL,12.0,2,39.6,37.0,22.0,56.0,5,2,3,2,2,0,6
A-2022-02-162,2022-02-06,18:00,DESPISTE,1,0,0,LIMA,LIMA,SAN JUAN DE MIRAFLORES,URBANA,AVENIDA,URBANO,NO CORRESPONDE,-12.150639692803448,-76.98046831877359,DESPEJADO,COMERCIAL,TRAMO RECTO,PLANA ,ASFALTADA,,,,,EN PROCESO DE INVESTIGACIÓN,NO CUENTA CON CAUSA ESPECIFICA,18.0,0,60.0,60.0,60.0,60.0,1,1,1,0,0,0,1
A-2022-02-108,2022-02-06,20:15,ATROPELLO,1,1,1,PIURA,PIURA,CATACAOS,RURAL,CARRETERA,NACIONAL,PE-1NK,-5.26845348170665,-80.6723013796813,DESPEJADO,COMERCIAL,TRAMO RECTO,PLANA ,ASFALTADA,NO,,,NO,EN PROCESO DE INVESTIGACIÓN,NO CUENTA CON CAUSA ESPECIFICA,20.0,0,50.333333333333336,50.0,25.0,76.0,1,1,1,1,0,1,3
A-2022-02-20,2022-02-06,21:30,CHOQUE,1,2,3,PUNO,PUNO,PICHACANI,RURAL,CARRETERA,NACIONAL,PE-36B,-16.049958,-70.0086957,DESPEJADO,RURAL,TRAMO RECTO,PLANA ,ASFALTADA,NO,,,SI,IMPRUDENCIA DEL CONDUCTOR,OTRO (IMPRUDENCIA DEL CONDUCTOR),21.0,0,30.0,25.0,16.0,52.0,3,3,1,2,3,0,5
A-2022-02-202,2022-02-06,23:00,DESPISTE,2,13,1,CUSCO,CALCA,YANATILE,RURAL,CARRETERA,PROVINCIAL,CU-755,-12.692788933918262,-72.2741145711286,DESPEJADO,RURAL,CURVA,PLANA ,AFIRMADO,,,,,IMPRUDENCIA DEL CONDUCTOR,EXCESO DE VELOCIDAD,23.0,1,30.4375,29.0,2.0,58.0,6,1,2,13,1,0,16
A-2022-02-83,2022-02-07,01:30,CHOQUE,1,1,2,ANCASH,CARHUAZ,CARHUAZ,RURAL,CARRETERA,NACIONAL,PE-3N,-9.288136626822714,-77.63937597094557,SOLEADO,RURAL,CURVA,PLANA ,ASFALTADA,SI,REGULADORA (R),PREVENTIVA (P),SI,IMPRUDENCIA DEL CONDUCTOR,INVASIÓN DE CARRIL,1.0,0,47.333333333333336,49.0,41.0,52.0,2,2,1,1,0,0,3
A-2022-02-189,2022-02-07,05:00,CHOQUE,1,3,2,AREQUIPA,CARAVELI,ATICO,RURAL,CARRETERA,NACIONAL,PE-1S,-16.253110546838176,-73.53632185950711,DESPEJADO,RURAL,TRAMO RECTO,PLANA ,ASFALTADA,,,,,EN PROCESO DE INVESTIGACIÓN,NO CUENTA CON CAUSA ESPECIFICA,5.0,0,36.75,37.5,22.0,50.0,4,2,1,3,2,0,4
A-2022-02-183,2022-02-07,05:30,CHOQUE,2,19,2,LAMBAYEQUE,LAMBAYEQUE,MORROPE,RURAL,CARRETERA,NACIONAL,PE-1N,-6.455592,-80.132743,DESPEJADO,RURAL,TRAMO RECTO,PLANA ,ASFALTADA,,,,,EN PROCESO DE INVESTIGACIÓN,NO CUENTA CON CAUSA ESPECIFICA,5.0,1,33.40909090909091,32.5,18.0,61.0,11,2,2,19,1,0,22
A-2022-02-41,2022-02-07,10:20,DESPISTE,1,1,1,TACNA,CANDARAVE,CANDARAVE,RURAL,CARRETERA,DEPARTAMENTAL,TA-103,-17.24016,-70.258493,DESPEJADO,RURAL,CURVA,PLANA ,AFIRMADO,,,,,IMPRUDENCIA DEL CONDUCTOR,OTRO (IMPRUDENCIA DEL CONDUCTOR),10.0,0,46.0,46.0,44.0,48.0,1,1,1,1,1,0,2
A-2022-02-289,2022-02-07,11:15,DESPISTE,1,15,0,ANCASH,HUARMEY,HUARMEY,RURAL,CARRETERA,NACIONAL,PE-1N,-10.03529470018497,-78.16431663177666,LLUVIOSO,RURAL,TRAMO RECTO,PLANA ,ASFALTADA,,,,,EN PROCESO DE INVESTIGACIÓN,NO CUENTA CON CAUSA ESPECIFICA,11.0,0,43.0,38.0,31.0,64.0,9,1,1,15,1,0,17