CODIGO_SINIESTRO,FECHA_SINIESTRO,HORA_SINIESTRO,CLASE_SINIESTRO,CANTIDAD_FALLECIDOS,CANTIDAD_LESIONADOS,CANTIDAD_VEHICULOS,DEPARTAMENTO,PROVINCIA,DISTRITO,ZONA,TIPO_VIA,RED_VIAL,COD_CARRETERA,LATITUD,LONGITUD,CONDICION_CLIMATICA,ZONIFICACION,CARACTERISTICAS_VIA,PERFIL_VIA,SUPERFICIE_CALZADA,EXISTE_SENIAL_VERTICAL,CLASIFICACION_SENIAL_VERTICAL_1,CLASIFICACION_SENIAL_VERTICAL_2,EXISTE_SENIAL_HORIZONTAL,CAUSA_FACTOR_PRINCIPAL,CAUSA_ESPECIFICA,HORA,severidad,EDAD_PROMEDIO,EDAD_MEDIANA,EDAD_MIN,EDAD_MAX,TOTAL_MASCULINOS,TOTAL_CONDUCTORES,TOTAL_FALLECIDOS_AGG,TOTAL_LESIONADOS_AGG,TOTAL_LICENCIA,TOTAL_ALCOHOL_POSITIVO,TOTAL_PERSONAS
A-2022-02-119,2022-02-24,05:45,ATROPELLO,1,0,0,CALLAO,CALLAO,CALLAO,URBANA,AVENIDA,URBANO,NO CORRESPONDE,-12.053946211150148,-77.11996789753974,DESPEJADO,RESIDENCIAL,TRAMO RECTO,PLANA ,ASFALTADA,SI,REGULADORA (R),,SI,IMPRUDENCIA DEL CONDUCTOR,EXCESO DE VELOCIDAD,5.0,0,69.0,69.0,69.0,69.0,1,0,1,0,0,0,2
A-2022-02-241,2022-02-24,08:15,ESPECIAL,1,0,0,LIMA,LIMA,LIMA,URBANA,AVENIDA,URBANO,NO CORRESPONDE,-12.0595523,-77.0780123,DESPEJADO,INDUSTRIAL,TRAMO RECTO,PLANA ,ASFALTADA,,,,,EN PROCESO DE INVESTIGACIÓN,NO CUENTA CON CAUSA ESPECIFICA,8.0,0,57.0,57.0,55.0,59.0,2,1,1,0,0,0,2
A-2022-02-139,2022-02-24,08:30,CHOQUE,3,2,2,PUNO,AZANGARO,SAMAN,RURAL,CARRETERA,NACIONAL,PE-34H,-15.3413794,-70.0436795,DESPEJADO,RURAL,TRAMO RECTO,PLANA ,ASFALTADA,,,,,IMPRUDENCIA DEL CONDUCTOR,OTRO (IMPRUDENCIA DEL CONDUCTOR),8.0,2,65.16666666666667,74.0,42.0,78.0,4,2,3,2,1,0,6
A-2022-02-187,2022-02-24,08:30,DESPISTE,2,0,1,LAMBAYEQUE,FERREÑAFE,PUEBLO NUEVO,RURAL,CARRETERA,DEPARTAMENTAL,LA-107,-6.603333,-79.816003,DESPEJADO,RURAL,TRAMO RECTO,PLANA ,ASFALTADA,,,,,EN PROCESO DE INVESTIGACIÓN,NO CUENTA CON CAUSA ESPECIFICA,8.0,1,62.0,62.0,54.0,70.0,2,1,2,0,0,0,2
A-2022-02-186,2022-02-24,20:00,CHOQUE,2,0,1,LAMBAYEQUE,CHICLAYO,PATAPO,RURAL,CARRETERA,NACIONAL,PE-06A,-6.740838,-79.53269,DESPEJADO,RURAL,TRAMO RECTO,PLANA ,ASFALTADA,,,,,EN PROCESO DE INVESTIGACIÓN,NO CUENTA CON CAUSA ESPECIFICA,20.0,1,30.666666666666668,28.0,26.0,38.0,2,2,2,0,1,0,3
A-2022-02-210,2022-02-24,20:40,ATROPELLO FUGA,1,0,0,CUSCO,CUSCO,CUSCO,URBANA,CARRETERA,NACIONAL,PE-3S,-13.516553,-71.992016,LLUVIOSO,RESIDENCIAL,TRAMO RECTO,PLANA ,TROCHA,,,,,IMPRUDENCIA DEL CONDUCTOR,EXCESO DE VELOCIDAD,20.0,0,59.0,59.0,59.0,59.0,1,0,1,0,0,0,2
A-2022-02-270,2022-02-24,23:30,CHOQUE CON OBJETO FIJO,1,0,1,JUNIN,JAUJA,ACOLLA,RURAL,CARRETERA,NACIONAL,PE-3SA,-11.7097314,-75.55598829,DESPEJADO,RURAL,TRAMO RECTO,PLANA ,ASFALTADA,,,,,IMPRUDENCIA DEL CONDUCTOR,CONDUCIR EN ESTADO DE EBRIEDAD Y/O DROGADICCIÓN,23.0,0,31.0,31.0,31.0,31.0,1,1,1,0,1,0,1
A-2022-02-253,2022-02-25,00:01,CHOQUE,1,2,2,CAJAMARCA,JAEN,JAEN,URBANA,CARRETERA,NACIONAL,PE-5N,-5.721137,-78.800079,DESPEJADO,RESIDENCIAL,TRAMO RECTO,PLANA ,ASFALTADA,,,,,EN PROCESO DE INVESTIGACIÓN,NO CUENTA CON CAUSA ESPECIFICA,0.0,0,22.0,23.0,18.0,25.0,2,2,1,2,0,0,3
A-2022-02-116,2022-02-25,04:50,CHOQUE,1,1,2,PUNO,PUNO,PUNO,RURAL,CARRETERA,NACIONAL,PE-3S,-15.865961,-69.941804,DESPEJADO,RURAL,TRAMO RECTO,PLANA ,ASFALTADA,NO,,,SI,IMPRUDENCIA DEL CONDUCTOR,INVASIÓN DE CARRIL,4.0,0,50.5,50.5,50.0,51.0,2,2,1,1,2,0,2
A-2022-02-256,2022-02-25,05:00,CHOQUE FUGA,1,0,2,PIURA,MORROPON,BUENOS AIRES,RURAL,CARRETERA,NACIONAL,PE-02A,-5.283548713,-79.95393592,DESPEJADO,RURAL,TRAMO RECTO,PLANA ,ASFALTADA,,,,,EN PROCESO DE INVESTIGACIÓN,NO CUENTA CON CAUSA ESPECIFICA,5.0,0,56.0,56.0,56.0,56.0,1,1,1,0,0,0,2
A-2022-02-294,2022-02-25,08:45,VOLCADURA,1,0,0,APURIMAC,ANTABAMBA,ANTABAMBA,RURAL,CARRETERA,DEPARTAMENTAL,AP-109,-14.377681964744992,-72.89002263729276,,,,,,,,,,EN PROCESO DE INVESTIGACIÓN,NO CUENTA CON CAUSA ESPECIFICA,8.0,0,38.0,38.0,35.0,41.0,2,1,1,0,0,0,2
A-2022-02-254,2022-02-25,10:10,DESPISTE,1,1,1,LAMBAYEQUE,LAMBAYEQUE,MORROPE,RURAL,CARRETERA,NACIONAL,PE-1N,-6.42869747121557,-80.16217139090038,DESPEJADO,RURAL,TRAMO RECTO,PLANA ,ASFALTADA,,,,,EN PROCESO DE INVESTIGACIÓN,NO CUENTA CON CAUSA ESPECIFICA,10.0,0,32.5,32.5,19.0,46.0,2,1,1,1,1,0,2
A-2022-02-246,2022-02-25,12:30,ATROPELLO,1,0,0,LIMA,LIMA,ATE,URBANA,CARRETERA,NACIONAL,PE-22,-12.005992210769222,-76.84781483192452,DESPEJADO,COMERCIAL,TRAMO RECTO,PLANA ,ASFALTADA,,,,,EN PROCESO DE INVESTIGACIÓN,NO CUENTA CON CAUSA ESPECIFICA,12.0,0,55.0,55.0,39.0,71.0,1,1,1,0,0,0,2
A-2022-02-297,2022-02-25,12:30,CHOQUE,1,1,2,CUSCO,LA CONVENCION,KIMBIRI,RURAL,CARRETERA,NACIONAL,PE-28B,-12.601006,-73.755868,DESPEJADO,RURAL,CURVA,PLANA ,ASFALTADA,,,,,IMPRUDENCIA DEL CONDUCTOR,EXCESO DE VELOCIDAD,12.0,0,38.0,38.0,32.0,44.0,2,2,1,1,1,0,2
A-2022-02-309,2022-02-25,14:10,ATROPELLO,1,0,0,LIMA,LIMA,SAN MARTIN DE PORRES,URBANA,AVENIDA,URBANO,NO CORRESPONDE,-12.031263,-77.044221,,,,,,,,,,EN PROCESO DE INVESTIGACIÓN,NO CUENTA CON CAUSA ESPECIFICA,14.0,0,,,,,1,1,1,0,0,0,2
A-2022-02-212,2022-02-25,19:00,DESPISTE,2,0,1,AREQUIPA,CAMANA,QUILCA,RURAL,CARRETERA,SIN CLASIFICAR,SIN CLASIFICAR,-16.664339686215882,-72.60415254475068,DESPEJADO,RURAL,OTRO,PLANA ,AFIRMADO,,,,,EN PROCESO DE INVESTIGACIÓN,NO CUENTA CON CAUSA ESPECIFICA,19.0,1,56.0,56.0,46.0,66.0,1,1,2,0,1,0,2
A-2022-02-249,2022-02-25,23:30,CHOQUE,1,2,0,LIMA,LIMA,SANTA ANITA,URBANA,AVENIDA,URBANO,NO CORRESPONDE,-12.035846417381062,-76.94893425059153,DESPEJADO,COMERCIAL,INTERSECCIÓN,PLANA ,ASFALTADA,,,,,EN PROCESO DE INVESTIGACIÓN,NO CUENTA CON CAUSA ESPECIFICA,23.0,0,24.5,16.0,1.0,65.0,2,1,1,2,0,0,5
A-2022-02-313,2022-02-26,01:30,CHOQUE,1,0,0,MADRE DE DIOS,TAMBOPATA,TAMBOPATA,URBANA,AVENIDA,URBANO,NO CORRESPONDE,-12.596323,-69.188251,,,,,,,,,,EN PROCESO DE INVESTIGACIÓN,NO CUENTA CON CAUSA ESPECIFICA,1.0,0,40.0,40.0,25.0,55.0,2,2,1,0,0,0,2
A-2022-02-211,2022-02-26,03:00,DESPISTE,1,1,1,CUSCO,CHUMBIVILCAS,CHAMACA,RURAL,CARRETERA,DEPARTAMENTAL,CU-128,-14.313434797193873,-71.83869301413971,LLUVIOSO,RURAL,TRAMO RECTO,PLANA ,ASFALTADA,,,,,IMPRUDENCIA DEL CONDUCTOR,EXCESO DE VELOCIDAD,3.0,0,34.0,34.0,30.0,38.0,2,1,1,1,0,0,2
A-2022-02-304,2022-02-26,05:51,CHOQUE,1,0,2,LIMA,HUARAL,CHANCAY,RURAL,CARRETERA,NACIONAL,PE-1N,-11.601846,-77.246566,DESPEJADO,RURAL,TRAMO RECTO,INCLINADA,ASFALTADA,SI,REGULADORA (R),PREVENTIVA (P),NO,IMPRUDENCIA DEL CONDUCTOR,FATIGA Y/O CANSANCIO,5.0,0,60.5,60.5,51.0,70.0,2,2,1,0,2,0,2
A-2022-02-296,2022-02-26,13:30,VOLCADURA,1,0,1,HUANUCO,HUANUCO,CHINCHAO,URBANA,CARRETERA,NACIONAL,PE-18A,-9.627725,-76.063042,SOLEADO,RURAL,CURVA,PLANA ,ASFALTADA,,,,,IMPRUDENCIA DEL CONDUCTOR,CONDUCIR EN ESTADO DE EBRIEDAD Y/O DROGADICCIÓN,13.0,0,64.0,64.0,64.0,64.0,1,1,1,0,1,0,1
A-2022-02-258,2022-02-26,14:30,CHOQUE,2,9,2,PUNO,LAMPA,CALAPUJA,RURAL,CARRETERA,NACIONAL,PE-34B,-15.2881063,-70.2244787,DESPEJADO,RURAL,CURVA,PLANA ,ASFALTADA,,,,,IMPRUDENCIA DEL CONDUCTOR,EXCESO DE VELOCIDAD,14.0,1,24.818181818181817,24.0,5.0,43.0,7,2,2,9,2,0,12
A-2022-02-288,2022-02-26,16:30,CHOQUE,1,23,0,JUNIN,CHANCHAMAYO,SAN RAMON,RURAL,CARRETERA,NACIONAL,PE-22B,-11.146291707939652,-75.39992088493442,,,,,,,,,,EN PROCESO DE INVESTIGACIÓN,NO CUENTA CON CAUSA ESPECIFICA,16.0,0,26.03846153846154,26.0,3.0,54.0,12,2,1,23,1,0,26
A-2022-02-238,2022-02-26,17:30,DESPISTE,1,1,1,LA LIBERTAD,VIRU,CHAO,RURAL,CARRETERA,NACIONAL,PE-1N,-8.572443440024923,-78.67179754713541,DESPEJADO,RURAL,TRAMO RECTO,PLANA ,ASFALTADA,,,,,EN PROCESO DE INVESTIGACIÓN,NO CUENTA CON CAUSA ESPECIFICA,17.0,0,45.0,45.0,25.0,65.0,3,1,1,1,1,0,3
A-2022-02-127,2022-02-26,17:40,CHOQUE,1,0,2,PUNO,CHUCUITO,POMATA,RURAL,CARRETERA,DEPARTAMENTAL,PU-130,-16.294218,-69.233346,DESPEJADO,RURAL,TRAMO RECTO,PLANA ,ASFALTADA,NO,,,SI,IMPRUDENCIA DEL CONDUCTOR,CONDUCIR EN ESTADO DE EBRIEDAD Y/O DROGADICCIÓN,17.0,0,38.0,38.0,29.0,47.0,2,2,1,0,2,0,2
A-2022-02-129,2022-02-26,17:50,CHOQUE,1,3,2,TUMBES,CONTRALMIRANTE VILLAR,CANOAS DE PUNTA SAL,RURAL,CARRETERA,NACIONAL,PE-1N,-4.05709329669435,-80.96238258703987,SOLEADO,RURAL,CURVA,PLANA ,ASFALTADA,,,,,IMPRUDENCIA DEL CONDUCTOR,INVASIÓN DE CARRIL,17.0,0,51.0,50.5,20.0,83.0,3,2,1,3,2,0,4
A-2022-02-232,2022-02-26,18:30,DESPISTE,1,1,1,CUSCO,PAUCARTAMBO,CHALLABAMBA,RURAL,CARRETERA,PROVINCIAL,CU-989,-13.197916597739423,-71.65895396776274,NUBLADO,RURAL,TRAMO RECTO,PLANA ,AFIRMADO,,,,,IMPRUDENCIA DEL CONDUCTOR,EXCESO DE VELOCIDAD,18.0,0,69.5,69.5,58.0,81.0,1,1,1,1,0,0,2
A-2022-02-248,2022-02-26,19:40,ATROPELLO,1,0,0,LIMA,LIMA,ATE,URBANA,OTRO,URBANO,NO CORRESPONDE,-12.041470599880004,-76.92442398321249,DESPEJADO,COMERCIAL,TRAMO RECTO,PLANA ,ASFALTADA,,,,,EN PROCESO DE INVESTIGACIÓN,NO CUENTA CON CAUSA ESPECIFICA,19.0,0,51.5,51.5,33.0,70.0,1,1,1,0,0,0,2
A-2022-02-124,2022-02-26,21:50,CHOQUE CON OBJETO FIJO,1,0,1,AREQUIPA,AREQUIPA,YANAHUARA,URBANA,CARRETERA,NACIONAL,PE-34C,-16.408001,-71.560112,DESPEJADO,COMERCIAL,TRAMO RECTO,INCLINADA,ASFALTADA,NO,,,SI,EN PROCESO DE INVESTIGACIÓN,NO CUENTA CON CAUSA ESPECIFICA,21.0,0,36.0,36.0,36.0,36.0,1,1,1,0,1,0,1
A-2022-02-188,2022-02-27,04:15,ATROPELLO FUGA,1,1,0,LAMBAYEQUE,LAMBAYEQUE,SAN JOSE,RURAL,CARRETERA,DEPARTAMENTAL,LA-109,-6.773373,-79.926741,DESPEJADO,RURAL,TRAMO RECTO,PLANA ,ASFALTADA,,,,,EN PROCESO DE INVESTIGACIÓN,NO CUENTA CON CAUSA ESPECIFICA,4.0,0,35.0,35.0,34.0,36.0,2,0,1,1,0,0,3
A-2022-02-135,2022-02-27,05:30,ATROPELLO,1,0,1,AREQUIPA,AREQUIPA,CERRO COLORADO,URBANA,CARRETERA,NACIONAL,PE-34A,-16.315405,-71.606316,DESPEJADO,COMERCIAL,CURVA,INCLINADA,ASFALTADA,NO,,,SI,EN PROCESO DE INVESTIGACIÓN,NO CUENTA CON CAUSA ESPECIFICA,5.0,0,30.5,30.5,26.0,35.0,2,1,1,0,1,0,2
A-2022-02-199,2022-02-27,11:30,ATROPELLO,1,2,1,LAMBAYEQUE,LAMBAYEQUE,TUCUME,RURAL,CARRETERA,NACIONAL,PE-1NJ,-6.525814,-79.864103,DESPEJADO,RURAL,TRAMO RECTO,PLANA ,ASFALTADA,,,,,EN PROCESO DE INVESTIGACIÓN,NO CUENTA CON CAUSA ESPECIFICA,11.0,0,38.333333333333336,21.0,21.0,73.0,2,1,1,2,1,0,3
A-2022-02-314,2022-02-27,12:29,DESPISTE,1,0,0,MADRE DE DIOS,TAMBOPATA,TAMBOPATA,URBANA,CARRETERA,NACIONAL,PE-30C,-12.591308,-69.182342,,,,,,,,,,EN PROCESO DE INVESTIGACIÓN,NO CUENTA CON CAUSA ESPECIFICA,12.0,0,29.0,29.0,29.0,29.0,1,1,1,0,0,0,1
A-2022-02-224,2022-02-27,17:31,CHOQUE,1,2,2,CUSCO,PAUCARTAMBO,PAUCARTAMBO,RURAL,CARRETERA,DEPARTAMENTAL,CU-116,-13.340650565678542,-71.5750555676924,LLUVIOSO,RURAL,CURVA,PLANA ,AFIRMADO,,,,,IMPRUDENCIA DEL CONDUCTOR,EXCESO DE VELOCIDAD,17.0,0,33.0,35.5,3.0,58.0,3,2,1,2,0,0,4
A-2022-02-271,2022-02-27,17:40,DESPISTE,1,0,1,JUNIN,YAULI,LA OROYA,RURAL,CARRETERA,NACIONAL,PE-3S,-11.608632,-75.84178,DESPEJADO,RURAL,CURVA,INCLINADA,ASFALTADA,SI,REGULADORA (R),,NO,IMPRUDENCIA DEL CONDUCTOR,OTRO (IMPRUDENCIA DEL CONDUCTOR),17.0,0,31.0,31.0,12.0,50.0,2,1,1,0,1,0,2
A-2022-02-132,2022-02-27,21:30,DESPISTE,1,0,1,LA LIBERTAD,GRAN CHIMU,LUCMA,RURAL,CARRETERA,PROVINCIAL,LI-713,-7.655089478875486,-78.5757881785326,DESPEJADO,RURAL,TRAMO RECTO,PLANA ,AFIRMADO,,,,,IMPRUDENCIA DEL CONDUCTOR,INVASIÓN DE CARRIL,21.0,0,31.0,31.0,31.0,31.0,1,1,1,0,1,1,1
A-2022-02-227,2022-02-27,21:45,DESPISTE,1,5,1,CUSCO,ANTA,LIMATAMBO,RURAL,CARRETERA,PROVINCIAL,CU-896,-13.447796827644884,-72.44365488823162,DESPEJADO,RURAL,TRAMO RECTO,PLANA ,AFIRMADO,,,,,IMPRUDENCIA DEL CONDUCTOR,EXCESO DE VELOCIDAD,21.0,0,36.166666666666664,40.5,8.0,48.0,2,1,1,5,1,0,6
A-2022-02-131,2022-02-27,22:00,ATROPELLO,1,0,1,LA LIBERTAD,TRUJILLO,HUANCHACO,RURAL,CARRETERA,NACIONAL,PE-1N,-8.012744,-79.071152,DESPEJADO,RURAL,TRAMO RECTO,PLANA ,ASFALTADA,,,,,EN PROCESO DE INVESTIGACIÓN,NO CUENTA CON CAUSA ESPECIFICA,22.0,0,44.5,44.5,35.0,54.0,1,1,1,0,1,0,2
A-2022-02-250,2022-02-28,03:00,ATROPELLO FUGA,1,0,0,LIMA,LIMA,RIMAC,URBANA,CARRETERA,NACIONAL,PE-1N,-12.043272018432615,-77.02549743652344,DESPEJADO,RESIDENCIAL,PUENTE,PLANA ,ASFALTADA,,,,,EN PROCESO DE INVESTIGACIÓN,NO CUENTA CON CAUSA ESPECIFICA,3.0,0,,,,,1,0,1,0,0,0,2
A-2022-02-251,2022-02-28,05:35,CHOQUE,1,2,0,LIMA,LIMA,CHACLACAYO,URBANA,CARRETERA,NACIONAL,PE-22,-11.9677171,-76.7455216,DESPEJADO,INDUSTRIAL,TRAMO RECTO,PLANA ,ASFALTADA,,,,,EN PROCESO DE INVESTIGACIÓN,NO CUENTA CON CAUSA ESPECIFICA,5.0,0,34.4,30.0,19.0,65.0,3,2,1,2,0,0,5
A-2022-02-198,2022-02-28,06:50,CHOQUE,1,0,2,LAMBAYEQUE,CHICLAYO,TUMAN,RURAL,CARRETERA,NACIONAL,PE-06A,-6.739669356730316,-79.71388946070171,DESPEJADO,RURAL,TRAMO RECTO,PLANA ,ASFALTADA,,,,,EN PROCESO DE INVESTIGACIÓN,NO CUENTA CON CAUSA ESPECIFICA,6.0,0,39.5,39.5,37.0,42.0,2,2,1,0,1,0,2
A-2022-02-286,2022-02-28,13:30,CHOQUE,1,0,2,HUANUCO,LEONCIO PRADO,DANIEL ALOMIA ROBLES,RURAL,CARRETERA,NACIONAL,PE-5N,-9.18738,-75.940817,SOLEADO,RURAL,TRAMO RECTO,PLANA ,ASFALTADA,SI,REGULADORA (R),REGULADORA (R),NO,IMPRUDENCIA DEL CONDUCTOR,EXCESO DE VELOCIDAD,13.0,0,38.5,38.5,19.0,58.0,2,2,1,0,1,0,2
A-2022-02-134,2022-02-28,13:40,DESPISTE,1,1,1,PUNO,CHUCUITO,ZEPITA,RURAL,CARRETERA,NACIONAL,PE-3S,-16.489,-69.11,DESPEJADO,RURAL,TRAMO RECTO,PLANA ,ASFALTADA,SI,REGULADORA (R),PREVENTIVA (P),SI,IMPRUDENCIA DEL CONDUCTOR,EXCESO DE VELOCIDAD,13.0,0,31.0,31.0,29.0,33.0,1,1,1,1,1,0,2
A-2022-03-189,2022-03-01,07:20,VOLCADURA,1,0,2,LIMA,LIMA,PUENTE PIEDRA,RURAL,AVENIDA,URBANO,NO CORRESPONDE,-11.845251,-77.077429,DESPEJADO,RURAL,TRAMO RECTO,PLANA ,ASFALTADA,,,,,EN PROCESO DE INVESTIGACIÓN,NO CUENTA CON CAUSA ESPECIFICA,7.0,0,44.5,44.5,23.0,66.0,2,2,1,0,0,0,2
A-2022-03-146,2022-03-01,12:00,DESPISTE,1,4,0,AYACUCHO,HUAMANGA,CARMEN ALTO,URBANA,CARRETERA,NACIONAL,PE-3S,-13.233523,-74.23572,NIEBLA,RURAL,TRAMO RECTO,PLANA ,AFIRMADO,,,,,IMPRUDENCIA DEL CONDUCTOR,FATIGA Y/O CANSANCIO,12.0,0,19.833333333333332,22.0,2.0,28.0,3,1,1,4,1,0,6
A-2022-03-142,2022-03-01,20:00,VOLCADURA,1,0,1,CUSCO,CANAS,YANAOCA,RURAL,CARRETERA,DEPARTAMENTAL,CU-126,-14.276032,-71.450367,NUBLADO,RURAL,TRAMO RECTO,PLANA ,ASFALTADA,,,,,IMPERICIA DEL CONDUCTOR,,20.0,0,42.0,42.0,42.0,42.0,1,1,1,0,0,0,1
A-2022-03-1,2022-03-02,00:20,DESPISTE,1,3,1,PUNO,YUNGUYO,YUNGUYO,RURAL,CARRETERA,DEPARTAMENTAL,PU-130,-16.2663225,-69.0793557,DESPEJADO,RURAL,CURVA,INCLINADA,ASFALTADA,NO,,,SI,IMPRUDENCIA DEL CONDUCTOR,CONDUCIR EN ESTADO DE EBRIEDAD Y/O DROGADICCIÓN,0.0,0,16.4,8.0,0.0,41.0,1,1,1,3,1,0,5
A-2022-03-36,2022-03-02,05:00,DESPISTE,4,9,1,HUANCAVELICA,HUAYTARA,QUERCO,RURAL,CARRETERA,DEPARTAMENTAL,HV-121,-13.986365,-74.946275,LLUVIOSO,RURAL,SINUOSA,INCLINADA,TROCHA,,,,,INFRAESTRUCTURA Y ENTORNO VIAL,FACTOR AMBIENTAL,5.0,2,37.76923076923077,36.0,2.0,67.0,6,1,4,9,1,0,13
A-2022-03-27,2022-03-02,05:06,ATROPELLO FUGA,1,0,1,AREQUIPA,AREQUIPA,CERRO COLORADO,URBANA,CARRETERA,NACIONAL,PE-34A,-16.331331,-71.593308,DESPEJADO,INDUSTRIAL,TRAMO RECTO,INCLINADA,ASFALTADA,NO,,,SI,EN PROCESO DE INVESTIGACIÓN,NO CUENTA CON CAUSA ESPECIFICA,5.0,0,78.0,78.0,78.0,78.0,0,0,1,0,0,0,2
A-2022-03-153,2022-03-02,08:45,CHOQUE,1,0,0,AYACUCHO,PAUCAR DEL SARA SARA,PAUSA,URBANA,CARRETERA,NACIONAL,PE-32C,-15.2842392,-73.3467253,DESPEJADO,RURAL,INTERSECCIÓN,PLANA ,AFIRMADO,,,,,IMPRUDENCIA DEL CONDUCTOR,EXCESO DE VELOCIDAD,8.0,0,32.0,32.0,19.0,45.0,2,2,1,0,0,0,2
A-2022-03-161,2022-03-02,12:20,CHOQUE,1,0,1,CALLAO,CALLAO,CALLAO,URBANA,AVENIDA,URBANO,NO CORRESPONDE,-12.05573513898662,-77.12184965837463,DESPEJADO,RESIDENCIAL,TRAMO RECTO,PLANA ,ASFALTADA,SI,INFORMATIVA (I),,SI,IMPRUDENCIA DEL CONDUCTOR,INVASIÓN DE CARRIL,12.0,0,51.0,51.0,51.0,51.0,1,1,1,0,1,0,2
A-2022-03-181,2022-03-02,14:30,CHOQUE,1,0,2,LIMA,LIMA,JESUS MARIA,URBANA,AVENIDA,URBANO,NO CORRESPONDE,-12.077486903906868,-77.03673355030094,DESPEJADO,RURAL,TRAMO RECTO,PLANA ,ASFALTADA,,,,,EN PROCESO DE INVESTIGACIÓN,NO CUENTA CON CAUSA ESPECIFICA,14.0,0,36.5,36.5,23.0,50.0,2,2,1,0,0,0,2
A-2022-03-140,2022-03-02,22:00,ATROPELLO FUGA,1,0,0,CUSCO,ESPINAR,COPORAQUE,RURAL,CARRETERA,PROVINCIAL,CU-1832,-14.6837747847914,-71.4894176005773,LLUVIOSO,RURAL,CURVA,PLANA ,ASFALTADA,SI,PREVENTIVA (P),,NO,IMPRUDENCIA DEL PEATÓN,ESTADO DE EBRIEDAD Y/O DROGADICCIÓN,22.0,0,58.0,58.0,58.0,58.0,1,0,1,0,0,0,2
A-2022-03-2,2022-03-03,02:00,ATROPELLO,1,0,1,PUNO,EL COLLAO,ILAVE,RURAL,CARRETERA,NACIONAL,PE-3S,-16.116216,-69.595246,LLUVIOSO,RURAL,TRAMO RECTO,PLANA ,ASFALTADA,SI,INFORMATIVA (I),,SI,IMPRUDENCIA DEL PEATÓN,CRUCE INDEBIDO POR LA CALZADA,2.0,0,43.0,43.0,43.0,43.0,2,1,1,0,1,0,2
A-2022-03-122,2022-03-03,05:30,DESPISTE,3,3,2,PIURA,PIURA,VEINTISEIS DE OCTUBRE,RURAL,CARRETERA,NACIONAL,PE-1N,-5.197347,-80.687538,DESPEJADO,RURAL,TRAMO RECTO,PLANA ,ASFALTADA,,,,,EN PROCESO DE INVESTIGACIÓN,NO CUENTA CON CAUSA ESPECIFICA,5.0,2,51.714285714285715,58.0,29.0,66.0,5,2,3,3,2,0,7
A-2022-03-148,2022-03-03,07:50,CHOQUE,1,0,1,AYACUCHO,HUAMANGA,AYACUCHO,URBANA,AVENIDA,URBANO,NO CORRESPONDE,-13.150796844132875,-74.22301052329625,DESPEJADO,ESCOLAR,INTERSECCIÓN,PLANA ,ASFALTADA,SI,PREVENTIVA (P),PREVENTIVA (P),NO,IMPRUDENCIA DEL CONDUCTOR,CONDUCIR EN ESTADO DE EBRIEDAD Y/O DROGADICCIÓN,7.0,0,29.5,29.5,28.0,31.0,2,2,1,0,1,1,2
A-2022-03-34,2022-03-03,17:00,DESPISTE,1,3,1,HUANCAVELICA,HUAYTARA,HUAYTARA,RURAL,CARRETERA,NACIONAL,PE-28A,-13.607529162762743,-75.32030773156066,LLUVIOSO,RURAL,CURVA,INCLINADA,ASFALTADA,,,,,EN PROCESO DE INVESTIGACIÓN,NO CUENTA CON CAUSA ESPECIFICA,17.0,0,30.2,36.0,6.0,46.0,2,0,1,3,0,0,5
A-2022-03-6,2022-03-03,22:20,CHOQUE,1,0,2,PUNO,PUNO,HUATA,RURAL,CARRETERA,DEPARTAMENTAL,PU-120,-15.561899966726877,-69.99207796663597,DESPEJADO,RURAL,CURVA,PLANA ,ASFALTADA,NO,,,SI,IMPRUDENCIA DEL CONDUCTOR,CONDUCIR EN ESTADO DE EBRIEDAD Y/O DROGADICCIÓN,22.0,0,33.5,33.5,23.0,44.0,2,2,1,0,1,0,2
A-2022-03-283,2022-03-03,23:50,ATROPELLO FUGA,1,0,0,LIMA,LIMA,CHORRILLOS,URBANA,AVENIDA,URBANO,NO CORRESPONDE,-12.18429331,-77.0074643892645,,,,,,,,,,EN PROCESO DE INVESTIGACIÓN,NO CUENTA CON CAUSA ESPECIFICA,23.0,0,,,,,2,1,1,0,0,0,2
A-2022-03-251,2022-03-04,07:00,CHOQUE,1,0,2,ICA,CHINCHA,CHINCHA BAJA,RURAL,CARRETERA,DEPARTAMENTAL,IC-102,-13.450253,-76.152625,DESPEJADO,RURAL,TRAMO RECTO,PLANA ,ASFALTADA,,,,,IMPRUDENCIA DEL CONDUCTOR,OTRO (IMPRUDENCIA DEL CONDUCTOR),7.0,0,65.0,65.0,63.0,67.0,2,2,1,0,0,0,2
A-2022-03-139,2022-03-04,13:30,CHOQUE,1,0,2,LAMBAYEQUE,LAMBAYEQUE,OLMOS,RURAL,CARRETERA,SIN CLASIFICAR,SIN CLASIFICAR,-5.980961,-79.767612,SOLEADO,RURAL,OTRO,PLANA ,TROCHA,,,,,IMPRUDENCIA DEL CONDUCTOR,EXCESO DE VELOCIDAD,13.0,0,37.0,37.0,36.0,38.0,2,2,1,0,1,0,2
A-2022-03-212,2022-03-04,14:00,ATROPELLO,1,0,0,CALLAO,CALLAO,CARMEN DE LA LEGUA REYNOSO,URBANA,AVENIDA,URBANO,NO CORRESPONDE,-12.046767,-77.08469,DESPEJADO,INDUSTRIAL,TRAMO RECTO,PLANA ,ASFALTADA,,,,,EN PROCESO DE INVESTIGACIÓN,NO CUENTA CON CAUSA ESPECIFICA,14.0,0,65.0,65.0,52.0,78.0,2,1,1,0,1,0,2