CODIGO_SINIESTRO,FECHA_SINIESTRO,HORA_SINIESTRO,CLASE_SINIESTRO,CANTIDAD_FALLECIDOS,CANTIDAD_LESIONADOS,CANTIDAD_VEHICULOS,DEPARTAMENTO,PROVINCIA,DISTRITO,ZONA,TIPO_VIA,RED_VIAL,COD_CARRETERA,LATITUD,LONGITUD,CONDICION_CLIMATICA,ZONIFICACION,CARACTERISTICAS_VIA,PERFIL_VIA,SUPERFICIE_CALZADA,EXISTE_SENIAL_VERTICAL,CLASIFICACION_SENIAL_VERTICAL_1,CLASIFICACION_SENIAL_VERTICAL_2,EXISTE_SENIAL_HORIZONTAL,CAUSA_FACTOR_PRINCIPAL,CAUSA_ESPECIFICA,HORA,severidad,EDAD_PROMEDIO,EDAD_MEDIANA,EDAD_MIN,EDAD_MAX,TOTAL_MASCULINOS,TOTAL_CONDUCTORES,TOTAL_FALLECIDOS_AGG,TOTAL_LESIONADOS_AGG,TOTAL_LICENCIA,TOTAL_ALCOHOL_POSITIVO,TOTAL_PERSONAS
A-2022-03-35,2022-03-04,15:50,DESPISTE,1,1,1,HUANCAVELICA,HUAYTARA,HUAYTARA,RURAL,CARRETERA,NACIONAL,PE-28A,-13.582339,-75.274279,LLUVIOSO,RURAL,CURVA,INCLINADA,ASFALTADA,,,,,EN PROCESO DE INVESTIGACIÓN,NO CUENTA CON CAUSA ESPECIFICA,15.0,0,28.0,28.0,26.0,30.0,1,1,1,1,1,0,2
A-2022-03-213,2022-03-05,04:45,ATROPELLO FUGA,1,0,0,LIMA,LIMA,VILLA EL SALVADOR,,CARRETERA,NACIONAL,PE-1S,-12.240213,-76.947585,,,,,,,,,,EN PROCESO DE INVESTIGACIÓN,NO CUENTA CON CAUSA ESPECIFICA,4.0,0,32.0,32.0,32.0,32.0,1,0,1,0,0,0,2
A-2022-03-29,2022-03-05,07:20,CHOQUE,1,0,2,ICA,ICA,SALAS,URBANA,CARRETERA,NACIONAL,PE-1S,-13.98487844663524,-75.77287120456951,DESPEJADO,RESIDENCIAL,TRAMO RECTO,PLANA ,ASFALTADA,,,,,EN PROCESO DE INVESTIGACIÓN,NO CUENTA CON CAUSA ESPECIFICA,7.0,0,33.5,33.5,30.0,37.0,2,2,1,0,2,0,2
A-2022-03-38,2022-03-05,10:30,VOLCADURA,1,0,1,CAJAMARCA,CELENDIN,CELENDIN,URBANA,CALLE,URBANO,NO CORRESPONDE,-6.864952,-78.14231,DESPEJADO,RURAL,TRAMO RECTO,PLANA ,ASFALTADA,,,,,EN PROCESO DE INVESTIGACIÓN,NO CUENTA CON CAUSA ESPECIFICA,10.0,0,9.5,9.5,0.0,19.0,1,1,1,0,0,0,2
A-2022-03-144,2022-03-05,11:30,DESPISTE,1,2,1,CUSCO,LA CONVENCION,ECHARATE,RURAL,CARRETERA,NACIONAL,PE-28B,-12.641036,-72.910948,DESPEJADO,RURAL,CURVA,PLANA ,AFIRMADO,,,,,IMPERICIA DEL CONDUCTOR,,11.0,0,18.0,22.0,3.0,25.0,3,1,1,2,1,0,4
A-2022-03-63,2022-03-05,16:30,CHOQUE,2,2,5,AREQUIPA,AREQUIPA,SAN JUAN DE TARUCANI,RURAL,CARRETERA,NACIONAL,PE-34A,-16.054261,-71.341154,NUBLADO,RURAL,CURVA,INCLINADA,ASFALTADA,NO,,,SI,EN PROCESO DE INVESTIGACIÓN,NO CUENTA CON CAUSA ESPECIFICA,16.0,1,45.142857142857146,43.0,39.0,64.0,7,5,2,2,5,0,7
A-2022-03-8,2022-03-05,16:50,ATROPELLO,1,0,0,CALLAO,CALLAO,CALLAO,URBANA,CARRETERA,NACIONAL,PE-20,-12.041549295628164,-77.12666804475543,DESPEJADO,COMERCIAL,TRAMO RECTO,PLANA ,ASFALTADA,SI,REGULADORA (R),,SI,IMPRUDENCIA DEL PEATÓN,OTRO (IMPRUDENCIA DEL PEATÓN),16.0,0,35.5,35.5,27.0,44.0,2,1,1,0,1,0,2
A-2022-03-72,2022-03-05,17:30,DESPISTE,1,0,1,LA LIBERTAD,VIRU,GUADALUPITO,RURAL,CARRETERA,NACIONAL,PE-1N,-8.701750045827943,-78.63940710194512,DESPEJADO,RURAL,TRAMO RECTO,PLANA ,ASFALTADA,,,,,EN PROCESO DE INVESTIGACIÓN,NO CUENTA CON CAUSA ESPECIFICA,17.0,0,41.0,41.0,22.0,60.0,0,1,1,0,1,0,2
A-2022-03-103,2022-03-05,19:25,CHOQUE,1,0,2,CAJAMARCA,JAEN,JAEN,URBANA,CARRETERA,NACIONAL,PE-5N,-5.688243548265175,-78.7921113792726,DESPEJADO,COMERCIAL,TRAMO RECTO,PLANA ,ASFALTADA,,,,,EN PROCESO DE INVESTIGACIÓN,NO CUENTA CON CAUSA ESPECIFICA,19.0,0,37.5,37.5,34.0,41.0,2,2,1,0,1,0,2
A-2022-03-102,2022-03-05,20:30,CHOQUE,3,2,4,LAMBAYEQUE,LAMBAYEQUE,LAMBAYEQUE,URBANA,CARRETERA,NACIONAL,PE-1NJ,-6.615792791171574,-79.88478356339581,DESPEJADO,RESIDENCIAL,TRAMO RECTO,PLANA ,ASFALTADA,,,,,EN PROCESO DE INVESTIGACIÓN,NO CUENTA CON CAUSA ESPECIFICA,20.0,2,30.333333333333332,28.5,17.0,50.0,5,4,3,2,1,0,7
A-2022-03-256,2022-03-06,00:20,CHOQUE,1,1,2,AYACUCHO,HUANTA,LURICOCHA,RURAL,CARRETERA,DEPARTAMENTAL,AY-100,-12.9108385135728,-74.2743641286087,LLUVIOSO,RURAL,TRAMO RECTO,PLANA ,ASFALTADA,SI,REGULADORA (R),,NO,IMPRUDENCIA DEL CONDUCTOR,CONDUCIR EN ESTADO DE EBRIEDAD Y/O DROGADICCIÓN,0.0,0,31.0,31.0,23.0,39.0,2,2,1,1,1,0,2
A-2022-03-141,2022-03-06,01:00,ATROPELLO FUGA,1,0,0,CUSCO,QUISPICANCHI,ANDAHUAYLILLAS,RURAL,CARRETERA,NACIONAL,PE-3S,-13.680533903172822,-71.66163543419401,LLUVIOSO,RURAL,CURVA,PLANA ,ASFALTADA,SI,PREVENTIVA (P),,SI,IMPRUDENCIA DEL PEATÓN,ESTADO DE EBRIEDAD Y/O DROGADICCIÓN,1.0,0,51.0,51.0,51.0,51.0,1,0,1,0,0,1,2
A-2022-03-17,2022-03-06,04:00,ATROPELLO FUGA,1,0,0,TACNA,TACNA,TACNA,RURAL,CARRETERA,NACIONAL,PE-1S,-18.196019,-70.327957,,,,,,,,,,EN PROCESO DE INVESTIGACIÓN,NO CUENTA CON CAUSA ESPECIFICA,4.0,0,30.0,30.0,30.0,30.0,1,0,1,0,0,0,2
A-2022-03-225,2022-03-06,04:00,DESPISTE,1,0,0,JUNIN,CHANCHAMAYO,PICHANAQUI,RURAL,CARRETERA,PROVINCIAL,JU-1487,-10.933896050793132,-74.8367159943703,,,,,,,,,,EN PROCESO DE INVESTIGACIÓN,NO CUENTA CON CAUSA ESPECIFICA,4.0,0,21.0,21.0,21.0,21.0,1,1,1,0,0,0,1
A-2022-03-202,2022-03-06,05:09,CHOQUE FUGA,1,0,2,LIMA,HUAURA,SANTA MARIA,URBANA,CARRETERA,PROVINCIAL,LM-652,-11.093917881550526,-77.58225736843556,DESPEJADO,RESIDENCIAL,TRAMO RECTO,PLANA ,ASFALTADA,,,,,IMPRUDENCIA DEL CONDUCTOR,EXCESO DE VELOCIDAD,5.0,0,48.5,48.5,24.0,73.0,2,1,1,0,1,0,2
A-2022-03-131,2022-03-06,06:30,DESPISTE,1,0,1,PUNO,HUANCANE,TARACO,RURAL,CARRETERA,NACIONAL,PE-34H,-15.2713891,-69.8962317,DESPEJADO,RURAL,TRAMO RECTO,PLANA ,ASFALTADA,,,,,NEGLIGENCIA DEL CONDUCTOR,OTRO (NEGLIGENCIA DEL CONDUCTOR),6.0,0,60.0,60.0,60.0,60.0,1,1,1,0,1,0,1
A-2022-03-55,2022-03-06,06:30,DESPISTE,1,5,1,HUANCAVELICA,HUAYTARA,PILPICHACA,RURAL,CARRETERA,NACIONAL,PE-28A,-13.41957,-74.95678,NIEBLA,RURAL,CURVA,INCLINADA,ASFALTADA,SI,PREVENTIVA (P),REGULADORA (R),SI,EN PROCESO DE INVESTIGACIÓN,NO CUENTA CON CAUSA ESPECIFICA,6.0,0,43.5,48.0,24.0,54.0,2,1,1,5,1,0,7
A-2022-03-56,2022-03-06,13:00,CHOQUE,1,1,0,HUANCAVELICA,ANGARAES,LIRCAY,RURAL,CARRETERA,DEPARTAMENTAL,HV-116,-13.00148,-74.764165,,,,,,,,,,EN PROCESO DE INVESTIGACIÓN,NO CUENTA CON CAUSA ESPECIFICA,13.0,0,,,,,2,1,1,1,0,0,4
A-2022-03-15,2022-03-06,14:00,DESPISTE,2,0,1,AREQUIPA,CAMANA,MARIANO NICOLAS VALCARCEL,RURAL,CARRETERA,SIN CLASIFICAR,SIN CLASIFICAR,-16.02584647455192,-73.17319128532293,DESPEJADO,RURAL,OTRO,INCLINADA,TROCHA,,,,,EN PROCESO DE INVESTIGACIÓN,NO CUENTA CON CAUSA ESPECIFICA,14.0,1,31.0,31.0,11.0,51.0,2,1,2,0,0,0,2
A-2022-03-154,2022-03-06,16:15,CHOQUE,1,0,2,CUSCO,QUISPICANCHI,MARCAPATA,RURAL,CARRETERA,NACIONAL,PE-30C,-13.590382682521708,-70.95496693686286,DESPEJADO,RURAL,CURVA,PLANA ,ASFALTADA,,,,,IMPERICIA DEL CONDUCTOR,,16.0,0,23.0,27.0,8.0,34.0,2,2,1,0,2,0,3
A-2022-03-39,2022-03-06,16:30,ATROPELLO FUGA,1,0,0,CAJAMARCA,CAJABAMBA,CONDEBAMBA,URBANA,CARRETERA,NACIONAL,PE-3N,-7.46713058,-78.11290494,,,,,,,,,,EN PROCESO DE INVESTIGACIÓN,NO CUENTA CON CAUSA ESPECIFICA,16.0,0,61.0,61.0,33.0,89.0,1,1,1,0,1,0,3
A-2022-03-73,2022-03-06,19:45,ATROPELLO,1,0,1,LA LIBERTAD,TRUJILLO,EL PORVENIR,URBANA,CALLE,URBANO,NO CORRESPONDE,-8.074656,-79.008549,DESPEJADO,RESIDENCIAL,INTERSECCIÓN,PLANA ,ASFALTADA,,,,,IMPRUDENCIA DEL CONDUCTOR,CONDUCIR EN ESTADO DE EBRIEDAD Y/O DROGADICCIÓN,19.0,0,45.0,45.0,23.0,67.0,1,1,1,0,0,0,2
A-2022-03-238,2022-03-06,21:50,VOLCADURA,1,0,0,APURIMAC,GRAU,MICAELA BASTIDAS,RURAL,CARRETERA,NACIONAL,PE-3SF,-14.07484338971626,-72.62212003892782,,,,,,,,,,EN PROCESO DE INVESTIGACIÓN,NO CUENTA CON CAUSA ESPECIFICA,21.0,0,54.0,54.0,54.0,54.0,1,1,1,0,0,0,1
A-2022-03-10,2022-03-07,08:45,CAÍDA DE PASAJERO,1,1,1,TUMBES,CONTRALMIRANTE VILLAR,CANOAS DE PUNTA SAL,RURAL,CARRETERA,NACIONAL,PE-1N,-3.914975098119045,-80.88801017523916,SOLEADO,RURAL,CURVA,INCLINADA,ASFALTADA,,,,,IMPRUDENCIA DEL CONDUCTOR,EXCESO DE VELOCIDAD,8.0,0,18.0,18.0,7.0,29.0,0,1,1,1,1,0,2
A-2022-03-46,2022-03-07,11:18,CHOQUE,5,3,2,CAJAMARCA,CAJAMARCA,LLACANORA,RURAL,CARRETERA,NACIONAL,PE-3N,-7.195726,-78.368729,DESPEJADO,RURAL,TRAMO RECTO,PLANA ,ASFALTADA,,,,,EN PROCESO DE INVESTIGACIÓN,NO CUENTA CON CAUSA ESPECIFICA,11.0,2,25.555555555555557,24.0,16.0,46.0,5,2,5,3,0,0,9
A-2022-03-69,2022-03-07,14:10,ATROPELLO,1,0,1,AREQUIPA,AREQUIPA,SANTA RITA DE SIGUAS,RURAL,CARRETERA,NACIONAL,PE-1S,-16.410435,-72.055252,DESPEJADO,RURAL,INTERSECCIÓN,PLANA ,ASFALTADA,SI,REGULADORA (R),REGULADORA (R),NO,EN PROCESO DE INVESTIGACIÓN,NO CUENTA CON CAUSA ESPECIFICA,14.0,0,35.0,35.0,22.0,48.0,2,1,1,0,1,0,2
A-2022-03-214,2022-03-07,14:30,ATROPELLO,1,0,1,LIMA,LIMA,COMAS,URBANA,AVENIDA,URBANO,NO CORRESPONDE,-11.937831,-77.049489,DESPEJADO,COMERCIAL,TRAMO RECTO,PLANA ,ASFALTADA,,,,,EN PROCESO DE INVESTIGACIÓN,NO CUENTA CON CAUSA ESPECIFICA,14.0,0,58.0,58.0,44.0,72.0,2,1,1,0,0,0,2
A-2022-03-74,2022-03-07,14:30,CHOQUE,1,0,2,LA LIBERTAD,CHEPEN,PACANGA,RURAL,CARRETERA,NACIONAL,PE-1N,-7.150350381087838,-79.4508880048356,DESPEJADO,RURAL,TRAMO RECTO,PLANA ,ASFALTADA,,,,,IMPRUDENCIA DEL CONDUCTOR,OTRO (IMPRUDENCIA DEL CONDUCTOR),14.0,0,57.5,57.5,41.0,74.0,2,2,1,0,0,0,2
A-2022-03-70,2022-03-07,18:00,DESPISTE,2,0,1,ANCASH,YUNGAY,YANAMA,RURAL,CARRETERA,SIN CLASIFICAR,SIN CLASIFICAR,-8.903711450122605,-77.56473257769545,LLUVIOSO,RURAL,OTRO,INCLINADA,TROCHA,,,,,EN PROCESO DE INVESTIGACIÓN,NO CUENTA CON CAUSA ESPECIFICA,18.0,1,45.0,45.0,42.0,48.0,2,1,2,0,1,0,2
A-2022-03-232,2022-03-07,18:25,ATROPELLO,1,0,0,LIMA,LIMA,COMAS,URBANA,AVENIDA,URBANO,NO CORRESPONDE,-11.900935825697534,-77.03989323217921,DESPEJADO,COMERCIAL,INTERSECCIÓN,PLANA ,ASFALTADA,,,,,EN PROCESO DE INVESTIGACIÓN,NO CUENTA CON CAUSA ESPECIFICA,18.0,0,49.5,49.5,23.0,76.0,2,1,1,0,0,0,2
A-2022-03-215,2022-03-08,06:00,CHOQUE,1,0,2,LIMA,LIMA,EL AGUSTINO,URBANA,CARRETERA,NACIONAL,PE-1N,-12.02946,-76.999036,DESPEJADO,COMERCIAL,TRAMO RECTO,PLANA ,ASFALTADA,,,,,EN PROCESO DE INVESTIGACIÓN,NO CUENTA CON CAUSA ESPECIFICA,6.0,0,43.5,43.5,32.0,55.0,2,2,1,0,0,0,2
A-2022-03-137,2022-03-08,08:30,CHOQUE,1,0,2,PUNO,SAN ROMAN,JULIACA,URBANA,CARRETERA,NACIONAL,PE-34A,-15.492,-70.144125,SOLEADO,COMERCIAL,INTERSECCIÓN,PLANA ,ASFALTADA,,,,,IMPRUDENCIA DEL CONDUCTOR,NO DAR PASO PREFERENTE AL PEATÓN,8.0,0,46.5,46.5,33.0,60.0,2,2,1,0,1,0,2
A-2022-03-252,2022-03-08,09:40,CHOQUE,3,2,2,ICA,CHINCHA,CHINCHA ALTA,RURAL,CARRETERA,NACIONAL,PE-26,-13.412786,-76.084959,DESPEJADO,RURAL,CURVA,INCLINADA,ASFALTADA,,,,,IMPRUDENCIA DEL CONDUCTOR,INVASIÓN DE CARRIL,9.0,2,60.333333333333336,56.5,41.0,87.0,4,2,3,2,2,0,6
A-2022-03-247,2022-03-08,14:00,CHOQUE,1,0,0,AYACUCHO,HUAMANGA,JESUS NAZARENO,URBANA,AVENIDA,URBANO,NO CORRESPONDE,-13.14284649,-74.22042649,DESPEJADO,RESIDENCIAL,TRAMO RECTO,PLANA ,ASFALTADA,SI,PREVENTIVA (P),,NO,IMPRUDENCIA DEL CONDUCTOR,NO ESTABLECER EL DERECHO DE PASO,14.0,0,31.0,31.0,24.0,38.0,2,2,1,0,1,0,2
A-2022-03-289,2022-03-08,17:20,CHOQUE,1,0,0,LIMA,LIMA,PACHACAMAC,URBANA,AVENIDA,URBANO,NO CORRESPONDE,-12.1544186234116,-76.8693337967414,DESPEJADO,COMERCIAL,TRAMO RECTO,PLANA ,ASFALTADA,,,,,IMPRUDENCIA DEL CONDUCTOR,EXCESO DE VELOCIDAD,17.0,0,30.5,30.5,29.0,32.0,2,2,1,0,1,0,2
A-2022-03-90,2022-03-09,00:00,ATROPELLO,1,0,1,LA LIBERTAD,VIRU,CHAO,RURAL,CARRETERA,NACIONAL,PE-1N,-8.539943,-78.67644,DESPEJADO,RURAL,TRAMO RECTO,PLANA ,ASFALTADA,,,,,IMPRUDENCIA DEL PEATÓN,CRUCE INDEBIDO POR LA CALZADA,0.0,0,60.0,60.0,39.0,81.0,2,1,1,0,0,0,2
A-2022-03-254,2022-03-09,01:15,DESPISTE,2,5,1,ICA,CHINCHA,GROCIO PRADO,RURAL,CARRETERA,NACIONAL,PE-1S,-13.353544938238636,-76.22172841728349,DESPEJADO,RURAL,TRAMO RECTO,PLANA ,ASFALTADA,,,,,NEGLIGENCIA DEL CONDUCTOR,OTRO (NEGLIGENCIA DEL CONDUCTOR),1.0,1,49.0,49.5,35.0,62.0,3,1,2,5,1,0,7
A-2022-03-76,2022-03-09,04:50,DESPISTE,4,0,1,LA LIBERTAD,BOLIVAR,BAMBAMARCA,RURAL,CARRETERA,DEPARTAMENTAL,LI-125,-7.54598524765243,-77.71371781842402,LLUVIOSO,RURAL,TRAMO RECTO,PLANA ,TROCHA,,,,,IMPRUDENCIA DEL CONDUCTOR,FATIGA Y/O CANSANCIO,4.0,2,41.5,41.5,29.0,54.0,2,1,4,0,1,0,4
A-2022-03-104,2022-03-09,06:50,CHOQUE,1,0,2,LAMBAYEQUE,LAMBAYEQUE,LAMBAYEQUE,URBANA,CARRETERA,NACIONAL,PE-1N,-6.723075,-79.892557,DESPEJADO,INDUSTRIAL,TRAMO RECTO,PLANA ,ASFALTADA,,,,,EN PROCESO DE INVESTIGACIÓN,NO CUENTA CON CAUSA ESPECIFICA,6.0,0,44.5,44.5,44.0,45.0,2,2,1,0,1,0,2
A-2022-03-216,2022-03-09,14:00,CHOQUE,1,0,2,LIMA,LIMA,RIMAC,URBANA,CARRETERA,NACIONAL,PE-1N,-12.04027,-77.01653,DESPEJADO,INDUSTRIAL,TRAMO RECTO,PLANA ,ASFALTADA,,,,,EN PROCESO DE INVESTIGACIÓN,NO CUENTA CON CAUSA ESPECIFICA,14.0,0,38.5,38.5,30.0,47.0,2,2,1,0,0,0,2
A-2022-03-53,2022-03-09,15:15,ATROPELLO,1,0,0,CAJAMARCA,CAJABAMBA,CACHACHI,RURAL,CARRETERA,SIN CLASIFICAR,SIN CLASIFICAR,-7.62635833,-78.21360167,,,,,,,,,,EN PROCESO DE INVESTIGACIÓN,NO CUENTA CON CAUSA ESPECIFICA,15.0,0,28.5,28.5,4.0,53.0,2,1,1,0,0,0,2
A-2022-03-42,2022-03-09,16:00,DESPISTE,1,0,1,AREQUIPA,CARAVELI,QUICACHA,RURAL,CARRETERA,NACIONAL,PE-32,-15.62316608,-73.79733259,LLUVIOSO,RURAL,SINUOSA,INCLINADA,TROCHA,,,,,EN PROCESO DE INVESTIGACIÓN,NO CUENTA CON CAUSA ESPECIFICA,16.0,0,55.0,55.0,55.0,55.0,1,1,1,0,1,0,1
A-2022-03-132,2022-03-10,06:10,CHOQUE,1,0,2,PUNO,AZANGARO,SAN JUAN DE SALINAS,RURAL,CARRETERA,DEPARTAMENTAL,PU-153,-14.972485065416162,-70.14978086836956,DESPEJADO,RURAL,CURVA,PLANA ,AFIRMADO,,,,,IMPRUDENCIA DEL CONDUCTOR,CONDUCIR EN SENTIDO CONTRARIO,6.0,0,37.5,37.5,31.0,44.0,2,2,1,0,1,1,2
A-2022-03-234,2022-03-10,15:00,DESPISTE,1,0,0,ANCASH,PALLASCA,PALLASCA,RURAL,CARRETERA,NACIONAL,PE-3N,-8.268228316316504,-77.99048105842314,DESPEJADO,RURAL,SINUOSA,INCLINADA,TROCHA,,,,,EN PROCESO DE INVESTIGACIÓN,NO CUENTA CON CAUSA ESPECIFICA,15.0,0,44.0,44.0,44.0,44.0,1,1,1,0,1,0,1
A-2022-03-16,2022-03-10,18:00,CHOQUE,1,0,1,PUNO,PUNO,CAPACHICA,RURAL,CARRETERA,PROVINCIAL,PU-926,-15.673126628223365,-69.84928784225646,DESPEJADO,RURAL,TRAMO RECTO,PLANA ,ASFALTADA,,,,,IMPRUDENCIA DEL CONDUCTOR,OTRO (IMPRUDENCIA DEL CONDUCTOR),18.0,0,37.5,37.5,31.0,44.0,2,2,1,0,1,0,2
A-2022-03-253,2022-03-10,20:00,CHOQUE FUGA,1,0,0,LIMA,LIMA,SAN MARTIN DE PORRES,URBANA,AVENIDA,URBANO,NO CORRESPONDE,-11.949566403461,-77.0858316969476,,,,,,,,,,EN PROCESO DE INVESTIGACIÓN,NO CUENTA CON CAUSA ESPECIFICA,20.0,0,,,,,2,2,1,0,0,0,2
A-2022-03-77,2022-03-10,23:30,DESPISTE,1,0,1,LA LIBERTAD,VIRU,VIRU,RURAL,CARRETERA,PROVINCIAL,LI-1122,-8.460950404191363,-78.85554491169593,DESPEJADO,RURAL,TRAMO RECTO,PLANA ,AFIRMADO,,,,,EN PROCESO DE INVESTIGACIÓN,NO CUENTA CON CAUSA ESPECIFICA,23.0,0,28.0,28.0,28.0,28.0,1,1,1,0,0,0,1
A-2022-03-255,2022-03-11,02:00,CHOQUE,1,0,0,LIMA,LIMA,SAN JUAN DE LURIGANCHO,URBANA,AVENIDA,URBANO,NO CORRESPONDE,-11.970962,-76.992302,,,,,,,,,,EN PROCESO DE INVESTIGACIÓN,NO CUENTA CON CAUSA ESPECIFICA,2.0,0,,,,,2,2,1,0,0,0,2
A-2022-03-150,2022-03-11,04:30,DESPISTE,1,2,0,AYACUCHO,SUCRE,SAN PEDRO DE LARCAY,RURAL,OTRO,URBANO,NO CORRESPONDE,-14.168986,-73.57301,DESPEJADO,RURAL,CURVA,INCLINADA,AFIRMADO,,,,,IMPRUDENCIA DEL CONDUCTOR,EXCESO DE VELOCIDAD,4.0,0,26.333333333333332,32.0,14.0,33.0,3,1,1,2,1,0,3
A-2022-03-83,2022-03-11,09:30,DESPISTE,1,4,1,LA LIBERTAD,OTUZCO,USQUIL,RURAL,CARRETERA,SIN CLASIFICAR,SIN CLASIFICAR,-7.803343,-78.402325,LLUVIOSO,RURAL,CURVA,INCLINADA,TROCHA,,,,,NEGLIGENCIA DEL CONDUCTOR,OTRO (NEGLIGENCIA DEL CONDUCTOR),9.0,0,39.2,43.0,28.0,43.0,1,1,1,4,1,0,5
A-2022-03-185,2022-03-11,10:30,CHOQUE,1,7,2,CUSCO,CANCHIS,CHECACUPE,RURAL,CARRETERA,NACIONAL,PE-3S,-14.020605855797989,-71.45716071152206,LLUVIOSO,RURAL,TRAMO RECTO,PLANA ,ASFALTADA,SI,PREVENTIVA (P),REGULADORA (R),NO,IMPRUDENCIA DEL CONDUCTOR,VEHÍCULO MAL ESTACIONADO,10.0,0,30.77777777777778,21.0,15.0,63.0,3,2,1,7,2,0,9
A-2022-03-133,2022-03-11,18:30,CHOQUE,1,3,2,PUNO,CARABAYA,CRUCERO,RURAL,CARRETERA,DEPARTAMENTAL,PU-106,-14.361764812056052,-69.82151095208351,DESPEJADO,RURAL,TRAMO RECTO,PLANA ,ASFALTADA,,,,,IMPRUDENCIA DEL CONDUCTOR,CONDUCIR EN SENTIDO CONTRARIO,18.0,0,43.6,45.0,26.0,64.0,5,2,1,3,2,0,5
A-2022-03-257,2022-03-11,19:50,ATROPELLO,1,0,0,LIMA,LIMA,LIMA,URBANA,AVENIDA,URBANO,NO CORRESPONDE,-12.057647,-77.067668,DESPEJADO,RURAL,TRAMO RECTO,PLANA ,ASFALTADA,,,,,EN PROCESO DE INVESTIGACIÓN,NO CUENTA CON CAUSA ESPECIFICA,19.0,0,,,,,2,1,1,0,0,0,2
A-2022-03-233,2022-03-12,00:30,CHOQUE,1,1,0,ANCASH,HUARMEY,HUARMEY,RURAL,CARRETERA,NACIONAL,PE-1N,-10.203143,-78.050151,DESPEJADO,RURAL,TRAMO RECTO,PLANA ,ASFALTADA,,,,,EN PROCESO DE INVESTIGACIÓN,NO CUENTA CON CAUSA ESPECIFICA,0.0,0,37.5,37.5,28.0,47.0,2,2,1,1,2,0,3
A-2022-03-286,2022-03-12,02:00,ATROPELLO FUGA,1,0,0,SAN MARTIN,LAMAS,CAYNARACHI,RURAL,CARRETERA,NACIONAL,PE-5NB,-6.143272754,-76.26906961,,,,,,,,,,EN PROCESO DE INVESTIGACIÓN,NO CUENTA CON CAUSA ESPECIFICA,2.0,0,17.0,17.0,17.0,17.0,1,0,1,0,0,0,2
A-2022-03-245,2022-03-12,03:40,ATROPELLO,1,0,0,AYACUCHO,LA MAR,SAN MIGUEL,URBANA,CARRETERA,DEPARTAMENTAL,AY-102,-13.05425248,-73.95491305,DESPEJADO,RURAL,TRAMO RECTO,PLANA ,ASFALTADA,SI,PREVENTIVA (P),,NO,IMPRUDENCIA DEL CONDUCTOR,OTRO (IMPRUDENCIA DEL CONDUCTOR),3.0,0,53.5,53.5,48.0,59.0,2,1,1,0,1,0,2
A-2022-03-43,2022-03-12,06:00,DESPISTE,1,0,2,AREQUIPA,CAMANA,SAMUEL PASTOR,URBANA,AVENIDA,URBANO,NO CORRESPONDE,-16.61005310771141,-72.70527483355946,DESPEJADO,RURAL,TRAMO RECTO,PLANA ,ASFALTADA,,,,,EN PROCESO DE INVESTIGACIÓN,NO CUENTA CON CAUSA ESPECIFICA,6.0,0,46.0,46.0,29.0,63.0,2,2,1,0,1,1,2
A-2022-03-239,2022-03-12,07:00,VOLCADURA,1,0,0,APURIMAC,GRAU,VILCABAMBA,RURAL,AVENIDA,URBANO,NO CORRESPONDE,-14.078797918383271,-72.62581486234875,,,,,,,,,,EN PROCESO DE INVESTIGACIÓN,NO CUENTA CON CAUSA ESPECIFICA,7.0,0,38.0,38.0,38.0,38.0,1,1,1,0,0,0,1
A-2022-03-235,2022-03-12,08:35,ATROPELLO,1,0,0,ANCASH,SANTA,CHIMBOTE,URBANA,AVENIDA,URBANO,NO CORRESPONDE,-9.074472820484136,-78.57626927976929,DESPEJADO,COMERCIAL,INTERSECCIÓN,PLANA ,ASFALTADA,,,,,EN PROCESO DE INVESTIGACIÓN,NO CUENTA CON CAUSA ESPECIFICA,8.0,0,51.0,51.0,22.0,80.0,2,1,1,0,0,0,2
A-2022-03-224,2022-03-12,15:10,CHOQUE,1,0,2,HUANUCO,LEONCIO PRADO,PUEBLO NUEVO,RURAL,CARRETERA,NACIONAL,PE-5N,-9.149739,-75.988285,NUBLADO,RURAL,CURVA,PLANA ,ASFALTADA,SI,PREVENTIVA (P),REGULADORA (R),NO,IMPRUDENCIA DEL CONDUCTOR,EXCESO DE VELOCIDAD,15.0,0,33.0,33.0,21.0,45.0,2,2,1,0,2,0,2
A-2022-03-123,2022-03-12,19:30,CHOQUE,1,0,2,PIURA,PIURA,LA UNION,URBANA,CALLE,URBANO,NO CORRESPONDE,-5.380902,-80.761395,DESPEJADO,COMERCIAL,TRAMO RECTO,PLANA ,AFIRMADO,,,,,EN PROCESO DE INVESTIGACIÓN,NO CUENTA CON CAUSA ESPECIFICA,19.0,0,86.0,86.0,86.0,86.0,1,0,1,0,0,0,3
A-2022-03-71,2022-03-13,03:30,ATROPELLO,1,0,1,AREQUIPA,ISLAY,ISLAY,RURAL,CARRETERA,NACIONAL,PE-1SD,-16.998379,-72.062978,DESPEJADO,RURAL,TRAMO RECTO,INCLINADA,ASFALTADA,NO,,,SI,EN PROCESO DE INVESTIGACIÓN,NO CUENTA CON CAUSA ESPECIFICA,3.0,0,25.0,25.0,19.0,31.0,2,1,1,0,1,0,2