CODIGO_SINIESTRO,FECHA_SINIESTRO,HORA_SINIESTRO,CLASE_SINIESTRO,CANTIDAD_FALLECIDOS,CANTIDAD_LESIONADOS,CANTIDAD_VEHICULOS,DEPARTAMENTO,PROVINCIA,DISTRITO,ZONA,TIPO_VIA,RED_VIAL,COD_CARRETERA,LATITUD,LONGITUD,CONDICION_CLIMATICA,ZONIFICACION,CARACTERISTICAS_VIA,PERFIL_VIA,SUPERFICIE_CALZADA,EXISTE_SENIAL_VERTICAL,CLASIFICACION_SENIAL_VERTICAL_1,CLASIFICACION_SENIAL_VERTICAL_2,EXISTE_SENIAL_HORIZONTAL,CAUSA_FACTOR_PRINCIPAL,CAUSA_ESPECIFICA,HORA,severidad,EDAD_PROMEDIO,EDAD_MEDIANA,EDAD_MIN,EDAD_MAX,TOTAL_MASCULINOS,TOTAL_CONDUCTORES,TOTAL_FALLECIDOS_AGG,TOTAL_LESIONADOS_AGG,TOTAL_LICENCIA,TOTAL_ALCOHOL_POSITIVO,TOTAL_PERSONAS
A-2022-03-109,2022-03-13,04:00,CHOQUE FUGA,1,0,2,AREQUIPA,AREQUIPA,AREQUIPA,URBANA,CALLE,URBANO,NO CORRESPONDE,-16.397815544469076,-71.53264756050224,DESPEJADO,RESIDENCIAL,TRAMO RECTO,PLANA ,ASFALTADA,,,,,EN PROCESO DE INVESTIGACIÓN,NO CUENTA CON CAUSA ESPECIFICA,4.0,0,43.0,43.0,43.0,43.0,1,1,1,0,0,0,2
A-2022-03-33,2022-03-13,04:00,ATROPELLO FUGA,1,0,0,ICA,PISCO,SAN CLEMENTE,URBANA,CALLE,URBANO,NO CORRESPONDE,-13.679180967830352,-76.15231400319837,DESPEJADO,RESIDENCIAL,INTERSECCIÓN,PLANA ,ASFALTADA,,,,,EN PROCESO DE INVESTIGACIÓN,NO CUENTA CON CAUSA ESPECIFICA,4.0,0,43.0,43.0,43.0,43.0,1,0,1,0,0,0,2
A-2022-03-32,2022-03-13,05:45,ATROPELLO FUGA,1,0,0,ICA,ICA,SALAS,RURAL,CARRETERA,NACIONAL,PE-1S,-13.930563763669994,-75.93926083155701,DESPEJADO,RURAL,TRAMO RECTO,PLANA ,ASFALTADA,,,,,EN PROCESO DE INVESTIGACIÓN,NO CUENTA CON CAUSA ESPECIFICA,5.0,0,42.0,42.0,42.0,42.0,1,0,1,0,0,0,2
A-2022-03-284,2022-03-13,06:00,CHOQUE,1,0,0,MADRE DE DIOS,TAMBOPATA,LABERINTO,,CARRETERA,PROVINCIAL,MD-529,-12.760173,-69.566378,,,,,,,,,,EN PROCESO DE INVESTIGACIÓN,NO CUENTA CON CAUSA ESPECIFICA,6.0,0,50.0,50.0,42.0,58.0,2,2,1,0,0,0,2
A-2022-03-165,2022-03-13,07:10,CHOQUE,2,1,0,LIMA,HUAURA,VEGUETA,RURAL,CARRETERA,NACIONAL,PE-1N,-11.002744,-77.617208,DESPEJADO,RURAL,INTERSECCIÓN,PLANA ,ASFALTADA,SI,REGULADORA (R),REGULADORA (R),NO,IMPRUDENCIA DEL CONDUCTOR,EXCESO DE VELOCIDAD,7.0,1,59.75,61.0,42.0,75.0,3,2,2,1,2,0,4
A-2022-03-259,2022-03-13,11:40,ATROPELLO,1,0,0,LIMA,LIMA,SAN JUAN DE LURIGANCHO,URBANA,AVENIDA,URBANO,NO CORRESPONDE,-11.9927389,-77.0108661,,,,,,,,,,EN PROCESO DE INVESTIGACIÓN,NO CUENTA CON CAUSA ESPECIFICA,11.0,0,,,,,1,1,1,0,0,0,2
A-2022-03-205,2022-03-13,14:40,DESPISTE,1,1,1,LIMA,HUAURA,SAYAN,RURAL,CARRETERA,NACIONAL,PE-18,-11.13827,-77.202376,DESPEJADO,RURAL,CURVA,PLANA ,ASFALTADA,SI,PREVENTIVA (P),,NO,IMPRUDENCIA DEL CONDUCTOR,EXCESO DE VELOCIDAD,14.0,0,47.5,47.5,18.0,77.0,1,1,1,1,1,0,2
A-2022-03-126,2022-03-13,16:10,ESPECIAL,2,0,1,LA LIBERTAD,PATAZ,PATAZ,RURAL,CARRETERA,DEPARTAMENTAL,LI-124,-7.697309,-77.66172,LLUVIOSO,RURAL,TRAMO RECTO,PLANA ,TROCHA,,,,,INFRAESTRUCTURA Y ENTORNO VIAL,FACTOR AMBIENTAL,16.0,1,43.0,43.0,42.0,44.0,1,1,2,0,1,0,2
A-2022-03-157,2022-03-13,18:00,DESPISTE,1,3,1,CAJAMARCA,SAN PABLO,SAN PABLO,RURAL,CARRETERA,PROVINCIAL,CA-1290,-7.07082,-78.782245,NUBLADO,RURAL,CURVA,PLANA ,TROCHA,,,,,EN PROCESO DE INVESTIGACIÓN,NO CUENTA CON CAUSA ESPECIFICA,18.0,0,39.25,42.5,26.0,46.0,1,1,1,3,0,0,5
A-2022-03-240,2022-03-13,18:00,VOLCADURA,1,0,0,APURIMAC,ANTABAMBA,ANTABAMBA,RURAL,CARRETERA,DEPARTAMENTAL,AP-108,-14.38790873,-72.8574167,,,,,,,,,,EN PROCESO DE INVESTIGACIÓN,NO CUENTA CON CAUSA ESPECIFICA,18.0,0,33.0,33.0,28.0,38.0,1,1,1,0,0,0,2
A-2022-03-155,2022-03-13,19:20,DESPISTE,1,0,1,CUSCO,ACOMAYO,MOSOC LLACTA,RURAL,CARRETERA,SIN CLASIFICAR,SIN CLASIFICAR,-14.12253511866947,-71.4743294606795,DESPEJADO,RURAL,TRAMO RECTO,PLANA ,ASFALTADA,,,,,IMPRUDENCIA DEL CONDUCTOR,EXCESO DE VELOCIDAD,19.0,0,46.5,46.5,43.0,50.0,1,1,1,0,1,0,2
A-2022-03-226,2022-03-13,21:10,CHOQUE,1,0,0,JUNIN,SATIPO,SATIPO,URBANA,CARRETERA,NACIONAL,PE-24A,-11.247796338571344,-74.63722939014922,,,,,,,,,,EN PROCESO DE INVESTIGACIÓN,NO CUENTA CON CAUSA ESPECIFICA,21.0,0,26.5,26.5,21.0,32.0,2,2,1,0,1,0,2
A-2022-03-156,2022-03-13,23:30,CHOQUE,1,0,1,CAJAMARCA,JAEN,PUCARA,RURAL,CARRETERA,NACIONAL,PE-3N,-6.059592,-79.075479,DESPEJADO,RURAL,TRAMO RECTO,PLANA ,ASFALTADA,NO,,,SI,EN PROCESO DE INVESTIGACIÓN,NO CUENTA CON CAUSA ESPECIFICA,23.0,0,29.5,29.5,29.0,30.0,2,2,1,0,0,0,2
A-2022-03-236,2022-03-14,03:20,CHOQUE,1,1,0,ANCASH,CASMA,CASMA,RURAL,CARRETERA,NACIONAL,PE-1N,-9.457931,-78.33327,DESPEJADO,RURAL,TRAMO RECTO,PLANA ,ASFALTADA,,,,,EN PROCESO DE INVESTIGACIÓN,NO CUENTA CON CAUSA ESPECIFICA,3.0,0,24.5,24.5,19.0,30.0,2,2,1,1,0,1,2
A-2022-03-218,2022-03-14,04:50,CHOQUE,3,1,2,HUANUCO,LEONCIO PRADO,MARIANO DAMASO BERAUN,RURAL,CARRETERA,NACIONAL,PE-18A,-9.443862,-75.973997,NUBLADO,RURAL,CURVA,PLANA ,ASFALTADA,SI,PREVENTIVA (P),PREVENTIVA (P),NO,IMPRUDENCIA DEL CONDUCTOR,EXCESO DE VELOCIDAD,4.0,2,37.6,37.0,27.0,49.0,5,2,3,1,2,0,5
A-2022-03-113,2022-03-14,05:30,CHOQUE,1,0,2,AREQUIPA,AREQUIPA,CERRO COLORADO,URBANA,CARRETERA,DEPARTAMENTAL,AR-123,-16.362057,-71.624069,DESPEJADO,COMERCIAL,TRAMO RECTO,PLANA ,ASFALTADA,,,,,EN PROCESO DE INVESTIGACIÓN,NO CUENTA CON CAUSA ESPECIFICA,5.0,0,34.0,34.0,33.0,35.0,2,2,1,0,2,0,2
A-2022-03-242,2022-03-14,06:00,ATROPELLO FUGA,1,0,0,HUANUCO,HUANUCO,PILLCO MARCA,URBANA,CARRETERA,NACIONAL,PE-3N,-10.010606,-76.236774,DESPEJADO,RURAL,TRAMO RECTO,PLANA ,ASFALTADA,,,,,IMPRUDENCIA DEL PEATÓN,ESTADO DE EBRIEDAD Y/O DROGADICCIÓN,6.0,0,52.0,52.0,52.0,52.0,1,0,1,0,0,0,2
A-2022-03-54,2022-03-14,06:15,CHOQUE,2,4,2,CAJAMARCA,CAJAMARCA,SAN JUAN,RURAL,CARRETERA,NACIONAL,PE-08,-7.2774845,-78.52642799,NIEBLA,RURAL,TRAMO RECTO,INCLINADA,ASFALTADA,NO,,,SI,EN PROCESO DE INVESTIGACIÓN,NO CUENTA CON CAUSA ESPECIFICA,6.0,1,50.142857142857146,54.0,34.0,61.0,5,2,2,4,0,0,7
A-2022-03-124,2022-03-14,06:40,CHOQUE,1,2,2,PIURA,MORROPON,LA MATANZA,RURAL,CARRETERA,NACIONAL,PE-1NJ,-5.34912333203378,-80.0677052977847,DESPEJADO,RURAL,TRAMO RECTO,PLANA ,ASFALTADA,,,,,IMPERICIA DEL CONDUCTOR,,6.0,0,41.5,42.0,20.0,62.0,4,2,1,2,1,0,4
A-2022-03-237,2022-03-14,09:40,CHOQUE,2,3,3,ANCASH,SANTA,CHIMBOTE,URBANA,CARRETERA,NACIONAL,PE-1N,-9.09944219246969,-78.56271890109753,DESPEJADO,COMERCIAL,INTERSECCIÓN,PLANA ,ASFALTADA,,,,,IMPRUDENCIA DEL CONDUCTOR,INVASIÓN DE CARRIL,9.0,1,33.0,33.0,21.0,45.0,6,3,2,3,3,0,7
A-2022-03-250-B,2022-03-14,10:00,DESPISTE,1,1,0,APURIMAC,AYMARAES,COTARUSE,RURAL,CARRETERA,NACIONAL,PE-30A,-14.46204805,-73.23595172,,,,,,,,,,EN PROCESO DE INVESTIGACIÓN,NO CUENTA CON CAUSA ESPECIFICA,10.0,0,25.0,25.0,16.0,34.0,2,1,1,1,0,0,2
A-2022-03-249,2022-03-14,15:30,DESPISTE,3,0,1,LIMA,HUARAL,ATAVILLOS ALTO,RURAL,CARRETERA,NACIONAL,PE-20C,-11.26035498474348,-76.74175576376878,DESPEJADO,RURAL,CURVA,PLANA ,AFIRMADO,SI,PREVENTIVA (P),PREVENTIVA (P),NO,IMPRUDENCIA DEL CONDUCTOR,EXCESO DE VELOCIDAD,15.0,2,62.333333333333336,59.0,51.0,77.0,1,1,3,0,1,0,3
A-2022-03-288,2022-03-14,17:00,ATROPELLO,1,1,0,LORETO,MAYNAS,BELEN,URBANA,AVENIDA,URBANO,NO CORRESPONDE,-3.7649589,-73.2590273,,,,,,,,,,EN PROCESO DE INVESTIGACIÓN,NO CUENTA CON CAUSA ESPECIFICA,17.0,0,35.5,35.5,30.0,41.0,2,1,1,1,0,0,2
A-2022-03-178,2022-03-14,21:20,CHOQUE,1,1,2,PIURA,PIURA,VEINTISEIS DE OCTUBRE,URBANA,CARRETERA,NACIONAL,PE-1N,-5.178503,-80.666686,DESPEJADO,COMERCIAL,TRAMO RECTO,PLANA ,ASFALTADA,,,,,IMPRUDENCIA DEL CONDUCTOR,EXCESO DE VELOCIDAD,21.0,0,36.5,36.5,32.0,41.0,2,2,1,1,1,1,2
A-2022-03-49,2022-03-15,12:27,ESPECIAL,1,0,1,ANCASH,HUARAZ,HUARAZ,URBANA,OTRO,URBANO,NO CORRESPONDE,-9.52967998407476,-77.53063566634897,DESPEJADO,COMERCIAL,INTERSECCIÓN,INCLINADA,CONCRETO,SI,REGULADORA (R),REGULADORA (R),SI,NEGLIGENCIA DEL CONDUCTOR,OTRO (NEGLIGENCIA DEL CONDUCTOR),12.0,0,32.0,32.0,32.0,32.0,1,1,1,0,1,0,1
A-2022-03-260,2022-03-15,23:30,ATROPELLO,1,0,0,LIMA,LIMA,SAN JUAN DE LURIGANCHO,URBANA,CARRETERA,PROVINCIAL,LM-711,-11.9255698497521,-76.9636556981117,,,,,,,,,,EN PROCESO DE INVESTIGACIÓN,NO CUENTA CON CAUSA ESPECIFICA,23.0,0,,,,,1,1,1,0,0,0,2
A-2022-03-261,2022-03-16,01:00,DESPISTE,1,1,0,LIMA,LIMA,SAN ISIDRO,URBANA,OTRO,URBANO,NO CORRESPONDE,-12.108192,-77.058571,,,,,,,,,,EN PROCESO DE INVESTIGACIÓN,NO CUENTA CON CAUSA ESPECIFICA,1.0,0,,,,,1,1,1,1,0,0,2
A-2022-03-151,2022-03-16,06:20,CHOQUE,1,0,1,AYACUCHO,HUANTA,HUANTA,RURAL,CARRETERA,NACIONAL,PE-3S,-12.928738,-74.267617,DESPEJADO,RURAL,CURVA,PLANA ,ASFALTADA,,,,,IMPRUDENCIA DEL CONDUCTOR,CONDUCIR EN ESTADO DE EBRIEDAD Y/O DROGADICCIÓN,6.0,0,40.5,40.5,37.0,44.0,2,2,1,0,2,1,2
A-2022-03-111,2022-03-16,06:30,CHOQUE,1,3,2,AREQUIPA,CAYLLOMA,SAN ANTONIO DE CHUCA,RURAL,CARRETERA,NACIONAL,PE-34A,-15.865493,-71.130546,DESPEJADO,RURAL,CURVA,PLANA ,ASFALTADA,NO,,,SI,EN PROCESO DE INVESTIGACIÓN,NO CUENTA CON CAUSA ESPECIFICA,6.0,0,36.4,43.0,14.0,57.0,3,2,1,3,2,0,5
A-2022-03-227,2022-03-16,11:00,ATROPELLO,1,0,0,PASCO,OXAPAMPA,OXAPAMPA,URBANA,CARRETERA,NACIONAL,PE-5NA,-10.574368742497535,-75.40626162704564,,,,,,,,,,EN PROCESO DE INVESTIGACIÓN,NO CUENTA CON CAUSA ESPECIFICA,11.0,0,47.5,47.5,35.0,60.0,2,1,1,0,1,0,2
A-2022-03-110,2022-03-16,18:00,CHOQUE,1,0,2,LAMBAYEQUE,FERREÑAFE,PITIPO,RURAL,CARRETERA,SIN CLASIFICAR,SIN CLASIFICAR,-6.464714,-79.736062,DESPEJADO,RURAL,TRAMO RECTO,PLANA ,ASFALTADA,,,,,EN PROCESO DE INVESTIGACIÓN,NO CUENTA CON CAUSA ESPECIFICA,18.0,0,55.0,55.0,45.0,65.0,2,2,1,0,1,0,2
A-2022-03-84,2022-03-16,18:00,DESPISTE,1,3,1,LA LIBERTAD,SANCHEZ CARRION,MARCABAL,RURAL,CARRETERA,SIN CLASIFICAR,SIN CLASIFICAR,-7.722098291763188,-77.90409563007718,LLUVIOSO,RURAL,TRAMO RECTO,PLANA ,TROCHA,,,,,IMPRUDENCIA DEL CONDUCTOR,EXCESO DE VELOCIDAD,18.0,0,23.4,27.0,9.0,34.0,2,1,1,3,1,0,5
A-2022-03-147,2022-03-16,18:40,CHOQUE,1,0,2,LAMBAYEQUE,CHICLAYO,POMALCA,RURAL,CARRETERA,NACIONAL,PE-06A,-6.780738,-79.775901,DESPEJADO,RURAL,CURVA,PLANA ,ASFALTADA,,,,,EN PROCESO DE INVESTIGACIÓN,NO CUENTA CON CAUSA ESPECIFICA,18.0,0,50.5,50.5,41.0,60.0,2,2,1,0,1,0,2
A-2022-03-92,2022-03-16,19:25,ATROPELLO FUGA,1,0,0,TACNA,TACNA,TACNA,RURAL,CARRETERA,NACIONAL,PE-1S,-18.299647,-70.315496,,,,,,,,,,EN PROCESO DE INVESTIGACIÓN,NO CUENTA CON CAUSA ESPECIFICA,19.0,0,21.0,21.0,21.0,21.0,1,0,1,0,0,0,2
A-2022-03-285,2022-03-17,05:30,DESPISTE,1,0,1,PIURA,PIURA,CASTILLA,URBANA,CARRETERA,DEPARTAMENTAL,PI-126,-5.188331619680699,-80.60983030723118,DESPEJADO,COMERCIAL,TRAMO RECTO,PLANA ,ASFALTADA,,,,,NEGLIGENCIA DEL CONDUCTOR,OTRO (NEGLIGENCIA DEL CONDUCTOR),5.0,0,77.0,77.0,77.0,77.0,1,1,1,0,1,0,1
A-2022-03-112,2022-03-17,05:55,ATROPELLO FUGA,1,0,1,LAMBAYEQUE,CHICLAYO,LAGUNAS,RURAL,CARRETERA,NACIONAL,PE-1N,-6.927695,-79.74143,DESPEJADO,RURAL,TRAMO RECTO,PLANA ,ASFALTADA,,,,,EN PROCESO DE INVESTIGACIÓN,NO CUENTA CON CAUSA ESPECIFICA,5.0,0,53.0,53.0,53.0,53.0,1,0,1,0,0,0,2
A-2022-03-64,2022-03-17,09:45,CHOQUE,1,0,2,SAN MARTIN,MOYOBAMBA,MOYOBAMBA,RURAL,CARRETERA,NACIONAL,PE-5N,-6.045425,-77.016127,DESPEJADO,RURAL,CURVA,PLANA ,ASFALTADA,,,,,IMPRUDENCIA DEL CONDUCTOR,OTRO (IMPRUDENCIA DEL CONDUCTOR),9.0,0,36.5,36.5,33.0,40.0,2,2,1,0,1,0,2
A-2022-03-85,2022-03-17,13:00,CHOQUE,1,3,2,LA LIBERTAD,ASCOPE,SANTIAGO DE CAO,RURAL,CARRETERA,DEPARTAMENTAL,LI-103,-7.8806646233416435,-79.21294547432167,DESPEJADO,RURAL,TRAMO RECTO,PLANA ,ASFALTADA,,,,,IMPRUDENCIA DEL CONDUCTOR,OTRO (IMPRUDENCIA DEL CONDUCTOR),13.0,0,39.166666666666664,40.5,29.0,46.0,2,2,1,3,2,0,6
A-2022-03-262,2022-03-17,18:00,DESPISTE,1,1,1,PIURA,TALARA,LOS ORGANOS,RURAL,CARRETERA,NACIONAL,PE-1N,-4.221164057682058,-81.16719623639703,DESPEJADO,RURAL,CURVA,INCLINADA,ASFALTADA,SI,PREVENTIVA (P),,NO,IMPRUDENCIA DEL CONDUCTOR,EXCESO DE VELOCIDAD,18.0,0,32.5,32.5,25.0,40.0,2,1,1,1,1,0,2
A-2022-03-175,2022-03-18,12:15,VOLCADURA,1,12,1,CUSCO,CUSCO,CUSCO,RURAL,CARRETERA,PROVINCIAL,CU-1259,-13.555421,-72.021903,DESPEJADO,RURAL,CURVA,PLANA ,AFIRMADO,,,,,IMPRUDENCIA DEL CONDUCTOR,EXCESO DE VELOCIDAD,12.0,0,39.142857142857146,35.5,27.0,76.0,3,1,1,12,0,0,14
A-2022-03-243,2022-03-18,15:00,DESPISTE,1,1,1,HUANUCO,HUANUCO,AMARILIS,RURAL,CARRETERA,SIN CLASIFICAR,SIN CLASIFICAR,-9.919618,-76.176757,DESPEJADO,RURAL,TRAMO RECTO,PLANA ,TROCHA,,,,,IMPRUDENCIA DEL CONDUCTOR,FATIGA Y/O CANSANCIO,15.0,0,34.0,34.0,34.0,34.0,1,1,1,1,0,0,2
A-2022-03-134,2022-03-18,15:45,DESPISTE,1,0,1,PUNO,MOHO,MOHO,RURAL,CARRETERA,NACIONAL,PE-34I,-15.31287060453219,-69.5469975128075,DESPEJADO,RURAL,TRAMO RECTO,PLANA ,ASFALTADA,,,,,IMPRUDENCIA DEL CONDUCTOR,EXCESO DE VELOCIDAD,15.0,0,25.0,25.0,25.0,25.0,1,1,1,0,1,0,1
A-2022-03-86,2022-03-18,17:30,CHOQUE,1,4,2,LA LIBERTAD,CHEPEN,PACANGA,RURAL,CARRETERA,NACIONAL,PE-1N,-7.123959,-79.482107,DESPEJADO,RURAL,TRAMO RECTO,PLANA ,ASFALTADA,,,,,IMPRUDENCIA DEL CONDUCTOR,GIRAR IMPRUDENTEMENTE,17.0,0,32.666666666666664,32.0,3.0,66.0,3,2,1,4,1,0,6
A-2022-03-166,2022-03-18,18:30,ATROPELLO,1,0,0,LIMA,HUAURA,HUAURA,URBANA,CARRETERA,DEPARTAMENTAL,LM-101,-11.066938,-77.598471,DESPEJADO,RESIDENCIAL,TRAMO RECTO,PLANA ,ASFALTADA,,,,,IMPRUDENCIA DEL CONDUCTOR,EXCESO DE VELOCIDAD,18.0,0,48.0,48.0,20.0,76.0,2,1,1,0,0,0,2
A-2022-03-263,2022-03-18,21:00,CHOQUE,1,0,0,LIMA,LIMA,CARABAYLLO,URBANA,AVENIDA,URBANO,NO CORRESPONDE,-11.897196,-77.029915,,,,,,,,,,EN PROCESO DE INVESTIGACIÓN,NO CUENTA CON CAUSA ESPECIFICA,21.0,0,,,,,2,2,1,0,0,0,2
A-2022-03-264,2022-03-18,22:00,CHOQUE,1,1,2,PIURA,SULLANA,SULLANA,URBANA,CARRETERA,DEPARTAMENTAL,PI-102,-4.906676289439571,-80.7149380373635,DESPEJADO,RURAL,TRAMO RECTO,PLANA ,ASFALTADA,,,,,IMPRUDENCIA DEL CONDUCTOR,CONDUCIR EN ESTADO DE EBRIEDAD Y/O DROGADICCIÓN,22.0,0,32.5,32.5,30.0,35.0,2,2,1,1,0,0,2
A-2022-03-159,2022-03-18,22:35,CHOQUE,1,0,0,CAJAMARCA,CUTERVO,CUTERVO,URBANA,CARRETERA,NACIONAL,PE-3N,-6.381019,-78.813507,,,,,,,,,,EN PROCESO DE INVESTIGACIÓN,NO CUENTA CON CAUSA ESPECIFICA,22.0,0,21.0,21.0,21.0,21.0,1,1,1,0,0,0,1
A-2022-03-228,2022-03-19,17:20,CHOQUE,1,2,0,JUNIN,SATIPO,SATIPO,URBANA,JIRÓN,URBANO,NO CORRESPONDE,-11.258276821799369,-74.63794284265961,,,,,,,,,,EN PROCESO DE INVESTIGACIÓN,NO CUENTA CON CAUSA ESPECIFICA,17.0,0,25.25,22.5,5.0,51.0,3,2,1,2,1,0,4
A-2022-03-62,2022-03-19,18:20,CHOQUE,1,0,2,PUNO,PUNO,PICHACANI,RURAL,CARRETERA,NACIONAL,PE-36B,-16.134248643016267,-70.04472892880808,DESPEJADO,RURAL,TRAMO RECTO,PLANA ,ASFALTADA,NO,,,SI,IMPRUDENCIA DEL CONDUCTOR,OTRO (IMPRUDENCIA DEL CONDUCTOR),18.0,0,60.0,60.0,53.0,67.0,2,2,1,0,1,0,2
A-2022-03-190,2022-03-19,20:00,ATROPELLO FUGA,1,0,0,PUNO,MELGAR,AYAVIRI,RURAL,CARRETERA,NACIONAL,PE-3S,-14.9063508,-70.5833486,DESPEJADO,RURAL,TRAMO RECTO,PLANA ,ASFALTADA,,,,,IMPRUDENCIA DEL CONDUCTOR,EXCESO DE VELOCIDAD,20.0,0,38.0,38.0,38.0,38.0,1,0,1,0,0,0,2
A-2022-03-191,2022-03-19,22:22,DESPISTE,1,0,1,PUNO,AZANGARO,AZANGARO,RURAL,CARRETERA,DEPARTAMENTAL,PU-111,-14.861094,-70.083645,DESPEJADO,RURAL,TRAMO RECTO,PLANA ,ASFALTADA,,,,,IMPERICIA DEL CONDUCTOR,,22.0,0,59.0,59.0,59.0,59.0,1,1,1,0,0,0,1
A-2022-03-204,2022-03-20,01:30,CHOQUE,1,0,2,LIMA,HUAURA,VEGUETA,RURAL,CARRETERA,NACIONAL,PE-1N,-11.002965,-77.617296,DESPEJADO,RURAL,TRAMO RECTO,PLANA ,ASFALTADA,SI,REGULADORA (R),,NO,IMPRUDENCIA DEL CONDUCTOR,CONDUCIR EN ESTADO DE EBRIEDAD Y/O DROGADICCIÓN,1.0,0,32.0,32.0,25.0,39.0,2,2,1,0,2,0,2
A-2022-03-209,2022-03-20,02:00,DESPISTE,1,1,1,JUNIN,HUANCAYO,SICAYA,RURAL,CARRETERA,NACIONAL,PE-3SB,-12.0298718,-75.2663292,DESPEJADO,RURAL,TRAMO RECTO,PLANA ,ASFALTADA,,,,,IMPRUDENCIA DEL CONDUCTOR,CONDUCIR EN ESTADO DE EBRIEDAD Y/O DROGADICCIÓN,2.0,0,33.333333333333336,26.0,25.0,49.0,2,1,1,1,1,1,3
A-2022-03-128,2022-03-20,02:30,DESPISTE,1,0,1,PIURA,PIURA,VEINTISEIS DE OCTUBRE,URBANA,AVENIDA,URBANO,NO CORRESPONDE,-5.175705,-80.691057,DESPEJADO,RURAL,TRAMO RECTO,INCLINADA,ASFALTADA,,,,,IMPRUDENCIA DEL CONDUCTOR,CONDUCIR EN ESTADO DE EBRIEDAD Y/O DROGADICCIÓN,2.0,0,45.0,45.0,45.0,45.0,1,1,1,0,1,1,1
A-2022-03-265,2022-03-20,02:45,DESPISTE,2,0,0,LIMA,LIMA,ATE,URBANA,CARRETERA,NACIONAL,PE-22,-12.0101,-76.8703,,,,,,,,,,EN PROCESO DE INVESTIGACIÓN,NO CUENTA CON CAUSA ESPECIFICA,2.0,1,,,,,2,1,2,0,0,0,2
A-2022-03-241,2022-03-20,03:00,VOLCADURA,1,0,0,APURIMAC,GRAU,CHUQUIBAMBILLA,RURAL,CARRETERA,NACIONAL,PE-3SF,-14.052714002905486,-72.76267135628318,,,,,,,,,,EN PROCESO DE INVESTIGACIÓN,NO CUENTA CON CAUSA ESPECIFICA,3.0,0,20.0,20.0,20.0,20.0,1,1,1,0,0,0,1
A-2022-03-87,2022-03-20,03:00,CHOQUE,1,0,2,LA LIBERTAD,VIRU,VIRU,RURAL,CARRETERA,NACIONAL,PE-1N,-8.388479,-78.851144,DESPEJADO,RURAL,TRAMO RECTO,PLANA ,ASFALTADA,,,,,IMPRUDENCIA DEL CONDUCTOR,OTRO (IMPRUDENCIA DEL CONDUCTOR),3.0,0,58.0,58.0,51.0,65.0,2,2,1,0,1,0,2
A-2022-03-75,2022-03-20,03:20,DESPISTE,1,0,1,TACNA,JORGE BASADRE,LOCUMBA,RURAL,CARRETERA,PROVINCIAL,TA-515,-17.598172,-70.722395,DESPEJADO,RURAL,TRAMO RECTO,PLANA ,ASFALTADA,,,,,IMPRUDENCIA DEL CONDUCTOR,CONDUCIR EN ESTADO DE EBRIEDAD Y/O DROGADICCIÓN,3.0,0,32.0,32.0,32.0,32.0,1,1,1,0,0,0,1
A-2022-03-68,2022-03-20,05:20,CHOQUE,1,1,2,TACNA,TACNA,TACNA,RURAL,CARRETERA,NACIONAL,PE-1S,-17.981974,-70.280788,NIEBLA,RURAL,TRAMO RECTO,PLANA ,ASFALTADA,SI,PREVENTIVA (P),,SI,IMPRUDENCIA DEL CONDUCTOR,INVASIÓN DE CARRIL,5.0,0,28.5,28.5,27.0,30.0,2,2,1,1,1,0,2
A-2022-03-114,2022-03-20,14:50,DESPISTE,4,0,1,AREQUIPA,CAYLLOMA,YANQUE,RURAL,CARRETERA,DEPARTAMENTAL,AR-109,-15.65131,-71.640565,DESPEJADO,RURAL,CURVA,INCLINADA,ASFALTADA,NO,,,SI,EN PROCESO DE INVESTIGACIÓN,NO CUENTA CON CAUSA ESPECIFICA,14.0,2,12.5,12.5,2.0,23.0,2,1,4,0,0,0,4
A-2022-03-266,2022-03-20,23:30,VOLCADURA,1,0,0,LIMA,LIMA,COMAS,URBANA,AVENIDA,URBANO,NO CORRESPONDE,-11.913083,-77.019259,,,,,,,,,,EN PROCESO DE INVESTIGACIÓN,NO CUENTA CON CAUSA ESPECIFICA,23.0,0,,,,,2,2,1,0,0,0,2
A-2022-03-221,2022-03-21,00:35,CHOQUE,1,0,0,HUANUCO,LEONCIO PRADO,MARIANO DAMASO BERAUN,URBANA,CARRETERA,NACIONAL,PE-18A,-9.345312,-75.982546,LLUVIOSO,RURAL,TRAMO RECTO,PLANA ,ASFALTADA,SI,PREVENTIVA (P),PREVENTIVA (P),NO,IMPRUDENCIA DEL CONDUCTOR,INVASIÓN DE CARRIL,0.0,0,37.0,37.0,26.0,48.0,2,2,1,0,0,0,2
A-2022-03-267,2022-03-21,04:00,DESPISTE,1,0,0,LIMA,LIMA,ATE,URBANA,CARRETERA,NACIONAL,PE-1S,-12.06114766146284,-76.97248530948352,,,,,,,,,,EN PROCESO DE INVESTIGACIÓN,NO CUENTA CON CAUSA ESPECIFICA,4.0,0,,,,,1,1,1,0,0,0,1
A-2022-03-129,2022-03-21,04:30,CHOQUE,1,4,2,PIURA,SECHURA,SECHURA,RURAL,CARRETERA,NACIONAL,PE-1N,-5.78294,-80.544911,DESPEJADO,RURAL,TRAMO RECTO,PLANA ,ASFALTADA,,,,,IMPRUDENCIA DEL CONDUCTOR,INVASIÓN DE CARRIL,4.0,0,42.2,50.0,18.0,66.0,4,2,1,4,1,0,6