CODIGO_SINIESTRO,FECHA_SINIESTRO,HORA_SINIESTRO,CLASE_SINIESTRO,CANTIDAD_FALLECIDOS,CANTIDAD_LESIONADOS,CANTIDAD_VEHICULOS,DEPARTAMENTO,PROVINCIA,DISTRITO,ZONA,TIPO_VIA,RED_VIAL,COD_CARRETERA,LATITUD,LONGITUD,CONDICION_CLIMATICA,ZONIFICACION,CARACTERISTICAS_VIA,PERFIL_VIA,SUPERFICIE_CALZADA,EXISTE_SENIAL_VERTICAL,CLASIFICACION_SENIAL_VERTICAL_1,CLASIFICACION_SENIAL_VERTICAL_2,EXISTE_SENIAL_HORIZONTAL,CAUSA_FACTOR_PRINCIPAL,CAUSA_ESPECIFICA,HORA,severidad,EDAD_PROMEDIO,EDAD_MEDIANA,EDAD_MIN,EDAD_MAX,TOTAL_MASCULINOS,TOTAL_CONDUCTORES,TOTAL_FALLECIDOS_AGG,TOTAL_LESIONADOS_AGG,TOTAL_LICENCIA,TOTAL_ALCOHOL_POSITIVO,TOTAL_PERSONAS
A-2022-05-143,2022-05-01,06:00,DESPISTE,1,0,1,CUSCO,QUISPICANCHI,LUCRE,RURAL,CARRETERA,NACIONAL,PE-3S,-13.607601,-71.729269,DESPEJADO,RURAL,TRAMO RECTO,PLANA ,ASFALTADA,SI,INFORMATIVA (I),,SI,EN PROCESO DE INVESTIGACIÓN,NO CUENTA CON CAUSA ESPECIFICA,6.0,0,20.0,20.0,20.0,20.0,1,1,1,0,0,0,1
A-2022-05-64,2022-05-01,06:30,DESPISTE,1,1,1,HUANCAVELICA,ANGARAES,ANCHONGA,RURAL,CARRETERA,DEPARTAMENTAL,HV-107,-12.891884,-74.681556,DESPEJADO,RURAL,TRAMO RECTO,INCLINADA,AFIRMADO,,,,,EN PROCESO DE INVESTIGACIÓN,NO CUENTA CON CAUSA ESPECIFICA,6.0,0,24.0,24.0,17.0,31.0,2,1,1,1,0,0,2
A-2022-05-165,2022-05-01,06:50,DESPISTE,1,0,1,CUSCO,ESPINAR,ESPINAR,RURAL,CARRETERA,SIN CLASIFICAR,SIN CLASIFICAR,-14.823329,-71.341451,DESPEJADO,RURAL,TRAMO RECTO,PLANA ,ASFALTADA,,,,,EN PROCESO DE INVESTIGACIÓN,NO CUENTA CON CAUSA ESPECIFICA,6.0,0,44.0,44.0,42.0,46.0,2,1,1,0,1,0,2
A-2022-05-68,2022-05-01,10:00,DESPISTE,1,0,0,APURIMAC,CHINCHEROS,ANCO_HUALLO,URBANA,CARRETERA,PROVINCIAL,AP-522,-13.529885,-73.674085,SOLEADO,COMERCIAL,INTERSECCIÓN,INCLINADA,ASFALTADA,,,,,NEGLIGENCIA DEL CONDUCTOR,CONDUCIR CON FALLAS DE FRENOS,10.0,0,47.0,47.0,47.0,47.0,1,1,1,0,0,0,1
A-2022-05-198,2022-05-01,14:00,CHOQUE,2,0,0,ANCASH,HUARMEY,HUARMEY,RURAL,CARRETERA,NACIONAL,PE-1N,-10.21200346185269,-78.04846020880257,DESPEJADO,RURAL,CURVA,PLANA ,ASFALTADA,,,,,EN PROCESO DE INVESTIGACIÓN,NO CUENTA CON CAUSA ESPECIFICA,14.0,1,56.0,63.0,34.0,71.0,3,2,2,0,2,0,3
A-2022-05-17,2022-05-01,14:45,DESPISTE,2,3,1,HUANCAVELICA,ANGARAES,LIRCAY,RURAL,CARRETERA,PROVINCIAL,LA-733,-13.074455,-74.657114,DESPEJADO,RURAL,PASE A DESNIVEL,INCLINADA,AFIRMADO,,,,,EN PROCESO DE INVESTIGACIÓN,NO CUENTA CON CAUSA ESPECIFICA,14.0,1,20.5,15.5,11.0,40.0,2,1,2,3,1,0,5
A-2022-05-222,2022-05-01,17:00,DESPISTE,1,3,0,AYACUCHO,HUAMANGA,CHIARA,RURAL,CARRETERA,NACIONAL,PE-3S,-13.34226175,-74.17256924,DESPEJADO,RURAL,CURVA,INCLINADA,TROCHA,SI,PREVENTIVA (P),,NO,NEGLIGENCIA DEL CONDUCTOR,OTRO (NEGLIGENCIA DEL CONDUCTOR),17.0,0,23.0,23.0,23.0,23.0,2,1,1,3,1,0,4
A-2022-05-107,2022-05-01,18:30,CHOQUE,1,0,2,CAJAMARCA,CAJAMARCA,CAJAMARCA,URBANA,CARRETERA,NACIONAL,PE-3N,-7.14752309,-78.52239026,DESPEJADO,COMERCIAL,OTRO,,ASFALTADA,,,,,EN PROCESO DE INVESTIGACIÓN,NO CUENTA CON CAUSA ESPECIFICA,18.0,0,23.0,23.0,19.0,27.0,2,2,1,0,0,0,2
A-2022-05-6,2022-05-01,18:47,DESPISTE,1,0,1,PUNO,CHUCUITO,HUACULLANI,RURAL,CARRETERA,NACIONAL,PE-36A,-16.61708505221071,-69.42479615457934,DESPEJADO,RURAL,CURVA,PLANA ,ASFALTADA,,,,,IMPRUDENCIA DEL CONDUCTOR,OTRO (IMPRUDENCIA DEL CONDUCTOR),18.0,0,60.0,60.0,60.0,60.0,1,1,1,0,0,0,1
A-2022-05-10,2022-05-01,22:30,DESPISTE,2,0,1,AREQUIPA,ISLAY,DEAN VALDIVIA,RURAL,CARRETERA,NACIONAL,PE-1SD,-17.144423,-71.829075,DESPEJADO,RURAL,CURVA,PLANA ,ASFALTADA,SI,REGULADORA (R),,SI,EN PROCESO DE INVESTIGACIÓN,NO CUENTA CON CAUSA ESPECIFICA,22.0,1,23.0,23.0,20.0,26.0,1,1,2,0,1,0,2
A-2022-05-232,2022-05-01,22:59,ATROPELLO FUGA,1,0,1,JUNIN,HUANCAYO,VIQUES,RURAL,CARRETERA,NACIONAL,PE-3S,-12.154393,-75.217452,DESPEJADO,RURAL,TRAMO RECTO,PLANA ,ASFALTADA,,,,,IMPRUDENCIA DEL CONDUCTOR,EXCESO DE VELOCIDAD,22.0,0,58.0,58.0,58.0,58.0,1,0,1,0,0,0,2
A-2022-05-224,2022-05-02,01:15,DESPISTE,1,0,0,JUNIN,SATIPO,PANGOA,RURAL,CARRETERA,SIN CLASIFICAR,SIN CLASIFICAR,-11.815478348930611,-74.31420486382191,,,,,,,,,,EN PROCESO DE INVESTIGACIÓN,NO CUENTA CON CAUSA ESPECIFICA,1.0,0,24.0,24.0,21.0,27.0,2,1,1,0,0,0,2
A-2022-05-144,2022-05-02,02:00,DESPISTE,2,0,1,CUSCO,CHUMBIVILCAS,LIVITACA,RURAL,CARRETERA,PROVINCIAL,CU-1589,-14.170324,-71.558414,DESPEJADO,RURAL,CURVA,INCLINADA,TROCHA,,,,,IMPRUDENCIA DEL CONDUCTOR,CONDUCIR EN ESTADO DE EBRIEDAD Y/O DROGADICCIÓN,2.0,1,48.0,48.0,44.0,52.0,1,1,2,0,1,0,2
A-2022-05-202,2022-05-02,05:56,ATROPELLO,1,0,1,LIMA,CAÑETE,CHILCA,URBANA,CARRETERA,NACIONAL,PE-1S,-12.478985,-76.74743,DESPEJADO,INDUSTRIAL,TRAMO RECTO,PLANA ,ASFALTADA,,,,,EN PROCESO DE INVESTIGACIÓN,NO CUENTA CON CAUSA ESPECIFICA,5.0,0,37.5,37.5,28.0,47.0,2,1,1,0,0,0,2
A-2022-05-238,2022-05-02,06:20,VOLCADURA,2,0,2,ICA,CHINCHA,ALTO LARAN,RURAL,CARRETERA,NACIONAL,PE-1S,-13.461462,-76.136362,DESPEJADO,RURAL,TRAMO RECTO,PLANA ,ASFALTADA,,,,,IMPRUDENCIA DEL CONDUCTOR,OTRO (IMPRUDENCIA DEL CONDUCTOR),6.0,1,44.0,44.0,25.0,63.0,2,2,2,0,2,0,3
A-2022-05-57,2022-05-02,07:35,ATROPELLO,1,0,1,ANCASH,YUNGAY,MANCOS,URBANA,CARRETERA,NACIONAL,PE-3N,-9.22590221,-77.68512733,DESPEJADO,RURAL,TRAMO RECTO,INCLINADA,ASFALTADA,SI,PREVENTIVA (P),,SI,EN PROCESO DE INVESTIGACIÓN,NO CUENTA CON CAUSA ESPECIFICA,7.0,0,56.0,56.0,55.0,57.0,2,1,1,0,1,0,2
A-2022-05-203,2022-05-02,15:30,ATROPELLO,1,0,0,LIMA,LIMA,LOS OLIVOS,URBANA,AVENIDA,URBANO,NO CORRESPONDE,-12.012219,-77.078756795,DESPEJADO,COMERCIAL,TRAMO RECTO,PLANA ,ASFALTADA,,,,,EN PROCESO DE INVESTIGACIÓN,NO CUENTA CON CAUSA ESPECIFICA,15.0,0,58.0,58.0,44.0,72.0,2,1,1,0,0,0,2
A-2022-05-204,2022-05-02,15:55,DESPISTE,1,0,1,LIMA,LIMA,SANTA ANITA,URBANA,AVENIDA,URBANO,NO CORRESPONDE,-12.040892,-76.961945,DESPEJADO,RESIDENCIAL,TRAMO RECTO,PLANA ,ASFALTADA,,,,,EN PROCESO DE INVESTIGACIÓN,NO CUENTA CON CAUSA ESPECIFICA,15.0,0,25.5,25.5,19.0,32.0,2,1,1,0,0,0,2
A-2022-05-25,2022-05-02,16:00,CAÍDA DE PASAJERO,1,0,1,LA LIBERTAD,PACASMAYO,SAN PEDRO DE LLOC,RURAL,CARRETERA,PROVINCIAL,LI-602,-7.451538,-79.505745,DESPEJADO,RURAL,TRAMO RECTO,PLANA ,AFIRMADO,,,,,EN PROCESO DE INVESTIGACIÓN,NO CUENTA CON CAUSA ESPECIFICA,16.0,0,33.0,33.0,25.0,41.0,2,1,1,0,0,0,2
A-2022-05-41,2022-05-02,17:10,CHOQUE,1,0,2,AREQUIPA,CAYLLOMA,MAJES,RURAL,CARRETERA,SIN CLASIFICAR,SIN CLASIFICAR,-16.318779,-72.213037,DESPEJADO,RURAL,TRAMO RECTO,PLANA ,ASFALTADA,NO,,,SI,EN PROCESO DE INVESTIGACIÓN,NO CUENTA CON CAUSA ESPECIFICA,17.0,0,53.0,53.0,40.0,66.0,1,2,1,0,1,0,2
A-2022-05-205,2022-05-02,19:30,CHOQUE,1,0,0,LIMA,YAUYOS,TANTA,URBANA,AVENIDA,URBANO,NO CORRESPONDE,-12.098821,-76.046904,DESPEJADO,RESIDENCIAL,INTERSECCIÓN,PLANA ,ASFALTADA,,,,,EN PROCESO DE INVESTIGACIÓN,NO CUENTA CON CAUSA ESPECIFICA,19.0,0,45.5,45.5,45.0,46.0,2,2,1,0,1,0,2
A-2022-05-172,2022-05-02,22:30,ATROPELLO FUGA,1,0,0,PUNO,SAN ROMAN,SAN MIGUEL,RURAL,CARRETERA,NACIONAL,PE-3S,-15.436021334732173,-70.14045229836972,SOLEADO,RURAL,TRAMO RECTO,PLANA ,ASFALTADA,,,,,EN PROCESO DE INVESTIGACIÓN,NO CUENTA CON CAUSA ESPECIFICA,22.0,0,32.0,32.0,32.0,32.0,1,0,1,0,0,1,2
A-2022-05-56,2022-05-02,23:00,DESPISTE,2,1,1,ANCASH,BOLOGNESI,CHIQUIAN,RURAL,CARRETERA,NACIONAL,PE-3N,-10.13496976,-77.15661211,DESPEJADO,RURAL,CURVA,INCLINADA,ASFALTADA,,,,,EN PROCESO DE INVESTIGACIÓN,NO CUENTA CON CAUSA ESPECIFICA,23.0,1,30.0,30.0,21.0,39.0,3,1,2,1,0,0,3
A-2022-05-106,2022-05-02,23:15,CHOQUE,1,0,2,CAJAMARCA,CAJABAMBA,CAJABAMBA,URBANA,CARRETERA,NACIONAL,PE-3N,-7.61033042,-78.06769556,DESPEJADO,RURAL,OTRO,PLANA ,ASFALTADA,,,,,EN PROCESO DE INVESTIGACIÓN,NO CUENTA CON CAUSA ESPECIFICA,23.0,0,17.0,17.0,17.0,17.0,1,2,1,0,0,0,2
A-2022-05-26,2022-05-03,00:05,CHOQUE,1,1,2,LA LIBERTAD,ASCOPE,CHOCOPE,RURAL,CARRETERA,NACIONAL,PE-1N,-7.791920466724055,-79.21250134887943,DESPEJADO,RURAL,ÓVALO,INCLINADA,ASFALTADA,,,,,EN PROCESO DE INVESTIGACIÓN,NO CUENTA CON CAUSA ESPECIFICA,0.0,0,42.333333333333336,41.0,38.0,48.0,3,2,1,1,2,0,3
A-2022-05-226,2022-05-03,01:20,DESPISTE,1,1,0,JUNIN,CHANCHAMAYO,CHANCHAMAYO,RURAL,CARRETERA,NACIONAL,PE-22B,-10.993944704481336,-75.31311423121596,,,,,,,,,,EN PROCESO DE INVESTIGACIÓN,NO CUENTA CON CAUSA ESPECIFICA,1.0,0,32.0,32.0,32.0,32.0,1,1,1,1,1,0,2
A-2022-05-7,2022-05-03,09:30,CHOQUE,1,0,0,PUNO,EL COLLAO,ILAVE,RURAL,CARRETERA,NACIONAL,PE-3S,-16.147482407028615,-69.56467858031846,,,,,,,,,,EN PROCESO DE INVESTIGACIÓN,NO CUENTA CON CAUSA ESPECIFICA,9.0,0,45.0,45.0,38.0,52.0,2,2,1,0,1,0,2
A-2022-05-199,2022-05-03,14:00,DESPISTE,1,0,0,ANCASH,SANTA,CHIMBOTE,RURAL,CARRETERA,NACIONAL,PE-12,-8.832204318417629,-78.55520393642605,DESPEJADO,RURAL,TRAMO RECTO,PLANA ,ASFALTADA,,,,,IMPRUDENCIA DEL CONDUCTOR,CONDUCIR EN ESTADO DE EBRIEDAD Y/O DROGADICCIÓN,14.0,0,31.0,31.0,31.0,31.0,1,1,1,0,0,0,1
A-2022-05-50,2022-05-03,23:00,CHOQUE,1,0,2,AREQUIPA,CAYLLOMA,MAJES,RURAL,CARRETERA,NACIONAL,PE-1S,-16.369883,-72.167225,DESPEJADO,RURAL,TRAMO RECTO,PLANA ,ASFALTADA,,,,,EN PROCESO DE INVESTIGACIÓN,NO CUENTA CON CAUSA ESPECIFICA,23.0,0,32.0,32.0,30.0,34.0,2,2,1,0,1,0,2
A-2022-05-52,2022-05-04,06:20,DESPISTE,1,2,1,AREQUIPA,AREQUIPA,SAN JUAN DE TARUCANI,RURAL,CARRETERA,SIN CLASIFICAR,SIN CLASIFICAR,-16.045963,,DESPEJADO,RURAL,TRAMO RECTO,PLANA ,ASFALTADA,NO,,,SI,EN PROCESO DE INVESTIGACIÓN,NO CUENTA CON CAUSA ESPECIFICA,6.0,0,34.333333333333336,32.0,32.0,39.0,2,1,1,2,1,0,3
A-2022-05-28,2022-05-04,06:40,ATROPELLO,1,0,1,LA LIBERTAD,VIRU,VIRU,RURAL,AVENIDA,URBANO,NO CORRESPONDE,-8.422400143215972,-78.77826779271766,DESPEJADO,RURAL,TRAMO RECTO,PLANA ,ASFALTADA,,,,,EN PROCESO DE INVESTIGACIÓN,NO CUENTA CON CAUSA ESPECIFICA,6.0,0,52.0,52.0,34.0,70.0,1,1,1,0,1,0,2
A-2022-05-40,2022-05-04,11:15,ATROPELLO,1,0,1,TUMBES,ZARUMILLA,PAPAYAL,RURAL,CARRETERA,DEPARTAMENTAL,TU-101,-3.536057896835726,-80.23428615936854,DESPEJADO,RURAL,TRAMO RECTO,PLANA ,ASFALTADA,,,,,IMPRUDENCIA DEL CONDUCTOR,OTRO (IMPRUDENCIA DEL CONDUCTOR),11.0,0,24.0,24.0,10.0,38.0,2,1,1,0,1,0,2
A-2022-05-223,2022-05-04,15:30,ATROPELLO,1,0,0,CALLAO,CALLAO,VENTANILLA,URBANA,CARRETERA,SIN CLASIFICAR,SIN CLASIFICAR,-11.9031767,-77.130385417,DESPEJADO,INDUSTRIAL,SINUOSA,INCLINADA,AFIRMADO,SI,REGULADORA (R),,NO,IMPRUDENCIA DEL CONDUCTOR,FATIGA Y/O CANSANCIO,15.0,0,43.0,43.0,38.0,48.0,2,1,1,0,1,0,2
A-2022-05-53,2022-05-04,17:40,ATROPELLO,1,0,1,AREQUIPA,AREQUIPA,CAYMA,URBANA,AVENIDA,URBANO,NO CORRESPONDE,-16.34696,-71.545261,DESPEJADO,RESIDENCIAL,INTERSECCIÓN,PLANA ,ASFALTADA,NO,,,SI,EN PROCESO DE INVESTIGACIÓN,NO CUENTA CON CAUSA ESPECIFICA,17.0,0,51.0,51.0,35.0,67.0,2,1,1,0,1,0,2
A-2022-05-220,2022-05-04,20:48,ATROPELLO,1,0,0,CALLAO,CALLAO,CALLAO,URBANA,AVENIDA,URBANO,NO CORRESPONDE,-12.053316673590334,-77.1339958472227,DESPEJADO,COMERCIAL,TRAMO RECTO,PLANA ,ASFALTADA,,,,,NEGLIGENCIA DEL CONDUCTOR,OTRO (NEGLIGENCIA DEL CONDUCTOR),20.0,0,43.5,43.5,20.0,67.0,2,1,1,0,0,0,2
A-2022-05-168,2022-05-05,03:30,DESPISTE,2,1,1,PUNO,SANDIA,CUYOCUYO,RURAL,CARRETERA,NACIONAL,PE-34H,-14.43080725205699,-69.51307720131344,DESPEJADO,RURAL,TRAMO RECTO,PLANA ,ASFALTADA,,,,,IMPRUDENCIA DEL CONDUCTOR,EXCESO DE VELOCIDAD,3.0,1,31.0,29.0,28.0,36.0,2,1,2,1,0,1,3
A-2022-05-150,2022-05-05,05:10,CHOQUE,1,2,2,CAJAMARCA,CUTERVO,CUTERVO,RURAL,CARRETERA,NACIONAL,PE-3ND,-6.36504833,-78.79028,DESPEJADO,RURAL,OTRO,PLANA ,ASFALTADA,,,,,EN PROCESO DE INVESTIGACIÓN,NO CUENTA CON CAUSA ESPECIFICA,5.0,0,40.5,40.0,27.0,55.0,4,2,1,2,0,0,4
A-2022-05-33,2022-05-05,06:15,CHOQUE,1,0,2,CUSCO,ESPINAR,PALLPATA,RURAL,CARRETERA,DEPARTAMENTAL,CU-133,-14.869255,-71.212616,DESPEJADO,RURAL,TRAMO RECTO,PLANA ,ASFALTADA,SI,INFORMATIVA (I),,SI,IMPRUDENCIA DEL CONDUCTOR,GIRAR IMPRUDENTEMENTE,6.0,0,56.0,56.0,45.0,67.0,2,2,1,0,1,1,2
A-2022-05-54,2022-05-05,10:00,ATROPELLO FUGA,1,0,1,AREQUIPA,AREQUIPA,JOSE LUIS BUSTAMANTE Y RIVERO,URBANA,AVENIDA,URBANO,NO CORRESPONDE,-16.429616,-71.526843,DESPEJADO,COMERCIAL,TRAMO RECTO,PLANA ,ASFALTADA,NO,,,SI,EN PROCESO DE INVESTIGACIÓN,NO CUENTA CON CAUSA ESPECIFICA,10.0,0,24.0,24.0,24.0,24.0,1,0,1,0,0,0,2
A-2022-05-130,2022-05-05,23:30,ATROPELLO FUGA,1,0,0,CUSCO,ANTA,CACHIMAYO,URBANA,CARRETERA,NACIONAL,PE-3S,-13.48311,-72.078307,DESPEJADO,COMERCIAL,TRAMO RECTO,PLANA ,ASFALTADA,,,,,IMPRUDENCIA DEL PEATÓN,ESTADO DE EBRIEDAD Y/O DROGADICCIÓN,23.0,0,62.0,62.0,62.0,62.0,1,0,1,0,0,2,2
A-2022-05-20,2022-05-06,02:50,DESPISTE,1,0,1,PUNO,CHUCUITO,POMATA,RURAL,CARRETERA,NACIONAL,PE-3S,-16.256341071570372,-69.29767010067168,DESPEJADO,RURAL,CURVA,PLANA ,ASFALTADA,SI,REGULADORA (R),,SI,IMPRUDENCIA DEL CONDUCTOR,EXCESO DE VELOCIDAD,2.0,0,17.0,17.0,17.0,17.0,1,1,1,0,0,0,1
A-2022-05-27,2022-05-06,04:30,CHOQUE,1,0,2,ICA,PISCO,SAN CLEMENTE,URBANA,CARRETERA,NACIONAL,PE-1S,-13.634972,-76.152674,NIEBLA,RESIDENCIAL,TRAMO RECTO,PLANA ,ASFALTADA,,,,,EN PROCESO DE INVESTIGACIÓN,NO CUENTA CON CAUSA ESPECIFICA,4.0,0,41.0,41.0,30.0,52.0,2,2,1,0,2,0,2
A-2022-05-110,2022-05-06,12:30,CHOQUE,2,0,2,LAMBAYEQUE,LAMBAYEQUE,MORROPE,RURAL,CARRETERA,NACIONAL,PE-1N,-6.63277,-79.953358,DESPEJADO,RURAL,TRAMO RECTO,PLANA ,ASFALTADA,,,,,EN PROCESO DE INVESTIGACIÓN,NO CUENTA CON CAUSA ESPECIFICA,12.0,1,32.666666666666664,21.0,19.0,58.0,2,2,2,0,1,0,3
A-2022-05-206,2022-05-06,13:00,ATROPELLO,1,0,0,LIMA,LIMA,SAN JUAN DE LURIGANCHO,URBANA,AVENIDA,URBANO,NO CORRESPONDE,-11.932928,-76.9689526,SOLEADO,INDUSTRIAL,TRAMO RECTO,PLANA ,ASFALTADA,,,,,EN PROCESO DE INVESTIGACIÓN,NO CUENTA CON CAUSA ESPECIFICA,13.0,0,22.5,22.5,22.0,23.0,2,1,1,0,0,0,2
A-2022-05-200,2022-05-06,15:05,ATROPELLO FUGA,1,0,0,ANCASH,SANTA,NUEVO CHIMBOTE,URBANA,CARRETERA,NACIONAL,PE-1N,-9.11642537082716,-78.54427763687636,DESPEJADO,ESCOLAR,INTERSECCIÓN,PLANA ,ASFALTADA,,,,,EN PROCESO DE INVESTIGACIÓN,NO CUENTA CON CAUSA ESPECIFICA,15.0,0,75.0,75.0,75.0,75.0,1,0,1,0,0,0,2
A-2022-05-255,2022-05-06,16:25,DESPISTE,1,1,0,MADRE DE DIOS,TAMBOPATA,TAMBOPATA,RURAL,CARRETERA,NACIONAL,PE-30C,-12.63835396,-69.25942896,,,,,,,,,,EN PROCESO DE INVESTIGACIÓN,NO CUENTA CON CAUSA ESPECIFICA,16.0,0,44.0,44.0,37.0,51.0,1,1,1,1,0,0,2
A-2022-05-65,2022-05-06,16:33,DESPISTE,4,5,1,HUANCAVELICA,CASTROVIRREYNA,COCAS,RURAL,CARRETERA,NACIONAL,PE-26A,-13.252398,-75.359586,DESPEJADO,RURAL,CURVA,PLANA ,AFIRMADO,,,,,EN PROCESO DE INVESTIGACIÓN,NO CUENTA CON CAUSA ESPECIFICA,16.0,2,48.2,47.0,41.0,56.0,4,1,4,5,0,0,9
A-2022-05-66,2022-05-06,18:41,ATROPELLO FUGA,1,0,0,CUSCO,ANTA,ANCAHUASI,URBANA,CARRETERA,NACIONAL,PE-3S,-13.459032,-72.294688,DESPEJADO,RURAL,TRAMO RECTO,PLANA ,ASFALTADA,SI,PREVENTIVA (P),INFORMATIVA (I),SI,EN PROCESO DE INVESTIGACIÓN,NO CUENTA CON CAUSA ESPECIFICA,18.0,0,71.0,71.0,71.0,71.0,1,0,1,0,0,1,2
A-2022-05-207,2022-05-06,20:16,ATROPELLO,1,0,0,LIMA,LIMA,SAN MARTIN DE PORRES,URBANA,AVENIDA,URBANO,NO CORRESPONDE,-12.0317643,-77.06835133,DESPEJADO,COMERCIAL,TRAMO RECTO,PLANA ,ASFALTADA,,,,,EN PROCESO DE INVESTIGACIÓN,NO CUENTA CON CAUSA ESPECIFICA,20.0,0,52.0,52.0,20.0,84.0,2,1,1,0,0,0,2
A-2022-05-124,2022-05-06,21:00,DESPISTE,1,3,1,CAJAMARCA,SAN MIGUEL,CALQUIS,RURAL,CARRETERA,PROVINCIAL,CA-1217,-6.93921004,-78.99109304,DESPEJADO,RURAL,CURVA,PLANA ,AFIRMADO,,,,,EN PROCESO DE INVESTIGACIÓN,NO CUENTA CON CAUSA ESPECIFICA,21.0,0,36.0,30.0,24.0,55.0,3,1,1,3,0,0,5
A-2022-05-136,2022-05-06,22:00,DESPISTE,1,0,1,CUSCO,CHUMBIVILCAS,CHAMACA,RURAL,CARRETERA,PROVINCIAL,CU-1562,-14.229455,-71.894501,DESPEJADO,RURAL,TRAMO RECTO,PLANA ,TROCHA,SI,PREVENTIVA (P),,NO,IMPRUDENCIA DEL CONDUCTOR,CONDUCIR EN ESTADO DE EBRIEDAD Y/O DROGADICCIÓN,22.0,0,23.0,23.0,23.0,23.0,1,1,1,0,0,0,1
A-2022-05-256,2022-05-06,23:25,CHOQUE,1,0,0,MADRE DE DIOS,TAMBOPATA,TAMBOPATA,,CARRETERA,PROVINCIAL,MD-566,-12.60033,-69.204274,,,,,,,,,,EN PROCESO DE INVESTIGACIÓN,NO CUENTA CON CAUSA ESPECIFICA,23.0,0,37.0,37.0,37.0,37.0,1,1,1,0,0,0,1
A-2022-05-250,2022-05-07,00:00,DESPISTE,1,0,1,LIMA,OYON,OYON,URBANA,CARRETERA,NACIONAL,PE-18,-10.687471020914945,-76.80911596481312,DESPEJADO,COMERCIAL,CURVA,INCLINADA,ASFALTADA,SI,REGULADORA (R),,NO,IMPRUDENCIA DEL CONDUCTOR,EXCESO DE VELOCIDAD,0.0,0,51.0,51.0,51.0,51.0,1,1,1,0,0,0,1
A-2022-05-43,2022-05-07,04:15,DESPISTE,1,0,1,TUMBES,TUMBES,TUMBES,URBANA,CARRETERA,NACIONAL,PE-1N,-3.5570086644170167,-80.45008590612804,DESPEJADO,COMERCIAL,TRAMO RECTO,PLANA ,ASFALTADA,,,,,IMPRUDENCIA DEL CONDUCTOR,FATIGA Y/O CANSANCIO,4.0,0,34.0,34.0,34.0,34.0,1,1,1,0,0,0,1
A-2022-05-208,2022-05-07,04:30,ATROPELLO FUGA,1,0,0,LIMA,LIMA,SANTIAGO DE SURCO,URBANA,AVENIDA,URBANO,NO CORRESPONDE,-12.083798,-76.980095,DESPEJADO,COMERCIAL,TRAMO RECTO,PLANA ,ASFALTADA,,,,,EN PROCESO DE INVESTIGACIÓN,NO CUENTA CON CAUSA ESPECIFICA,4.0,0,57.0,57.0,57.0,57.0,2,1,1,0,1,0,2
A-2022-05-178,2022-05-07,05:30,DESPISTE,1,0,1,CAJAMARCA,JAEN,JAEN,RURAL,CARRETERA,PROVINCIAL,CA-761,-5.7866967472752,-78.9101564978406,DESPEJADO,RURAL,TRAMO RECTO,INCLINADA,TROCHA,,,,,EN PROCESO DE INVESTIGACIÓN,NO CUENTA CON CAUSA ESPECIFICA,5.0,0,35.0,35.0,35.0,35.0,1,1,1,0,0,0,1
A-2022-05-217,2022-05-07,12:00,CHOQUE,1,0,2,UCAYALI,CORONEL PORTILLO,CALLERIA,URBANA,JIRÓN,URBANO,NO CORRESPONDE,-8.389178562357506,-74.54242312760691,DESPEJADO,COMERCIAL,INTERSECCIÓN,PLANA ,CONCRETO,NO,,,SI,IMPRUDENCIA DEL CONDUCTOR,OTRO (IMPRUDENCIA DEL CONDUCTOR),12.0,0,47.5,47.5,27.0,68.0,2,2,1,0,0,0,2
A-2022-05-122,2022-05-07,17:00,DESPISTE,1,0,0,CAJAMARCA,SAN MIGUEL,CALQUIS,URBANA,CARRETERA,SIN CLASIFICAR,SIN CLASIFICAR,-6.93913335335806,-78.9904061621903,LLUVIOSO,RURAL,OTRO,PLANA ,ASFALTADA,,,,,EN PROCESO DE INVESTIGACIÓN,NO CUENTA CON CAUSA ESPECIFICA,17.0,0,26.0,26.0,26.0,26.0,1,1,1,0,0,0,1
A-2022-05-176,2022-05-07,18:30,CAÍDA DE PASAJERO,1,0,1,CAJAMARCA,CUTERVO,CUTERVO,RURAL,CARRETERA,NACIONAL,PE-3ND,-6.36501478341352,-78.790447575007,DESPEJADO,RURAL,SINUOSA,PLANA ,ASFALTADA,,,,,EN PROCESO DE INVESTIGACIÓN,NO CUENTA CON CAUSA ESPECIFICA,18.0,0,52.0,52.0,42.0,62.0,2,1,1,0,0,0,2
A-2022-05-55,2022-05-07,22:40,ATROPELLO,1,0,1,AREQUIPA,AREQUIPA,YURA,URBANA,CARRETERA,NACIONAL,PE-34A,-16.295182,-71.629422,DESPEJADO,RESIDENCIAL,TRAMO RECTO,PLANA ,ASFALTADA,NO,,,SI,EN PROCESO DE INVESTIGACIÓN,NO CUENTA CON CAUSA ESPECIFICA,22.0,0,39.0,41.0,33.0,43.0,3,2,1,0,2,0,3
A-2022-05-152,2022-05-08,01:30,DESPISTE,1,1,1,CAJAMARCA,HUALGAYOC,BAMBAMARCA,URBANA,CARRETERA,NACIONAL,PE-3N,-6.68165931,-78.53031906,DESPEJADO,RURAL,OTRO,INCLINADA,ASFALTADA,,,,,EN PROCESO DE INVESTIGACIÓN,NO CUENTA CON CAUSA ESPECIFICA,1.0,0,39.0,39.0,26.0,52.0,1,1,1,1,0,0,2