CODIGO_SINIESTRO,FECHA_SINIESTRO,HORA_SINIESTRO,CLASE_SINIESTRO,CANTIDAD_FALLECIDOS,CANTIDAD_LESIONADOS,CANTIDAD_VEHICULOS,DEPARTAMENTO,PROVINCIA,DISTRITO,ZONA,TIPO_VIA,RED_VIAL,COD_CARRETERA,LATITUD,LONGITUD,CONDICION_CLIMATICA,ZONIFICACION,CARACTERISTICAS_VIA,PERFIL_VIA,SUPERFICIE_CALZADA,EXISTE_SENIAL_VERTICAL,CLASIFICACION_SENIAL_VERTICAL_1,CLASIFICACION_SENIAL_VERTICAL_2,EXISTE_SENIAL_HORIZONTAL,CAUSA_FACTOR_PRINCIPAL,CAUSA_ESPECIFICA,HORA,severidad,EDAD_PROMEDIO,EDAD_MEDIANA,EDAD_MIN,EDAD_MAX,TOTAL_MASCULINOS,TOTAL_CONDUCTORES,TOTAL_FALLECIDOS_AGG,TOTAL_LESIONADOS_AGG,TOTAL_LICENCIA,TOTAL_ALCOHOL_POSITIVO,TOTAL_PERSONAS
A-2022-05-244,2022-05-16,19:00,ATROPELLO,1,0,1,PIURA,SULLANA,SULLANA,RURAL,CARRETERA,NACIONAL,PE-1N,-5.016998967166749,-80.70028238695588,DESPEJADO,RURAL,TRAMO RECTO,PLANA ,ASFALTADA,,,,,IMPRUDENCIA DEL PEATÓN,ESTADO DE EBRIEDAD Y/O DROGADICCIÓN,19.0,0,46.0,46.0,38.0,54.0,2,1,1,0,1,0,2
A-2022-05-114,2022-05-16,23:00,CHOQUE,1,0,2,LAMBAYEQUE,CHICLAYO,POMALCA,RURAL,CARRETERA,NACIONAL,PE-06A,-6.7522605,-79.725199,DESPEJADO,RURAL,TRAMO RECTO,PLANA ,ASFALTADA,NO,,,NO,EN PROCESO DE INVESTIGACIÓN,NO CUENTA CON CAUSA ESPECIFICA,23.0,0,43.0,43.0,30.0,56.0,2,2,1,0,1,0,2
A-2022-05-196,2022-05-17,02:40,ESPECIAL,1,0,0,LIMA,LIMA,RIMAC,URBANA,ALAMEDA,URBANO,NO CORRESPONDE,-12.033891052582716,-77.0258339565766,DESPEJADO,RESIDENCIAL,TRAMO RECTO,PLANA ,ASFALTADA,,,,,EN PROCESO DE INVESTIGACIÓN,NO CUENTA CON CAUSA ESPECIFICA,2.0,0,,,,,0,0,1,0,0,0,2
A-2022-05-151,2022-05-17,09:00,CHOQUE,1,0,0,CAJAMARCA,CAJAMARCA,CAJAMARCA,URBANA,CARRETERA,NACIONAL,PE-08B,-7.16561589,-78.50029531,DESPEJADO,RURAL,OTRO,PLANA ,ASFALTADA,,,,,EN PROCESO DE INVESTIGACIÓN,NO CUENTA CON CAUSA ESPECIFICA,9.0,0,59.0,59.0,59.0,59.0,1,1,1,0,0,0,2
A-2022-05-147,2022-05-17,15:45,VOLCADURA,1,0,1,HUANCAVELICA,ANGARAES,CONGALLA,RURAL,CARRETERA,SIN CLASIFICAR,SIN CLASIFICAR,-12.969261,-74.528495,DESPEJADO,RURAL,OTRO,INCLINADA,TROCHA,,,,,EN PROCESO DE INVESTIGACIÓN,NO CUENTA CON CAUSA ESPECIFICA,15.0,0,31.0,31.0,31.0,31.0,1,1,1,0,1,0,1
A-2022-05-80,2022-05-17,18:30,ATROPELLO,1,0,1,AREQUIPA,AREQUIPA,YURA,URBANA,CARRETERA,NACIONAL,PE-34A,-16.2505026466129,-71.6779159628935,DESPEJADO,RESIDENCIAL,TRAMO RECTO,PLANA ,ASFALTADA,NO,,,SI,EN PROCESO DE INVESTIGACIÓN,NO CUENTA CON CAUSA ESPECIFICA,18.0,0,60.5,60.5,56.0,65.0,2,1,1,0,1,0,2
A-2022-05-260,2022-05-18,05:40,ATROPELLO FUGA,1,0,0,LIMA,LIMA,SAN JUAN DE LURIGANCHO,URBANA,AVENIDA,URBANO,NO CORRESPONDE,-11.97259,-76.99189,,,,,,,,,,EN PROCESO DE INVESTIGACIÓN,NO CUENTA CON CAUSA ESPECIFICA,5.0,0,,,,,0,0,1,0,0,0,2
A-2022-05-99,2022-05-18,08:00,CHOQUE,2,0,2,AREQUIPA,AREQUIPA,CERRO COLORADO,URBANA,CARRETERA,NACIONAL,PE-34A,-16.400563605979364,-71.58423260368195,DESPEJADO,COMERCIAL,INTERSECCIÓN,INCLINADA,ASFALTADA,,,,,EN PROCESO DE INVESTIGACIÓN,NO CUENTA CON CAUSA ESPECIFICA,8.0,1,46.0,45.0,34.0,59.0,3,2,2,0,2,0,3
A-2022-05-139,2022-05-18,15:45,DESPISTE,2,2,1,ANCASH,SIHUAS,SAN JUAN,RURAL,CARRETERA,PROVINCIAL,AN-575,-8.601897639050883,-77.5813508444709,DESPEJADO,RURAL,SINUOSA,PLANA ,AFIRMADO,,,,,EN PROCESO DE INVESTIGACIÓN,NO CUENTA CON CAUSA ESPECIFICA,15.0,1,62.333333333333336,57.0,52.0,78.0,3,1,2,2,0,0,4
A-2022-05-115,2022-05-19,10:25,CHOQUE,1,0,0,LAMBAYEQUE,CHICLAYO,CHICLAYO,URBANA,AVENIDA,URBANO,NO CORRESPONDE,-6.7814,-79.8371,DESPEJADO,RESIDENCIAL,INTERSECCIÓN,PLANA ,ASFALTADA,,,,,IMPRUDENCIA DEL CONDUCTOR,NO ESTABLECER EL DERECHO DE PASO,10.0,0,45.0,45.0,45.0,45.0,1,1,1,0,0,0,2
A-2022-05-230,2022-05-19,12:30,CHOQUE,2,1,0,PASCO,OXAPAMPA,VILLA RICA,URBANA,CARRETERA,NACIONAL,PE-5N,-10.742715145971738,-75.28161434092334,,,,,,,,,,EN PROCESO DE INVESTIGACIÓN,NO CUENTA CON CAUSA ESPECIFICA,12.0,1,40.2,32.0,18.0,67.0,4,3,2,1,2,0,5
A-2022-05-75,2022-05-19,13:00,CHOQUE,1,2,2,LA LIBERTAD,VIRU,CHAO,RURAL,CARRETERA,PROVINCIAL,LI-1206,-8.570562699842977,-78.71639461497162,DESPEJADO,RURAL,TRAMO RECTO,PLANA ,AFIRMADO,,,,,EN PROCESO DE INVESTIGACIÓN,NO CUENTA CON CAUSA ESPECIFICA,13.0,0,20.0,20.0,19.0,21.0,2,2,1,2,0,0,3
A-2022-05-123,2022-05-20,05:30,CHOQUE CON OBJETO FIJO,1,0,1,CUSCO,QUISPICANCHI,OCONGATE,URBANA,CARRETERA,NACIONAL,PE-30C,-13.633322,-71.383243,DESPEJADO,RURAL,CURVA,PLANA ,ASFALTADA,NO,,,SI,IMPRUDENCIA DEL CONDUCTOR,EXCESO DE VELOCIDAD,5.0,0,51.0,51.0,51.0,51.0,1,1,1,0,1,0,1
A-2022-05-104,2022-05-20,18:30,ESPECIAL,5,0,1,ANCASH,SIHUAS,SICSIBAMBA,RURAL,CARRETERA,PROVINCIAL,AN-575,-8.599303937013753,-77.5788939802409,DESPEJADO,RURAL,SINUOSA,PLANA ,AFIRMADO,SI,PREVENTIVA (P),,NO,EN PROCESO DE INVESTIGACIÓN,NO CUENTA CON CAUSA ESPECIFICA,18.0,2,31.75,28.0,25.0,46.0,2,1,5,0,1,0,5
A-2022-05-241,2022-05-20,18:30,ATROPELLO,1,0,0,JUNIN,CONCEPCION,ORCOTUNA,URBANA,CARRETERA,NACIONAL,PE-3SB,-11.965227558079103,-75.30833759209574,DESPEJADO,RURAL,TRAMO RECTO,PLANA ,ASFALTADA,NO,,,SI,IMPRUDENCIA DEL CONDUCTOR,OTRO (IMPRUDENCIA DEL CONDUCTOR),18.0,0,50.5,50.5,24.0,77.0,2,1,1,0,1,0,2
A-2022-05-231,2022-05-20,20:00,DESPISTE,1,0,0,JUNIN,SATIPO,RIO NEGRO,RURAL,CARRETERA,SIN CLASIFICAR,SIN CLASIFICAR,-11.21295335910498,-74.66224878398413,,,,,,,,,,EN PROCESO DE INVESTIGACIÓN,NO CUENTA CON CAUSA ESPECIFICA,20.0,0,44.0,44.0,31.0,57.0,2,1,1,0,1,0,2
A-2022-05-116,2022-05-21,04:00,ATROPELLO FUGA,1,0,0,LAMBAYEQUE,LAMBAYEQUE,JAYANCA,URBANA,CARRETERA,NACIONAL,PE-1NJ,-6.387917,-79.819777,DESPEJADO,RESIDENCIAL,TRAMO RECTO,PLANA ,ASFALTADA,,,,,EN PROCESO DE INVESTIGACIÓN,NO CUENTA CON CAUSA ESPECIFICA,4.0,0,32.0,32.0,32.0,32.0,1,0,1,0,0,0,2
A-2022-05-163,2022-05-21,06:00,CHOQUE,1,0,2,PIURA,PIURA,CASTILLA,RURAL,CARRETERA,NACIONAL,PE-1NJ,-5.1506,-80.47459,DESPEJADO,RURAL,TRAMO RECTO,PLANA ,ASFALTADA,,,,,EN PROCESO DE INVESTIGACIÓN,NO CUENTA CON CAUSA ESPECIFICA,6.0,0,40.0,40.0,23.0,57.0,2,2,1,0,1,0,2
A-2022-05-117,2022-05-21,15:50,CHOQUE,1,2,2,LAMBAYEQUE,LAMBAYEQUE,MOCHUMI,RURAL,CARRETERA,PROVINCIAL,LA-647,-6.534687,-79.912711,DESPEJADO,RURAL,INTERSECCIÓN,PLANA ,ASFALTADA,,,,,EN PROCESO DE INVESTIGACIÓN,NO CUENTA CON CAUSA ESPECIFICA,15.0,0,27.333333333333332,30.0,19.0,33.0,2,2,1,2,1,0,3
A-2022-05-84,2022-05-21,20:00,ATROPELLO,1,0,1,PUNO,CHUCUITO,JULI,RURAL,CARRETERA,NACIONAL,PE-3S,-16.218310263745206,-69.49077599235127,DESPEJADO,RURAL,TRAMO RECTO,PLANA ,ASFALTADA,,,,,IMPRUDENCIA DEL PEATÓN,CRUCE INDEBIDO POR LA CALZADA,20.0,0,55.0,55.0,44.0,66.0,2,1,1,0,1,0,2
A-2022-05-245,2022-05-22,08:30,CHOQUE,1,0,2,PIURA,SULLANA,LANCONES,RURAL,CARRETERA,NACIONAL,PE-1NN,-4.562178544039255,-80.48681071173851,DESPEJADO,RURAL,TRAMO RECTO,PLANA ,ASFALTADA,,,,,IMPRUDENCIA DEL CONDUCTOR,OTRO (IMPRUDENCIA DEL CONDUCTOR),8.0,0,62.0,62.0,62.0,62.0,3,2,1,0,1,0,3
A-2022-05-261,2022-05-22,10:00,DESPISTE,1,0,0,LIMA,LIMA,COMAS,URBANA,AVENIDA,URBANO,NO CORRESPONDE,-11.9472089,-77.06073543,,,,,,,,,,EN PROCESO DE INVESTIGACIÓN,NO CUENTA CON CAUSA ESPECIFICA,10.0,0,,,,,1,1,1,0,0,0,2
A-2022-05-212,2022-05-22,11:10,VOLCADURA,1,0,0,APURIMAC,GRAU,CHUQUIBAMBILLA,URBANA,CARRETERA,NACIONAL,PE-3SF,-14.10356582408187,-72.7059108655267,,,,,,,,,,EN PROCESO DE INVESTIGACIÓN,NO CUENTA CON CAUSA ESPECIFICA,11.0,0,47.0,47.0,47.0,47.0,1,1,1,0,0,0,1
A-2022-05-246,2022-05-22,12:00,DESPISTE,1,0,1,PIURA,SULLANA,SULLANA,RURAL,CARRETERA,PROVINCIAL,PI-579,-4.781,-80.536,DESPEJADO,RURAL,CURVA,PLANA ,AFIRMADO,,,,,IMPRUDENCIA DEL CONDUCTOR,OTRO (IMPRUDENCIA DEL CONDUCTOR),12.0,0,12.0,12.0,4.0,20.0,1,1,1,0,0,0,2
A-2022-05-133,2022-05-22,14:00,DESPISTE,3,0,1,CUSCO,CANCHIS,COMBAPATA,RURAL,CARRETERA,SIN CLASIFICAR,SIN CLASIFICAR,-14.1294,-71.2436,SOLEADO,RURAL,CURVA,INCLINADA,TROCHA,SI,PREVENTIVA (P),,NO,IMPERICIA DEL CONDUCTOR,,14.0,2,13.333333333333334,10.0,2.0,28.0,2,1,3,0,0,0,3
A-2022-05-82,2022-05-22,19:20,ATROPELLO,1,0,1,ICA,ICA,ICA,URBANA,CARRETERA,NACIONAL,PE-1S,-14.070721665571629,-75.73888862919776,DESPEJADO,COMERCIAL,TRAMO RECTO,PLANA ,ASFALTADA,SI,INFORMATIVA (I),,NO,EN PROCESO DE INVESTIGACIÓN,NO CUENTA CON CAUSA ESPECIFICA,19.0,0,44.0,44.0,37.0,51.0,2,1,1,0,1,0,2
A-2022-05-252,2022-05-22,19:30,CHOQUE,1,0,0,JUNIN,TARMA,PALCA,RURAL,CARRETERA,NACIONAL,PE-22B,-11.27715335576957,-75.56268806467526,DESPEJADO,RURAL,TÚNEL,PLANA ,ASFALTADA,,,,,IMPRUDENCIA DEL CONDUCTOR,EXCESO DE VELOCIDAD,19.0,0,33.5,33.5,31.0,36.0,2,2,1,0,1,0,2
A-2022-05-85,2022-05-23,02:30,DESPISTE,2,4,1,PUNO,CHUCUITO,POMATA,RURAL,CARRETERA,NACIONAL,PE-3S,-16.357683,-69.234044,DESPEJADO,RURAL,TRAMO RECTO,PLANA ,ASFALTADA,,,,,IMPRUDENCIA DEL CONDUCTOR,FATIGA Y/O CANSANCIO,2.0,1,50.333333333333336,51.0,35.0,66.0,1,1,2,4,1,0,6
A-2022-05-101,2022-05-23,03:15,DESPISTE,1,0,1,APURIMAC,ANDAHUAYLAS,ANDAHUAYLAS,URBANA,CARRETERA,PROVINCIAL,AP-680,-13.665200139807494,-73.3918207238662,DESPEJADO,RESIDENCIAL,INTERSECCIÓN,PLANA ,AFIRMADO,,,,,IMPRUDENCIA DEL CONDUCTOR,CONDUCIR EN ESTADO DE EBRIEDAD Y/O DROGADICCIÓN,3.0,0,26.0,26.0,26.0,26.0,1,1,1,0,0,0,1
A-2022-05-102,2022-05-23,16:50,CHOQUE,1,0,2,LA LIBERTAD,PACASMAYO,GUADALUPE,RURAL,CARRETERA,NACIONAL,PE-1N,-7.310261,-79.480748,DESPEJADO,RURAL,TRAMO RECTO,PLANA ,ASFALTADA,,,,,IMPRUDENCIA DEL CONDUCTOR,NO ESTABLECER EL DERECHO DE PASO,16.0,0,41.0,41.0,35.0,47.0,2,2,1,0,1,0,2
A-2022-05-93,2022-05-23,18:30,CHOQUE FUGA,1,1,1,ICA,ICA,PARCONA,URBANA,AVENIDA,URBANO,NO CORRESPONDE,-14.04632,-75.698566,DESPEJADO,RESIDENCIAL,INTERSECCIÓN,PLANA ,ASFALTADA,,,,,EN PROCESO DE INVESTIGACIÓN,NO CUENTA CON CAUSA ESPECIFICA,18.0,0,27.5,27.5,25.0,30.0,1,1,1,1,0,0,3
A-2022-05-262,2022-05-23,19:30,ATROPELLO,1,0,0,LIMA,LIMA,LOS OLIVOS,URBANA,AVENIDA,URBANO,NO CORRESPONDE,-11.9769816,-77.0724298,,,,,,,,,,EN PROCESO DE INVESTIGACIÓN,NO CUENTA CON CAUSA ESPECIFICA,19.0,0,,,,,2,1,1,0,0,0,2
A-2022-05-216,2022-05-23,21:15,CHOQUE,1,1,2,HUANUCO,AMBO,AMBO,URBANA,CARRETERA,NACIONAL,PE-3N,-10.090184,-76.217113,DESPEJADO,RURAL,CURVA,PLANA ,ASFALTADA,,,,,IMPRUDENCIA DEL CONDUCTOR,CONDUCIR EN ESTADO DE EBRIEDAD Y/O DROGADICCIÓN,21.0,0,38.666666666666664,35.0,24.0,57.0,2,2,1,1,2,0,3
A-2022-05-197,2022-05-23,23:00,ATROPELLO,1,0,0,LIMA,LIMA,PACHACAMAC,URBANA,CARRETERA,PROVINCIAL,LM-796,-12.101234771981082,-76.87805603670515,DESPEJADO,ESCOLAR,TRAMO RECTO,PLANA ,ASFALTADA,,,,,EN PROCESO DE INVESTIGACIÓN,NO CUENTA CON CAUSA ESPECIFICA,23.0,0,,,,,0,0,1,0,0,0,2
A-2022-05-263,2022-05-24,05:40,CHOQUE FUGA,1,0,0,LIMA,LIMA,ATE,URBANA,CARRETERA,PROVINCIAL,LM-718,-12.0311476643002,-76.8921089147878,,,,,,,,,,EN PROCESO DE INVESTIGACIÓN,NO CUENTA CON CAUSA ESPECIFICA,5.0,0,,,,,1,1,1,0,0,0,2
A-2022-05-251,2022-05-24,06:50,ESPECIAL,1,0,1,LIMA,HUAURA,HUACHO,URBANA,AVENIDA,URBANO,NO CORRESPONDE,-11.102276,-77.597754,DESPEJADO,RESIDENCIAL,TRAMO RECTO,PLANA ,ASFALTADA,,,,,EN PROCESO DE INVESTIGACIÓN,NO CUENTA CON CAUSA ESPECIFICA,6.0,0,35.5,35.5,29.0,42.0,2,1,1,0,1,0,2
A-2022-05-140,2022-05-24,07:30,ATROPELLO,1,0,0,ANCASH,CARHUAZ,TINCO,URBANA,CARRETERA,PROVINCIAL,AN-1094,-9.270855311589902,-77.67914251230266,DESPEJADO,RESIDENCIAL,INTERSECCIÓN,PLANA ,ASFALTADA,,,,,EN PROCESO DE INVESTIGACIÓN,NO CUENTA CON CAUSA ESPECIFICA,7.0,0,47.0,47.0,43.0,51.0,2,1,1,0,1,0,2
A-2022-05-164,2022-05-24,08:00,ATROPELLO FUGA,1,0,0,PIURA,PIURA,CURA MORI,RURAL,CARRETERA,NACIONAL,PE-1N,-5.389647,-80.614189,DESPEJADO,RURAL,TRAMO RECTO,PLANA ,ASFALTADA,,,,,EN PROCESO DE INVESTIGACIÓN,NO CUENTA CON CAUSA ESPECIFICA,8.0,0,,,,,0,0,1,0,0,0,2
A-2022-05-174,2022-05-24,19:00,ATROPELLO FUGA,1,0,0,PUNO,MOHO,MOHO,RURAL,CARRETERA,NACIONAL,PE-34I,-15.296643,-69.6199068,DESPEJADO,RURAL,TRAMO RECTO,PLANA ,ASFALTADA,,,,,IMPRUDENCIA DEL CONDUCTOR,EXCESO DE VELOCIDAD,19.0,0,79.0,79.0,79.0,79.0,0,0,1,0,0,0,2
A-2022-05-127,2022-05-24,22:30,DESPISTE,1,1,1,CUSCO,CALCA,LARES,RURAL,CARRETERA,DEPARTAMENTAL,CU-105,-13.031013,-71.980191,NUBLADO,RURAL,CURVA,INCLINADA,AFIRMADO,,,,,IMPRUDENCIA DEL CONDUCTOR,FATIGA Y/O CANSANCIO,22.0,0,45.0,45.0,42.0,48.0,2,1,1,1,1,0,2
A-2022-05-254,2022-05-25,02:15,ATROPELLO FUGA,1,0,1,LIMA,HUARAL,AUCALLAMA,URBANA,CARRETERA,NACIONAL,PE-1N,-11.61153,-77.23506,DESPEJADO,COMERCIAL,TRAMO RECTO,PLANA ,ASFALTADA,,,,,EN PROCESO DE INVESTIGACIÓN,NO CUENTA CON CAUSA ESPECIFICA,2.0,0,27.0,27.0,27.0,27.0,1,0,1,0,0,0,2
A-2022-05-161,2022-05-25,03:00,DESPISTE,1,3,1,TACNA,TARATA,ESTIQUE-PAMPA,RURAL,CARRETERA,NACIONAL,PE-38,-17.5277109,-70.0362652,DESPEJADO,RURAL,CURVA,PLANA ,ASFALTADA,,,,,NEGLIGENCIA DEL CONDUCTOR,OTRO (NEGLIGENCIA DEL CONDUCTOR),3.0,0,29.8,30.0,1.0,47.0,3,1,1,3,1,0,5
A-2022-05-92,2022-05-25,06:00,DESPISTE,1,0,1,ICA,PISCO,SAN CLEMENTE,URBANA,CARRETERA,NACIONAL,PE-28A,-13.682240055849617,-76.10700038200025,DESPEJADO,RURAL,TRAMO RECTO,PLANA ,ASFALTADA,,,,,IMPRUDENCIA DEL CONDUCTOR,EXCESO DE VELOCIDAD,6.0,0,41.0,41.0,41.0,41.0,1,1,1,0,1,0,1
A-2022-05-94,2022-05-25,19:40,CHOQUE,1,0,3,ICA,PALPA,PALPA,RURAL,CARRETERA,DEPARTAMENTAL,IC-111,-14.537617,-75.162942,DESPEJADO,RURAL,CURVA,INCLINADA,ASFALTADA,SI,PREVENTIVA (P),,SI,IMPRUDENCIA DEL CONDUCTOR,INVASIÓN DE CARRIL,19.0,0,38.666666666666664,45.0,17.0,54.0,3,3,1,0,1,0,3
A-2022-05-247,2022-05-26,06:00,CHOQUE,1,0,2,PIURA,SULLANA,MARCAVELICA,RURAL,CARRETERA,NACIONAL,PE-1N,-4.857721850190255,-80.73245275661782,DESPEJADO,RURAL,CURVA,PLANA ,ASFALTADA,,,,,IMPRUDENCIA DEL CONDUCTOR,INVASIÓN DE CARRIL,6.0,0,33.666666666666664,37.0,13.0,51.0,3,2,1,0,1,0,3
A-2022-05-269,2022-05-26,06:30,CHOQUE,1,0,0,PIURA,PIURA,CASTILLA,URBANA,CARRETERA,DEPARTAMENTAL,PI-126,-5.18722,-80.6098516,DESPEJADO,RURAL,TRAMO RECTO,PLANA ,ADOQUINADO,,,,,IMPRUDENCIA DEL CONDUCTOR,NO ESTABLECER EL DERECHO DE PASO,6.0,0,55.0,55.0,48.0,62.0,2,2,1,0,1,0,2
A-2022-05-118,2022-05-26,08:00,CHOQUE,1,0,0,LAMBAYEQUE,CHICLAYO,JOSE LEONARDO ORTIZ,RURAL,CARRETERA,DEPARTAMENTAL,LA-111,-6.738707,-79.79274,DESPEJADO,RURAL,TRAMO RECTO,PLANA ,ASFALTADA,,,,,EN PROCESO DE INVESTIGACIÓN,NO CUENTA CON CAUSA ESPECIFICA,8.0,0,46.0,46.0,35.0,57.0,2,2,1,0,2,0,2
A-2022-05-264,2022-05-26,09:50,CHOQUE,1,0,0,LIMA,LIMA,SAN JUAN DE LURIGANCHO,URBANA,AVENIDA,URBANO,NO CORRESPONDE,-11.963306,-77.008072,,,,,,,,,,EN PROCESO DE INVESTIGACIÓN,NO CUENTA CON CAUSA ESPECIFICA,9.0,0,,,,,2,2,1,0,0,0,2
A-2022-05-100,2022-05-26,11:10,ATROPELLO,1,0,1,AREQUIPA,AREQUIPA,CERRO COLORADO,URBANA,CARRETERA,NACIONAL,PE-34A,-16.405982,-71.591284,DESPEJADO,RESIDENCIAL,TRAMO RECTO,INCLINADA,ASFALTADA,NO,,,SI,EN PROCESO DE INVESTIGACIÓN,NO CUENTA CON CAUSA ESPECIFICA,11.0,0,52.0,52.0,45.0,59.0,1,1,1,0,1,0,2
A-2022-05-253,2022-05-26,19:40,CAÍDA DE PASAJERO,1,0,0,JUNIN,HUANCAYO,PUCARA,RURAL,CARRETERA,SIN CLASIFICAR,SIN CLASIFICAR,-12.198919699705572,-75.07859247916672,DESPEJADO,RURAL,SINUOSA,PLANA ,TROCHA,,,,,IMPRUDENCIA DEL CONDUCTOR,CONDUCIR EN ESTADO DE EBRIEDAD Y/O DROGADICCIÓN,19.0,0,47.0,47.0,43.0,51.0,2,1,1,0,1,1,2
A-2022-05-239,2022-05-26,23:00,CHOQUE CON OBJETO FIJO,1,0,1,ICA,CHINCHA,EL CARMEN,RURAL,CARRETERA,SIN CLASIFICAR,SIN CLASIFICAR,-13.483962,-76.033743,DESPEJADO,RURAL,TRAMO RECTO,PLANA ,TROCHA,,,,,IMPRUDENCIA DEL CONDUCTOR,CONDUCIR EN ESTADO DE EBRIEDAD Y/O DROGADICCIÓN,23.0,0,30.0,30.0,30.0,30.0,1,1,1,0,1,0,1
A-2022-05-218,2022-05-27,04:00,ATROPELLO FUGA,1,0,0,LIMA,HUARAL,AUCALLAMA,URBANA,CARRETERA,NACIONAL,PE-1NA,-11.61655,-77.22741,DESPEJADO,COMERCIAL,TRAMO RECTO,PLANA ,ASFALTADA,,,,,EN PROCESO DE INVESTIGACIÓN,NO CUENTA CON CAUSA ESPECIFICA,4.0,0,40.0,40.0,40.0,40.0,1,0,1,0,0,0,2
A-2022-05-265,2022-05-27,06:15,CHOQUE FUGA,1,1,0,LIMA,LIMA,SAN JUAN DE MIRAFLORES,URBANA,AVENIDA,URBANO,NO CORRESPONDE,-12.18605,-76.97927,,,,,,,,,,EN PROCESO DE INVESTIGACIÓN,NO CUENTA CON CAUSA ESPECIFICA,6.0,0,,,,,1,1,1,1,0,0,3
A-2022-05-175,2022-05-27,18:40,DESPISTE,1,0,1,PUNO,MELGAR,AYAVIRI,RURAL,CARRETERA,NACIONAL,PE-3S,-14.8408481,-70.6528306,DESPEJADO,RURAL,TRAMO RECTO,PLANA ,ASFALTADA,,,,,IMPRUDENCIA DEL CONDUCTOR,CONDUCIR EN ESTADO DE EBRIEDAD Y/O DROGADICCIÓN,18.0,0,41.0,41.0,41.0,41.0,1,1,1,0,0,1,1
A-2022-05-141,2022-05-28,02:00,DESPISTE,1,1,1,ANCASH,HUARI,RAPAYAN,RURAL,CARRETERA,SIN CLASIFICAR,SIN CLASIFICAR,-9.230537540721468,-76.74357411255238,LLUVIOSO,RURAL,SINUOSA,PLANA ,AFIRMADO,SI,PREVENTIVA (P),,NO,IMPRUDENCIA DEL CONDUCTOR,FATIGA Y/O CANSANCIO,2.0,0,41.0,41.0,29.0,53.0,2,1,1,1,0,0,2
A-2022-05-201,2022-05-28,03:30,CHOQUE FUGA,1,0,0,ANCASH,SANTA,NUEVO CHIMBOTE,URBANA,CARRETERA,NACIONAL,PE-1N,-9.132806,-78.526513,DESPEJADO,COMERCIAL,TRAMO RECTO,PLANA ,ASFALTADA,,,,,EN PROCESO DE INVESTIGACIÓN,NO CUENTA CON CAUSA ESPECIFICA,3.0,0,75.0,75.0,75.0,75.0,1,1,1,0,1,0,2
A-2022-05-131,2022-05-28,13:00,DESPISTE,1,1,1,LA LIBERTAD,JULCAN,JULCAN,RURAL,CARRETERA,SIN CLASIFICAR,SIN CLASIFICAR,-8.01788,-78.492144,DESPEJADO,RURAL,TRAMO RECTO,PLANA ,TROCHA,,,,,EN PROCESO DE INVESTIGACIÓN,NO CUENTA CON CAUSA ESPECIFICA,13.0,0,17.0,17.0,17.0,17.0,1,1,1,1,0,0,2
A-2022-05-119,2022-05-28,16:30,DESPISTE,1,0,1,PUNO,CHUCUITO,JULI,RURAL,CARRETERA,NACIONAL,PE-3S,-16.1970959,-69.5231013,DESPEJADO,RURAL,TRAMO RECTO,PLANA ,ASFALTADA,,,,,IMPRUDENCIA DEL CONDUCTOR,FATIGA Y/O CANSANCIO,16.0,0,38.0,38.0,28.0,48.0,2,1,1,0,0,0,2
A-2022-05-266,2022-05-28,16:40,CHOQUE,1,0,0,LIMA,LIMA,LURIN,URBANA,CARRETERA,PROVINCIAL,LM-797,-12.27257,-76.873766,,,,,,,,,,EN PROCESO DE INVESTIGACIÓN,NO CUENTA CON CAUSA ESPECIFICA,16.0,0,,,,,2,2,1,0,0,0,2
A-2022-05-234,2022-05-28,18:20,DESPISTE,1,0,0,JUNIN,CHANCHAMAYO,CHANCHAMAYO,RURAL,CARRETERA,NACIONAL,PE-22B,-10.99935704,-75.31384671,,,,,,,,,,EN PROCESO DE INVESTIGACIÓN,NO CUENTA CON CAUSA ESPECIFICA,18.0,0,36.0,36.0,36.0,36.0,1,1,1,0,0,0,1
A-2022-05-103,2022-05-28,20:00,CHOQUE,1,0,2,ICA,ICA,PUEBLO NUEVO,URBANA,CARRETERA,NACIONAL,PE-1S,-14.127625,-75.716393,DESPEJADO,RURAL,CURVA,PLANA ,ASFALTADA,,,,,EN PROCESO DE INVESTIGACIÓN,NO CUENTA CON CAUSA ESPECIFICA,20.0,0,57.5,57.5,52.0,63.0,2,2,1,0,2,0,2
A-2022-05-120,2022-05-28,20:40,CHOQUE,1,2,2,AREQUIPA,AREQUIPA,UCHUMAYO,RURAL,CARRETERA,SIN CLASIFICAR,SIN CLASIFICAR,-16.540684,-71.697909,DESPEJADO,RURAL,TRAMO RECTO,PLANA ,ASFALTADA,NO,,,SI,EN PROCESO DE INVESTIGACIÓN,NO CUENTA CON CAUSA ESPECIFICA,20.0,0,46.0,46.0,42.0,50.0,3,2,1,2,2,0,3
A-2022-05-240,2022-05-29,05:00,CHOQUE,1,1,2,ICA,CHINCHA,CHINCHA ALTA,URBANA,CARRETERA,NACIONAL,PE-1S,-13.43475527999848,-76.13456720527745,DESPEJADO,COMERCIAL,INTERSECCIÓN,PLANA ,ASFALTADA,,,,,NEGLIGENCIA DEL CONDUCTOR,OTRO (NEGLIGENCIA DEL CONDUCTOR),5.0,0,27.666666666666668,19.0,19.0,45.0,2,2,1,1,0,0,3