CODIGO_SINIESTRO,FECHA_SINIESTRO,HORA_SINIESTRO,CLASE_SINIESTRO,CANTIDAD_FALLECIDOS,CANTIDAD_LESIONADOS,CANTIDAD_VEHICULOS,DEPARTAMENTO,PROVINCIA,DISTRITO,ZONA,TIPO_VIA,RED_VIAL,COD_CARRETERA,LATITUD,LONGITUD,CONDICION_CLIMATICA,ZONIFICACION,CARACTERISTICAS_VIA,PERFIL_VIA,SUPERFICIE_CALZADA,EXISTE_SENIAL_VERTICAL,CLASIFICACION_SENIAL_VERTICAL_1,CLASIFICACION_SENIAL_VERTICAL_2,EXISTE_SENIAL_HORIZONTAL,CAUSA_FACTOR_PRINCIPAL,CAUSA_ESPECIFICA,HORA,severidad,EDAD_PROMEDIO,EDAD_MEDIANA,EDAD_MIN,EDAD_MAX,TOTAL_MASCULINOS,TOTAL_CONDUCTORES,TOTAL_FALLECIDOS_AGG,TOTAL_LESIONADOS_AGG,TOTAL_LICENCIA,TOTAL_ALCOHOL_POSITIVO,TOTAL_PERSONAS
A-2022-05-235,2022-05-29,05:30,ATROPELLO FUGA,1,0,0,JUNIN,SATIPO,MAZAMARI,RURAL,CARRETERA,NACIONAL,PE-5S,-11.316353514052738,-74.54050887410403,,,,,,,,,,EN PROCESO DE INVESTIGACIÓN,NO CUENTA CON CAUSA ESPECIFICA,5.0,0,29.0,29.0,29.0,29.0,1,1,1,0,0,0,2
A-2023-07-1,2022-05-29,05:30,CHOQUE,1,1,2,LORETO,MAYNAS,SAN JUAN BAUTISTA,URBANA,CARRETERA,PROVINCIAL,LO-504,-3.7768307,-73.2981257,DESPEJADO,RURAL,TRAMO RECTO,PLANA ,ASFALTADA,,,,,IMPRUDENCIA DEL CONDUCTOR,INVASIÓN DE CARRIL,5.0,0,36.0,33.0,21.0,57.0,4,1,1,1,0,0,4
A-2022-05-145,2022-05-29,08:32,CHOQUE CON OBJETO FIJO,1,0,1,CUSCO,CUSCO,CUSCO,URBANA,CARRETERA,NACIONAL,PE-3S,-13.517767,-71.995508,DESPEJADO,RESIDENCIAL,CURVA,INCLINADA,ASFALTADA,,,,,NEGLIGENCIA DEL CONDUCTOR,OTRO (NEGLIGENCIA DEL CONDUCTOR),8.0,0,65.5,65.5,62.0,69.0,1,1,1,0,1,0,2
A-2022-05-108,2022-05-29,13:00,CHOQUE,1,0,0,LAMBAYEQUE,LAMBAYEQUE,MOTUPE,RURAL,CARRETERA,NACIONAL,PE-1NJ,-6.039101,-79.676422,DESPEJADO,INDUSTRIAL,TRAMO RECTO,INCLINADA,ASFALTADA,SI,REGULADORA (R),REGULADORA (R),NO,EN PROCESO DE INVESTIGACIÓN,NO CUENTA CON CAUSA ESPECIFICA,13.0,0,42.666666666666664,40.0,38.0,50.0,3,2,1,0,2,0,3
A-2022-05-132,2022-05-29,16:30,CHOQUE,2,0,3,LA LIBERTAD,PACASMAYO,GUADALUPE,RURAL,CARRETERA,NACIONAL,PE-1N,-7.319234,-79.480246,DESPEJADO,RURAL,TRAMO RECTO,PLANA ,ASFALTADA,,,,,IMPRUDENCIA DEL CONDUCTOR,ADELANTAR INDEBIDAMENTE,16.0,1,30.25,20.0,18.0,63.0,3,3,2,0,3,0,4
A-2022-05-142,2022-05-29,18:30,CHOQUE,1,2,2,SAN MARTIN,MOYOBAMBA,MOYOBAMBA,URBANA,JIRÓN,URBANO,NO CORRESPONDE,-6.028196,-76.978588,DESPEJADO,RESIDENCIAL,INTERSECCIÓN,PLANA ,ASFALTADA,,,,,IMPRUDENCIA DEL CONDUCTOR,OTRO (IMPRUDENCIA DEL CONDUCTOR),18.0,0,20.666666666666668,17.0,16.0,29.0,3,2,1,2,0,0,3
A-2022-05-134,2022-05-29,23:35,ATROPELLO,1,0,1,LA LIBERTAD,TRUJILLO,HUANCHACO,RURAL,CARRETERA,NACIONAL,PE-1N,-8.016863,-79.073086,DESPEJADO,RURAL,TRAMO RECTO,PLANA ,ASFALTADA,,,,,IMPRUDENCIA DEL PEATÓN,ESTADO DE EBRIEDAD Y/O DROGADICCIÓN,23.0,0,51.5,51.5,42.0,61.0,1,1,1,0,1,0,2
A-2022-05-166,2022-05-30,02:05,DESPISTE,1,0,0,LAMBAYEQUE,CHICLAYO,TUMAN,RURAL,CARRETERA,SIN CLASIFICAR,SIN CLASIFICAR,-6.714927,-79.69199,NIEBLA,RURAL,TRAMO RECTO,PLANA ,AFIRMADO,,,,,EN PROCESO DE INVESTIGACIÓN,NO CUENTA CON CAUSA ESPECIFICA,2.0,0,49.5,49.5,49.0,50.0,1,1,1,0,0,1,2
A-2022-05-267,2022-05-30,05:30,CHOQUE FUGA,1,0,0,LIMA,LIMA,LURIN,URBANA,AVENIDA,URBANO,NO CORRESPONDE,-12.2535,-76.9012,,,,,,,,,,EN PROCESO DE INVESTIGACIÓN,NO CUENTA CON CAUSA ESPECIFICA,5.0,0,,,,,2,1,1,0,0,0,3
A-2022-05-167,2022-05-30,06:00,ATROPELLO,1,0,1,CALLAO,CALLAO,CALLAO,URBANA,CARRETERA,NACIONAL,PE-20,-11.996399401372072,-77.12622202581116,DESPEJADO,INDUSTRIAL,TRAMO RECTO,PLANA ,ASFALTADA,NO,,,SI,IMPRUDENCIA DEL CONDUCTOR,EXCESO DE VELOCIDAD,6.0,0,64.5,64.5,62.0,67.0,2,1,1,0,1,0,2
A-2022-05-219,2022-05-30,14:00,VOLCADURA,1,0,1,LIMA,HUAURA,SAYAN,URBANA,CARRETERA,PROVINCIAL,LM-664,-11.203749943440611,-77.3721384542548,DESPEJADO,RESIDENCIAL,OTRO,PLANA ,AFIRMADO,,,,,IMPRUDENCIA DEL CONDUCTOR,OTRO (IMPRUDENCIA DEL CONDUCTOR),14.0,0,41.5,41.5,38.0,45.0,2,1,1,0,1,0,2
A-2022-05-135,2022-05-30,23:35,CHOQUE,1,0,2,LA LIBERTAD,TRUJILLO,LAREDO,RURAL,CARRETERA,NACIONAL,PE-10A,-8.100600137744339,-78.94272472159018,DESPEJADO,RURAL,TRAMO RECTO,PLANA ,ASFALTADA,,,,,IMPRUDENCIA DEL CONDUCTOR,INVASIÓN DE CARRIL,23.0,0,34.5,34.5,29.0,40.0,2,2,1,0,2,0,2
A-2023-05-94,2022-05-31,01:00,DESPISTE,1,0,1,JUNIN,JAUJA,POMACANCHA,RURAL,CARRETERA,PROVINCIAL,JU-673,-11.6667088728739,-75.6493071178522,DESPEJADO,RURAL,CURVA,INCLINADA,TROCHA,,,,,IMPRUDENCIA DEL CONDUCTOR,CONDUCIR EN ESTADO DE EBRIEDAD Y/O DROGADICCIÓN,1.0,0,,,,,1,1,1,0,0,0,1
A-2022-05-214,2022-05-31,05:00,DESPISTE,2,5,1,HUANUCO,HUANUCO,YARUMAYO,RURAL,CARRETERA,DEPARTAMENTAL,HU-111,-9.978249,-76.438632,NIEBLA,RURAL,CURVA,INCLINADA,TROCHA,,,,,INFRAESTRUCTURA Y ENTORNO VIAL,FACTOR AMBIENTAL,5.0,1,28.571428571428573,24.0,8.0,47.0,2,1,2,5,1,0,7
A-2022-05-268,2022-05-31,13:00,ATROPELLO,1,0,0,LIMA,LIMA,LOS OLIVOS,URBANA,AVENIDA,URBANO,NO CORRESPONDE,-11.933205,-77.080474,,,,,,,,,,EN PROCESO DE INVESTIGACIÓN,NO CUENTA CON CAUSA ESPECIFICA,13.0,0,,,,,1,1,1,0,0,0,2
A-2022-05-221,2022-05-31,21:00,DESPISTE,1,1,0,AYACUCHO,VICTOR FAJARDO,CANARIA,RURAL,CARRETERA,PROVINCIAL,AY-1126,-14.006451,-73.957043,DESPEJADO,RURAL,CURVA,PLANA ,TROCHA,SI,INFORMATIVA (I),REGULADORA (R),NO,IMPRUDENCIA DEL CONDUCTOR,OTRO (IMPRUDENCIA DEL CONDUCTOR),21.0,0,28.5,28.5,28.0,29.0,1,1,1,1,1,0,2
A-2022-06-80,2022-06-01,06:30,ATROPELLO,1,0,0,LAMBAYEQUE,CHICLAYO,MONSEFU,RURAL,CARRETERA,PROVINCIAL,LA-778,-6.85114,-79.86239,NUBLADO,RURAL,TRAMO RECTO,PLANA ,ASFALTADA,,,,,EN PROCESO DE INVESTIGACIÓN,NO CUENTA CON CAUSA ESPECIFICA,6.0,0,52.5,52.5,28.0,77.0,2,1,1,0,0,0,2
A-2022-06-260,2022-06-01,07:00,ATROPELLO,1,0,0,LIMA,LIMA,VILLA MARIA DEL TRIUNFO,URBANA,AVENIDA,URBANO,NO CORRESPONDE,-12.16071,-76.94065,,,,,,,,,,EN PROCESO DE INVESTIGACIÓN,NO CUENTA CON CAUSA ESPECIFICA,7.0,0,,,,,1,1,1,0,0,0,2
A-2022-06-262,2022-06-01,11:40,DESPISTE,1,0,0,LIMA,LIMA,VILLA MARIA DEL TRIUNFO,URBANA,AVENIDA,URBANO,NO CORRESPONDE,-12.167059848818957,-76.9499128271913,,,,,,,,,,EN PROCESO DE INVESTIGACIÓN,NO CUENTA CON CAUSA ESPECIFICA,11.0,0,,,,,1,1,1,0,0,0,2
A-2022-06-261,2022-06-01,13:30,ATROPELLO,1,0,0,LIMA,LIMA,SAN MARTIN DE PORRES,URBANA,AVENIDA,URBANO,NO CORRESPONDE,-12.023962,-77.080476,,,,,,,,,,EN PROCESO DE INVESTIGACIÓN,NO CUENTA CON CAUSA ESPECIFICA,13.0,0,,,,,2,1,1,0,0,0,2
A-2022-06-225,2022-06-01,15:30,ATROPELLO,1,0,1,LIMA,HUARAL,AUCALLAMA,URBANA,CARRETERA,NACIONAL,PE-20C,-11.594394857044657,-77.20144803209064,DESPEJADO,COMERCIAL,TRAMO RECTO,PLANA ,ASFALTADA,,,,,IMPRUDENCIA DEL PEATÓN,CRUCE INDEBIDO POR LA CALZADA,15.0,0,43.0,43.0,43.0,43.0,1,1,1,0,0,0,2
A-2022-06-67,2022-06-01,18:30,ATROPELLO,1,0,1,LAMBAYEQUE,CHICLAYO,POMALCA,URBANA,CARRETERA,PROVINCIAL,LA-816,-6.770579,-79.783026,DESPEJADO,ESCOLAR,TRAMO RECTO,PLANA ,ASFALTADA,SI,REGULADORA (R),PREVENTIVA (P),NO,EN PROCESO DE INVESTIGACIÓN,NO CUENTA CON CAUSA ESPECIFICA,18.0,0,41.5,41.5,24.0,59.0,2,1,1,0,1,0,2
A-2022-06-5,2022-06-02,01:50,DESPISTE,1,0,1,ICA,PISCO,PARACAS,RURAL,CARRETERA,NACIONAL,PE-1S,-13.897395,-76.080437,NIEBLA,RURAL,TRAMO RECTO,PLANA ,ASFALTADA,SI,REGULADORA (R),INFORMATIVA (I),SI,EN PROCESO DE INVESTIGACIÓN,NO CUENTA CON CAUSA ESPECIFICA,1.0,0,,,,,1,1,1,0,0,0,1
A-2022-06-114,2022-06-02,07:30,DESPISTE,1,0,1,CAJAMARCA,CAJABAMBA,CAJABAMBA,URBANA,JIRÓN,URBANO,NO CORRESPONDE,-7.630609,-78.044421,DESPEJADO,RURAL,TRAMO RECTO,PLANA ,ASFALTADA,,,,,EN PROCESO DE INVESTIGACIÓN,NO CUENTA CON CAUSA ESPECIFICA,7.0,0,18.0,18.0,18.0,18.0,1,1,1,0,0,0,1
A-2022-06-263,2022-06-02,18:10,ATROPELLO,1,0,0,LIMA,LIMA,VILLA EL SALVADOR,URBANA,AVENIDA,URBANO,NO CORRESPONDE,-12.195384061606628,-76.95906453254018,,,,,,,,,,EN PROCESO DE INVESTIGACIÓN,NO CUENTA CON CAUSA ESPECIFICA,18.0,0,,,,,1,1,1,0,0,0,2
A-2022-06-222,2022-06-02,20:10,CHOQUE,1,0,2,JUNIN,CHUPACA,CHUPACA,RURAL,CARRETERA,SIN CLASIFICAR,SIN CLASIFICAR,-12.06023,-75.30881,DESPEJADO,RURAL,TRAMO RECTO,INCLINADA,CONCRETO,,,,,IMPRUDENCIA DEL CONDUCTOR,CONDUCIR EN ESTADO DE EBRIEDAD Y/O DROGADICCIÓN,20.0,0,51.0,51.0,40.0,62.0,2,2,1,0,2,0,2
A-2022-06-218,2022-06-03,14:00,ATROPELLO,1,0,1,PUNO,LAMPA,PUCARA,RURAL,CARRETERA,NACIONAL,PE-3S,-14.9737186,-70.4617742,DESPEJADO,RURAL,TRAMO RECTO,PLANA ,ASFALTADA,,,,,IMPRUDENCIA DEL CONDUCTOR,EXCESO DE VELOCIDAD,14.0,0,57.0,57.0,28.0,86.0,1,1,1,0,1,0,2
A-2022-06-105,2022-06-03,16:40,DESPISTE,1,0,1,PUNO,AZANGARO,SAN ANTON,RURAL,CARRETERA,NACIONAL,PE-34B,-14.577643229825163,-70.29668030476903,DESPEJADO,RURAL,TRAMO RECTO,PLANA ,TROCHA,,,,,INFRAESTRUCTURA Y ENTORNO VIAL,SUPERFICIE DETERIORADA,16.0,0,36.5,36.5,23.0,50.0,0,1,1,0,1,0,2
A-2022-06-40,2022-06-03,20:40,ATROPELLO,1,0,1,PIURA,PIURA,PIURA,URBANA,AVENIDA,URBANO,NO CORRESPONDE,-5.19449,-80.63282,DESPEJADO,COMERCIAL,TRAMO RECTO,PLANA ,ASFALTADA,,,,,EN PROCESO DE INVESTIGACIÓN,NO CUENTA CON CAUSA ESPECIFICA,20.0,0,36.5,36.5,23.0,50.0,1,1,1,0,0,0,2
A-2022-06-3,2022-06-03,22:30,ATROPELLO FUGA,1,0,0,PUNO,CHUCUITO,POMATA,RURAL,CARRETERA,PROVINCIAL,PU-1281,-16.31973,-69.289562,DESPEJADO,RURAL,TRAMO RECTO,PLANA ,TROCHA,,,,,EN PROCESO DE INVESTIGACIÓN,NO CUENTA CON CAUSA ESPECIFICA,22.0,0,73.0,73.0,73.0,73.0,1,0,1,0,0,0,2
A-2022-06-219,2022-06-04,14:20,DESPISTE,2,1,1,PUNO,LAMPA,CALAPUJA,RURAL,CARRETERA,NACIONAL,PE-34B,-15.294135,-70.223175,DESPEJADO,RURAL,TRAMO RECTO,PLANA ,ASFALTADA,,,,,INFRAESTRUCTURA Y ENTORNO VIAL,OTRO (INFRAESTRUCTURA Y ENTORNO VIAL),14.0,1,29.0,29.0,26.0,32.0,2,1,2,1,1,0,3
A-2022-06-251,2022-06-04,19:40,CHOQUE,1,2,0,JUNIN,JAUJA,JAUJA,URBANA,CARRETERA,PROVINCIAL,JU-725,-11.770201597534674,-75.49005898081053,DESPEJADO,COMERCIAL,TRAMO RECTO,PLANA ,ASFALTADA,,,,,IMPRUDENCIA DEL CONDUCTOR,CONDUCIR EN ESTADO DE EBRIEDAD Y/O DROGADICCIÓN,19.0,0,27.333333333333332,27.0,25.0,30.0,3,2,1,2,2,1,3
A-2022-06-197,2022-06-04,22:30,DESPISTE,1,0,0,AYACUCHO,HUAMANGA,JESUS NAZARENO,RURAL,CARRETERA,NACIONAL,PE-3S,-13.13727664,-74.21051279,DESPEJADO,RURAL,CURVA,INCLINADA,ASFALTADA,,,,,IMPRUDENCIA DEL CONDUCTOR,EXCESO DE VELOCIDAD,22.0,0,44.5,44.5,32.0,57.0,1,1,1,0,1,0,2
A-2022-06-4,2022-06-04,22:40,CHOQUE,1,0,2,PUNO,CHUCUITO,ZEPITA,RURAL,CARRETERA,NACIONAL,PE-3S,-16.488321601736654,-69.11035532776755,NUBLADO,RURAL,TRAMO RECTO,PLANA ,ASFALTADA,SI,PREVENTIVA (P),,SI,IMPRUDENCIA DEL CONDUCTOR,FRENAR INTEMPESTIVAMENTE,22.0,0,34.5,34.5,32.0,37.0,2,2,1,0,2,0,2
A-2022-06-33,2022-06-04,23:30,CHOQUE,1,1,2,TACNA,TACNA,SAMA,RURAL,CARRETERA,NACIONAL,PE-1SD,-18.16691804414193,-70.6537413023782,DESPEJADO,RURAL,TRAMO RECTO,PLANA ,ASFALTADA,,,,,IMPRUDENCIA DEL CONDUCTOR,CONDUCIR EN ESTADO DE EBRIEDAD Y/O DROGADICCIÓN,23.0,0,42.5,42.5,34.0,51.0,2,2,1,1,0,0,2
A-2022-06-82,2022-06-05,01:45,DESPISTE,2,0,1,LAMBAYEQUE,LAMBAYEQUE,LAMBAYEQUE,RURAL,CARRETERA,NACIONAL,PE-1N,-6.684792,-79.904011,DESPEJADO,RURAL,ÓVALO,PLANA ,ASFALTADA,,,,,EN PROCESO DE INVESTIGACIÓN,NO CUENTA CON CAUSA ESPECIFICA,1.0,1,30.0,30.0,29.0,31.0,2,1,2,0,1,0,2
A-2022-06-216,2022-06-05,03:00,CHOQUE,1,1,0,LIMA,LIMA,CHORRILLOS,URBANA,AVENIDA,URBANO,NO CORRESPONDE,-12.195909865191556,-77.00061983499798,DESPEJADO,COMERCIAL,CURVA,PLANA ,ASFALTADA,,,,,EN PROCESO DE INVESTIGACIÓN,NO CUENTA CON CAUSA ESPECIFICA,3.0,0,28.0,28.0,24.0,32.0,2,2,1,1,1,0,2
A-2022-06-16,2022-06-05,03:40,CHOQUE CON OBJETO FIJO,1,0,1,AREQUIPA,AREQUIPA,LA JOYA,URBANA,CALLE,URBANO,NO CORRESPONDE,-16.4229103,-71.8180602,DESPEJADO,RESIDENCIAL,TRAMO RECTO,PLANA ,ASFALTADA,NO,,,SI,EN PROCESO DE INVESTIGACIÓN,NO CUENTA CON CAUSA ESPECIFICA,3.0,0,24.0,24.0,24.0,24.0,1,1,1,0,0,0,1
A-2022-06-29,2022-06-05,04:50,ATROPELLO FUGA,1,0,0,ANCASH,HUARAZ,TARICA,RURAL,CARRETERA,NACIONAL,PE-3N,-9.413827339375976,-77.56467275113332,DESPEJADO,RURAL,CURVA,PLANA ,ASFALTADA,NO,,,SI,IMPRUDENCIA DEL PEATÓN,CRUCE INDEBIDO POR LA CALZADA,4.0,0,,,,,1,0,1,0,0,0,2
A-2022-06-54,2022-06-05,05:00,DESPISTE,1,0,0,CUSCO,CANAS,LANGUI,RURAL,CARRETERA,SIN CLASIFICAR,SIN CLASIFICAR,-14.4813,-71.2655,DESPEJADO,RURAL,TRAMO RECTO,PLANA ,TROCHA,,,,,IMPRUDENCIA DEL CONDUCTOR,EXCESO DE VELOCIDAD,5.0,0,61.0,61.0,61.0,61.0,1,1,1,0,0,0,1
A-2022-06-215,2022-06-05,08:00,DESPISTE,1,1,0,LIMA,LIMA,CARABAYLLO,URBANA,AVENIDA,URBANO,NO CORRESPONDE,-11.8809297,-77.02161,DESPEJADO,ESCOLAR,TRAMO RECTO,PLANA ,ASFALTADA,,,,,EN PROCESO DE INVESTIGACIÓN,NO CUENTA CON CAUSA ESPECIFICA,8.0,0,40.333333333333336,37.0,36.0,48.0,1,1,1,1,0,0,3
A-2022-06-224,2022-06-05,11:35,DESPISTE,1,6,0,JUNIN,TARMA,HUASAHUASI,RURAL,CARRETERA,PROVINCIAL,JU-548,-11.266173761139322,-75.60367222167244,,,,,,,,,,EN PROCESO DE INVESTIGACIÓN,NO CUENTA CON CAUSA ESPECIFICA,11.0,0,54.375,56.0,43.0,62.0,2,1,1,6,1,0,8
A-2022-06-217,2022-06-05,12:00,CHOQUE,1,1,0,LIMA,LIMA,ATE,URBANA,AVENIDA,URBANO,NO CORRESPONDE,-12.022756096625134,-76.91190355430972,DESPEJADO,COMERCIAL,TRAMO RECTO,PLANA ,TROCHA,,,,,EN PROCESO DE INVESTIGACIÓN,NO CUENTA CON CAUSA ESPECIFICA,12.0,0,20.0,25.0,1.0,29.0,3,2,1,1,2,0,4
A-2022-06-163,2022-06-05,16:00,CHOQUE,1,1,2,HUANUCO,HUANUCO,CHINCHAO,RURAL,CARRETERA,NACIONAL,PE-18A,-9.496673,-75.95111,NUBLADO,RURAL,CURVA,INCLINADA,ASFALTADA,SI,PREVENTIVA (P),PREVENTIVA (P),NO,IMPRUDENCIA DEL CONDUCTOR,EXCESO DE VELOCIDAD,16.0,0,26.333333333333332,22.0,17.0,40.0,3,2,1,1,2,0,3
A-2022-06-68,2022-06-05,17:00,CHOQUE,1,3,2,LAMBAYEQUE,CHICLAYO,PICSI,RURAL,CARRETERA,NACIONAL,PE-06A,-6.750403843919744,-79.72370134756918,DESPEJADO,RURAL,TRAMO RECTO,PLANA ,ASFALTADA,SI,PREVENTIVA (P),,NO,EN PROCESO DE INVESTIGACIÓN,NO CUENTA CON CAUSA ESPECIFICA,17.0,0,25.2,35.0,3.0,44.0,2,2,1,3,2,0,5
A-2022-06-9,2022-06-05,17:20,DESPISTE,1,0,1,PUNO,PUNO,PICHACANI,RURAL,CARRETERA,NACIONAL,PE-36B,-16.187036391641616,-70.09894608608309,DESPEJADO,RURAL,CURVA,PLANA ,ASFALTADA,,,,,IMPRUDENCIA DEL CONDUCTOR,EXCESO DE VELOCIDAD,17.0,0,19.0,19.0,19.0,19.0,1,1,1,0,0,0,1
A-2022-06-257,2022-06-05,17:40,CHOQUE,1,0,0,MADRE DE DIOS,TAMBOPATA,TAMBOPATA,RURAL,AVENIDA,URBANO,NO CORRESPONDE,-12.596425,-69.194638,,,,,,,,,,EN PROCESO DE INVESTIGACIÓN,NO CUENTA CON CAUSA ESPECIFICA,17.0,0,42.5,42.5,29.0,56.0,2,2,1,0,0,0,2
A-2022-06-38,2022-06-05,18:20,ATROPELLO FUGA,1,1,1,AREQUIPA,AREQUIPA,JACOBO HUNTER,URBANA,CARRETERA,PROVINCIAL,AR-796,-16.460249,-71.556444,DESPEJADO,RESIDENCIAL,TRAMO RECTO,PLANA ,ASFALTADA,NO,,,SI,EN PROCESO DE INVESTIGACIÓN,NO CUENTA CON CAUSA ESPECIFICA,18.0,0,57.0,57.0,50.0,64.0,2,0,1,1,0,0,3
A-2022-06-236,2022-06-05,19:30,DESPISTE,1,1,1,HUANCAVELICA,ACOBAMBA,ANDABAMBA,RURAL,CARRETERA,DEPARTAMENTAL,HV-106,-12.70278,-74.640874,DESPEJADO,RURAL,CURVA,PLANA ,TROCHA,,,,,NEGLIGENCIA DEL CONDUCTOR,CONDUCIR CON FALLAS DE FRENOS,19.0,0,35.0,35.0,30.0,40.0,1,1,1,1,1,0,2
A-2022-06-10,2022-06-05,22:18,CHOQUE,1,0,2,PUNO,EL COLLAO,ILAVE,RURAL,CARRETERA,NACIONAL,PE-3S,-16.07493851132279,-69.6652400814053,DESPEJADO,RURAL,TRAMO RECTO,PLANA ,ASFALTADA,,,,,IMPRUDENCIA DEL CONDUCTOR,INVASIÓN DE CARRIL,22.0,0,48.0,48.0,40.0,56.0,2,2,1,0,1,0,2
A-2022-06-238,2022-06-06,06:30,CHOQUE,2,1,1,PIURA,PIURA,VEINTISEIS DE OCTUBRE,RURAL,CARRETERA,NACIONAL,PE-1N,-5.126459,-80.700992,DESPEJADO,RURAL,TRAMO RECTO,PLANA ,ASFALTADA,,,,,IMPRUDENCIA DEL CONDUCTOR,EXCESO DE VELOCIDAD,6.0,1,52.5,58.5,26.0,67.0,3,2,2,1,2,0,4
A-2022-06-37,2022-06-06,06:45,CHOQUE,1,1,2,TUMBES,CONTRALMIRANTE VILLAR,CANOAS DE PUNTA SAL,RURAL,CARRETERA,NACIONAL,PE-1N,-4.1007025618874655,-81.02849897588948,DESPEJADO,RURAL,CURVA,INCLINADA,ASFALTADA,SI,PREVENTIVA (P),REGULADORA (R),NO,IMPRUDENCIA DEL CONDUCTOR,CONDUCIR EN SENTIDO CONTRARIO,6.0,0,31.666666666666668,32.0,31.0,32.0,2,2,1,1,2,0,3
A-2022-06-264,2022-06-06,09:15,ATROPELLO,1,0,0,LIMA,LIMA,SANTIAGO DE SURCO,URBANA,AVENIDA,URBANO,NO CORRESPONDE,-12.131478,-76.999405,,,,,,,,,,EN PROCESO DE INVESTIGACIÓN,NO CUENTA CON CAUSA ESPECIFICA,9.0,0,,,,,1,1,1,0,0,0,2
A-2022-06-214,2022-06-06,09:45,ATROPELLO,1,0,0,LIMA,LIMA,SAN JUAN DE LURIGANCHO,RURAL,CARRETERA,PROVINCIAL,LM-711,-11.883623699527789,-76.95503377748341,DESPEJADO,RURAL,TRAMO RECTO,PLANA ,ASFALTADA,,,,,EN PROCESO DE INVESTIGACIÓN,NO CUENTA CON CAUSA ESPECIFICA,9.0,0,61.0,61.0,43.0,79.0,1,1,1,0,1,0,2
A-2022-06-176,2022-06-06,09:51,VOLCADURA,2,0,0,APURIMAC,GRAU,MICAELA BASTIDAS,RURAL,CARRETERA,NACIONAL,PE-3SF,-14.082098401459197,-72.61768348431015,,,,,,,,,,EN PROCESO DE INVESTIGACIÓN,NO CUENTA CON CAUSA ESPECIFICA,9.0,1,56.5,56.5,45.0,68.0,1,1,2,0,0,0,2
A-2022-06-223,2022-06-07,01:30,ATROPELLO FUGA,1,0,0,JUNIN,YAULI,LA OROYA,RURAL,CARRETERA,NACIONAL,PE-22,-11.58366,-75.95685,DESPEJADO,RURAL,TRAMO RECTO,PLANA ,ASFALTADA,,,,,EN PROCESO DE INVESTIGACIÓN,NO CUENTA CON CAUSA ESPECIFICA,1.0,0,25.0,25.0,25.0,25.0,1,0,1,0,0,0,2
A-2022-06-17,2022-06-07,02:20,CHOQUE CON OBJETO FIJO,1,1,1,AREQUIPA,AREQUIPA,SACHACA,URBANA,CARRETERA,NACIONAL,PE-34C,-16.408497,-71.559893,DESPEJADO,COMERCIAL,TRAMO RECTO,PLANA ,ASFALTADA,SI,REGULADORA (R),PREVENTIVA (P),SI,EN PROCESO DE INVESTIGACIÓN,NO CUENTA CON CAUSA ESPECIFICA,2.0,0,49.0,49.0,47.0,51.0,2,1,1,1,0,0,2
A-2022-06-172,2022-06-07,03:45,CHOQUE,3,1,0,ANCASH,CASMA,CASMA,RURAL,CARRETERA,NACIONAL,PE-1N,-9.730268,-78.263684,DESPEJADO,RURAL,CURVA,PLANA ,ASFALTADA,NO,,,SI,EN PROCESO DE INVESTIGACIÓN,NO CUENTA CON CAUSA ESPECIFICA,3.0,2,35.0,33.0,23.0,51.0,4,3,3,1,0,0,5
A-2022-06-18,2022-06-07,03:45,CHOQUE,1,1,2,LA LIBERTAD,TRUJILLO,TRUJILLO,URBANA,AVENIDA,URBANO,NO CORRESPONDE,-8.091642,-79.040555,DESPEJADO,INDUSTRIAL,INTERSECCIÓN,PLANA ,ASFALTADA,,,,,IMPRUDENCIA DEL CONDUCTOR,DESACATO DE SEÑAL DE TRÁNSITO,3.0,0,47.333333333333336,47.0,45.0,50.0,2,2,1,1,0,0,3
A-2022-06-234,2022-06-07,06:30,CHOQUE,1,0,2,PIURA,PIURA,CATACAOS,URBANA,CARRETERA,PROVINCIAL,PI-1020,-5.231583522023898,-80.65791446240563,DESPEJADO,COMERCIAL,TRAMO RECTO,PLANA ,ASFALTADA,,,,,IMPRUDENCIA DEL CONDUCTOR,EXCESO DE VELOCIDAD,6.0,0,40.0,46.0,22.0,52.0,2,2,1,0,2,0,3
A-2022-06-57,2022-06-07,13:41,CHOQUE,1,0,2,CUSCO,QUISPICANCHI,CAMANTI,RURAL,CARRETERA,NACIONAL,PE-30C,-13.2391075,-70.7698199155,DESPEJADO,COMERCIAL,TRAMO RECTO,PLANA ,ASFALTADA,SI,PREVENTIVA (P),,SI,IMPRUDENCIA DEL CONDUCTOR,CONDUCIR EN ESTADO DE EBRIEDAD Y/O DROGADICCIÓN,13.0,0,28.0,28.0,25.0,31.0,2,2,1,0,2,1,2
A-2022-06-94,2022-06-07,17:30,ATROPELLO,1,0,1,CALLAO,CALLAO,CALLAO,URBANA,CARRETERA,NACIONAL,PE-20,-12.031659682711798,-77.12741864082965,DESPEJADO,INDUSTRIAL,TRAMO RECTO,PLANA ,ASFALTADA,SI,PREVENTIVA (P),REGULADORA (R),SI,IMPRUDENCIA DEL PEATÓN,CRUCE INDEBIDO POR LA CALZADA,17.0,0,41.0,41.0,33.0,49.0,2,1,1,0,1,0,2