CODIGO_SINIESTRO,FECHA_SINIESTRO,HORA_SINIESTRO,CLASE_SINIESTRO,CANTIDAD_FALLECIDOS,CANTIDAD_LESIONADOS,CANTIDAD_VEHICULOS,DEPARTAMENTO,PROVINCIA,DISTRITO,ZONA,TIPO_VIA,RED_VIAL,COD_CARRETERA,LATITUD,LONGITUD,CONDICION_CLIMATICA,ZONIFICACION,CARACTERISTICAS_VIA,PERFIL_VIA,SUPERFICIE_CALZADA,EXISTE_SENIAL_VERTICAL,CLASIFICACION_SENIAL_VERTICAL_1,CLASIFICACION_SENIAL_VERTICAL_2,EXISTE_SENIAL_HORIZONTAL,CAUSA_FACTOR_PRINCIPAL,CAUSA_ESPECIFICA,HORA,severidad,EDAD_PROMEDIO,EDAD_MEDIANA,EDAD_MIN,EDAD_MAX,TOTAL_MASCULINOS,TOTAL_CONDUCTORES,TOTAL_FALLECIDOS_AGG,TOTAL_LESIONADOS_AGG,TOTAL_LICENCIA,TOTAL_ALCOHOL_POSITIVO,TOTAL_PERSONAS
A-2022-06-11,2022-06-07,17:50,CHOQUE,1,0,0,PUNO,PUNO,PUNO,RURAL,CARRETERA,NACIONAL,PE-3S,-15.781644544278436,-70.03232718002589,DESPEJADO,RURAL,TRAMO RECTO,PLANA ,ASFALTADA,,,,,IMPRUDENCIA DEL CONDUCTOR,OTRO (IMPRUDENCIA DEL CONDUCTOR),17.0,0,56.0,56.0,50.0,62.0,2,2,1,0,1,0,2
A-2022-06-213,2022-06-07,19:45,DESPISTE,1,1,0,LIMA,LIMA,CIENEGUILLA,URBANA,CARRETERA,DEPARTAMENTAL,LM-117,-12.100449208387404,-76.79225496039615,DESPEJADO,RURAL,TRAMO RECTO,PLANA ,ASFALTADA,,,,,EN PROCESO DE INVESTIGACIÓN,NO CUENTA CON CAUSA ESPECIFICA,19.0,0,29.5,29.5,29.0,30.0,1,1,1,1,0,0,2
A-2022-06-19,2022-06-08,08:00,ATROPELLO,1,0,1,LA LIBERTAD,TRUJILLO,TRUJILLO,URBANA,AVENIDA,URBANO,NO CORRESPONDE,-8.12523,-79.025426,DESPEJADO,COMERCIAL,INTERSECCIÓN,PLANA ,ASFALTADA,,,,,EN PROCESO DE INVESTIGACIÓN,NO CUENTA CON CAUSA ESPECIFICA,8.0,0,63.0,63.0,50.0,76.0,2,1,1,0,1,0,2
A-2022-06-12,2022-06-08,14:00,VOLCADURA,1,0,1,PUNO,PUNO,PUNO,URBANA,AVENIDA,URBANO,NO CORRESPONDE,-15.8843,-69.972199,DESPEJADO,RURAL,PUENTE,INCLINADA,CASCAJO/RIPIO,,,,,IMPRUDENCIA DEL CONDUCTOR,EXCESO DE VELOCIDAD,14.0,0,43.0,43.0,43.0,43.0,1,1,1,0,0,0,1
A-2022-06-20,2022-06-08,15:40,DESPISTE,1,0,1,LA LIBERTAD,ASCOPE,RAZURI,RURAL,CARRETERA,NACIONAL,PE-1N,-7.574973071313438,-79.3699211119346,DESPEJADO,RURAL,TRAMO RECTO,PLANA ,ASFALTADA,,,,,EN PROCESO DE INVESTIGACIÓN,NO CUENTA CON CAUSA ESPECIFICA,15.0,0,51.0,51.0,51.0,51.0,1,1,1,0,0,0,1
A-2022-06-30,2022-06-08,18:20,DESPISTE,1,10,1,ANCASH,POMABAMBA,POMABAMBA,RURAL,CARRETERA,PROVINCIAL,AN-585,-8.706511334204723,-77.49953307562446,DESPEJADO,RURAL,SINUOSA,PLANA ,AFIRMADO,,,,,EN PROCESO DE INVESTIGACIÓN,NO CUENTA CON CAUSA ESPECIFICA,18.0,0,18.444444444444443,19.0,5.0,34.0,4,1,1,10,1,0,11
A-2022-06-258,2022-06-08,19:30,ATROPELLO,1,0,1,LIMA,HUARAL,HUARAL,URBANA,CARRETERA,NACIONAL,PE-1NB,-11.503774232574075,-77.22944492817412,DESPEJADO,COMERCIAL,TRAMO RECTO,PLANA ,ASFALTADA,,,,,IMPRUDENCIA DEL PEATÓN,ESTADO DE EBRIEDAD Y/O DROGADICCIÓN,19.0,0,21.0,21.0,21.0,21.0,2,1,1,0,1,0,2
A-2022-06-72,2022-06-08,20:00,ATROPELLO FUGA,1,0,0,CUSCO,ESPINAR,ESPINAR,RURAL,CARRETERA,NACIONAL,PE-34F,-14.772371,-71.390948,DESPEJADO,RURAL,TRAMO RECTO,PLANA ,ASFALTADA,,,,,IMPRUDENCIA DEL PEATÓN,ESTADO DE EBRIEDAD Y/O DROGADICCIÓN,20.0,0,16.0,16.0,16.0,16.0,1,0,1,0,0,0,2
A-2022-06-62,2022-06-09,15:00,DESPISTE,1,1,1,CUSCO,CALCA,SAN SALVADOR,RURAL,CARRETERA,NACIONAL,PE-28B,-13.5019426,-71.771753315,DESPEJADO,RURAL,TRAMO RECTO,PLANA ,ASFALTADA,SI,PREVENTIVA (P),,SI,IMPRUDENCIA DEL CONDUCTOR,EXCESO DE VELOCIDAD,15.0,0,20.5,20.5,19.0,22.0,1,1,1,1,1,0,2
A-2022-06-212,2022-06-09,15:30,CHOQUE,1,1,0,LIMA,LIMA,LA VICTORIA,URBANA,AVENIDA,URBANO,NO CORRESPONDE,-12.065613373152544,-77.00441832552427,DESPEJADO,COMERCIAL,TRAMO RECTO,PLANA ,ASFALTADA,,,,,EN PROCESO DE INVESTIGACIÓN,NO CUENTA CON CAUSA ESPECIFICA,15.0,0,37.0,42.0,25.0,44.0,2,2,1,1,1,0,3
A-2022-06-21,2022-06-09,17:20,ATROPELLO,1,0,1,LA LIBERTAD,VIRU,VIRU,RURAL,CARRETERA,NACIONAL,PE-1N,-8.382137,-78.856709,DESPEJADO,RURAL,TRAMO RECTO,PLANA ,ASFALTADA,,,,,IMPRUDENCIA DEL PEATÓN,USO DE DISPOSITIVOS MÓVILES Y/O ELECTRÓNICOS,17.0,0,40.5,40.5,25.0,56.0,2,1,1,0,0,0,2
A-2022-06-164,2022-06-09,19:10,CHOQUE,1,1,1,HUANUCO,MARAÑON,LA MORADA,RURAL,CARRETERA,PROVINCIAL,HU-518,-8.753582,-76.264304,DESPEJADO,RURAL,TRAMO RECTO,PLANA ,AFIRMADO,,,,,IMPRUDENCIA DEL CONDUCTOR,EXCESO DE VELOCIDAD,19.0,0,23.0,23.0,21.0,25.0,2,2,1,1,1,0,2
A-2022-06-22,2022-06-10,01:20,CHOQUE,1,0,2,LA LIBERTAD,CHEPEN,PACANGA,RURAL,CARRETERA,NACIONAL,PE-1N,-7.183863,-79.43292,DESPEJADO,RURAL,TRAMO RECTO,PLANA ,ASFALTADA,,,,,IMPRUDENCIA DEL CONDUCTOR,INVASIÓN DE CARRIL,1.0,0,36.0,36.0,34.0,38.0,2,2,1,0,2,0,2
A-2022-06-23,2022-06-10,07:00,DESPISTE,1,0,0,HUANCAVELICA,HUAYTARA,HUAYTARA,URBANA,CARRETERA,NACIONAL,PE-28A,-13.562104,-75.242429,DESPEJADO,RURAL,TRAMO RECTO,PLANA ,ASFALTADA,,,,,EN PROCESO DE INVESTIGACIÓN,NO CUENTA CON CAUSA ESPECIFICA,7.0,0,60.0,60.0,60.0,60.0,1,1,1,0,0,0,1
A-2022-06-242,2022-06-10,08:35,CHOQUE,1,0,2,PIURA,SULLANA,SULLANA,URBANA,CARRETERA,NACIONAL,PE-1NL,-4.913425684076633,-80.6722321698199,DESPEJADO,RURAL,TRAMO RECTO,PLANA ,ASFALTADA,,,,,IMPRUDENCIA DEL CONDUCTOR,OTRO (IMPRUDENCIA DEL CONDUCTOR),8.0,0,27.5,27.5,26.0,29.0,2,2,1,0,0,0,2
A-2022-06-115,2022-06-10,16:30,ATROPELLO FUGA,1,0,0,PUNO,HUANCANE,HUANCANE,RURAL,CARRETERA,DEPARTAMENTAL,PU-114,-15.174420260186656,-69.85716288307462,DESPEJADO,RURAL,TRAMO RECTO,PLANA ,ASFALTADA,,,,,EN PROCESO DE INVESTIGACIÓN,NO CUENTA CON CAUSA ESPECIFICA,16.0,0,63.0,63.0,63.0,63.0,1,0,1,0,0,0,2
A-2022-06-66,2022-06-11,01:40,DESPISTE,1,0,1,CUSCO,ANTA,CHINCHAYPUJIO,RURAL,CARRETERA,NACIONAL,PE-3SF,-13.6897472,-72.3214502,DESPEJADO,RURAL,CURVA,INCLINADA,ASFALTADA,SI,PREVENTIVA (P),,NO,IMPRUDENCIA DEL CONDUCTOR,CONDUCIR EN ESTADO DE EBRIEDAD Y/O DROGADICCIÓN,1.0,0,29.0,29.0,29.0,29.0,1,1,1,0,1,1,1
A-2022-06-116,2022-06-11,03:00,DESPISTE,1,3,1,PUNO,CARABAYA,OLLACHEA,RURAL,CARRETERA,NACIONAL,PE-34B,-13.7297195,-70.4624681,DESPEJADO,RURAL,TRAMO RECTO,PLANA ,ASFALTADA,,,,,INFRAESTRUCTURA Y ENTORNO VIAL,OTRO (INFRAESTRUCTURA Y ENTORNO VIAL),3.0,0,21.8,17.0,6.0,36.0,2,1,1,3,1,0,5
A-2022-06-220,2022-06-11,15:30,CHOQUE,1,0,2,PASCO,PASCO,TINYAHUARCO,RURAL,CARRETERA,NACIONAL,PE-3N,-10.76784963356476,-76.25232065922202,DESPEJADO,RURAL,TRAMO RECTO,PLANA ,ASFALTADA,,,,,IMPRUDENCIA DEL CONDUCTOR,CONDUCIR EN SENTIDO CONTRARIO,15.0,0,40.0,40.0,31.0,49.0,2,2,1,0,2,0,2
A-2022-06-14,2022-06-11,16:10,ATROPELLO,1,0,0,PUNO,EL COLLAO,ILAVE,RURAL,CARRETERA,NACIONAL,PE-38A,-16.098931,-69.637053,,,,,,,,,,EN PROCESO DE INVESTIGACIÓN,NO CUENTA CON CAUSA ESPECIFICA,16.0,0,60.0,60.0,58.0,62.0,2,2,1,0,0,0,2
A-2022-06-241,2022-06-11,18:25,ATROPELLO,1,0,1,ICA,CHINCHA,GROCIO PRADO,RURAL,CARRETERA,NACIONAL,PE-1S,-13.357459443530985,-76.21887442619116,DESPEJADO,RURAL,TRAMO RECTO,PLANA ,ASFALTADA,,,,,IMPRUDENCIA DEL PEATÓN,CRUCE INDEBIDO POR LA CALZADA,18.0,0,40.5,40.5,25.0,56.0,2,1,1,0,1,0,2
A-2022-06-32,2022-06-11,21:30,DESPISTE,2,21,1,ANCASH,BOLOGNESI,CAJACAY,RURAL,CARRETERA,NACIONAL,PE-16,-10.155781401635291,-77.35437200219378,DESPEJADO,RURAL,SINUOSA,PLANA ,CONCRETO,,,,,EN PROCESO DE INVESTIGACIÓN,NO CUENTA CON CAUSA ESPECIFICA,21.0,1,45.916666666666664,44.5,17.0,81.0,12,0,2,21,1,0,24
A-2022-06-44,2022-06-12,04:00,CHOQUE,3,9,2,AREQUIPA,CAYLLOMA,SAN ANTONIO DE CHUCA,RURAL,CARRETERA,NACIONAL,PE-34A,-15.9879738,-71.2530199,DESPEJADO,RURAL,TRAMO RECTO,PLANA ,ASFALTADA,NO,,,SI,EN PROCESO DE INVESTIGACIÓN,NO CUENTA CON CAUSA ESPECIFICA,4.0,2,29.307692307692307,28.0,1.0,67.0,6,2,3,9,1,0,13
A-2022-06-45,2022-06-12,09:35,ATROPELLO,1,0,1,AREQUIPA,AREQUIPA,JOSE LUIS BUSTAMANTE Y RIVERO,URBANA,AVENIDA,URBANO,NO CORRESPONDE,-16.427276,-71.533219,SOLEADO,COMERCIAL,TRAMO RECTO,PLANA ,ASFALTADA,NO,,,SI,EN PROCESO DE INVESTIGACIÓN,NO CUENTA CON CAUSA ESPECIFICA,9.0,0,52.0,52.0,29.0,75.0,2,1,1,0,1,0,2
A-2022-06-34,2022-06-12,16:30,CHOQUE,1,1,2,ICA,ICA,ICA,URBANA,CALLE,URBANO,NO CORRESPONDE,-14.064445388184582,-75.73683108491699,DESPEJADO,ESCOLAR,INTERSECCIÓN,PLANA ,ASFALTADA,,,,,EN PROCESO DE INVESTIGACIÓN,NO CUENTA CON CAUSA ESPECIFICA,16.0,0,38.666666666666664,46.0,22.0,48.0,2,2,1,1,1,0,3
A-2022-06-69,2022-06-13,06:00,CHOQUE,1,0,2,LAMBAYEQUE,LAMBAYEQUE,MORROPE,RURAL,CARRETERA,NACIONAL,PE-1N,-6.5546024,-80.0044064,DESPEJADO,RURAL,TRAMO RECTO,PLANA ,ASFALTADA,,,,,EN PROCESO DE INVESTIGACIÓN,NO CUENTA CON CAUSA ESPECIFICA,6.0,0,40.0,40.0,35.0,45.0,2,2,1,0,1,0,2
A-2022-06-79,2022-06-13,12:10,ATROPELLO,1,1,0,LAMBAYEQUE,CHICLAYO,LA VICTORIA,URBANA,AVENIDA,URBANO,NO CORRESPONDE,-6.796333,-79.840322,SOLEADO,RESIDENCIAL,TRAMO RECTO,PLANA ,ASFALTADA,,,,,EN PROCESO DE INVESTIGACIÓN,NO CUENTA CON CAUSA ESPECIFICA,12.0,0,46.0,46.0,18.0,74.0,2,1,1,1,0,0,2
A-2022-06-75,2022-06-13,15:58,ATROPELLO,1,0,1,LAMBAYEQUE,CHICLAYO,JOSE LEONARDO ORTIZ,URBANA,CARRETERA,DEPARTAMENTAL,LA-110,-6.745795,-79.837689,DESPEJADO,RESIDENCIAL,TRAMO RECTO,PLANA ,ASFALTADA,,,,,EN PROCESO DE INVESTIGACIÓN,NO CUENTA CON CAUSA ESPECIFICA,15.0,0,52.0,52.0,30.0,74.0,2,1,1,0,0,0,2
A-2022-06-237,2022-06-13,20:00,ATROPELLO FUGA,1,0,1,PIURA,PIURA,VEINTISEIS DE OCTUBRE,RURAL,CARRETERA,NACIONAL,PE-1N,-5.154443,-80.694879,DESPEJADO,RURAL,TRAMO RECTO,PLANA ,ASFALTADA,,,,,IMPRUDENCIA DEL CONDUCTOR,EXCESO DE VELOCIDAD,20.0,0,38.0,38.0,38.0,38.0,1,0,1,0,0,1,2
A-2022-06-50,2022-06-13,20:00,DESPISTE,1,0,1,CUSCO,URUBAMBA,MARAS,URBANA,CARRETERA,NACIONAL,PE-28B,-13.2808894,-72.2044021,DESPEJADO,RURAL,TRAMO RECTO,PLANA ,ASFALTADA,SI,PREVENTIVA (P),,SI,IMPRUDENCIA DEL CONDUCTOR,CONDUCIR EN ESTADO DE EBRIEDAD Y/O DROGADICCIÓN,20.0,0,19.5,19.5,16.0,23.0,1,1,1,0,0,1,2
A-2022-06-145,2022-06-14,05:30,CHOQUE,1,0,0,PIURA,MORROPON,CHULUCANAS,RURAL,CARRETERA,NACIONAL,PE-1NS,-5.115703,-80.172681,,,,,,,,,,EN PROCESO DE INVESTIGACIÓN,NO CUENTA CON CAUSA ESPECIFICA,5.0,0,60.5,60.5,50.0,71.0,2,2,1,0,0,0,2
A-2022-06-181,2022-06-14,14:00,ATROPELLO,1,0,0,UCAYALI,CORONEL PORTILLO,YARINACOCHA,RURAL,CARRETERA,DEPARTAMENTAL,UC-103,-8.25444,-74.659979,SOLEADO,RURAL,TRAMO RECTO,PLANA ,AFIRMADO,,,,,IMPRUDENCIA DEL PEATÓN,OTRO (IMPRUDENCIA DEL PEATÓN),14.0,0,71.0,71.0,71.0,71.0,2,1,1,0,0,0,2
A-2022-06-252,2022-06-14,20:00,CHOQUE FUGA,2,1,0,MADRE DE DIOS,TAMBOPATA,LAS PIEDRAS,RURAL,CARRETERA,NACIONAL,PE-30C,-12.462089,-69.139226,DESPEJADO,RURAL,TRAMO RECTO,PLANA ,ASFALTADA,,,,,IMPRUDENCIA DEL CONDUCTOR,EXCESO DE VELOCIDAD,20.0,1,36.5,37.0,20.0,52.0,4,2,2,1,2,0,4
A-2022-06-177,2022-06-15,09:45,CHOQUE,3,2,1,HUANUCO,AMBO,SAN RAFAEL,RURAL,CARRETERA,NACIONAL,PE-3N,-10.348741,-76.181179,SOLEADO,RURAL,CURVA,PLANA ,ASFALTADA,,,,,IMPRUDENCIA DEL CONDUCTOR,INVASIÓN DE CARRIL,9.0,2,33.833333333333336,33.0,26.0,43.0,6,2,3,2,2,0,6
A-2022-06-117,2022-06-15,15:00,DESPISTE,1,1,1,CAJAMARCA,SANTA CRUZ,SAUCEPAMPA,RURAL,CARRETERA,PROVINCIAL,CA-875,-6.6888736,-78.91984762,DESPEJADO,RURAL,TRAMO RECTO,PLANA ,AFIRMADO,,,,,EN PROCESO DE INVESTIGACIÓN,NO CUENTA CON CAUSA ESPECIFICA,15.0,0,34.5,34.5,19.0,50.0,1,1,1,1,0,0,2
A-2022-06-259,2022-06-15,15:28,ATROPELLO,1,0,2,LIMA,HUARAL,CHANCAY,RURAL,CARRETERA,NACIONAL,PE-1N,-11.458679036780996,-77.31875178714486,DESPEJADO,RURAL,TRAMO RECTO,PLANA ,ASFALTADA,,,,,IMPRUDENCIA DEL PEATÓN,CRUCE INDEBIDO POR LA CALZADA,15.0,0,38.0,34.0,29.0,51.0,3,2,1,0,2,0,3
A-2022-06-140,2022-06-15,18:45,CHOQUE,1,4,0,PIURA,SECHURA,SECHURA,RURAL,CARRETERA,NACIONAL,PE-1N,-5.78526,-80.544164,DESPEJADO,RURAL,TRAMO RECTO,PLANA ,ASFALTADA,,,,,EN PROCESO DE INVESTIGACIÓN,NO CUENTA CON CAUSA ESPECIFICA,18.0,0,35.5,37.0,8.0,69.0,3,2,1,4,2,0,6
A-2022-06-49,2022-06-15,19:35,CAÍDA DE PASAJERO,1,0,1,LA LIBERTAD,TRUJILLO,LA ESPERANZA,URBANA,AVENIDA,URBANO,NO CORRESPONDE,-8.065278,-79.051389,DESPEJADO,RURAL,TRAMO RECTO,PLANA ,ASFALTADA,,,,,IMPRUDENCIA DEL CONDUCTOR,GIRAR IMPRUDENTEMENTE,19.0,0,55.0,55.0,36.0,74.0,2,1,1,0,1,0,2
A-2022-06-211,2022-06-16,01:30,ATROPELLO,1,0,0,LIMA,LIMA,LIMA,URBANA,AVENIDA,URBANO,NO CORRESPONDE,-12.046333953794337,-77.03760797824974,DESPEJADO,COMERCIAL,INTERSECCIÓN,PLANA ,ASFALTADA,,,,,EN PROCESO DE INVESTIGACIÓN,NO CUENTA CON CAUSA ESPECIFICA,1.0,0,39.0,39.0,39.0,39.0,2,1,1,0,1,0,2
A-2022-06-24,2022-06-16,06:00,ATROPELLO FUGA,1,0,0,PUNO,YUNGUYO,YUNGUYO,RURAL,CARRETERA,DEPARTAMENTAL,PU-130,-16.258400704092622,-69.08021143112062,,,,,,,,,,EN PROCESO DE INVESTIGACIÓN,NO CUENTA CON CAUSA ESPECIFICA,6.0,0,71.0,71.0,71.0,71.0,1,1,1,0,0,0,2
A-2022-06-210,2022-06-16,09:00,ATROPELLO,1,0,0,LIMA,LIMA,VILLA EL SALVADOR,URBANA,AVENIDA,URBANO,NO CORRESPONDE,-12.21726631503372,-76.95483501942381,DESPEJADO,INDUSTRIAL,INTERSECCIÓN,PLANA ,ASFALTADA,,,,,EN PROCESO DE INVESTIGACIÓN,NO CUENTA CON CAUSA ESPECIFICA,9.0,0,60.5,60.5,38.0,83.0,2,1,1,0,0,0,2
A-2022-06-231,2022-06-16,09:45,CAÍDA DE PASAJERO,1,0,0,JUNIN,SATIPO,PANGOA,RURAL,CARRETERA,NACIONAL,PE-28C,-11.42430245600796,-74.49028730392457,,,,,,,,,,EN PROCESO DE INVESTIGACIÓN,NO CUENTA CON CAUSA ESPECIFICA,9.0,0,28.5,28.5,26.0,31.0,2,1,1,0,1,0,2
A-2022-06-25,2022-06-16,11:30,ATROPELLO,1,0,0,PUNO,EL COLLAO,ILAVE,RURAL,CARRETERA,NACIONAL,PE-3S,-16.09321098083501,-69.62685221545878,DESPEJADO,RURAL,TRAMO RECTO,PLANA ,ASFALTADA,,,,,IMPRUDENCIA DEL PEATÓN,CRUCE INDEBIDO POR LA CALZADA,11.0,0,60.0,60.0,31.0,89.0,1,1,1,0,1,0,2
A-2022-06-106,2022-06-16,16:00,CHOQUE,1,3,2,TACNA,TACNA,POCOLLAY,URBANA,AVENIDA,URBANO,NO CORRESPONDE,-18.002333674957978,-70.23126589798524,DESPEJADO,INDUSTRIAL,TRAMO RECTO,PLANA ,ASFALTADA,NO,,,SI,IMPRUDENCIA DEL CONDUCTOR,EXCESO DE VELOCIDAD,16.0,0,25.5,22.0,8.0,50.0,3,2,1,3,1,0,4
A-2022-06-243,2022-06-16,22:00,DESPISTE,1,0,1,PIURA,SULLANA,MARCAVELICA,RURAL,CARRETERA,SIN CLASIFICAR,SIN CLASIFICAR,-4.848,-80.809,DESPEJADO,RURAL,TRAMO RECTO,PLANA ,AFIRMADO,,,,,EN PROCESO DE INVESTIGACIÓN,NO CUENTA CON CAUSA ESPECIFICA,22.0,0,17.0,17.0,17.0,17.0,1,1,1,0,0,0,1
A-2022-06-46,2022-06-17,01:55,ATROPELLO FUGA,1,0,1,AREQUIPA,AREQUIPA,UCHUMAYO,URBANA,CARRETERA,NACIONAL,PE-34A,-16.4076046,-71.6069105,DESPEJADO,COMERCIAL,TRAMO RECTO,PLANA ,ASFALTADA,NO,,,SI,EN PROCESO DE INVESTIGACIÓN,NO CUENTA CON CAUSA ESPECIFICA,1.0,0,34.0,34.0,34.0,34.0,1,0,1,0,0,0,2
A-2022-06-250,2022-06-17,02:15,ATROPELLO,1,0,0,JUNIN,JUNIN,JUNIN,URBANA,CARRETERA,NACIONAL,PE-3N,-11.15606437107398,-75.98931021088528,DESPEJADO,INDUSTRIAL,TRAMO RECTO,PLANA ,TROCHA,,,,,IMPRUDENCIA DEL CONDUCTOR,OTRO (IMPRUDENCIA DEL CONDUCTOR),2.0,0,12.0,12.0,3.0,21.0,1,1,1,0,0,0,2
A-2022-06-209,2022-06-17,03:00,ATROPELLO,1,0,0,LIMA,LIMA,LA VICTORIA,URBANA,JIRÓN,URBANO,NO CORRESPONDE,-12.068372708633628,-77.00970762382875,DESPEJADO,COMERCIAL,TRAMO RECTO,PLANA ,ASFALTADA,,,,,EN PROCESO DE INVESTIGACIÓN,NO CUENTA CON CAUSA ESPECIFICA,3.0,0,66.0,66.0,66.0,66.0,2,1,1,0,1,0,2
A-2022-06-78,2022-06-17,04:20,ATROPELLO,2,0,0,LAMBAYEQUE,LAMBAYEQUE,SALAS,RURAL,CARRETERA,DEPARTAMENTAL,LA-102,-6.2474882,-79.547554,NIEBLA,RURAL,OTRO,INCLINADA,AFIRMADO,,,,,EN PROCESO DE INVESTIGACIÓN,NO CUENTA CON CAUSA ESPECIFICA,4.0,1,27.0,27.0,27.0,27.0,1,1,2,0,1,0,2
A-2022-06-51,2022-06-17,09:40,CHOQUE,1,0,2,LA LIBERTAD,TRUJILLO,LA ESPERANZA,URBANA,AVENIDA,URBANO,NO CORRESPONDE,-8.051105,-79.056524,DESPEJADO,INDUSTRIAL,INTERSECCIÓN,PLANA ,ASFALTADA,,,,,IMPRUDENCIA DEL CONDUCTOR,OTRO (IMPRUDENCIA DEL CONDUCTOR),9.0,0,27.5,27.5,22.0,33.0,2,2,1,0,1,0,2
A-2022-06-187,2022-06-17,14:15,ATROPELLO,1,0,0,AYACUCHO,HUAMANGA,VINCHOS,RURAL,CARRETERA,PROVINCIAL,AY-810,-13.245492,-74.357465,NUBLADO,RURAL,TRAMO RECTO,PLANA ,ASFALTADA,,,,,IMPRUDENCIA DEL CONDUCTOR,EXCESO DE VELOCIDAD,14.0,0,16.5,16.5,6.0,27.0,2,1,1,0,1,0,2
A-2022-06-108,2022-06-17,17:50,CHOQUE,1,0,2,TACNA,TACNA,CIUDAD NUEVA,RURAL,CARRETERA,NACIONAL,PE-38,-17.85870663852436,-70.23456561578813,DESPEJADO,RURAL,TRAMO RECTO,PLANA ,ASFALTADA,,,,,IMPRUDENCIA DEL CONDUCTOR,CONDUCIR EN SENTIDO CONTRARIO,17.0,0,51.5,51.5,51.0,52.0,2,2,1,0,1,0,2
A-2022-06-70,2022-06-17,19:50,ATROPELLO FUGA,1,0,1,LAMBAYEQUE,CHICLAYO,PIMENTEL,URBANA,CARRETERA,DEPARTAMENTAL,LA-109,-6.769098,-79.905787,DESPEJADO,RURAL,TRAMO RECTO,PLANA ,ASFALTADA,,,,,EN PROCESO DE INVESTIGACIÓN,NO CUENTA CON CAUSA ESPECIFICA,19.0,0,54.0,54.0,54.0,54.0,1,0,1,0,0,0,2
A-2022-06-107,2022-06-18,04:30,CHOQUE,1,0,0,TACNA,TACNA,TACNA,URBANA,AVENIDA,URBANO,NO CORRESPONDE,-17.99720725083975,-70.24022663662474,DESPEJADO,COMERCIAL,TRAMO RECTO,PLANA ,ASFALTADA,,,,,IMPRUDENCIA DEL CONDUCTOR,CONDUCIR EN ESTADO DE EBRIEDAD Y/O DROGADICCIÓN,4.0,0,35.0,35.0,30.0,40.0,2,2,1,0,2,0,2
A-2022-06-232,2022-06-18,05:20,CHOQUE,2,0,0,JUNIN,CHANCHAMAYO,PERENE,RURAL,CARRETERA,NACIONAL,PE-5S,-10.89247525,-74.9201046,,,,,,,,,,EN PROCESO DE INVESTIGACIÓN,NO CUENTA CON CAUSA ESPECIFICA,5.0,1,35.0,35.0,30.0,40.0,3,2,2,0,1,0,3
A-2022-06-206,2022-06-18,06:15,CHOQUE,1,1,0,LIMA,LIMA,ANCON,URBANA,CARRETERA,NACIONAL,PE-1N,-11.783713693158605,-77.15584501205656,DESPEJADO,INDUSTRIAL,TRAMO RECTO,PLANA ,ASFALTADA,,,,,EN PROCESO DE INVESTIGACIÓN,NO CUENTA CON CAUSA ESPECIFICA,6.0,0,32.666666666666664,29.0,25.0,44.0,3,2,1,1,2,0,3
A-2022-06-173,2022-06-18,06:45,CHOQUE,2,0,0,ANCASH,CASMA,CASMA,RURAL,CARRETERA,NACIONAL,PE-1N,-9.537932192874925,-78.27469914507645,DESPEJADO,RURAL,TRAMO RECTO,PLANA ,ASFALTADA,,,,,EN PROCESO DE INVESTIGACIÓN,NO CUENTA CON CAUSA ESPECIFICA,6.0,1,37.0,38.0,31.0,42.0,3,2,2,0,2,0,3
A-2022-06-28,2022-06-18,08:40,ATROPELLO,1,0,0,PUNO,EL COLLAO,ILAVE,RURAL,CARRETERA,NACIONAL,PE-38A,-16.2790519,-69.685407,DESPEJADO,RURAL,TRAMO RECTO,PLANA ,ASFALTADA,,,,,IMPRUDENCIA DEL PEATÓN,CRUCE INDEBIDO POR LA CALZADA,8.0,0,47.0,47.0,41.0,53.0,2,1,1,0,1,0,2
A-2022-06-205,2022-06-18,09:00,ATROPELLO,1,0,0,LIMA,LIMA,SAN MARTIN DE PORRES,URBANA,AVENIDA,URBANO,NO CORRESPONDE,-12.024429804425798,-77.05142673371772,DESPEJADO,COMERCIAL,TRAMO RECTO,PLANA ,ASFALTADA,,,,,EN PROCESO DE INVESTIGACIÓN,NO CUENTA CON CAUSA ESPECIFICA,9.0,0,67.0,67.0,51.0,83.0,2,1,1,0,1,0,2
A-2022-06-56,2022-06-18,09:00,ATROPELLO,1,0,0,CUSCO,CUSCO,SAN SEBASTIAN,URBANA,CALLE,URBANO,NO CORRESPONDE,-13.5356522,-71.91255119,SOLEADO,COMERCIAL,CURVA,INCLINADA,ASFALTADA,,,,,IMPRUDENCIA DEL PEATÓN,ESTADO DE EBRIEDAD Y/O DROGADICCIÓN,9.0,0,44.5,44.5,31.0,58.0,2,1,1,0,1,1,2
A-2022-06-55,2022-06-18,12:30,CHOQUE,1,0,2,CUSCO,URUBAMBA,CHINCHERO,URBANA,AVENIDA,URBANO,NO CORRESPONDE,-13.3871105,-72.05405809,DESPEJADO,RURAL,TRAMO RECTO,PLANA ,ASFALTADA,,,,,IMPRUDENCIA DEL CONDUCTOR,GIRAR IMPRUDENTEMENTE,12.0,0,57.0,57.0,53.0,61.0,2,2,1,0,2,0,2