CODIGO_SINIESTRO,FECHA_SINIESTRO,HORA_SINIESTRO,CLASE_SINIESTRO,CANTIDAD_FALLECIDOS,CANTIDAD_LESIONADOS,CANTIDAD_VEHICULOS,DEPARTAMENTO,PROVINCIA,DISTRITO,ZONA,TIPO_VIA,RED_VIAL,COD_CARRETERA,LATITUD,LONGITUD,CONDICION_CLIMATICA,ZONIFICACION,CARACTERISTICAS_VIA,PERFIL_VIA,SUPERFICIE_CALZADA,EXISTE_SENIAL_VERTICAL,CLASIFICACION_SENIAL_VERTICAL_1,CLASIFICACION_SENIAL_VERTICAL_2,EXISTE_SENIAL_HORIZONTAL,CAUSA_FACTOR_PRINCIPAL,CAUSA_ESPECIFICA,HORA,severidad,EDAD_PROMEDIO,EDAD_MEDIANA,EDAD_MIN,EDAD_MAX,TOTAL_MASCULINOS,TOTAL_CONDUCTORES,TOTAL_FALLECIDOS_AGG,TOTAL_LESIONADOS_AGG,TOTAL_LICENCIA,TOTAL_ALCOHOL_POSITIVO,TOTAL_PERSONAS
A-2022-06-95,2022-06-25,16:00,CHOQUE,1,0,1,LA LIBERTAD,PACASMAYO,SAN PEDRO DE LLOC,RURAL,CARRETERA,NACIONAL,PE-1N,-7.460453,-79.451174,DESPEJADO,RURAL,TRAMO RECTO,PLANA ,ASFALTADA,,,,,IMPRUDENCIA DEL CONDUCTOR,OTRO (IMPRUDENCIA DEL CONDUCTOR),16.0,0,45.333333333333336,42.0,42.0,52.0,3,2,1,0,2,0,3
A-2022-06-253,2022-06-25,16:20,CHOQUE,1,0,2,CAJAMARCA,CAJAMARCA,CAJAMARCA,RURAL,CARRETERA,NACIONAL,PE-3N,-6.98808840400377,-78.57384583881584,DESPEJADO,RURAL,CURVA,INCLINADA,ASFALTADA,NO,,,NO,IMPRUDENCIA DEL CONDUCTOR,EXCESO DE VELOCIDAD,16.0,0,42.5,42.5,42.0,43.0,2,2,1,0,1,0,2
A-2022-06-121,2022-06-25,18:00,DESPISTE,1,0,1,CAJAMARCA,CELENDIN,CELENDIN,RURAL,CARRETERA,NACIONAL,PE-08B,-6.88766667,-78.11678167,DESPEJADO,RURAL,TRAMO RECTO,INCLINADA,ASFALTADA,,,,,EN PROCESO DE INVESTIGACIÓN,NO CUENTA CON CAUSA ESPECIFICA,18.0,0,38.0,38.0,38.0,38.0,1,1,1,0,0,0,1
A-2022-06-110,2022-06-25,18:20,CHOQUE,1,0,2,TACNA,TACNA,SAMA,RURAL,CARRETERA,NACIONAL,PE-1S,-17.838756623536323,-70.52637650366653,DESPEJADO,RURAL,INTERSECCIÓN,PLANA ,ASFALTADA,,,,,IMPRUDENCIA DEL CONDUCTOR,NO ESTABLECER EL DERECHO DE PASO,18.0,0,58.0,58.0,43.0,73.0,2,2,1,0,1,0,2
A-2022-06-111,2022-06-25,19:56,CHOQUE,1,0,2,TACNA,TACNA,CORONEL GREGORIO ALBARRACIN LANCHIPA,URBANA,AVENIDA,URBANO,NO CORRESPONDE,-18.04112442669799,-70.26041407300062,NUBLADO,RESIDENCIAL,TRAMO RECTO,PLANA ,ASFALTADA,NO,,,SI,IMPRUDENCIA DEL CONDUCTOR,GIRAR IMPRUDENTEMENTE,19.0,0,37.0,37.0,21.0,53.0,2,2,1,0,2,1,2
A-2022-06-103,2022-06-25,23:15,ATROPELLO FUGA,1,0,0,ICA,PISCO,INDEPENDENCIA,URBANA,CARRETERA,NACIONAL,PE-28A,-13.683217,-76.064119,DESPEJADO,ESCOLAR,TRAMO RECTO,PLANA ,ASFALTADA,,,,,EN PROCESO DE INVESTIGACIÓN,NO CUENTA CON CAUSA ESPECIFICA,23.0,0,52.0,52.0,52.0,52.0,1,0,1,0,0,0,2
A-2022-06-182,2022-06-25,23:50,CHOQUE,1,0,2,UCAYALI,CORONEL PORTILLO,CALLERIA,RURAL,CARRETERA,NACIONAL,PE-18C,-8.40348,-74.625249,DESPEJADO,RURAL,TRAMO RECTO,PLANA ,ASFALTADA,,,,,IMPRUDENCIA DEL CONDUCTOR,CONDUCIR EN SENTIDO CONTRARIO,23.0,0,41.0,41.0,22.0,60.0,2,2,1,0,1,0,2
A-2022-06-81,2022-06-26,05:38,ATROPELLO FUGA,1,0,0,LAMBAYEQUE,CHICLAYO,POMALCA,URBANA,CARRETERA,PROVINCIAL,LA-816,-6.770087,-79.778726,DESPEJADO,RURAL,TRAMO RECTO,PLANA ,ASFALTADA,,,,,EN PROCESO DE INVESTIGACIÓN,NO CUENTA CON CAUSA ESPECIFICA,5.0,0,82.0,82.0,82.0,82.0,1,0,1,0,0,0,2
A-2022-06-96,2022-06-26,08:00,DESPISTE,2,0,1,LA LIBERTAD,PATAZ,PARCOY,RURAL,CARRETERA,SIN CLASIFICAR,SIN CLASIFICAR,-8.006153756652473,-77.4926367684348,DESPEJADO,RURAL,TRAMO RECTO,PLANA ,AFIRMADO,,,,,EN PROCESO DE INVESTIGACIÓN,NO CUENTA CON CAUSA ESPECIFICA,8.0,1,21.333333333333332,23.0,18.0,23.0,2,1,2,0,0,0,3
A-2022-06-112,2022-06-26,09:45,CHOQUE,1,0,2,TACNA,TACNA,CORONEL GREGORIO ALBARRACIN LANCHIPA,URBANA,AVENIDA,URBANO,NO CORRESPONDE,-18.087743500251914,-70.27674053177542,DESPEJADO,RESIDENCIAL,TRAMO RECTO,PLANA ,ASFALTADA,NO,,,SI,IMPRUDENCIA DEL CONDUCTOR,GIRAR IMPRUDENTEMENTE,9.0,0,34.5,34.5,27.0,42.0,2,2,1,0,2,0,2
A-2022-06-240,2022-06-26,10:00,CHOQUE,1,0,2,JUNIN,CHUPACA,SAN JUAN DE ISCOS,RURAL,CARRETERA,PROVINCIAL,JU-909,-12.103180975361571,-75.27531547056573,DESPEJADO,RURAL,TRAMO RECTO,PLANA ,ASFALTADA,,,,,IMPRUDENCIA DEL CONDUCTOR,EXCESO DE VELOCIDAD,10.0,0,38.0,38.0,21.0,55.0,2,2,1,0,1,0,2
A-2022-06-256,2022-06-26,10:00,ATROPELLO,1,1,0,MADRE DE DIOS,TAMBOPATA,TAMBOPATA,URBANA,JIRÓN,URBANO,NO CORRESPONDE,-12.585664,-69.199273,,,,,,,,,,EN PROCESO DE INVESTIGACIÓN,NO CUENTA CON CAUSA ESPECIFICA,10.0,0,35.5,35.5,24.0,47.0,1,1,1,1,0,0,2
A-2022-06-152,2022-06-26,17:00,ESPECIAL,1,0,0,PIURA,MORROPON,CHULUCANAS,RURAL,CARRETERA,SIN CLASIFICAR,SIN CLASIFICAR,-5.063142,-80.145299,DESPEJADO,RURAL,OTRO,INCLINADA,AFIRMADO,,,,,EN PROCESO DE INVESTIGACIÓN,NO CUENTA CON CAUSA ESPECIFICA,17.0,0,18.0,18.0,18.0,18.0,0,0,1,0,0,0,2
A-2022-06-64,2022-06-26,18:30,DESPISTE,1,0,1,CUSCO,CANCHIS,MARANGANI,RURAL,CARRETERA,NACIONAL,PE-3S,-14.395139,-71.134351,DESPEJADO,RURAL,TRAMO RECTO,PLANA ,ASFALTADA,SI,PREVENTIVA (P),,SI,IMPRUDENCIA DEL CONDUCTOR,CONDUCIR EN ESTADO DE EBRIEDAD Y/O DROGADICCIÓN,18.0,0,23.0,23.0,23.0,23.0,1,1,1,0,0,0,1
A-2022-06-196,2022-06-26,18:45,ATROPELLO,1,0,0,LIMA,LIMA,SAN JUAN DE MIRAFLORES,URBANA,CARRETERA,NACIONAL,PE-1S,-12.175225937648378,-76.97774592276338,DESPEJADO,COMERCIAL,TRAMO RECTO,PLANA ,ASFALTADA,,,,,EN PROCESO DE INVESTIGACIÓN,NO CUENTA CON CAUSA ESPECIFICA,18.0,0,31.0,31.0,28.0,34.0,2,1,1,0,1,0,2
A-2022-06-142,2022-06-26,21:10,CHOQUE,1,0,2,LIMA,BARRANCA,PARAMONGA,RURAL,CARRETERA,NACIONAL,PE-16,-10.64214973136169,-77.80167817048151,DESPEJADO,RURAL,TRAMO RECTO,PLANA ,ASFALTADA,,,,,EN PROCESO DE INVESTIGACIÓN,NO CUENTA CON CAUSA ESPECIFICA,21.0,0,41.5,41.5,41.0,42.0,2,2,1,0,2,1,2
A-2022-06-255,2022-06-26,21:15,CHOQUE,1,0,0,MADRE DE DIOS,TAHUAMANU,TAHUAMANU,RURAL,CARRETERA,NACIONAL,PE-30C,-11.811876,-69.180757,,,,,,,,,,EN PROCESO DE INVESTIGACIÓN,NO CUENTA CON CAUSA ESPECIFICA,21.0,0,42.0,42.0,36.0,48.0,2,2,1,0,0,0,2
A-2022-06-97,2022-06-26,23:45,CHOQUE,1,0,2,LA LIBERTAD,CHEPEN,PACANGA,RURAL,CARRETERA,NACIONAL,PE-1N,-7.13939,-79.463869,DESPEJADO,RURAL,TRAMO RECTO,PLANA ,ASFALTADA,,,,,IMPRUDENCIA DEL CONDUCTOR,CONDUCIR EN ESTADO DE EBRIEDAD Y/O DROGADICCIÓN,23.0,0,37.0,37.0,31.0,43.0,2,2,1,0,1,0,2
A-2022-06-193,2022-06-27,01:00,ATROPELLO FUGA,1,0,0,LIMA,LIMA,EL AGUSTINO,RURAL,CARRETERA,NACIONAL,PE-22,-12.03186857113612,-76.98848593151921,DESPEJADO,RURAL,TRAMO RECTO,PLANA ,ASFALTADA,,,,,EN PROCESO DE INVESTIGACIÓN,NO CUENTA CON CAUSA ESPECIFICA,1.0,0,,,,,1,0,1,0,0,0,2
A-2022-06-194,2022-06-27,02:00,DESPISTE,1,0,0,LIMA,LIMA,CHACLACAYO,URBANA,CARRETERA,NACIONAL,PE-22,-11.978427911890416,-76.78207926382203,DESPEJADO,INDUSTRIAL,TRAMO RECTO,PLANA ,ASFALTADA,,,,,EN PROCESO DE INVESTIGACIÓN,NO CUENTA CON CAUSA ESPECIFICA,2.0,0,26.0,26.0,26.0,26.0,1,1,1,0,1,0,1
A-2022-06-195,2022-06-27,03:40,DESPISTE,1,1,0,LIMA,LIMA,SAN BORJA,URBANA,AVENIDA,URBANO,NO CORRESPONDE,-12.111403465270996,-76.99590301513672,DESPEJADO,COMERCIAL,TRAMO RECTO,PLANA ,ASFALTADA,,,,,EN PROCESO DE INVESTIGACIÓN,NO CUENTA CON CAUSA ESPECIFICA,3.0,0,31.0,31.0,28.0,34.0,1,1,1,1,0,0,2
A-2022-06-170,2022-06-27,04:30,DESPISTE,1,0,1,PUNO,LAMPA,SANTA LUCIA,RURAL,CARRETERA,NACIONAL,PE-34A,-15.6880311,-70.8102044,DESPEJADO,RURAL,CURVA,PLANA ,ASFALTADA,NO,,,SI,IMPRUDENCIA DEL CONDUCTOR,EXCESO DE VELOCIDAD,4.0,0,21.0,21.0,21.0,21.0,1,1,1,0,1,0,1
A-2022-06-146,2022-06-27,06:50,DESPISTE,1,0,1,LAMBAYEQUE,LAMBAYEQUE,LAMBAYEQUE,RURAL,CARRETERA,NACIONAL,PE-1N,-6.648391,-79.942871,DESPEJADO,RURAL,TRAMO RECTO,PLANA ,ASFALTADA,,,,,EN PROCESO DE INVESTIGACIÓN,NO CUENTA CON CAUSA ESPECIFICA,6.0,0,54.0,54.0,54.0,54.0,1,1,1,0,0,0,1
A-2022-06-265,2022-06-27,18:00,DESPISTE,1,2,1,AYACUCHO,HUANCA SANCOS,CARAPO,RURAL,CARRETERA,NACIONAL,PE-30D,-13.7773756952253,-74.3259621976569,DESPEJADO,RURAL,CURVA,INCLINADA,AFIRMADO,SI,PREVENTIVA (P),,NO,NEGLIGENCIA DEL CONDUCTOR,CONDUCIR CON FALLAS DE FRENOS,18.0,0,54.333333333333336,53.0,52.0,58.0,1,1,1,2,1,1,3
A-2022-06-98,2022-06-27,18:00,CHOQUE,1,0,2,LA LIBERTAD,SANTIAGO DE CHUCO,QUIRUVILCA,RURAL,CARRETERA,NACIONAL,PE-3N,-7.998345,-78.307615,DESPEJADO,RURAL,TRAMO RECTO,PLANA ,ASFALTADA,,,,,EN PROCESO DE INVESTIGACIÓN,NO CUENTA CON CAUSA ESPECIFICA,18.0,0,42.5,42.5,26.0,59.0,2,2,1,0,1,0,2
A-2022-06-230,2022-06-27,19:00,ATROPELLO,1,0,1,JUNIN,HUANCAYO,HUALHUAS,RURAL,CARRETERA,NACIONAL,PE-3S,-11.982411,-75.262406,DESPEJADO,RURAL,TRAMO RECTO,PLANA ,ASFALTADA,,,,,IMPRUDENCIA DEL PEATÓN,CRUCE INDEBIDO POR LA CALZADA,19.0,0,41.0,41.0,35.0,47.0,2,1,1,0,1,0,2
A-2022-06-233,2022-06-28,00:40,CHOQUE,1,0,0,JUNIN,SATIPO,PANGOA,URBANA,CARRETERA,NACIONAL,PE-28C,-11.4430638434703,-74.4919174674897,,,,,,,,,,EN PROCESO DE INVESTIGACIÓN,NO CUENTA CON CAUSA ESPECIFICA,0.0,0,29.5,29.5,18.0,41.0,2,2,1,0,0,0,2
A-2022-06-191,2022-06-28,05:48,ATROPELLO FUGA,1,0,0,LIMA,LIMA,LURIN,RURAL,CARRETERA,NACIONAL,PE-1S,-12.250331378864685,-76.93051276432485,DESPEJADO,INDUSTRIAL,TRAMO RECTO,PLANA ,ASFALTADA,,,,,EN PROCESO DE INVESTIGACIÓN,NO CUENTA CON CAUSA ESPECIFICA,5.0,0,,,,,0,0,1,0,0,0,2
A-2022-06-192,2022-06-28,13:45,DESPISTE,2,2,0,LIMA,LIMA,VILLA EL SALVADOR,RURAL,CARRETERA,NACIONAL,PE-1N,-12.22223131897444,-76.97444197707152,DESPEJADO,INDUSTRIAL,INTERSECCIÓN,PLANA ,ASFALTADA,,,,,EN PROCESO DE INVESTIGACIÓN,NO CUENTA CON CAUSA ESPECIFICA,13.0,1,39.0,26.0,20.0,67.0,5,2,2,2,2,0,6
A-2022-06-229,2022-06-28,15:00,CHOQUE,1,3,2,JUNIN,JAUJA,CURICACA,RURAL,CARRETERA,NACIONAL,PE-3S,-11.78715,-75.67505,DESPEJADO,RURAL,TRAMO RECTO,PLANA ,ASFALTADA,,,,,IMPRUDENCIA DEL CONDUCTOR,EXCESO DE VELOCIDAD,15.0,0,31.4,29.0,24.0,40.0,5,2,1,3,2,0,5
A-2022-06-104,2022-06-28,19:23,DESPISTE,1,0,1,ICA,ICA,ICA,URBANA,AVENIDA,URBANO,NO CORRESPONDE,-14.08007,-75.721941,DESPEJADO,RESIDENCIAL,TRAMO RECTO,PLANA ,ASFALTADA,,,,,EN PROCESO DE INVESTIGACIÓN,NO CUENTA CON CAUSA ESPECIFICA,19.0,0,24.0,24.0,24.0,24.0,1,1,1,0,0,0,1
A-2022-06-84,2022-06-29,01:29,DESPISTE,1,0,0,PUNO,EL COLLAO,ILAVE,RURAL,CARRETERA,NACIONAL,PE-3S,-16.12115082,-69.58969485,DESPEJADO,RURAL,TRAMO RECTO,PLANA ,ASFALTADA,,,,,IMPRUDENCIA DEL CONDUCTOR,CONDUCIR EN SENTIDO CONTRARIO,1.0,0,18.0,18.0,18.0,18.0,1,1,1,0,0,0,1
A-2022-06-93,2022-06-29,05:20,CHOQUE,1,1,2,SAN MARTIN,RIOJA,RIOJA,RURAL,CARRETERA,NACIONAL,PE-5N,-6.029269,-77.210712,DESPEJADO,RURAL,TRAMO RECTO,PLANA ,ASFALTADA,,,,,IMPRUDENCIA DEL CONDUCTOR,OTRO (IMPRUDENCIA DEL CONDUCTOR),5.0,0,45.666666666666664,40.0,36.0,61.0,2,2,1,1,2,0,3
A-2022-06-175,2022-06-29,17:00,DESPISTE,1,1,0,APURIMAC,AYMARAES,CHAPIMARCA,RURAL,CARRETERA,PROVINCIAL,AP-821,-13.996839359725826,-73.08757276189921,,,,,,,,,,EN PROCESO DE INVESTIGACIÓN,NO CUENTA CON CAUSA ESPECIFICA,17.0,0,57.0,57.0,47.0,67.0,1,1,1,1,0,0,2
A-2022-06-239,2022-06-29,20:15,ATROPELLO FUGA,1,0,0,JUNIN,JAUJA,JAUJA,RURAL,CARRETERA,NACIONAL,PE-3SA,-11.77974511,-75.48229265,DESPEJADO,RURAL,TRAMO RECTO,PLANA ,ASFALTADA,,,,,EN PROCESO DE INVESTIGACIÓN,NO CUENTA CON CAUSA ESPECIFICA,20.0,0,58.0,58.0,58.0,58.0,1,0,1,0,0,0,2
A-2022-06-244,2022-06-29,22:00,CHOQUE CON OBJETO FIJO,1,0,1,ICA,CHINCHA,CHINCHA BAJA,RURAL,CARRETERA,PROVINCIAL,IC-520,-13.540899886059233,-76.17728956323718,DESPEJADO,RURAL,TRAMO RECTO,PLANA ,ASFALTADA,,,,,NEGLIGENCIA DEL CONDUCTOR,OTRO (NEGLIGENCIA DEL CONDUCTOR),22.0,0,49.0,49.0,49.0,49.0,1,1,1,0,0,0,1
A-2022-06-147,2022-06-29,23:20,CHOQUE,1,2,2,LAMBAYEQUE,LAMBAYEQUE,MOCHUMI,RURAL,CARRETERA,SIN CLASIFICAR,SIN CLASIFICAR,-6.542156,-79.870673,DESPEJADO,RURAL,CURVA,PLANA ,ASFALTADA,,,,,EN PROCESO DE INVESTIGACIÓN,NO CUENTA CON CAUSA ESPECIFICA,23.0,0,17.0,17.0,15.0,19.0,4,2,1,2,0,0,4
A-2022-06-190,2022-06-30,00:50,ATROPELLO FUGA,1,0,0,LIMA,LIMA,MIRAFLORES,URBANA,OTRO,URBANO,NO CORRESPONDE,-12.12724475655441,-77.03710906091183,DESPEJADO,COMERCIAL,CURVA,PLANA ,ASFALTADA,,,,,EN PROCESO DE INVESTIGACIÓN,NO CUENTA CON CAUSA ESPECIFICA,0.0,0,,,,,0,0,1,0,0,0,2
A-2022-06-189,2022-06-30,01:00,ATROPELLO FUGA,1,0,0,LIMA,LIMA,LURIN,URBANA,CARRETERA,NACIONAL,PE-1S,-12.254755,-76.924147,DESPEJADO,RURAL,TRAMO RECTO,PLANA ,ASFALTADA,,,,,EN PROCESO DE INVESTIGACIÓN,NO CUENTA CON CAUSA ESPECIFICA,1.0,0,,,,,0,0,1,0,0,0,2
A-2022-06-249,2022-06-30,01:40,ATROPELLO FUGA,1,0,0,JUNIN,JUNIN,CARHUAMAYO,URBANA,CARRETERA,NACIONAL,PE-3N,-10.904987503772606,-76.07006557262896,DESPEJADO,COMERCIAL,TRAMO RECTO,PLANA ,ASFALTADA,NO,,,SI,EN PROCESO DE INVESTIGACIÓN,NO CUENTA CON CAUSA ESPECIFICA,1.0,0,17.0,17.0,17.0,17.0,1,0,1,0,0,0,2
A-2022-06-113,2022-06-30,05:10,CHOQUE,1,0,2,TACNA,TACNA,LA YARADA LOS PALOS,RURAL,CARRETERA,NACIONAL,PE-1SD,-18.17592327950679,-70.50039473125472,NUBLADO,RURAL,TRAMO RECTO,PLANA ,ASFALTADA,NO,,,SI,IMPRUDENCIA DEL CONDUCTOR,EXCESO DE VELOCIDAD,5.0,0,45.0,45.0,44.0,46.0,2,2,1,0,1,0,2
A-2022-06-221,2022-06-30,05:30,CHOQUE,1,0,2,LIMA,HUAURA,SAYAN,RURAL,CARRETERA,PROVINCIAL,LM-665,-11.25009555354391,-77.35747213048693,DESPEJADO,RURAL,TRAMO RECTO,PLANA ,ASFALTADA,,,,,IMPRUDENCIA DEL CONDUCTOR,INVASIÓN DE CARRIL,5.0,0,50.0,50.0,39.0,61.0,2,2,1,0,0,0,2
A-2022-06-188,2022-06-30,06:46,ATROPELLO FUGA,1,0,0,LIMA,LIMA,ANCON,URBANA,CARRETERA,NACIONAL,PE-1N,-11.770736277951563,-77.15902010039257,DESPEJADO,COMERCIAL,TRAMO RECTO,PLANA ,ASFALTADA,,,,,EN PROCESO DE INVESTIGACIÓN,NO CUENTA CON CAUSA ESPECIFICA,6.0,0,,,,,0,0,1,0,0,0,2
A-2022-06-87,2022-06-30,16:40,VOLCADURA,1,1,1,AREQUIPA,ISLAY,ISLAY,URBANA,CALLE,URBANO,NO CORRESPONDE,-17.001495,-72.08726,DESPEJADO,RESIDENCIAL,TRAMO RECTO,INCLINADA,TROCHA,,,,,EN PROCESO DE INVESTIGACIÓN,NO CUENTA CON CAUSA ESPECIFICA,16.0,0,30.5,30.5,22.0,39.0,2,1,1,1,1,0,2
A-2022-06-179,2022-06-30,17:10,CHOQUE,1,2,2,CAJAMARCA,SAN IGNACIO,SAN IGNACIO,RURAL,CARRETERA,NACIONAL,PE-5N,-5.100353,-79.0455366,DESPEJADO,RURAL,TRAMO RECTO,PLANA ,ASFALTADA,,,,,EN PROCESO DE INVESTIGACIÓN,NO CUENTA CON CAUSA ESPECIFICA,17.0,0,52.333333333333336,51.0,46.0,60.0,2,2,1,2,0,0,3
A-2022-07-7,2022-07-01,07:30,DESPISTE,1,1,1,CUSCO,CHUMBIVILCAS,SANTO TOMAS,URBANA,CARRETERA,NACIONAL,PE-3SG,-14.48217344,-72.09383814,DESPEJADO,RURAL,CURVA,INCLINADA,ASFALTADA,SI,REGULADORA (R),PREVENTIVA (P),SI,IMPRUDENCIA DEL CONDUCTOR,EXCESO DE VELOCIDAD,7.0,0,35.0,35.0,34.0,36.0,2,1,1,1,1,0,2
A-2022-07-13,2022-07-01,07:50,CHOQUE,1,0,0,CAJAMARCA,HUALGAYOC,BAMBAMARCA,,CARRETERA,NACIONAL,PE-3N,-6.691349,-78.541895,,,,,,,,,,EN PROCESO DE INVESTIGACIÓN,NO CUENTA CON CAUSA ESPECIFICA,7.0,0,35.5,35.5,22.0,49.0,2,2,1,0,0,0,2
A-2022-07-92,2022-07-01,09:06,ATROPELLO,1,0,1,LAMBAYEQUE,LAMBAYEQUE,MOTUPE,RURAL,CARRETERA,NACIONAL,PE-1N,-6.14817101787074,-79.7156908860278,DESPEJADO,RURAL,TRAMO RECTO,PLANA ,ASFALTADA,,,,,EN PROCESO DE INVESTIGACIÓN,NO CUENTA CON CAUSA ESPECIFICA,9.0,0,55.0,55.0,47.0,63.0,1,1,1,0,1,0,2
A-2022-07-87,2022-07-01,10:00,DESPISTE,1,0,1,CUSCO,CANAS,CHECCA,RURAL,CARRETERA,SIN CLASIFICAR,SIN CLASIFICAR,-14.494503,-71.46394,DESPEJADO,RURAL,TRAMO RECTO,INCLINADA,TROCHA,,,,,IMPERICIA DEL CONDUCTOR,,10.0,0,38.0,38.0,38.0,38.0,1,1,1,0,0,0,1
A-2022-07-69,2022-07-01,12:05,DESPISTE,1,0,1,APURIMAC,CHINCHEROS,CHINCHEROS,URBANA,CARRETERA,NACIONAL,PE-3S,-13.499955,-73.808258,SOLEADO,RURAL,CURVA,PLANA ,ASFALTADA,SI,REGULADORA (R),PREVENTIVA (P),SI,IMPRUDENCIA DEL CONDUCTOR,CONDUCIR EN ESTADO DE EBRIEDAD Y/O DROGADICCIÓN,12.0,0,28.0,28.0,28.0,28.0,1,1,1,0,0,0,1
A-2022-07-4,2022-07-01,18:55,ATROPELLO,1,1,1,SAN MARTIN,MOYOBAMBA,MOYOBAMBA,URBANA,CARRETERA,NACIONAL,PE-5N,-6.046127,-77.017082,DESPEJADO,RURAL,TRAMO RECTO,PLANA ,ASFALTADA,,,,,IMPRUDENCIA DEL PEATÓN,OTRO (IMPRUDENCIA DEL PEATÓN),18.0,0,56.0,56.0,41.0,71.0,2,1,1,1,0,0,2
A-2022-07-200,2022-07-01,19:00,DESPISTE,1,0,0,ANCASH,SANTA,CHIMBOTE,RURAL,CARRETERA,NACIONAL,PE-12,-8.9076392268264,-78.56746390954739,DESPEJADO,RURAL,CURVA,INCLINADA,ASFALTADA,,,,,EN PROCESO DE INVESTIGACIÓN,NO CUENTA CON CAUSA ESPECIFICA,19.0,0,35.0,35.0,35.0,35.0,1,1,1,0,0,0,1
A-2022-07-34,2022-07-01,22:00,CHOQUE,1,0,2,LA LIBERTAD,TRUJILLO,EL PORVENIR,URBANA,CALLE,URBANO,NO CORRESPONDE,-8.074545,-79.022619,DESPEJADO,COMERCIAL,INTERSECCIÓN,PLANA ,ASFALTADA,,,,,IMPRUDENCIA DEL CONDUCTOR,NO ESTABLECER EL DERECHO DE PASO,22.0,0,21.5,21.5,14.0,29.0,2,2,1,0,0,0,2
A-2022-07-186,2022-07-02,01:30,ATROPELLO FUGA,1,0,0,LIMA,LIMA,LURIN,URBANA,AVENIDA,URBANO,NO CORRESPONDE,-12.243900000499872,-76.90951799846174,DESPEJADO,COMERCIAL,TRAMO RECTO,PLANA ,ASFALTADA,,,,,EN PROCESO DE INVESTIGACIÓN,NO CUENTA CON CAUSA ESPECIFICA,1.0,0,,,,,0,0,1,0,0,0,2
A-2022-07-187,2022-07-02,02:50,ATROPELLO FUGA,1,0,0,LIMA,LIMA,PUEBLO LIBRE,URBANA,AVENIDA,URBANO,NO CORRESPONDE,-12.0781808,-77.0803376,DESPEJADO,COMERCIAL,TRAMO RECTO,PLANA ,ASFALTADA,,,,,EN PROCESO DE INVESTIGACIÓN,NO CUENTA CON CAUSA ESPECIFICA,2.0,0,43.0,43.0,43.0,43.0,1,0,1,0,0,0,2
A-2022-07-252,2022-07-02,16:40,ATROPELLO,1,0,0,JUNIN,CONCEPCION,CHAMBARA,RURAL,CARRETERA,NACIONAL,PE-24,-12.025631,-75.420456,DESPEJADO,RURAL,TRAMO RECTO,PLANA ,ASFALTADA,,,,,IMPRUDENCIA DEL CONDUCTOR,EXCESO DE VELOCIDAD,16.0,0,42.5,42.5,21.0,64.0,1,1,1,0,0,0,2
A-2022-07-97,2022-07-02,20:30,ATROPELLO FUGA,1,1,1,LAMBAYEQUE,CHICLAYO,REQUE,RURAL,CARRETERA,NACIONAL,PE-1N,-6.888183,-79.804553,DESPEJADO,RURAL,TRAMO RECTO,PLANA ,ASFALTADA,,,,,EN PROCESO DE INVESTIGACIÓN,NO CUENTA CON CAUSA ESPECIFICA,20.0,0,28.0,28.0,28.0,28.0,2,0,1,1,0,0,3
A-2022-07-261,2022-07-03,07:30,CHOQUE,3,6,5,ICA,CHINCHA,GROCIO PRADO,RURAL,CARRETERA,NACIONAL,PE-1S,-13.38707444,-76.20203622,DESPEJADO,RURAL,TRAMO RECTO,PLANA ,ASFALTADA,,,,,IMPRUDENCIA DEL CONDUCTOR,FATIGA Y/O CANSANCIO,7.0,2,38.416666666666664,39.0,22.0,68.0,8,5,3,6,5,0,12
A-2022-07-3,2022-07-03,10:30,ATROPELLO,1,0,0,CALLAO,CALLAO,CALLAO,URBANA,AVENIDA,URBANO,NO CORRESPONDE,-12.062088097143755,-77.14276654465186,DESPEJADO,COMERCIAL,TRAMO RECTO,PLANA ,ASFALTADA,NO,,,SI,IMPRUDENCIA DEL CONDUCTOR,OTRO (IMPRUDENCIA DEL CONDUCTOR),10.0,0,52.0,52.0,41.0,63.0,1,1,1,0,1,0,2
A-2022-07-213,2022-07-03,14:30,VOLCADURA,2,1,0,APURIMAC,COTABAMBAS,MARA,RURAL,CARRETERA,SIN CLASIFICAR,SIN CLASIFICAR,-14.033949034102209,-72.14636488596634,,,,,,,,,,EN PROCESO DE INVESTIGACIÓN,NO CUENTA CON CAUSA ESPECIFICA,14.0,1,47.666666666666664,57.0,26.0,60.0,2,1,2,1,0,0,3
A-2022-07-61,2022-07-03,16:00,DESPISTE,3,0,1,LA LIBERTAD,PATAZ,PATAZ,RURAL,CARRETERA,PROVINCIAL,LI-861,-7.788201,-77.595033,DESPEJADO,RURAL,TRAMO RECTO,PLANA ,AFIRMADO,,,,,IMPRUDENCIA DEL CONDUCTOR,OTRO (IMPRUDENCIA DEL CONDUCTOR),16.0,2,27.0,28.0,24.0,29.0,1,1,3,0,1,0,3
A-2022-07-36,2022-07-03,18:30,ATROPELLO,1,0,1,LA LIBERTAD,ASCOPE,CHICAMA,RURAL,CARRETERA,NACIONAL,PE-1N,-7.8757916009639155,-79.13215306921666,DESPEJADO,RURAL,TRAMO RECTO,PLANA ,ASFALTADA,,,,,IMPRUDENCIA DEL CONDUCTOR,ADELANTAR INDEBIDAMENTE,18.0,0,52.5,52.5,46.0,59.0,2,1,1,0,1,0,2