CODIGO_SINIESTRO,FECHA_SINIESTRO,HORA_SINIESTRO,CLASE_SINIESTRO,CANTIDAD_FALLECIDOS,CANTIDAD_LESIONADOS,CANTIDAD_VEHICULOS,DEPARTAMENTO,PROVINCIA,DISTRITO,ZONA,TIPO_VIA,RED_VIAL,COD_CARRETERA,LATITUD,LONGITUD,CONDICION_CLIMATICA,ZONIFICACION,CARACTERISTICAS_VIA,PERFIL_VIA,SUPERFICIE_CALZADA,EXISTE_SENIAL_VERTICAL,CLASIFICACION_SENIAL_VERTICAL_1,CLASIFICACION_SENIAL_VERTICAL_2,EXISTE_SENIAL_HORIZONTAL,CAUSA_FACTOR_PRINCIPAL,CAUSA_ESPECIFICA,HORA,severidad,EDAD_PROMEDIO,EDAD_MEDIANA,EDAD_MIN,EDAD_MAX,TOTAL_MASCULINOS,TOTAL_CONDUCTORES,TOTAL_FALLECIDOS_AGG,TOTAL_LESIONADOS_AGG,TOTAL_LICENCIA,TOTAL_ALCOHOL_POSITIVO,TOTAL_PERSONAS
A-2022-07-44,2022-07-03,20:10,DESPISTE,1,0,1,LIMA,BARRANCA,PATIVILCA,URBANA,CARRETERA,NACIONAL,PE-16A,-10.661403010346053,-77.77216329846316,NUBLADO,RURAL,TRAMO RECTO,PLANA ,ASFALTADA,,,,,EN PROCESO DE INVESTIGACIÓN,NO CUENTA CON CAUSA ESPECIFICA,20.0,0,62.0,62.0,62.0,62.0,1,1,1,0,0,0,1
A-2022-07-62,2022-07-03,23:00,DESPISTE,2,2,1,LA LIBERTAD,PATAZ,ONGON,RURAL,CARRETERA,DEPARTAMENTAL,LI-129,-8.194369,-76.982986,DESPEJADO,RURAL,TRAMO RECTO,INCLINADA,AFIRMADO,,,,,IMPRUDENCIA DEL CONDUCTOR,EXCESO DE VELOCIDAD,23.0,1,37.75,40.0,20.0,51.0,4,1,2,2,1,0,4
A-2022-07-246,2022-07-03,23:30,CHOQUE,1,0,0,JUNIN,SATIPO,RIO NEGRO,RURAL,CARRETERA,NACIONAL,PE-5S,-11.21196936009697,-74.65767326686544,,,,,,,,,,EN PROCESO DE INVESTIGACIÓN,NO CUENTA CON CAUSA ESPECIFICA,23.0,0,35.5,35.5,27.0,44.0,2,2,1,0,1,0,2
A-2022-07-185,2022-07-04,03:50,CHOQUE CON OBJETO FIJO,1,0,1,LIMA,LIMA,BARRANCO,URBANA,OTRO,URBANO,NO CORRESPONDE,-12.1522147,-77.0244595,DESPEJADO,RESIDENCIAL,TRAMO RECTO,PLANA ,ASFALTADA,,,,,EN PROCESO DE INVESTIGACIÓN,NO CUENTA CON CAUSA ESPECIFICA,3.0,0,39.0,39.0,39.0,39.0,1,1,1,0,0,0,1
A-2022-07-142,2022-07-04,14:40,DESPISTE,1,0,0,PIURA,PIURA,VEINTISEIS DE OCTUBRE,URBANA,AVENIDA,URBANO,NO CORRESPONDE,-5.183466,-80.664198,DESPEJADO,RURAL,TRAMO RECTO,PLANA ,ASFALTADA,,,,,EN PROCESO DE INVESTIGACIÓN,NO CUENTA CON CAUSA ESPECIFICA,14.0,0,56.0,56.0,56.0,56.0,1,1,1,0,1,1,1
A-2022-07-35,2022-07-05,04:30,CHOQUE,2,3,2,AREQUIPA,ISLAY,MOLLENDO,RURAL,CARRETERA,NACIONAL,PE-1S,-16.867949,-71.851756,DESPEJADO,RURAL,TRAMO RECTO,PLANA ,ASFALTADA,SI,REGULADORA (R),,SI,EN PROCESO DE INVESTIGACIÓN,NO CUENTA CON CAUSA ESPECIFICA,4.0,1,34.4,35.0,32.0,37.0,5,2,2,3,2,0,5
A-2022-07-93,2022-07-05,05:15,CHOQUE,1,3,2,LAMBAYEQUE,LAMBAYEQUE,LAMBAYEQUE,RURAL,CARRETERA,NACIONAL,PE-1N,-6.725805,-79.891082,DESPEJADO,RURAL,TRAMO RECTO,PLANA ,ASFALTADA,,,,,EN PROCESO DE INVESTIGACIÓN,NO CUENTA CON CAUSA ESPECIFICA,5.0,0,33.4,29.0,27.0,48.0,3,2,1,3,1,0,5
A-2022-07-184,2022-07-05,05:45,DESPISTE,1,0,1,LIMA,LIMA,CHORRILLOS,URBANA,AVENIDA,URBANO,NO CORRESPONDE,-12.18942855906315,-77.0072448974895,DESPEJADO,COMERCIAL,TRAMO RECTO,PLANA ,ASFALTADA,,,,,EN PROCESO DE INVESTIGACIÓN,NO CUENTA CON CAUSA ESPECIFICA,5.0,0,38.0,38.0,38.0,38.0,1,1,1,0,0,0,1
A-2022-07-183,2022-07-05,11:00,ATROPELLO,1,0,0,LIMA,LIMA,SAN MARTIN DE PORRES,URBANA,AVENIDA,URBANO,NO CORRESPONDE,-11.991583421555264,-77.10776831454098,DESPEJADO,COMERCIAL,TRAMO RECTO,PLANA ,ASFALTADA,,,,,EN PROCESO DE INVESTIGACIÓN,NO CUENTA CON CAUSA ESPECIFICA,11.0,0,27.0,27.0,24.0,30.0,2,1,1,0,1,0,2
A-2022-07-180,2022-07-05,22:45,ATROPELLO,1,0,0,LIMA,LIMA,RIMAC,URBANA,AVENIDA,URBANO,NO CORRESPONDE,-12.030284,-77.029465,DESPEJADO,COMERCIAL,TRAMO RECTO,PLANA ,ASFALTADA,,,,,IMPRUDENCIA DEL CONDUCTOR,CONDUCIR EN SENTIDO CONTRARIO,22.0,0,49.0,49.0,49.0,49.0,2,1,1,0,1,0,2
A-2022-07-14,2022-07-06,03:30,CHOQUE,1,2,2,CAJAMARCA,SAN PABLO,SAN BERNARDINO,RURAL,CARRETERA,NACIONAL,PE-08,-7.218075,-78.74925667,DESPEJADO,RURAL,TRAMO RECTO,PLANA ,ASFALTADA,,,,,EN PROCESO DE INVESTIGACIÓN,NO CUENTA CON CAUSA ESPECIFICA,3.0,0,45.333333333333336,48.0,39.0,49.0,2,1,1,2,0,0,4
A-2022-07-63,2022-07-06,04:20,ATROPELLO FUGA,1,0,1,LA LIBERTAD,TRUJILLO,LAREDO,RURAL,CARRETERA,NACIONAL,PE-10A,-8.097352,-78.974404,DESPEJADO,RURAL,TRAMO RECTO,PLANA ,ASFALTADA,,,,,EN PROCESO DE INVESTIGACIÓN,NO CUENTA CON CAUSA ESPECIFICA,4.0,0,,,,,0,0,1,0,0,0,2
A-2022-07-266,2022-07-06,05:50,ATROPELLO,1,0,2,ICA,CHINCHA,ALTO LARAN,RURAL,CARRETERA,PROVINCIAL,IC-514,-13.452454,-76.126608,DESPEJADO,RURAL,OTRO,INCLINADA,TROCHA,,,,,IMPRUDENCIA DEL PEATÓN,OTRO (IMPRUDENCIA DEL PEATÓN),5.0,0,26.0,26.0,16.0,36.0,2,1,1,0,0,0,3
A-2022-07-150,2022-07-06,06:45,ATROPELLO,1,0,0,PIURA,PIURA,VEINTISEIS DE OCTUBRE,URBANA,CARRETERA,NACIONAL,PE-1N,-5.173715,-80.680308,DESPEJADO,INDUSTRIAL,TRAMO RECTO,PLANA ,ASFALTADA,,,,,EN PROCESO DE INVESTIGACIÓN,NO CUENTA CON CAUSA ESPECIFICA,6.0,0,66.0,66.0,59.0,73.0,2,1,1,0,1,0,2
A-2022-07-148,2022-07-06,07:05,ATROPELLO,1,0,0,PASCO,PASCO,NINACACA,URBANA,OTRO,URBANO,NO CORRESPONDE,-10.852161487788104,-76.11416121719361,DESPEJADO,RESIDENCIAL,OTRO,PLANA ,AFIRMADO,,,,,IMPRUDENCIA DEL CONDUCTOR,OTRO (IMPRUDENCIA DEL CONDUCTOR),7.0,0,11.0,11.0,1.0,21.0,2,1,1,0,1,0,2
A-2022-07-258,2022-07-06,15:00,DESPISTE,1,0,1,AYACUCHO,HUANTA,HUAMANGUILLA,RURAL,CARRETERA,NACIONAL,PE-3S,-13.029388202246906,-74.2173077460767,DESPEJADO,RURAL,CURVA,INCLINADA,ASFALTADA,SI,PREVENTIVA (P),,NO,IMPRUDENCIA DEL CONDUCTOR,CONDUCIR EN ESTADO DE EBRIEDAD Y/O DROGADICCIÓN,15.0,0,58.0,58.0,58.0,58.0,1,1,1,0,0,0,1
A-2022-07-76,2022-07-06,17:00,DESPISTE,1,1,1,CUSCO,CANAS,KUNTURKANKI,RURAL,CARRETERA,NACIONAL,PE-34F,-14.641781,-71.2764293,DESPEJADO,RURAL,TRAMO RECTO,PLANA ,ASFALTADA,,,,,IMPRUDENCIA DEL CONDUCTOR,FATIGA Y/O CANSANCIO,17.0,0,39.5,39.5,26.0,53.0,2,1,1,1,1,0,2
A-2022-07-33,2022-07-06,18:10,DESPISTE,2,1,1,ANCASH,HUARAZ,JANGAS,RURAL,CARRETERA,PROVINCIAL,AN-1115,-9.419447582340071,-77.59299694169833,DESPEJADO,RURAL,CURVA,INCLINADA,AFIRMADO,,,,,EN PROCESO DE INVESTIGACIÓN,NO CUENTA CON CAUSA ESPECIFICA,18.0,1,33.0,31.0,30.0,38.0,2,1,2,1,1,1,3
A-2022-07-151,2022-07-07,03:00,DESPISTE,1,0,0,PIURA,PIURA,PIURA,URBANA,AVENIDA,URBANO,NO CORRESPONDE,-5.184283,-80.6250834,DESPEJADO,RURAL,TRAMO RECTO,PLANA ,ASFALTADA,,,,,EN PROCESO DE INVESTIGACIÓN,NO CUENTA CON CAUSA ESPECIFICA,3.0,0,28.0,28.0,28.0,28.0,1,1,1,0,0,1,1
A-2022-07-243,2022-07-07,06:50,CHOQUE,1,0,2,LIMA,HUAURA,HUACHO,RURAL,CARRETERA,NACIONAL,PE-1N,-11.150481207183622,-77.59657497740974,DESPEJADO,RURAL,INTERSECCIÓN,PLANA ,ASFALTADA,SI,REGULADORA (R),REGULADORA (R),NO,IMPRUDENCIA DEL CONDUCTOR,NO ESTABLECER EL DERECHO DE PASO,6.0,0,48.5,48.5,37.0,60.0,2,2,1,0,2,0,2
A-2022-07-201,2022-07-07,08:30,CHOQUE,2,2,0,ANCASH,SANTA,NEPEÑA,RURAL,CARRETERA,NACIONAL,PE-1N,-9.232379,-78.448749,DESPEJADO,RURAL,TRAMO RECTO,PLANA ,ASFALTADA,,,,,EN PROCESO DE INVESTIGACIÓN,NO CUENTA CON CAUSA ESPECIFICA,8.0,1,22.75,24.0,18.0,25.0,3,2,2,2,1,0,4
A-2022-07-198,2022-07-07,13:58,ATROPELLO,1,0,0,LIMA,LIMA,MIRAFLORES,URBANA,AVENIDA,URBANO,NO CORRESPONDE,-12.129913236273836,-77.0264471065407,DESPEJADO,RESIDENCIAL,INTERSECCIÓN,PLANA ,ASFALTADA,,,,,EN PROCESO DE INVESTIGACIÓN,NO CUENTA CON CAUSA ESPECIFICA,13.0,0,65.0,65.0,64.0,66.0,0,1,1,0,1,0,2
A-2022-07-12,2022-07-07,20:30,ATROPELLO,1,0,1,SAN MARTIN,RIOJA,PARDO MIGUEL,RURAL,CARRETERA,NACIONAL,PE-5N,-5.730581,-77.514495,DESPEJADO,RURAL,TRAMO RECTO,PLANA ,ASFALTADA,,,,,IMPRUDENCIA DEL CONDUCTOR,OTRO (IMPRUDENCIA DEL CONDUCTOR),20.0,0,47.0,47.0,19.0,75.0,2,1,1,0,0,0,2
A-2022-07-46,2022-07-07,23:00,CAÍDA DE PASAJERO,1,0,0,AREQUIPA,AREQUIPA,PAUCARPATA,URBANA,CALLE,URBANO,NO CORRESPONDE,-16.4181615,-71.5060567,DESPEJADO,RESIDENCIAL,TRAMO RECTO,PLANA ,ASFALTADA,NO,,,SI,EN PROCESO DE INVESTIGACIÓN,NO CUENTA CON CAUSA ESPECIFICA,23.0,0,45.0,45.0,45.0,45.0,1,0,1,0,0,0,2
A-2022-07-152,2022-07-08,05:30,ATROPELLO,1,0,0,PIURA,PIURA,PIURA,URBANA,AVENIDA,URBANO,NO CORRESPONDE,-5.16802,-80.648719,DESPEJADO,RURAL,TRAMO RECTO,PLANA ,ASFALTADA,SI,PREVENTIVA (P),,NO,EN PROCESO DE INVESTIGACIÓN,NO CUENTA CON CAUSA ESPECIFICA,5.0,0,70.0,70.0,70.0,70.0,1,0,1,0,0,0,2
A-2022-07-179,2022-07-08,05:55,DESPISTE,1,0,0,LIMA,LIMA,MIRAFLORES,URBANA,AVENIDA,URBANO,NO CORRESPONDE,-12.123954,-77.004534,DESPEJADO,RESIDENCIAL,TRAMO RECTO,PLANA ,ASFALTADA,,,,,EN PROCESO DE INVESTIGACIÓN,NO CUENTA CON CAUSA ESPECIFICA,5.0,0,35.0,35.0,35.0,35.0,1,1,1,0,1,0,1
A-2022-07-154,2022-07-08,11:30,DESPISTE,1,0,1,PUNO,HUANCANE,COJATA,RURAL,CARRETERA,NACIONAL,PE-34L,-15.06603095073276,-69.42749699270799,SOLEADO,RURAL,TRAMO RECTO,PLANA ,ASFALTADA,,,,,IMPRUDENCIA DEL CONDUCTOR,OTRO (IMPRUDENCIA DEL CONDUCTOR),11.0,0,36.5,36.5,29.0,44.0,1,1,1,0,1,0,2
A-2022-07-219,2022-07-08,19:30,CHOQUE,1,2,2,UCAYALI,CORONEL PORTILLO,CALLERIA,URBANA,AVENIDA,URBANO,NO CORRESPONDE,-8.369551,-74.549133,DESPEJADO,COMERCIAL,TRAMO RECTO,PLANA ,ASFALTADA,SI,REGULADORA (R),,NO,IMPRUDENCIA DEL CONDUCTOR,OTRO (IMPRUDENCIA DEL CONDUCTOR),19.0,0,24.666666666666668,17.0,16.0,41.0,3,2,1,2,0,0,3
A-2022-07-153,2022-07-09,15:50,ESPECIAL,1,1,0,PIURA,MORROPON,SAN JUAN DE BIGOTE,RURAL,CARRETERA,PROVINCIAL,PI-883,-5.316476,-79.749585,DESPEJADO,RURAL,TRAMO RECTO,INCLINADA,AFIRMADO,,,,,EN PROCESO DE INVESTIGACIÓN,NO CUENTA CON CAUSA ESPECIFICA,15.0,0,28.5,28.5,3.0,54.0,2,1,1,1,0,0,2
A-2022-07-15,2022-07-10,01:40,CHOQUE FUGA,1,3,2,SAN MARTIN,RIOJA,PARDO MIGUEL,URBANA,CARRETERA,NACIONAL,PE-5N,-5.738795,-77.501768,DESPEJADO,COMERCIAL,TRAMO RECTO,PLANA ,ASFALTADA,,,,,IMPRUDENCIA DEL CONDUCTOR,OTRO (IMPRUDENCIA DEL CONDUCTOR),1.0,0,22.2,31.0,1.0,34.0,3,2,1,3,1,0,5
A-2022-07-203,2022-07-10,02:30,ATROPELLO FUGA,1,0,0,ANCASH,SANTA,CHIMBOTE,URBANA,CARRETERA,NACIONAL,PE-1N,-9.10585030813847,-78.55573139992703,DESPEJADO,INDUSTRIAL,TRAMO RECTO,PLANA ,ASFALTADA,,,,,EN PROCESO DE INVESTIGACIÓN,NO CUENTA CON CAUSA ESPECIFICA,2.0,0,38.0,38.0,38.0,38.0,1,0,1,0,0,0,2
A-2022-07-264,2022-07-10,02:50,CHOQUE CON OBJETO FIJO,1,1,1,LIMA,HUAURA,HUAURA,RURAL,CARRETERA,DEPARTAMENTAL,LM-101,-11.055576392366431,-77.60122056017393,DESPEJADO,RURAL,TRAMO RECTO,PLANA ,ASFALTADA,,,,,IMPRUDENCIA DEL CONDUCTOR,CONDUCIR EN ESTADO DE EBRIEDAD Y/O DROGADICCIÓN,2.0,0,13.0,13.0,6.0,20.0,1,1,1,1,0,0,2
A-2022-07-204,2022-07-10,03:40,DESPISTE,1,0,0,ANCASH,SANTA,NUEVO CHIMBOTE,RURAL,AVENIDA,URBANO,NO CORRESPONDE,-9.128416272535498,-78.5184979617348,DESPEJADO,COMERCIAL,TRAMO RECTO,PLANA ,ASFALTADA,,,,,EN PROCESO DE INVESTIGACIÓN,NO CUENTA CON CAUSA ESPECIFICA,3.0,0,49.0,49.0,49.0,49.0,1,1,1,0,0,0,1
A-2022-07-16,2022-07-10,05:00,ATROPELLO,1,0,1,SAN MARTIN,RIOJA,AWAJUN,URBANA,CARRETERA,NACIONAL,PE-5N,-5.818199,-77.382588,DESPEJADO,COMERCIAL,TRAMO RECTO,PLANA ,ASFALTADA,NO,,,NO,IMPRUDENCIA DEL PEATÓN,OTRO (IMPRUDENCIA DEL PEATÓN),5.0,0,36.5,36.5,19.0,54.0,2,1,1,0,1,0,2
A-2022-07-49,2022-07-10,05:19,ATROPELLO,1,0,1,CUSCO,QUISPICANCHI,HUARO,RURAL,CARRETERA,NACIONAL,PE-3S,-13.6823583,-71.6541899,DESPEJADO,RURAL,OTRO,PLANA ,ASFALTADA,NO,,,SI,IMPRUDENCIA DEL PEATÓN,ESTADO DE EBRIEDAD Y/O DROGADICCIÓN,5.0,0,45.5,45.5,22.0,69.0,2,1,1,0,1,1,2
A-2022-07-17,2022-07-10,05:20,CHOQUE FUGA,1,0,1,SAN MARTIN,RIOJA,AWAJUN,URBANA,CARRETERA,NACIONAL,PE-5N,-5.81718,-77.383978,DESPEJADO,COMERCIAL,TRAMO RECTO,PLANA ,ASFALTADA,,,,,IMPRUDENCIA DEL CONDUCTOR,OTRO (IMPRUDENCIA DEL CONDUCTOR),5.0,0,46.0,46.0,46.0,46.0,1,1,1,0,0,0,2
A-2022-07-202,2022-07-10,05:45,ATROPELLO,1,0,0,ANCASH,SANTA,CHIMBOTE,URBANA,CARRETERA,NACIONAL,PE-1N,-9.10589784811372,-78.5557733535328,DESPEJADO,INDUSTRIAL,TRAMO RECTO,PLANA ,ASFALTADA,,,,,IMPRUDENCIA DEL CONDUCTOR,CONDUCIR EN ESTADO DE EBRIEDAD Y/O DROGADICCIÓN,5.0,0,23.5,23.5,22.0,25.0,2,1,1,0,1,0,2
A-2022-07-64,2022-07-10,06:30,CHOQUE,1,0,2,LA LIBERTAD,PACASMAYO,GUADALUPE,RURAL,CARRETERA,NACIONAL,PE-1N,-7.303484,-79.478253,DESPEJADO,RURAL,TRAMO RECTO,PLANA ,ASFALTADA,,,,,IMPRUDENCIA DEL CONDUCTOR,CONDUCIR EN ESTADO DE EBRIEDAD Y/O DROGADICCIÓN,6.0,0,32.0,32.0,22.0,42.0,2,2,1,0,1,0,2
A-2022-07-86,2022-07-10,07:00,DESPISTE,1,0,1,CUSCO,CHUMBIVILCAS,LIVITACA,RURAL,CARRETERA,DEPARTAMENTAL,CU-126,-14.3055985,-71.674153,DESPEJADO,RURAL,TRAMO RECTO,PLANA ,AFIRMADO,,,,,IMPRUDENCIA DEL CONDUCTOR,CONDUCIR EN ESTADO DE EBRIEDAD Y/O DROGADICCIÓN,7.0,0,28.0,28.0,28.0,28.0,1,1,1,0,0,0,1
A-2022-07-118,2022-07-10,15:30,DESPISTE,1,5,1,CAJAMARCA,CAJAMARCA,ENCAÑADA,RURAL,CARRETERA,PROVINCIAL,CA-1089,-7.07326707,-78.34429079,DESPEJADO,RURAL,SINUOSA,INCLINADA,AFIRMADO,,,,,EN PROCESO DE INVESTIGACIÓN,NO CUENTA CON CAUSA ESPECIFICA,15.0,0,25.5,23.0,18.0,39.0,5,1,1,5,0,0,6
A-2022-07-270,2022-07-10,16:00,CHOQUE,1,1,0,MADRE DE DIOS,TAMBOPATA,INAMBARI,RURAL,CARRETERA,NACIONAL,PE-30C,-12.891986,-70.065377,,,,,,,,,,EN PROCESO DE INVESTIGACIÓN,NO CUENTA CON CAUSA ESPECIFICA,16.0,0,40.0,34.0,32.0,54.0,3,2,1,1,0,0,3
A-2022-07-41,2022-07-10,17:40,CHOQUE,1,0,0,CUSCO,QUISPICANCHI,QUIQUIJANA,URBANA,CARRETERA,NACIONAL,PE-3S,-13.8278411,-71.5396619,DESPEJADO,RURAL,TRAMO RECTO,PLANA ,ASFALTADA,SI,PREVENTIVA (P),,SI,IMPRUDENCIA DEL CONDUCTOR,OTRO (IMPRUDENCIA DEL CONDUCTOR),17.0,0,45.0,45.0,42.0,48.0,2,2,1,0,1,0,2
A-2022-07-51,2022-07-10,17:45,CHOQUE,1,0,2,CUSCO,QUISPICANCHI,URCOS,URBANA,CARRETERA,NACIONAL,PE-3S,-13.6866028,-71.611283,DESPEJADO,COMERCIAL,CURVA,INCLINADA,ASFALTADA,SI,PREVENTIVA (P),,SI,IMPRUDENCIA DEL CONDUCTOR,INVASIÓN DE CARRIL,17.0,0,36.5,36.5,22.0,51.0,2,2,1,0,2,0,2
A-2022-07-178,2022-07-10,18:20,ATROPELLO,1,0,0,LIMA,LIMA,SANTA ANITA,URBANA,AVENIDA,URBANO,NO CORRESPONDE,-12.0404506239818,-76.96425469197622,DESPEJADO,COMERCIAL,TRAMO RECTO,PLANA ,ASFALTADA,,,,,EN PROCESO DE INVESTIGACIÓN,NO CUENTA CON CAUSA ESPECIFICA,18.0,0,47.5,47.5,35.0,60.0,2,1,1,0,1,0,2
A-2022-07-11,2022-07-10,19:00,ATROPELLO FUGA,1,0,0,PUNO,CHUCUITO,ZEPITA,RURAL,CARRETERA,DEPARTAMENTAL,PU-130,-16.41654,-69.053983,DESPEJADO,RURAL,TRAMO RECTO,PLANA ,ASFALTADA,,,,,EN PROCESO DE INVESTIGACIÓN,NO CUENTA CON CAUSA ESPECIFICA,19.0,0,72.0,72.0,72.0,72.0,1,0,1,0,0,0,2
A-2022-07-65,2022-07-10,19:15,CHOQUE,1,1,2,LA LIBERTAD,TRUJILLO,LAREDO,RURAL,CARRETERA,NACIONAL,PE-10A,-8.052487,-78.851766,DESPEJADO,RURAL,TRAMO RECTO,PLANA ,ASFALTADA,,,,,IMPRUDENCIA DEL CONDUCTOR,INVASIÓN DE CARRIL,19.0,0,35.666666666666664,28.0,22.0,57.0,2,2,1,1,1,0,3
A-2022-07-159,2022-07-10,21:30,CHOQUE,1,3,0,PIURA,PIURA,LA UNION,RURAL,CARRETERA,SIN CLASIFICAR,SIN CLASIFICAR,-5.393315,-80.756073,,,,,,,,,,EN PROCESO DE INVESTIGACIÓN,NO CUENTA CON CAUSA ESPECIFICA,21.0,0,24.0,37.0,3.0,40.0,3,0,1,3,0,0,5
A-2022-07-45,2022-07-11,02:30,ATROPELLO FUGA,1,0,1,ICA,PISCO,HUANCANO,URBANA,CARRETERA,NACIONAL,PE-28A,-13.605339615380815,-75.62303332510473,LLUVIOSO,COMERCIAL,CURVA,PLANA ,ASFALTADA,,,,,EN PROCESO DE INVESTIGACIÓN,NO CUENTA CON CAUSA ESPECIFICA,2.0,0,25.0,25.0,25.0,25.0,1,0,1,0,0,0,2
A-2022-07-240,2022-07-11,09:00,ATROPELLO,1,0,0,LORETO,MAYNAS,SAN JUAN BAUTISTA,URBANA,CARRETERA,DEPARTAMENTAL,LO-103,-3.7928245,-73.2992777,DESPEJADO,RURAL,TRAMO RECTO,PLANA ,ASFALTADA,,,,,IMPRUDENCIA DEL CONDUCTOR,EXCESO DE VELOCIDAD,9.0,0,12.0,12.0,1.0,23.0,2,1,1,0,0,0,2
A-2022-07-77,2022-07-11,10:00,CHOQUE,1,0,2,LAMBAYEQUE,LAMBAYEQUE,MORROPE,RURAL,CARRETERA,DEPARTAMENTAL,LA-105,-6.506989,-80.007284,DESPEJADO,RURAL,TRAMO RECTO,PLANA ,ASFALTADA,SI,REGULADORA (R),,NO,EN PROCESO DE INVESTIGACIÓN,NO CUENTA CON CAUSA ESPECIFICA,10.0,0,47.5,47.5,29.0,66.0,2,2,1,0,1,0,2
A-2022-07-119,2022-07-11,11:38,VOLCADURA,1,14,1,CAJAMARCA,CHOTA,LLAMA,RURAL,CARRETERA,NACIONAL,PE-06A,-6.510966,-79.118425,DESPEJADO,RURAL,CURVA,INCLINADA,ASFALTADA,,,,,EN PROCESO DE INVESTIGACIÓN,NO CUENTA CON CAUSA ESPECIFICA,11.0,0,49.1875,48.0,17.0,72.0,6,1,1,14,0,0,16
A-2022-07-66,2022-07-11,16:30,ATROPELLO FUGA,1,0,1,LA LIBERTAD,TRUJILLO,MOCHE,RURAL,CARRETERA,PROVINCIAL,LI-1093,-8.15069,-79.010301,DESPEJADO,RURAL,TRAMO RECTO,PLANA ,ASFALTADA,,,,,IMPRUDENCIA DEL PEATÓN,OTRO (IMPRUDENCIA DEL PEATÓN),16.0,0,65.0,65.0,65.0,65.0,1,0,1,0,0,0,2
A-2022-07-214,2022-07-12,11:40,DESPISTE,1,0,0,APURIMAC,AYMARAES,TINTAY,RURAL,CARRETERA,NACIONAL,PE-30A,-13.951929228837376,-73.14033970459101,,,,,,,,,,EN PROCESO DE INVESTIGACIÓN,NO CUENTA CON CAUSA ESPECIFICA,11.0,0,32.0,32.0,32.0,32.0,1,1,1,0,0,0,1
A-2022-07-189,2022-07-12,12:20,DESPISTE,1,0,0,CAJAMARCA,CUTERVO,SOCOTA,,CARRETERA,NACIONAL,PE-3ND,-6.328728,-78.713119,,,,,,,,,,EN PROCESO DE INVESTIGACIÓN,NO CUENTA CON CAUSA ESPECIFICA,12.0,0,68.0,68.0,68.0,68.0,1,1,1,0,0,0,1
A-2022-07-238,2022-07-12,12:30,ATROPELLO FUGA,1,0,0,CALLAO,CALLAO,CALLAO,URBANA,CALLE,URBANO,NO CORRESPONDE,-12.0216519,-77.1365997195,DESPEJADO,COMERCIAL,TRAMO RECTO,PLANA ,ASFALTADA,SI,REGULADORA (R),,SI,EN PROCESO DE INVESTIGACIÓN,NO CUENTA CON CAUSA ESPECIFICA,12.0,0,65.0,65.0,65.0,65.0,1,0,1,0,0,0,2
A-2022-07-67,2022-07-12,14:30,DESPISTE,2,0,1,LA LIBERTAD,VIRU,GUADALUPITO,RURAL,CARRETERA,NACIONAL,PE-1N,-8.702087,-78.639476,DESPEJADO,RURAL,TRAMO RECTO,PLANA ,ASFALTADA,,,,,IMPRUDENCIA DEL CONDUCTOR,EXCESO DE VELOCIDAD,14.0,1,37.666666666666664,28.0,17.0,68.0,2,1,2,0,1,0,3
A-2022-07-216,2022-07-12,16:00,CHOQUE,1,0,0,CAJAMARCA,CUTERVO,CUTERVO,RURAL,CARRETERA,NACIONAL,PE-3ND,-6.368741,-78.779169,DESPEJADO,RURAL,CURVA,INCLINADA,ASFALTADA,,,,,EN PROCESO DE INVESTIGACIÓN,NO CUENTA CON CAUSA ESPECIFICA,16.0,0,28.0,28.0,10.0,46.0,3,2,1,0,0,0,3
A-2022-07-177,2022-07-12,23:45,ATROPELLO FUGA,1,0,0,LIMA,LIMA,SAN MARTIN DE PORRES,URBANA,AVENIDA,URBANO,NO CORRESPONDE,-12.031977995791785,-77.07501690522398,DESPEJADO,COMERCIAL,TRAMO RECTO,PLANA ,ASFALTADA,,,,,EN PROCESO DE INVESTIGACIÓN,NO CUENTA CON CAUSA ESPECIFICA,23.0,0,77.0,77.0,77.0,77.0,1,0,1,0,0,0,2
A-2022-07-176,2022-07-13,04:15,CHOQUE,1,0,2,LIMA,LIMA,SAN JUAN DE MIRAFLORES,URBANA,AVENIDA,URBANO,NO CORRESPONDE,-12.15640594887478,-76.96668640507136,DESPEJADO,COMERCIAL,TRAMO RECTO,PLANA ,ASFALTADA,,,,,EN PROCESO DE INVESTIGACIÓN,NO CUENTA CON CAUSA ESPECIFICA,4.0,0,47.5,47.5,33.0,62.0,2,2,1,0,2,0,2
A-2022-07-217,2022-07-13,14:30,DESPISTE,1,5,0,CAJAMARCA,CAJAMARCA,ENCAÑADA,URBANA,CARRETERA,SIN CLASIFICAR,SIN CLASIFICAR,-6.82164882,-78.52600642,DESPEJADO,RURAL,TRAMO RECTO,PLANA ,AFIRMADO,,,,,EN PROCESO DE INVESTIGACIÓN,NO CUENTA CON CAUSA ESPECIFICA,14.0,0,33.333333333333336,33.0,4.0,58.0,3,1,1,5,0,0,6