CODIGO_SINIESTRO,FECHA_SINIESTRO,HORA_SINIESTRO,CLASE_SINIESTRO,CANTIDAD_FALLECIDOS,CANTIDAD_LESIONADOS,CANTIDAD_VEHICULOS,DEPARTAMENTO,PROVINCIA,DISTRITO,ZONA,TIPO_VIA,RED_VIAL,COD_CARRETERA,LATITUD,LONGITUD,CONDICION_CLIMATICA,ZONIFICACION,CARACTERISTICAS_VIA,PERFIL_VIA,SUPERFICIE_CALZADA,EXISTE_SENIAL_VERTICAL,CLASIFICACION_SENIAL_VERTICAL_1,CLASIFICACION_SENIAL_VERTICAL_2,EXISTE_SENIAL_HORIZONTAL,CAUSA_FACTOR_PRINCIPAL,CAUSA_ESPECIFICA,HORA,severidad,EDAD_PROMEDIO,EDAD_MEDIANA,EDAD_MIN,EDAD_MAX,TOTAL_MASCULINOS,TOTAL_CONDUCTORES,TOTAL_FALLECIDOS_AGG,TOTAL_LESIONADOS_AGG,TOTAL_LICENCIA,TOTAL_ALCOHOL_POSITIVO,TOTAL_PERSONAS
A-2022-08-253,2022-08-08,06:10,CHOQUE,1,0,2,ICA,CHINCHA,CHINCHA BAJA,RURAL,CARRETERA,NACIONAL,PE-1SE,-13.550856,-76.181042,DESPEJADO,RURAL,TRAMO RECTO,PLANA ,ASFALTADA,,,,,IMPRUDENCIA DEL CONDUCTOR,OTRO (IMPRUDENCIA DEL CONDUCTOR),6.0,0,37.0,37.0,23.0,51.0,2,2,1,0,2,0,2
A-2022-08-167,2022-08-08,08:30,DESPISTE,1,0,1,LIMA,LIMA,ANCON,RURAL,CARRETERA,NACIONAL,PE-1N,-11.729107825290674,-77.16485530147563,DESPEJADO,RURAL,TRAMO RECTO,PLANA ,ASFALTADA,,,,,EN PROCESO DE INVESTIGACIÓN,NO CUENTA CON CAUSA ESPECIFICA,8.0,0,54.5,54.5,30.0,79.0,1,1,1,0,1,0,2
A-2022-08-40,2022-08-08,12:00,ATROPELLO FUGA,1,0,0,CUSCO,PAUCARTAMBO,KOSÑIPATA,RURAL,CARRETERA,NACIONAL,PE-5S,-12.9650199,-71.4373363,SOLEADO,RURAL,TRAMO RECTO,PLANA ,AFIRMADO,,,,,EN PROCESO DE INVESTIGACIÓN,NO CUENTA CON CAUSA ESPECIFICA,12.0,0,78.0,78.0,78.0,78.0,1,0,1,0,0,0,2
A-2022-08-43,2022-08-08,14:40,CHOQUE,4,0,2,CUSCO,QUISPICANCHI,QUIQUIJANA,RURAL,CARRETERA,NACIONAL,PE-3S,-13.838127,-71.536362,DESPEJADO,RURAL,CURVA,PLANA ,ASFALTADA,SI,PREVENTIVA (P),,SI,IMPRUDENCIA DEL CONDUCTOR,INVASIÓN DE CARRIL,14.0,2,32.6,34.0,20.0,48.0,3,2,4,0,1,0,5
A-2022-08-9,2022-08-08,16:30,CAÍDA DE PASAJERO,1,0,0,ICA,ICA,PARCONA,URBANA,CARRETERA,NACIONAL,PE-1SC,-14.053411647010996,-75.70586567905632,DESPEJADO,COMERCIAL,TRAMO RECTO,PLANA ,ASFALTADA,,,,,EN PROCESO DE INVESTIGACIÓN,NO CUENTA CON CAUSA ESPECIFICA,16.0,0,,,,,2,1,1,0,0,0,2
A-2022-08-190,2022-08-08,20:00,CHOQUE,1,3,2,UCAYALI,CORONEL PORTILLO,YARINACOCHA,URBANA,CARRETERA,DEPARTAMENTAL,UC-103,-8.364268,-74.566383,DESPEJADO,COMERCIAL,TRAMO RECTO,INCLINADA,CONCRETO,,,,,EN PROCESO DE INVESTIGACIÓN,NO CUENTA CON CAUSA ESPECIFICA,20.0,0,37.75,37.5,27.0,49.0,2,2,1,3,1,0,4
A-2022-08-172,2022-08-08,21:30,DESPISTE,1,0,0,PIURA,PIURA,PIURA,URBANA,CARRETERA,PROVINCIAL,PI-993,-5.031625,-80.662164,DESPEJADO,RURAL,TRAMO RECTO,PLANA ,ASFALTADA,,,,,EN PROCESO DE INVESTIGACIÓN,NO CUENTA CON CAUSA ESPECIFICA,21.0,0,40.0,40.0,40.0,40.0,1,1,1,0,0,0,1
A-2022-08-246,2022-08-08,23:00,DESPISTE,1,0,1,PIURA,SULLANA,SULLANA,RURAL,CARRETERA,NACIONAL,PE-1NL,-4.920598239780908,-80.63019672290905,DESPEJADO,RURAL,TRAMO RECTO,PLANA ,ASFALTADA,,,,,EN PROCESO DE INVESTIGACIÓN,NO CUENTA CON CAUSA ESPECIFICA,23.0,0,42.0,42.0,42.0,42.0,1,1,1,0,0,0,1
A-2022-08-102,2022-08-09,06:15,ATROPELLO,1,0,0,CALLAO,CALLAO,CALLAO,URBANA,CARRETERA,NACIONAL,PE-20,-11.99537093592066,-77.12587874855186,DESPEJADO,INDUSTRIAL,TRAMO RECTO,PLANA ,ASFALTADA,SI,INFORMATIVA (I),,SI,EN PROCESO DE INVESTIGACIÓN,NO CUENTA CON CAUSA ESPECIFICA,6.0,0,37.0,37.0,35.0,39.0,1,1,1,0,1,0,2
A-2022-08-241,2022-08-09,09:10,CHOQUE,1,1,2,LORETO,MAYNAS,PUNCHANA,URBANA,CALLE,URBANO,NO CORRESPONDE,-3.72768577896552,-73.2484885167629,DESPEJADO,COMERCIAL,INTERSECCIÓN,PLANA ,ASFALTADA,,,,,IMPRUDENCIA DEL CONDUCTOR,INVASIÓN DE CARRIL,9.0,0,25.0,21.0,18.0,36.0,2,2,1,1,1,0,3
A-2022-08-183,2022-08-09,12:10,DESPISTE,1,0,0,APURIMAC,AYMARAES,CHALHUANCA,RURAL,CARRETERA,PROVINCIAL,AP-767,-14.288665464113867,-73.27030864658343,,,,,,,,,,EN PROCESO DE INVESTIGACIÓN,NO CUENTA CON CAUSA ESPECIFICA,12.0,0,30.0,30.0,30.0,30.0,1,1,1,0,0,0,1
A-2022-08-173,2022-08-09,14:30,DESPISTE,1,0,0,PIURA,AYABACA,FRIAS,RURAL,CARRETERA,PROVINCIAL,PI-780,-4.963296190950989,-80.0037082415946,DESPEJADO,RURAL,TRAMO RECTO,PLANA ,AFIRMADO,,,,,EN PROCESO DE INVESTIGACIÓN,NO CUENTA CON CAUSA ESPECIFICA,14.0,0,27.5,27.5,26.0,29.0,2,1,1,0,0,0,2
A-2022-08-195,2022-08-10,05:00,DESPISTE,1,0,1,CAJAMARCA,HUALGAYOC,BAMBAMARCA,RURAL,CARRETERA,DEPARTAMENTAL,CA-107,-6.63463311028729,-78.4898697755679,DESPEJADO,RURAL,CURVA,PLANA ,AFIRMADO,,,,,EN PROCESO DE INVESTIGACIÓN,NO CUENTA CON CAUSA ESPECIFICA,5.0,0,42.5,42.5,42.0,43.0,1,1,1,0,0,0,2
A-2022-08-13,2022-08-10,06:20,DESPISTE,1,1,1,AREQUIPA,AREQUIPA,CERRO COLORADO,URBANA,CARRETERA,DEPARTAMENTAL,AR-123,-16.359972,-71.617691,DESPEJADO,RURAL,TRAMO RECTO,PLANA ,ASFALTADA,SI,REGULADORA (R),,NO,EN PROCESO DE INVESTIGACIÓN,NO CUENTA CON CAUSA ESPECIFICA,6.0,0,27.5,27.5,27.0,28.0,2,1,1,1,0,0,2
A-2022-08-165,2022-08-10,06:45,ATROPELLO,1,0,0,LIMA,LIMA,SAN JUAN DE LURIGANCHO,URBANA,AVENIDA,URBANO,NO CORRESPONDE,-12.014406491609313,-77.0116826373535,DESPEJADO,COMERCIAL,TRAMO RECTO,PLANA ,ASFALTADA,,,,,EN PROCESO DE INVESTIGACIÓN,NO CUENTA CON CAUSA ESPECIFICA,6.0,0,42.5,42.5,41.0,44.0,1,1,1,0,1,0,2
A-2022-08-166,2022-08-10,07:30,CHOQUE,2,0,1,LIMA,LIMA,PUNTA HERMOSA,RURAL,AVENIDA,URBANO,NO CORRESPONDE,-12.330223780830693,-76.81520163341393,DESPEJADO,RURAL,TRAMO RECTO,PLANA ,TROCHA,,,,,IMPRUDENCIA DEL CONDUCTOR,CONDUCIR EN SENTIDO CONTRARIO,7.0,1,32.75,35.5,14.0,46.0,2,2,2,0,1,0,4
A-2022-08-15,2022-08-10,12:00,CHOQUE,1,2,2,AREQUIPA,AREQUIPA,MIRAFLORES,URBANA,CALLE,URBANO,NO CORRESPONDE,-16.3861421,-71.5178437,DESPEJADO,ESCOLAR,TRAMO RECTO,INCLINADA,ASFALTADA,NO,,,SI,EN PROCESO DE INVESTIGACIÓN,NO CUENTA CON CAUSA ESPECIFICA,12.0,0,40.75,36.0,26.0,65.0,4,2,1,2,1,0,4
A-2022-08-28,2022-08-10,15:00,CHOQUE,2,1,2,LA LIBERTAD,VIRU,CHAO,RURAL,CARRETERA,NACIONAL,PE-1N,-8.499772,-78.690465,DESPEJADO,RURAL,TRAMO RECTO,PLANA ,ASFALTADA,,,,,IMPRUDENCIA DEL CONDUCTOR,ADELANTAR INDEBIDAMENTE,15.0,1,53.0,59.0,32.0,62.0,3,2,2,1,2,0,4
A-2022-08-207,2022-08-10,19:20,CHOQUE FUGA,1,0,1,LIMA,HUAURA,SAYAN,RURAL,CARRETERA,PROVINCIAL,LM-665,-11.24199,-77.36301,DESPEJADO,RURAL,TRAMO RECTO,PLANA ,ASFALTADA,,,,,EN PROCESO DE INVESTIGACIÓN,NO CUENTA CON CAUSA ESPECIFICA,19.0,0,14.0,14.0,14.0,14.0,1,1,1,0,0,0,2
A-2022-08-30,2022-08-10,22:30,CHOQUE,2,0,2,LA LIBERTAD,ASCOPE,CHOCOPE,RURAL,CARRETERA,NACIONAL,PE-1N,-7.772321,-79.255668,DESPEJADO,RURAL,CURVA,PLANA ,ASFALTADA,,,,,IMPRUDENCIA DEL CONDUCTOR,ADELANTAR INDEBIDAMENTE,22.0,1,31.0,37.0,19.0,37.0,3,2,2,0,1,0,3
A-2022-08-163,2022-08-11,00:05,ATROPELLO FUGA,1,0,0,LIMA,LIMA,LOS OLIVOS,URBANA,AVENIDA,URBANO,NO CORRESPONDE,-11.99509218082484,-77.07662298020652,DESPEJADO,COMERCIAL,TRAMO RECTO,PLANA ,ASFALTADA,,,,,EN PROCESO DE INVESTIGACIÓN,NO CUENTA CON CAUSA ESPECIFICA,0.0,0,66.0,66.0,66.0,66.0,1,0,1,0,0,0,2
A-2022-08-164,2022-08-11,04:30,CHOQUE,1,1,2,LIMA,LIMA,CHORRILLOS,URBANA,AVENIDA,URBANO,NO CORRESPONDE,-12.1663247522129,-77.02679543852047,DESPEJADO,COMERCIAL,INTERSECCIÓN,PLANA ,ASFALTADA,,,,,EN PROCESO DE INVESTIGACIÓN,NO CUENTA CON CAUSA ESPECIFICA,4.0,0,24.666666666666668,23.0,23.0,28.0,3,2,1,1,0,0,3
A-2022-08-240,2022-08-11,13:30,CHOQUE,1,0,0,JUNIN,CONCEPCION,ORCOTUNA,URBANA,CARRETERA,NACIONAL,PE-3SB,-11.96316459265405,-75.30982355220488,DESPEJADO,RURAL,TRAMO RECTO,PLANA ,ASFALTADA,NO,,,SI,IMPRUDENCIA DEL CONDUCTOR,ADELANTAR INDEBIDAMENTE,13.0,0,17.5,17.5,14.0,21.0,2,2,1,0,1,0,2
A-2022-08-262,2022-08-11,16:00,CHOQUE,1,3,0,MADRE DE DIOS,TAMBOPATA,INAMBARI,URBANA,CARRETERA,NACIONAL,PE-30C,-12.925405,-70.299655,,,,,,,,,,EN PROCESO DE INVESTIGACIÓN,NO CUENTA CON CAUSA ESPECIFICA,16.0,0,36.25,37.0,30.0,41.0,4,2,1,3,0,0,4
A-2022-08-10,2022-08-11,19:00,ATROPELLO,1,1,1,ICA,PISCO,PISCO,URBANA,CARRETERA,NACIONAL,PE-1SG,-13.716623,-76.21358,DESPEJADO,COMERCIAL,TRAMO RECTO,PLANA ,ASFALTADA,,,,,IMPRUDENCIA DEL CONDUCTOR,NO DAR PASO PREFERENTE AL PEATÓN,19.0,0,41.5,41.5,27.0,56.0,2,1,1,1,1,0,2
A-2022-08-196,2022-08-11,19:00,VOLCADURA,1,0,1,CAJAMARCA,CHOTA,CHIMBAN,RURAL,CARRETERA,DEPARTAMENTAL,CA-107,-6.288606,-78.478151,DESPEJADO,RURAL,SINUOSA,PLANA ,AFIRMADO,,,,,EN PROCESO DE INVESTIGACIÓN,NO CUENTA CON CAUSA ESPECIFICA,19.0,0,66.0,66.0,66.0,66.0,1,1,1,0,0,0,1
A-2022-08-115,2022-08-11,21:00,ATROPELLO,1,0,1,LIMA,BARRANCA,PATIVILCA,RURAL,CARRETERA,DEPARTAMENTAL,LM-100,-10.703448102966442,-77.78075153837675,DESPEJADO,RURAL,TRAMO RECTO,PLANA ,ASFALTADA,,,,,EN PROCESO DE INVESTIGACIÓN,NO CUENTA CON CAUSA ESPECIFICA,21.0,0,40.5,40.5,34.0,47.0,2,1,1,0,1,0,2
A-2022-08-31,2022-08-12,00:05,ATROPELLO FUGA,1,0,1,LA LIBERTAD,TRUJILLO,HUANCHACO,RURAL,CARRETERA,NACIONAL,PE-1N,-8.090622,-79.09733,DESPEJADO,RURAL,TRAMO RECTO,PLANA ,ASFALTADA,,,,,EN PROCESO DE INVESTIGACIÓN,NO CUENTA CON CAUSA ESPECIFICA,0.0,0,47.0,47.0,47.0,47.0,1,0,1,0,0,0,2
A-2022-08-237,2022-08-12,02:15,DESPISTE,1,0,1,PIURA,PIURA,PIURA,URBANA,CARRETERA,NACIONAL,PE-1N,-5.1846409851612885,-80.6489166240722,DESPEJADO,RURAL,ÓVALO,PLANA ,ASFALTADA,,,,,EN PROCESO DE INVESTIGACIÓN,NO CUENTA CON CAUSA ESPECIFICA,2.0,0,27.0,27.0,27.0,27.0,1,1,1,0,1,1,1
A-2022-08-22,2022-08-12,19:10,CHOQUE,1,1,1,SAN MARTIN,MOYOBAMBA,HABANA,RURAL,CARRETERA,NACIONAL,PE-08B,-6.0874,-77.085152,DESPEJADO,RURAL,TRAMO RECTO,PLANA ,ASFALTADA,,,,,IMPRUDENCIA DEL CONDUCTOR,OTRO (IMPRUDENCIA DEL CONDUCTOR),19.0,0,39.0,37.0,21.0,59.0,2,2,1,1,1,0,3
A-2022-08-162,2022-08-12,19:20,CHOQUE FUGA,1,0,0,LIMA,LIMA,SAN JUAN DE LURIGANCHO,URBANA,JIRÓN,URBANO,NO CORRESPONDE,-12.022577011727268,-77.00174719298468,DESPEJADO,RESIDENCIAL,INTERSECCIÓN,PLANA ,ASFALTADA,,,,,EN PROCESO DE INVESTIGACIÓN,NO CUENTA CON CAUSA ESPECIFICA,19.0,0,33.0,33.0,33.0,33.0,1,1,1,0,0,0,2
A-2022-08-214,2022-08-13,05:30,CHOQUE,1,0,4,LIMA,HUAURA,HUACHO,RURAL,CARRETERA,NACIONAL,PE-1N,-11.301694152040682,-77.49158262185176,LLUVIOSO,RURAL,TRAMO RECTO,INCLINADA,ASFALTADA,SI,REGULADORA (R),,NO,IMPRUDENCIA DEL CONDUCTOR,EXCESO DE VELOCIDAD,5.0,0,46.8,55.0,18.0,64.0,5,4,1,0,4,0,5
A-2022-08-250,2022-08-13,15:00,DESPISTE,1,3,1,LIMA,HUAURA,CHECRAS,RURAL,CARRETERA,NACIONAL,PE-18,-10.86345689997128,-76.96466261213189,DESPEJADO,RURAL,TRAMO RECTO,INCLINADA,ASFALTADA,SI,REGULADORA (R),PREVENTIVA (P),NO,IMPRUDENCIA DEL CONDUCTOR,EXCESO DE VELOCIDAD,15.0,0,33.25,33.5,18.0,48.0,3,1,1,3,1,0,4
A-2022-08-160,2022-08-13,17:15,ATROPELLO,1,0,0,LIMA,LIMA,SANTA ANITA,URBANA,CARRETERA,DEPARTAMENTAL,LM-117,-12.056117038423952,-76.96797027997064,DESPEJADO,COMERCIAL,INTERSECCIÓN,PLANA ,ASFALTADA,,,,,EN PROCESO DE INVESTIGACIÓN,NO CUENTA CON CAUSA ESPECIFICA,17.0,0,51.0,51.0,30.0,72.0,2,1,1,0,1,0,2
A-2022-08-155,2022-08-13,18:00,CHOQUE,1,3,2,LIMA,LIMA,CARABAYLLO,URBANA,AVENIDA,URBANO,NO CORRESPONDE,-11.845475508105642,-77.00080274155242,DESPEJADO,RESIDENCIAL,TRAMO RECTO,PLANA ,ASFALTADA,,,,,EN PROCESO DE INVESTIGACIÓN,NO CUENTA CON CAUSA ESPECIFICA,18.0,0,41.5,41.0,26.0,58.0,2,2,1,3,2,0,4
A-2022-08-90,2022-08-13,18:30,DESPISTE,1,1,1,APURIMAC,ANDAHUAYLAS,SAN JERONIMO,URBANA,JIRÓN,URBANO,NO CORRESPONDE,-13.652189,-73.357767,DESPEJADO,RURAL,OTRO,INCLINADA,TROCHA,,,,,IMPERICIA DEL CONDUCTOR,,18.0,0,47.0,61.0,19.0,61.0,2,1,1,1,0,0,3
A-2022-08-208,2022-08-13,18:50,ATROPELLO FUGA,1,0,0,LIMA,HUAURA,VEGUETA,URBANA,CARRETERA,NACIONAL,PE-1N,-10.9432,-77.64738,DESPEJADO,COMERCIAL,TRAMO RECTO,PLANA ,ASFALTADA,SI,REGULADORA (R),PREVENTIVA (P),NO,IMPRUDENCIA DEL CONDUCTOR,CONDUCIR EN SENTIDO CONTRARIO,18.0,0,25.0,25.0,25.0,25.0,1,0,1,0,0,0,2
A-2022-08-65,2022-08-13,19:04,CHOQUE,1,0,2,LAMBAYEQUE,LAMBAYEQUE,OLMOS,RURAL,CARRETERA,NACIONAL,PE-1NJ,-5.939578,-79.759518,DESPEJADO,RURAL,TRAMO RECTO,PLANA ,ASFALTADA,,,,,EN PROCESO DE INVESTIGACIÓN,NO CUENTA CON CAUSA ESPECIFICA,19.0,0,35.5,35.5,35.0,36.0,2,2,1,0,0,0,2
A-2022-08-129,2022-08-13,21:10,ATROPELLO,1,0,1,PUNO,SAN ROMAN,SAN MIGUEL,URBANA,CARRETERA,NACIONAL,PE-34H,-15.455654366486025,-70.10072345093727,DESPEJADO,RESIDENCIAL,TRAMO RECTO,PLANA ,ASFALTADA,,,,,IMPERICIA DEL CONDUCTOR,,21.0,0,34.5,34.5,15.0,54.0,1,1,1,0,0,0,2
A-2022-08-138,2022-08-14,01:30,CHOQUE,1,2,0,PIURA,PIURA,VEINTISEIS DE OCTUBRE,URBANA,AVENIDA,URBANO,NO CORRESPONDE,-5.178871,-80.653755,DESPEJADO,INDUSTRIAL,TRAMO RECTO,PLANA ,ASFALTADA,,,,,EN PROCESO DE INVESTIGACIÓN,NO CUENTA CON CAUSA ESPECIFICA,1.0,0,25.333333333333332,25.0,22.0,29.0,2,2,1,2,1,1,3
A-2022-08-12,2022-08-14,04:30,DESPISTE,1,2,1,PUNO,CHUCUITO,JULI,RURAL,CARRETERA,NACIONAL,PE-3S,-16.2509416,-69.3587262,DESPEJADO,RURAL,TRAMO RECTO,PLANA ,ASFALTADA,,,,,IMPRUDENCIA DEL CONDUCTOR,EXCESO DE VELOCIDAD,4.0,0,49.25,48.5,34.0,66.0,2,1,1,2,1,0,4
A-2022-08-161,2022-08-14,05:20,DESPISTE,1,1,2,LIMA,LIMA,CARABAYLLO,URBANA,AVENIDA,URBANO,NO CORRESPONDE,-11.893832816314674,-77.04070556329435,DESPEJADO,RESIDENCIAL,TRAMO RECTO,PLANA ,ASFALTADA,,,,,EN PROCESO DE INVESTIGACIÓN,NO CUENTA CON CAUSA ESPECIFICA,5.0,0,37.666666666666664,46.0,20.0,47.0,4,1,1,1,1,0,4
A-2022-08-158,2022-08-14,05:30,ATROPELLO,1,0,0,LIMA,LIMA,VILLA EL SALVADOR,URBANA,CARRETERA,NACIONAL,PE-1S,-12.24078967457405,-76.94706750505482,DESPEJADO,INDUSTRIAL,TRAMO RECTO,PLANA ,ASFALTADA,,,,,EN PROCESO DE INVESTIGACIÓN,NO CUENTA CON CAUSA ESPECIFICA,5.0,0,24.0,24.0,19.0,29.0,1,1,1,0,1,0,2
A-2022-08-17,2022-08-14,06:00,CHOQUE FUGA,1,0,1,AREQUIPA,AREQUIPA,CERRO COLORADO,URBANA,CALLE,URBANO,NO CORRESPONDE,-16.4009968,-71.5818988,DESPEJADO,INDUSTRIAL,INTERSECCIÓN,INCLINADA,ASFALTADA,,,,,EN PROCESO DE INVESTIGACIÓN,NO CUENTA CON CAUSA ESPECIFICA,6.0,0,43.0,43.0,43.0,43.0,1,1,1,0,0,0,2
A-2022-08-66,2022-08-14,06:00,CHOQUE,1,0,2,LAMBAYEQUE,CHICLAYO,CHICLAYO,URBANA,AVENIDA,URBANO,NO CORRESPONDE,-6.768678,-79.846529,DESPEJADO,RESIDENCIAL,TRAMO RECTO,PLANA ,ASFALTADA,,,,,EN PROCESO DE INVESTIGACIÓN,NO CUENTA CON CAUSA ESPECIFICA,6.0,0,40.0,40.0,39.0,41.0,1,2,1,0,1,0,2
A-2022-08-107,2022-08-14,06:30,CHOQUE CON OBJETO FIJO,1,0,1,HUANUCO,LEONCIO PRADO,JOSE CRESPO Y CASTILLO,URBANA,AVENIDA,URBANO,NO CORRESPONDE,-8.935285156922612,-76.1189889561985,DESPEJADO,COMERCIAL,TRAMO RECTO,PLANA ,AFIRMADO,,,,,IMPRUDENCIA DEL CONDUCTOR,CONDUCIR EN ESTADO DE EBRIEDAD Y/O DROGADICCIÓN,6.0,0,40.0,40.0,40.0,40.0,1,1,1,0,0,0,1
A-2022-08-32,2022-08-14,06:30,DESPISTE,1,1,1,LA LIBERTAD,TRUJILLO,SALAVERRY,URBANA,CALLE,URBANO,NO CORRESPONDE,-8.186819,-78.985537,DESPEJADO,RESIDENCIAL,TRAMO RECTO,PLANA ,ASFALTADA,,,,,EN PROCESO DE INVESTIGACIÓN,NO CUENTA CON CAUSA ESPECIFICA,6.0,0,19.0,19.0,18.0,20.0,2,1,1,1,0,0,2
A-2022-08-11,2022-08-14,07:40,CHOQUE,1,0,2,ICA,ICA,SANTIAGO,RURAL,CARRETERA,NACIONAL,PE-1S,-14.390245,-75.601089,DESPEJADO,RURAL,TRAMO RECTO,PLANA ,ASFALTADA,,,,,IMPRUDENCIA DEL CONDUCTOR,FATIGA Y/O CANSANCIO,7.0,0,30.5,30.5,29.0,32.0,2,2,1,0,2,0,2
A-2022-08-157,2022-08-14,10:30,VOLCADURA,1,0,0,LIMA,LIMA,COMAS,URBANA,AVENIDA,URBANO,NO CORRESPONDE,-11.90580642356984,-77.04292197271546,DESPEJADO,COMERCIAL,TRAMO RECTO,PLANA ,ASFALTADA,,,,,EN PROCESO DE INVESTIGACIÓN,NO CUENTA CON CAUSA ESPECIFICA,10.0,0,,,,,1,0,1,0,0,0,2
A-2022-08-52,2022-08-14,11:00,DESPISTE,1,0,1,CUSCO,QUISPICANCHI,MARCAPATA,RURAL,CARRETERA,NACIONAL,PE-30C,-13.5776715,-70.9256111,DESPEJADO,RURAL,CURVA,PLANA ,ASFALTADA,SI,PREVENTIVA (P),,SI,IMPRUDENCIA DEL CONDUCTOR,EXCESO DE VELOCIDAD,11.0,0,65.0,65.0,65.0,65.0,0,1,1,0,1,0,1
A-2022-08-181,2022-08-14,12:40,CHOQUE,1,0,1,TACNA,TACNA,LA YARADA LOS PALOS,RURAL,CARRETERA,NACIONAL,PE-1SD,-18.149862,-70.443709,SOLEADO,RURAL,TRAMO RECTO,PLANA ,ASFALTADA,,,,,IMPRUDENCIA DEL CONDUCTOR,CONDUCIR EN ESTADO DE EBRIEDAD Y/O DROGADICCIÓN,12.0,0,33.333333333333336,28.0,27.0,45.0,2,2,1,0,1,1,3
A-2022-08-197,2022-08-14,15:10,DESPISTE,1,1,1,CAJAMARCA,CELENDIN,JOSE GALVEZ,RURAL,CARRETERA,NACIONAL,PE-08B,-6.94201167,-78.190175,DESPEJADO,RURAL,CURVA,PLANA ,ASFALTADA,,,,,EN PROCESO DE INVESTIGACIÓN,NO CUENTA CON CAUSA ESPECIFICA,15.0,0,15.333333333333334,18.0,0.0,28.0,3,1,1,1,0,0,3
A-2022-08-271,2022-08-14,17:00,ATROPELLO FUGA,1,0,0,LORETO,MAYNAS,SAN JUAN BAUTISTA,RURAL,CARRETERA,DEPARTAMENTAL,LO-103,-4.04589102816101,-73.4377390171781,DESPEJADO,RURAL,TRAMO RECTO,PLANA ,ASFALTADA,,,,,EN PROCESO DE INVESTIGACIÓN,NO CUENTA CON CAUSA ESPECIFICA,17.0,0,19.0,19.0,19.0,19.0,1,0,1,0,0,0,2
A-2022-08-67,2022-08-14,19:00,DESPISTE,1,0,1,LAMBAYEQUE,CHICLAYO,REQUE,RURAL,CARRETERA,PROVINCIAL,LA-808,-6.840807,-79.790486,DESPEJADO,RURAL,TRAMO RECTO,PLANA ,ASFALTADA,SI,PREVENTIVA (P),,NO,EN PROCESO DE INVESTIGACIÓN,NO CUENTA CON CAUSA ESPECIFICA,19.0,0,39.0,39.0,39.0,39.0,1,1,1,0,0,0,1
A-2022-08-220,2022-08-14,19:30,DESPISTE,1,0,1,PIURA,SECHURA,SECHURA,RURAL,CARRETERA,NACIONAL,PE-1NK,-5.598874,-80.835954,DESPEJADO,RURAL,TRAMO RECTO,PLANA ,ASFALTADA,,,,,EN PROCESO DE INVESTIGACIÓN,NO CUENTA CON CAUSA ESPECIFICA,19.0,0,21.0,21.0,21.0,21.0,1,1,1,0,0,0,1
A-2022-08-188,2022-08-14,21:36,ATROPELLO,1,0,0,HUANUCO,HUANUCO,HUANUCO,URBANA,JIRÓN,URBANO,NO CORRESPONDE,-9.929372,-76.242904,DESPEJADO,COMERCIAL,TRAMO RECTO,PLANA ,ASFALTADA,,,,,IMPRUDENCIA DEL PEATÓN,ESTADO DE EBRIEDAD Y/O DROGADICCIÓN,21.0,0,49.0,49.0,37.0,61.0,2,1,1,0,1,0,2
A-2022-08-159,2022-08-14,22:20,DESPISTE,1,0,0,LIMA,LIMA,VILLA MARIA DEL TRIUNFO,URBANA,AVENIDA,URBANO,NO CORRESPONDE,-12.169855851935914,-76.94984814454078,DESPEJADO,RESIDENCIAL,TRAMO RECTO,PLANA ,ASFALTADA,,,,,EN PROCESO DE INVESTIGACIÓN,NO CUENTA CON CAUSA ESPECIFICA,22.0,0,29.0,29.0,29.0,29.0,1,1,1,0,1,0,1
A-2022-08-156,2022-08-15,00:20,DESPISTE,1,1,0,LIMA,LIMA,MAGDALENA DEL MAR,URBANA,OTRO,URBANO,NO CORRESPONDE,-12.103737753127517,-77.0640075684988,DESPEJADO,COMERCIAL,TRAMO RECTO,PLANA ,ASFALTADA,,,,,EN PROCESO DE INVESTIGACIÓN,NO CUENTA CON CAUSA ESPECIFICA,0.0,0,,,,,1,1,1,1,0,0,2
A-2022-08-33,2022-08-15,05:30,ATROPELLO,1,0,1,LA LIBERTAD,TRUJILLO,LA ESPERANZA,URBANA,AVENIDA,URBANO,NO CORRESPONDE,-8.056401,-79.054344,DESPEJADO,COMERCIAL,TRAMO RECTO,PLANA ,ASFALTADA,,,,,EN PROCESO DE INVESTIGACIÓN,NO CUENTA CON CAUSA ESPECIFICA,5.0,0,30.0,30.0,23.0,37.0,2,1,1,0,1,0,2
A-2022-08-198,2022-08-15,06:30,DESPISTE,1,1,1,CAJAMARCA,CAJABAMBA,SITACOCHA,RURAL,CARRETERA,DEPARTAMENTAL,CA-108,-7.48149378897081,-77.9672352015196,DESPEJADO,RURAL,CURVA,PLANA ,AFIRMADO,,,,,EN PROCESO DE INVESTIGACIÓN,NO CUENTA CON CAUSA ESPECIFICA,6.0,0,31.0,31.0,30.0,32.0,1,1,1,1,0,0,2
A-2022-08-14,2022-08-15,08:05,CHOQUE,1,0,2,PUNO,EL COLLAO,PILCUYO,RURAL,CARRETERA,DEPARTAMENTAL,PU-127,-16.070020894171176,-69.50630305875613,DESPEJADO,RURAL,TRAMO RECTO,PLANA ,ASFALTADA,,,,,IMPRUDENCIA DEL CONDUCTOR,GIRAR IMPRUDENTEMENTE,8.0,0,23.5,23.5,14.0,33.0,2,2,1,0,1,0,2