CODIGO_SINIESTRO,FECHA_SINIESTRO,HORA_SINIESTRO,CLASE_SINIESTRO,CANTIDAD_FALLECIDOS,CANTIDAD_LESIONADOS,CANTIDAD_VEHICULOS,DEPARTAMENTO,PROVINCIA,DISTRITO,ZONA,TIPO_VIA,RED_VIAL,COD_CARRETERA,LATITUD,LONGITUD,CONDICION_CLIMATICA,ZONIFICACION,CARACTERISTICAS_VIA,PERFIL_VIA,SUPERFICIE_CALZADA,EXISTE_SENIAL_VERTICAL,CLASIFICACION_SENIAL_VERTICAL_1,CLASIFICACION_SENIAL_VERTICAL_2,EXISTE_SENIAL_HORIZONTAL,CAUSA_FACTOR_PRINCIPAL,CAUSA_ESPECIFICA,HORA,severidad,EDAD_PROMEDIO,EDAD_MEDIANA,EDAD_MIN,EDAD_MAX,TOTAL_MASCULINOS,TOTAL_CONDUCTORES,TOTAL_FALLECIDOS_AGG,TOTAL_LESIONADOS_AGG,TOTAL_LICENCIA,TOTAL_ALCOHOL_POSITIVO,TOTAL_PERSONAS
A-2022-09-82,2022-09-10,17:56,CHOQUE,5,0,2,CUSCO,PAUCARTAMBO,COLQUEPATA,RURAL,CARRETERA,DEPARTAMENTAL,CU-113,-13.4165393,-71.6327733,DESPEJADO,RURAL,TRAMO RECTO,PLANA ,ASFALTADA,,,,,IMPRUDENCIA DEL CONDUCTOR,FATIGA Y/O CANSANCIO,17.0,2,39.833333333333336,40.0,29.0,55.0,6,2,5,0,1,0,6
A-2022-09-210,2022-09-10,18:00,ATROPELLO,1,1,1,PIURA,MORROPON,SALITRAL,RURAL,CARRETERA,NACIONAL,PE-02A,-5.435089,-79.767511,DESPEJADO,RURAL,TRAMO RECTO,PLANA ,ASFALTADA,,,,,EN PROCESO DE INVESTIGACIÓN,NO CUENTA CON CAUSA ESPECIFICA,18.0,0,43.5,43.5,18.0,69.0,2,1,1,1,0,0,2
A-2022-09-185,2022-09-10,18:45,CHOQUE FUGA,1,0,2,UCAYALI,CORONEL PORTILLO,YARINACOCHA,RURAL,JIRÓN,URBANO,NO CORRESPONDE,-8.353281,-74.583656,DESPEJADO,RURAL,CURVA,INCLINADA,CONCRETO,SI,PREVENTIVA (P),REGULADORA (R),NO,EN PROCESO DE INVESTIGACIÓN,NO CUENTA CON CAUSA ESPECIFICA,18.0,0,48.0,48.0,48.0,48.0,2,2,1,0,1,0,3
A-2022-09-255,2022-09-10,20:30,ATROPELLO,2,0,1,ICA,CHINCHA,EL CARMEN,RURAL,CARRETERA,NACIONAL,PE-1SE,-13.57847387,-76.17195543,DESPEJADO,RURAL,TRAMO RECTO,PLANA ,ASFALTADA,,,,,EN PROCESO DE INVESTIGACIÓN,NO CUENTA CON CAUSA ESPECIFICA,20.0,1,19.0,19.0,17.0,21.0,2,1,2,0,0,0,2
A-2022-09-176,2022-09-11,00:35,CHOQUE CON OBJETO FIJO,1,0,1,CAJAMARCA,CAJABAMBA,CAJABAMBA,URBANA,CARRETERA,NACIONAL,PE-3N,-7.61436643,-78.05144613,DESPEJADO,RESIDENCIAL,TRAMO RECTO,PLANA ,ASFALTADA,,,,,EN PROCESO DE INVESTIGACIÓN,NO CUENTA CON CAUSA ESPECIFICA,0.0,0,22.0,22.0,22.0,22.0,1,1,1,0,0,0,1
A-2022-09-209,2022-09-11,01:30,CAÍDA DE PASAJERO,1,0,0,PIURA,PIURA,PIURA,RURAL,CARRETERA,PROVINCIAL,PI-984,-5.05968220593445,-80.6306377877767,DESPEJADO,RURAL,TRAMO RECTO,PLANA ,ASFALTADA,,,,,EN PROCESO DE INVESTIGACIÓN,NO CUENTA CON CAUSA ESPECIFICA,1.0,0,42.0,42.0,42.0,42.0,1,0,1,0,0,1,2
A-2022-09-258,2022-09-11,05:45,CHOQUE,1,0,2,ICA,CHINCHA,EL CARMEN,RURAL,CARRETERA,NACIONAL,PE-1SE,-13.59524097,-76.1658727273,DESPEJADO,RURAL,TRAMO RECTO,PLANA ,ASFALTADA,,,,,IMPRUDENCIA DEL CONDUCTOR,INVASIÓN DE CARRIL,5.0,0,48.5,48.5,43.0,54.0,2,2,1,0,1,0,2
A-2022-09-41,2022-09-11,06:50,CHOQUE,5,7,2,AREQUIPA,CAYLLOMA,SAN ANTONIO DE CHUCA,RURAL,CARRETERA,NACIONAL,PE-34J,-15.7111933,-71.0532133,DESPEJADO,RURAL,CURVA,PLANA ,ASFALTADA,,,,,EN PROCESO DE INVESTIGACIÓN,NO CUENTA CON CAUSA ESPECIFICA,6.0,2,34.0,32.5,5.0,54.0,7,2,5,7,2,0,12
A-2022-09-240,2022-09-11,09:20,DESPISTE,1,1,1,HUANCAVELICA,HUANCAVELICA,ACORIA,RURAL,CARRETERA,PROVINCIAL,HV-764,-12.615141,-74.706235,SOLEADO,RURAL,TRAMO RECTO,PLANA ,TROCHA,,,,,IMPRUDENCIA DEL CONDUCTOR,FATIGA Y/O CANSANCIO,9.0,0,68.0,68.0,67.0,69.0,1,1,1,1,1,0,2
A-2022-09-241,2022-09-11,15:40,DESPISTE,2,3,1,HUANCAVELICA,CASTROVIRREYNA,SAN JUAN,RURAL,CARRETERA,NACIONAL,PE-26,-13.239866,-75.6172,DESPEJADO,RURAL,TRAMO RECTO,PLANA ,TROCHA,,,,,IMPRUDENCIA DEL CONDUCTOR,FATIGA Y/O CANSANCIO,15.0,1,44.0,38.0,23.0,62.0,3,1,2,3,0,0,5
A-2022-09-165,2022-09-11,19:35,ATROPELLO FUGA,2,0,0,TACNA,TACNA,TACNA,URBANA,AVENIDA,URBANO,NO CORRESPONDE,-18.029989,-70.270627,DESPEJADO,ESCOLAR,TRAMO RECTO,PLANA ,ASFALTADA,,,,,EN PROCESO DE INVESTIGACIÓN,NO CUENTA CON CAUSA ESPECIFICA,19.0,1,54.0,54.0,43.0,65.0,0,0,2,0,0,0,3
A-2022-09-66,2022-09-11,23:34,CHOQUE,1,0,0,CUSCO,CANAS,KUNTURKANKI,RURAL,CARRETERA,NACIONAL,PE-34F,-14.547866,-71.297084,,,,,,,,,,EN PROCESO DE INVESTIGACIÓN,NO CUENTA CON CAUSA ESPECIFICA,23.0,0,35.5,35.5,30.0,41.0,2,2,1,0,2,0,2
A-2022-09-150,2022-09-12,03:40,DESPISTE,1,1,1,LIMA,LIMA,LURIGANCHO,URBANA,CARRETERA,PROVINCIAL,LM-711,-11.955,-76.936241,DESPEJADO,RURAL,CURVA,INCLINADA,TROCHA,,,,,EN PROCESO DE INVESTIGACIÓN,NO CUENTA CON CAUSA ESPECIFICA,3.0,0,59.0,59.0,50.0,68.0,2,1,1,1,1,0,2
A-2022-09-107,2022-09-12,08:45,ATROPELLO,1,0,0,LAMBAYEQUE,CHICLAYO,PIMENTEL,URBANA,CARRETERA,NACIONAL,PE-1N,-6.770169,-79.875999,DESPEJADO,RESIDENCIAL,TRAMO RECTO,PLANA ,ASFALTADA,,,,,EN PROCESO DE INVESTIGACIÓN,NO CUENTA CON CAUSA ESPECIFICA,8.0,0,40.0,40.0,40.0,40.0,1,1,1,0,1,0,2
A-2022-09-53,2022-09-12,11:30,ATROPELLO FUGA,1,0,0,AREQUIPA,AREQUIPA,AREQUIPA,URBANA,CALLE,URBANO,NO CORRESPONDE,-16.406090488618368,-71.52999839264429,DESPEJADO,RESIDENCIAL,TRAMO RECTO,PLANA ,ASFALTADA,NO,,,SI,EN PROCESO DE INVESTIGACIÓN,NO CUENTA CON CAUSA ESPECIFICA,11.0,0,65.0,65.0,59.0,71.0,2,1,1,0,1,0,2
A-2022-09-106,2022-09-12,12:00,ESPECIAL,1,0,0,LAMBAYEQUE,CHICLAYO,SAÑA,RURAL,CARRETERA,PROVINCIAL,LA-817,-6.95035,-79.577458,DESPEJADO,RURAL,TRAMO RECTO,PLANA ,TROCHA,,,,,EN PROCESO DE INVESTIGACIÓN,NO CUENTA CON CAUSA ESPECIFICA,12.0,0,40.0,40.0,28.0,52.0,2,1,1,0,0,0,2
A-2022-09-184,2022-09-12,17:00,CHOQUE,1,0,0,AYACUCHO,HUANTA,SIVIA,URBANA,CARRETERA,NACIONAL,PE-28H,-12.51206576,-73.85891497,DESPEJADO,RURAL,TRAMO RECTO,PLANA ,ASFALTADA,,,,,IMPRUDENCIA DEL CONDUCTOR,OTRO (IMPRUDENCIA DEL CONDUCTOR),17.0,0,24.0,31.0,1.0,40.0,3,2,1,0,2,0,3
A-2022-09-47,2022-09-12,20:20,ATROPELLO,1,0,1,LA LIBERTAD,TRUJILLO,HUANCHACO,RURAL,CARRETERA,NACIONAL,PE-1N,-7.987828,-79.076388,DESPEJADO,INDUSTRIAL,TRAMO RECTO,PLANA ,ASFALTADA,,,,,EN PROCESO DE INVESTIGACIÓN,NO CUENTA CON CAUSA ESPECIFICA,20.0,0,37.0,37.0,37.0,37.0,2,1,1,0,1,0,2
A-2022-09-86,2022-09-13,13:24,CHOQUE,1,0,2,CUSCO,ESPINAR,PALLPATA,RURAL,CARRETERA,NACIONAL,PE-3SG,-14.880277,-71.216049,SOLEADO,RURAL,CURVA,PLANA ,ASFALTADA,,,,,IMPRUDENCIA DEL CONDUCTOR,EXCESO DE VELOCIDAD,13.0,0,41.0,41.0,29.0,53.0,2,2,1,0,0,0,2
A-2022-09-180,2022-09-13,15:10,ATROPELLO,1,0,1,LIMA,LIMA,LIMA,URBANA,AVENIDA,URBANO,NO CORRESPONDE,-12.0354463,-77.0640444,DESPEJADO,COMERCIAL,TRAMO RECTO,PLANA ,ASFALTADA,,,,,IMPRUDENCIA DEL CONDUCTOR,OTRO (IMPRUDENCIA DEL CONDUCTOR),15.0,0,54.5,54.5,26.0,83.0,2,1,1,0,1,0,2
A-2022-09-76,2022-09-13,18:30,CHOQUE,1,2,2,ANCASH,CARHUAZ,TINCO,RURAL,CARRETERA,NACIONAL,PE-3N,-9.272423427454903,-77.65352364408837,DESPEJADO,RURAL,CURVA,INCLINADA,ASFALTADA,,,,,IMPRUDENCIA DEL CONDUCTOR,ADELANTAR INDEBIDAMENTE,18.0,0,31.0,23.5,19.0,58.0,3,2,1,2,0,0,4
A-2022-09-207,2022-09-13,21:40,DESPISTE,1,1,0,LIMA,LIMA,VILLA EL SALVADOR,URBANA,AVENIDA,URBANO,NO CORRESPONDE,-12.210523826851905,-76.9609990769496,DESPEJADO,COMERCIAL,TRAMO RECTO,PLANA ,ASFALTADA,,,,,EN PROCESO DE INVESTIGACIÓN,NO CUENTA CON CAUSA ESPECIFICA,21.0,0,21.5,21.5,21.0,22.0,1,1,1,1,0,0,2
A-2022-09-159,2022-09-14,01:00,DESPISTE,2,1,0,ANCASH,SANTA,MORO,RURAL,CARRETERA,DEPARTAMENTAL,AN-104,-9.10332433757847,-78.06845025203265,DESPEJADO,RURAL,SINUOSA,INCLINADA,TROCHA,,,,,EN PROCESO DE INVESTIGACIÓN,NO CUENTA CON CAUSA ESPECIFICA,1.0,1,52.0,59.0,36.0,61.0,3,1,2,1,1,0,3
A-2022-09-43,2022-09-14,05:38,ATROPELLO,1,0,1,SAN MARTIN,MOYOBAMBA,JEPELACIO,RURAL,CARRETERA,NACIONAL,PE-5N,-6.166125,-76.835254,DESPEJADO,RURAL,TRAMO RECTO,PLANA ,CONCRETO,,,,,IMPRUDENCIA DEL PEATÓN,OTRO (IMPRUDENCIA DEL PEATÓN),5.0,0,55.0,55.0,45.0,65.0,1,1,1,0,1,0,2
A-2022-09-56,2022-09-14,08:00,CHOQUE CON OBJETO FIJO,1,0,0,AREQUIPA,AREQUIPA,LA JOYA,URBANA,OTRO,URBANO,NO CORRESPONDE,-16.430721,-71.831583,DESPEJADO,RURAL,OTRO,INCLINADA,CONCRETO,,,,,EN PROCESO DE INVESTIGACIÓN,NO CUENTA CON CAUSA ESPECIFICA,8.0,0,29.0,29.0,29.0,29.0,1,1,1,0,0,0,1
A-2022-09-146,2022-09-14,12:00,DESPISTE,2,0,1,LIMA,OYON,OYON,RURAL,CARRETERA,NACIONAL,PE-18,-10.688409322162904,-76.73704985468738,DESPEJADO,RURAL,CURVA,INCLINADA,CONCRETO,,,,,IMPERICIA DEL CONDUCTOR,,12.0,1,42.5,42.5,40.0,45.0,1,1,2,0,0,0,2
A-2022-09-78,2022-09-14,17:20,ATROPELLO,1,0,1,CUSCO,ANTA,ANTA,RURAL,CARRETERA,NACIONAL,PE-3S,-13.4853890121181,-72.1671185752288,DESPEJADO,RURAL,TRAMO RECTO,PLANA ,ASFALTADA,NO,,,NO,IMPRUDENCIA DEL CONDUCTOR,EXCESO DE VELOCIDAD,17.0,0,42.0,42.0,36.0,48.0,2,1,1,0,1,0,2
A-2022-09-250,2022-09-14,18:46,DESPISTE,1,0,0,LORETO,MAYNAS,IQUITOS,URBANA,AVENIDA,URBANO,NO CORRESPONDE,-3.75501297744197,-73.2501939514765,DESPEJADO,COMERCIAL,INTERSECCIÓN,PLANA ,ASFALTADA,,,,,IMPRUDENCIA DEL CONDUCTOR,EXCESO DE VELOCIDAD,18.0,0,29.0,29.0,29.0,29.0,1,1,1,0,0,0,1
A-2022-09-48,2022-09-15,00:20,DESPISTE,1,0,1,LA LIBERTAD,TRUJILLO,HUANCHACO,URBANA,CARRETERA,NACIONAL,PE-1N,-8.081512,-79.094993,DESPEJADO,COMERCIAL,TRAMO RECTO,PLANA ,ASFALTADA,,,,,IMPRUDENCIA DEL CONDUCTOR,DESACATO DE SEÑAL DE TRÁNSITO,0.0,0,34.0,34.0,34.0,34.0,1,1,1,0,1,0,1
A-2022-09-105,2022-09-15,19:10,CHOQUE,1,0,2,LAMBAYEQUE,LAMBAYEQUE,MOTUPE,RURAL,CARRETERA,NACIONAL,PE-1NJ,-6.092057,-79.702956,DESPEJADO,RURAL,TRAMO RECTO,PLANA ,ASFALTADA,,,,,EN PROCESO DE INVESTIGACIÓN,NO CUENTA CON CAUSA ESPECIFICA,19.0,0,48.5,48.5,30.0,67.0,2,2,1,0,0,0,2
A-2022-09-179,2022-09-16,03:40,ATROPELLO,1,0,0,CAJAMARCA,JAEN,JAEN,URBANA,CARRETERA,NACIONAL,PE-5N,-5.69136,-78.796985,DESPEJADO,RESIDENCIAL,TRAMO RECTO,PLANA ,ASFALTADA,,,,,EN PROCESO DE INVESTIGACIÓN,NO CUENTA CON CAUSA ESPECIFICA,3.0,0,37.0,37.0,37.0,37.0,1,0,1,0,0,0,2
A-2022-09-62,2022-09-16,10:00,DESPISTE,6,0,1,LA LIBERTAD,PATAZ,PATAZ,RURAL,CARRETERA,SIN CLASIFICAR,SIN CLASIFICAR,-7.741712,-77.61664,DESPEJADO,RURAL,TRAMO RECTO,PLANA ,TROCHA,,,,,INFRAESTRUCTURA Y ENTORNO VIAL,FACTOR AMBIENTAL,10.0,2,30.333333333333332,36.5,3.0,43.0,3,1,6,0,1,0,6
A-2022-09-58,2022-09-16,12:50,CHOQUE,1,0,2,LA LIBERTAD,CHEPEN,CHEPEN,RURAL,CARRETERA,NACIONAL,PE-08,-7.28922,-79.318503,DESPEJADO,RURAL,TRAMO RECTO,PLANA ,ASFALTADA,,,,,IMPRUDENCIA DEL CONDUCTOR,NO ESTABLECER EL DERECHO DE PASO,12.0,0,57.5,57.5,47.0,68.0,2,2,1,0,1,0,2
A-2022-09-61,2022-09-16,19:10,ATROPELLO,1,0,1,CUSCO,URUBAMBA,URUBAMBA,URBANA,CARRETERA,NACIONAL,PE-28B,-13.31146,-72.10569,DESPEJADO,RESIDENCIAL,TRAMO RECTO,PLANA ,ASFALTADA,,,,,IMPRUDENCIA DEL CONDUCTOR,CONDUCIR EN ESTADO DE EBRIEDAD Y/O DROGADICCIÓN,19.0,0,54.0,54.0,30.0,78.0,2,1,1,0,0,1,2
A-2022-09-166,2022-09-16,23:00,CHOQUE,1,0,1,TACNA,TACNA,TACNA,RURAL,CARRETERA,NACIONAL,PE-1S,-18.093488,-70.308857,DESPEJADO,RURAL,TRAMO RECTO,PLANA ,ASFALTADA,,,,,IMPRUDENCIA DEL CONDUCTOR,CONDUCIR EN ESTADO DE EBRIEDAD Y/O DROGADICCIÓN,23.0,0,58.0,58.0,53.0,63.0,2,2,1,0,1,0,2
A-2022-09-89,2022-09-17,01:30,DESPISTE,1,1,1,CUSCO,CHUMBIVILCAS,VELILLE,RURAL,CARRETERA,NACIONAL,PE-3SW,-14.647346650448808,-71.74718137447346,DESPEJADO,RURAL,CURVA,INCLINADA,ASFALTADA,SI,PREVENTIVA (P),PREVENTIVA (P),NO,IMPERICIA DEL CONDUCTOR,,1.0,0,34.666666666666664,45.0,5.0,54.0,1,1,1,1,1,0,3
A-2022-09-181,2022-09-17,03:20,CHOQUE,1,0,1,CALLAO,CALLAO,CALLAO,URBANA,CARRETERA,NACIONAL,PE-20,-11.959308,-77.128291,DESPEJADO,INDUSTRIAL,TRAMO RECTO,PLANA ,ASFALTADA,SI,REGULADORA (R),,SI,IMPRUDENCIA DEL CONDUCTOR,CONDUCIR EN ESTADO DE EBRIEDAD Y/O DROGADICCIÓN,3.0,0,35.0,35.0,35.0,35.0,1,1,1,0,1,0,3
A-2022-09-142,2022-09-17,03:43,ATROPELLO FUGA,1,0,0,PUNO,SAN ROMAN,SAN MIGUEL,URBANA,CARRETERA,NACIONAL,PE-34H,-15.4741577,-70.1138208,DESPEJADO,COMERCIAL,TRAMO RECTO,PLANA ,ASFALTADA,,,,,IMPRUDENCIA DEL CONDUCTOR,EXCESO DE VELOCIDAD,3.0,0,22.0,22.0,22.0,22.0,1,0,1,0,0,0,2
A-2022-09-193,2022-09-17,04:30,CHOQUE,1,0,2,CAJAMARCA,SAN IGNACIO,CHIRINOS,RURAL,CARRETERA,NACIONAL,PE-5N,-5.256299,-78.823819,DESPEJADO,RURAL,CURVA,INCLINADA,ASFALTADA,NO,,,SI,EN PROCESO DE INVESTIGACIÓN,NO CUENTA CON CAUSA ESPECIFICA,4.0,0,34.5,34.5,27.0,42.0,2,2,1,0,0,0,2
A-2022-09-119,2022-09-17,07:00,ATROPELLO FUGA,1,0,0,ANCASH,YUNGAY,YUNGAY,URBANA,CARRETERA,NACIONAL,PE-3N,-9.141556235369022,-77.74627407668684,DESPEJADO,RURAL,TRAMO RECTO,PLANA ,ASFALTADA,,,,,EN PROCESO DE INVESTIGACIÓN,NO CUENTA CON CAUSA ESPECIFICA,7.0,0,39.0,39.0,39.0,39.0,1,0,1,0,0,0,2
A-2022-09-242,2022-09-17,11:30,DESPISTE,2,5,1,HUANCAVELICA,HUAYTARA,PILPICHACA,RURAL,CARRETERA,NACIONAL,PE-28E,-13.324067,-75.007877,DESPEJADO,RURAL,TRAMO RECTO,PLANA ,TROCHA,,,,,IMPRUDENCIA DEL CONDUCTOR,FATIGA Y/O CANSANCIO,11.0,1,36.333333333333336,31.0,29.0,49.0,4,1,2,5,1,0,7
A-2022-09-177,2022-09-17,18:40,CHOQUE,1,2,2,CAJAMARCA,HUALGAYOC,BAMBAMARCA,URBANA,CARRETERA,NACIONAL,PE-3N,-6.65279051917876,-78.5430953793554,DESPEJADO,RESIDENCIAL,TRAMO RECTO,PLANA ,ASFALTADA,,,,,EN PROCESO DE INVESTIGACIÓN,NO CUENTA CON CAUSA ESPECIFICA,18.0,0,30.666666666666668,33.0,20.0,39.0,3,2,1,2,0,0,3
A-2022-09-256,2022-09-17,18:50,ATROPELLO,1,0,0,JUNIN,SATIPO,SATIPO,URBANA,CARRETERA,NACIONAL,PE-24A,-11.2436331,-74.6357376,DESPEJADO,COMERCIAL,INTERSECCIÓN,PLANA ,ASFALTADA,,,,,IMPRUDENCIA DEL PEATÓN,CRUCE INDEBIDO POR LA CALZADA,18.0,0,42.0,42.0,37.0,47.0,2,1,1,0,1,0,2
A-2022-09-167,2022-09-17,21:49,ATROPELLO FUGA,1,0,1,TACNA,TACNA,CORONEL GREGORIO ALBARRACIN LANCHIPA,URBANA,AVENIDA,URBANO,NO CORRESPONDE,-18.047503,-70.256461,DESPEJADO,COMERCIAL,INTERSECCIÓN,PLANA ,ASFALTADA,,,,,EN PROCESO DE INVESTIGACIÓN,NO CUENTA CON CAUSA ESPECIFICA,21.0,0,70.0,70.0,70.0,70.0,1,0,1,0,0,0,2
A-2022-09-64,2022-09-17,22:00,DESPISTE,1,3,1,LA LIBERTAD,OTUZCO,OTUZCO,RURAL,CARRETERA,DEPARTAMENTAL,LI-114,-7.897976195900697,-78.55427114356121,DESPEJADO,RURAL,TRAMO RECTO,PLANA ,ASFALTADA,,,,,EN PROCESO DE INVESTIGACIÓN,NO CUENTA CON CAUSA ESPECIFICA,22.0,0,41.5,38.0,12.0,78.0,2,1,1,3,0,0,4
A-2022-09-75,2022-09-17,23:30,CHOQUE,1,0,2,SAN MARTIN,RIOJA,RIOJA,URBANA,CARRETERA,NACIONAL,PE-5N,-6.053877,-77.163105,DESPEJADO,COMERCIAL,TRAMO RECTO,PLANA ,ASFALTADA,,,,,IMPRUDENCIA DEL CONDUCTOR,OTRO (IMPRUDENCIA DEL CONDUCTOR),23.0,0,35.0,35.0,23.0,47.0,2,2,1,0,1,0,2
A-2022-09-178,2022-09-18,05:00,CAÍDA DE PASAJERO,1,0,1,CAJAMARCA,SAN MARCOS,PEDRO GALVEZ,RURAL,CARRETERA,NACIONAL,PE-3N,-7.29905,-78.198676,DESPEJADO,RURAL,TRAMO RECTO,PLANA ,ASFALTADA,,,,,EN PROCESO DE INVESTIGACIÓN,NO CUENTA CON CAUSA ESPECIFICA,5.0,0,54.0,54.0,54.0,54.0,1,1,1,0,0,0,2
A-2022-09-228,2022-09-18,05:20,CHOQUE,1,0,1,PIURA,SECHURA,VICE,RURAL,CARRETERA,NACIONAL,PE-1NK,-5.469913,-80.82344,DESPEJADO,RURAL,TRAMO RECTO,PLANA ,ASFALTADA,,,,,IMPRUDENCIA DEL CONDUCTOR,CONDUCIR EN ESTADO DE EBRIEDAD Y/O DROGADICCIÓN,5.0,0,33.0,33.0,22.0,44.0,2,2,1,0,1,1,2
A-2022-09-63,2022-09-18,06:20,DESPISTE,1,0,1,HUANUCO,LEONCIO PRADO,CASTILLO GRANDE,URBANA,CARRETERA,PROVINCIAL,HU-556,-9.297458,-76.007617,DESPEJADO,RESIDENCIAL,CURVA,PLANA ,CONCRETO,,,,,EN PROCESO DE INVESTIGACIÓN,NO CUENTA CON CAUSA ESPECIFICA,6.0,0,27.0,27.0,27.0,27.0,1,1,1,0,1,0,1
A-2022-09-55,2022-09-18,06:40,CHOQUE,2,0,2,PUNO,EL COLLAO,PILCUYO,RURAL,CARRETERA,NACIONAL,PE-3S,-16.160358801219843,-69.54606419761319,DESPEJADO,RURAL,TRAMO RECTO,PLANA ,ASFALTADA,,,,,IMPRUDENCIA DEL CONDUCTOR,OTRO (IMPRUDENCIA DEL CONDUCTOR),6.0,1,47.666666666666664,45.0,28.0,70.0,3,2,2,0,2,0,3
A-2022-09-267,2022-09-18,08:00,ATROPELLO,1,0,0,TACNA,TARATA,TARATA,RURAL,CARRETERA,PROVINCIAL,TA-561,-17.284072339226906,-69.71149416272321,DESPEJADO,RURAL,TRAMO RECTO,PLANA ,AFIRMADO,,,,,IMPRUDENCIA DEL PEATÓN,CRUCE INDEBIDO POR LA CALZADA,8.0,0,21.0,21.0,2.0,40.0,2,1,1,0,1,1,2
A-2022-09-87,2022-09-18,09:30,DESPISTE,1,0,1,CUSCO,CANCHIS,MARANGANI,RURAL,CARRETERA,NACIONAL,PE-3S,-14.349923,-71.177755,DESPEJADO,RURAL,CURVA,PLANA ,ASFALTADA,NO,,,NO,IMPRUDENCIA DEL CONDUCTOR,CONDUCIR EN ESTADO DE EBRIEDAD Y/O DROGADICCIÓN,9.0,0,22.0,22.0,22.0,22.0,1,1,1,0,0,0,1
A-2022-09-148,2022-09-18,11:25,VOLCADURA,1,0,1,PUNO,SAN ROMAN,JULIACA,URBANA,AVENIDA,URBANO,NO CORRESPONDE,-15.496434659016922,-70.11551909267008,DESPEJADO,RESIDENCIAL,INTERSECCIÓN,PLANA ,ASFALTADA,,,,,IMPRUDENCIA DEL CONDUCTOR,EXCESO DE VELOCIDAD,11.0,0,23.0,23.0,23.0,23.0,1,1,1,0,0,0,1
A-2022-09-143,2022-09-18,18:40,CHOQUE,1,0,2,PUNO,SAN ANTONIO DE PUTINA,QUILCAPUNCU,RURAL,CARRETERA,NACIONAL,PE-34H,-14.840342,-69.658276,DESPEJADO,RURAL,TRAMO RECTO,PLANA ,ASFALTADA,,,,,IMPRUDENCIA DEL CONDUCTOR,EXCESO DE VELOCIDAD,18.0,0,30.5,30.5,20.0,41.0,2,2,1,0,0,0,2
A-2022-09-147,2022-09-18,18:50,CHOQUE,2,0,3,PUNO,LAMPA,CALAPUJA,RURAL,CARRETERA,NACIONAL,PE-3S,-15.3039903,-70.2346426,DESPEJADO,RURAL,CURVA,PLANA ,ASFALTADA,,,,,IMPRUDENCIA DEL CONDUCTOR,EXCESO DE VELOCIDAD,18.0,1,48.8,61.0,25.0,63.0,3,3,2,0,3,0,5
A-2022-09-206,2022-09-18,18:50,ATROPELLO FUGA,1,0,0,LIMA,LIMA,ATE,URBANA,AVENIDA,URBANO,NO CORRESPONDE,-12.060423,-76.966538,DESPEJADO,RESIDENCIAL,TRAMO RECTO,PLANA ,ASFALTADA,,,,,EN PROCESO DE INVESTIGACIÓN,NO CUENTA CON CAUSA ESPECIFICA,18.0,0,39.0,39.0,39.0,39.0,1,0,1,0,0,0,2
A-2022-09-96,2022-09-18,21:00,CHOQUE,1,0,2,LAMBAYEQUE,CHICLAYO,CAYALTI,RURAL,CARRETERA,NACIONAL,PE-1NI,-6.909578,-79.5756,DESPEJADO,RURAL,TRAMO RECTO,PLANA ,ASFALTADA,,,,,EN PROCESO DE INVESTIGACIÓN,NO CUENTA CON CAUSA ESPECIFICA,21.0,0,24.0,24.0,24.0,24.0,1,1,1,0,0,0,2
A-2022-09-225,2022-09-18,21:30,CHOQUE,1,1,2,HUANUCO,PACHITEA,MOLINO,RURAL,CARRETERA,DEPARTAMENTAL,HU-112,-9.94383691980763,-76.0343116257224,DESPEJADO,RURAL,CURVA,INCLINADA,AFIRMADO,,,,,IMPRUDENCIA DEL CONDUCTOR,EXCESO DE VELOCIDAD,21.0,0,21.0,20.0,18.0,25.0,2,2,1,1,1,0,3
A-2022-09-182,2022-09-19,04:35,ATROPELLO FUGA,1,0,0,CALLAO,CALLAO,CALLAO,URBANA,AVENIDA,URBANO,NO CORRESPONDE,-12.0257457,-77.142149113,DESPEJADO,INDUSTRIAL,TRAMO RECTO,PLANA ,ASFALTADA,NO,,,SI,EN PROCESO DE INVESTIGACIÓN,NO CUENTA CON CAUSA ESPECIFICA,4.0,0,34.0,34.0,34.0,34.0,1,0,1,0,0,0,2
A-2022-09-205,2022-09-19,06:50,CHOQUE,1,0,0,LIMA,LIMA,CARABAYLLO,URBANA,AVENIDA,URBANO,NO CORRESPONDE,-11.838112443364022,-76.99880721250705,DESPEJADO,INDUSTRIAL,TRAMO RECTO,PLANA ,ASFALTADA,,,,,EN PROCESO DE INVESTIGACIÓN,NO CUENTA CON CAUSA ESPECIFICA,6.0,0,35.0,35.0,26.0,44.0,2,2,1,0,1,0,2
A-2022-09-144,2022-09-19,10:00,CHOQUE,2,7,4,PUNO,SAN ROMAN,JULIACA,URBANA,CARRETERA,NACIONAL,PE-34A,-15.5248121,-70.1823854,DESPEJADO,RURAL,TRAMO RECTO,PLANA ,ASFALTADA,,,,,IMPRUDENCIA DEL CONDUCTOR,EXCESO DE VELOCIDAD,10.0,1,35.5,33.5,22.0,56.0,9,4,2,7,3,0,11
A-2022-09-73,2022-09-19,18:00,DESPISTE,3,1,1,LA LIBERTAD,SANTIAGO DE CHUCO,SANTIAGO DE CHUCO,RURAL,CARRETERA,SIN CLASIFICAR,SIN CLASIFICAR,-8.387733,-78.30864,DESPEJADO,RURAL,TRAMO RECTO,PLANA ,AFIRMADO,,,,,IMPRUDENCIA DEL CONDUCTOR,OTRO (IMPRUDENCIA DEL CONDUCTOR),18.0,2,35.0,31.0,24.0,54.0,4,1,3,1,1,0,4