CODIGO_SINIESTRO,FECHA_SINIESTRO,HORA_SINIESTRO,CLASE_SINIESTRO,CANTIDAD_FALLECIDOS,CANTIDAD_LESIONADOS,CANTIDAD_VEHICULOS,DEPARTAMENTO,PROVINCIA,DISTRITO,ZONA,TIPO_VIA,RED_VIAL,COD_CARRETERA,LATITUD,LONGITUD,CONDICION_CLIMATICA,ZONIFICACION,CARACTERISTICAS_VIA,PERFIL_VIA,SUPERFICIE_CALZADA,EXISTE_SENIAL_VERTICAL,CLASIFICACION_SENIAL_VERTICAL_1,CLASIFICACION_SENIAL_VERTICAL_2,EXISTE_SENIAL_HORIZONTAL,CAUSA_FACTOR_PRINCIPAL,CAUSA_ESPECIFICA,HORA,severidad,EDAD_PROMEDIO,EDAD_MEDIANA,EDAD_MIN,EDAD_MAX,TOTAL_MASCULINOS,TOTAL_CONDUCTORES,TOTAL_FALLECIDOS_AGG,TOTAL_LESIONADOS_AGG,TOTAL_LICENCIA,TOTAL_ALCOHOL_POSITIVO,TOTAL_PERSONAS
A-2022-09-124,2022-09-19,19:50,DESPISTE,1,1,1,CUSCO,CUSCO,CUSCO,RURAL,CARRETERA,NACIONAL,PE-3S,-13.5039,-72.03,DESPEJADO,RURAL,CURVA,PLANA ,ASFALTADA,,,,,EN PROCESO DE INVESTIGACIÓN,NO CUENTA CON CAUSA ESPECIFICA,19.0,0,65.0,65.0,60.0,70.0,1,1,1,1,1,0,2
A-2022-09-247,2022-09-19,20:00,CHOQUE,1,0,2,PIURA,PIURA,TAMBO GRANDE,URBANA,CARRETERA,NACIONAL,PE-1NU,-4.930085923710307,-80.34309258528504,DESPEJADO,RURAL,INTERSECCIÓN,PLANA ,ASFALTADA,SI,REGULADORA (R),,NO,EN PROCESO DE INVESTIGACIÓN,NO CUENTA CON CAUSA ESPECIFICA,20.0,0,27.5,27.5,22.0,33.0,2,2,1,0,1,0,2
A-2022-09-218,2022-09-19,20:40,VOLCADURA,1,0,0,CAJAMARCA,CELENDIN,CELENDIN,URBANA,JIRÓN,URBANO,NO CORRESPONDE,-6.8650818,-78.1441646,DESPEJADO,RESIDENCIAL,TRAMO RECTO,PLANA ,CONCRETO,SI,REGULADORA (R),,SI,EN PROCESO DE INVESTIGACIÓN,NO CUENTA CON CAUSA ESPECIFICA,20.0,0,18.0,18.0,18.0,18.0,1,1,1,0,0,0,2
A-2022-09-239,2022-09-19,21:30,ATROPELLO FUGA,1,0,0,JUNIN,HUANCAYO,HUAYUCACHI,URBANA,JIRÓN,URBANO,NO CORRESPONDE,-12.134915250942027,-75.22172819227636,DESPEJADO,RURAL,TRAMO RECTO,PLANA ,ASFALTADA,,,,,IMPRUDENCIA DEL CONDUCTOR,OTRO (IMPRUDENCIA DEL CONDUCTOR),21.0,0,50.0,50.0,50.0,50.0,1,0,1,0,0,0,2
A-2022-09-257,2022-09-20,00:02,DESPISTE,1,1,0,PASCO,OXAPAMPA,VILLA RICA,RURAL,CARRETERA,NACIONAL,PE-5N,-10.743858820997618,-75.28328704496644,DESPEJADO,RURAL,CURVA,INCLINADA,TROCHA,,,,,IMPRUDENCIA DEL CONDUCTOR,FATIGA Y/O CANSANCIO,0.0,0,42.0,42.0,38.0,46.0,1,1,1,1,1,0,2
A-2022-09-161,2022-09-20,05:20,CHOQUE FUGA,1,0,0,ANCASH,SANTA,SANTA,RURAL,CARRETERA,NACIONAL,PE-1N,-8.971967,-78.619423,DESPEJADO,RURAL,TRAMO RECTO,PLANA ,ASFALTADA,,,,,EN PROCESO DE INVESTIGACIÓN,NO CUENTA CON CAUSA ESPECIFICA,5.0,0,63.0,63.0,63.0,63.0,1,1,1,0,0,0,2
A-2022-09-160,2022-09-20,06:00,CHOQUE,1,1,0,ANCASH,HUARAZ,PIRA,RURAL,CARRETERA,NACIONAL,PE-14,-9.557842959279954,-77.71577080634562,DESPEJADO,RURAL,SINUOSA,INCLINADA,ASFALTADA,,,,,EN PROCESO DE INVESTIGACIÓN,NO CUENTA CON CAUSA ESPECIFICA,6.0,0,36.0,29.0,26.0,53.0,3,3,1,1,1,0,3
A-2022-09-74,2022-09-20,09:00,DESPISTE,1,0,1,LA LIBERTAD,OTUZCO,USQUIL,RURAL,CARRETERA,DEPARTAMENTAL,LI-111,-7.796801,-78.379682,DESPEJADO,RURAL,CURVA,PLANA ,AFIRMADO,,,,,IMPRUDENCIA DEL CONDUCTOR,OTRO (IMPRUDENCIA DEL CONDUCTOR),9.0,0,44.0,44.0,44.0,44.0,1,1,1,0,0,0,1
A-2022-09-208,2022-09-20,11:30,ATROPELLO,1,0,0,LIMA,LIMA,PACHACAMAC,URBANA,CARRETERA,PROVINCIAL,LM-796,-12.142874495771924,-76.87138038467987,DESPEJADO,ESCOLAR,TRAMO RECTO,PLANA ,ASFALTADA,,,,,EN PROCESO DE INVESTIGACIÓN,NO CUENTA CON CAUSA ESPECIFICA,11.0,0,71.0,71.0,68.0,74.0,1,1,1,0,1,0,2
A-2022-09-204,2022-09-20,12:10,CHOQUE,1,3,0,LIMA,LIMA,INDEPENDENCIA,URBANA,AVENIDA,URBANO,NO CORRESPONDE,-11.96756513628016,-77.03924948691724,DESPEJADO,ESCOLAR,TRAMO RECTO,PLANA ,ASFALTADA,,,,,EN PROCESO DE INVESTIGACIÓN,NO CUENTA CON CAUSA ESPECIFICA,12.0,0,37.4,32.0,30.0,54.0,3,2,1,3,1,0,5
A-2022-09-261,2022-09-20,15:00,CHOQUE,1,0,0,MADRE DE DIOS,TAMBOPATA,TAMBOPATA,URBANA,AVENIDA,URBANO,NO CORRESPONDE,-12.587775,-69.19433,,,,,,,,,,EN PROCESO DE INVESTIGACIÓN,NO CUENTA CON CAUSA ESPECIFICA,15.0,0,65.0,65.0,59.0,71.0,2,2,1,0,0,0,2
A-2022-09-137,2022-09-20,15:40,ATROPELLO,1,0,1,CUSCO,QUISPICANCHI,CAMANTI,RURAL,CARRETERA,NACIONAL,PE-30C,-13.18870558,-70.56733807,SOLEADO,RURAL,PUENTE,INCLINADA,ASFALTADA,SI,PREVENTIVA (P),PREVENTIVA (P),NO,IMPRUDENCIA DEL CONDUCTOR,EXCESO DE VELOCIDAD,15.0,0,46.0,46.0,40.0,52.0,2,1,1,0,1,0,2
A-2022-09-188,2022-09-21,13:30,VOLCADURA,1,2,1,CAJAMARCA,CAJAMARCA,LOS BAÑOS DEL INCA,RURAL,CARRETERA,NACIONAL,PE-08B,-7.14746,-78.410655,DESPEJADO,RURAL,CURVA,PLANA ,ASFALTADA,,,,,EN PROCESO DE INVESTIGACIÓN,NO CUENTA CON CAUSA ESPECIFICA,13.0,0,59.333333333333336,52.0,50.0,76.0,1,1,1,2,0,0,3
A-2022-09-203,2022-09-21,20:00,ATROPELLO,1,0,0,LIMA,LIMA,ATE,URBANA,JIRÓN,URBANO,NO CORRESPONDE,-12.059811331753638,-76.995577766236,DESPEJADO,COMERCIAL,INTERSECCIÓN,PLANA ,ASFALTADA,,,,,EN PROCESO DE INVESTIGACIÓN,NO CUENTA CON CAUSA ESPECIFICA,20.0,0,65.5,65.5,45.0,86.0,2,1,1,0,1,0,2
A-2022-09-202,2022-09-21,22:30,CHOQUE,1,0,0,LIMA,LIMA,LINCE,URBANA,AVENIDA,URBANO,NO CORRESPONDE,-12.085903792138437,-77.03538711893427,DESPEJADO,COMERCIAL,INTERSECCIÓN,PLANA ,ASFALTADA,,,,,EN PROCESO DE INVESTIGACIÓN,NO CUENTA CON CAUSA ESPECIFICA,22.0,0,37.0,37.0,32.0,42.0,2,2,1,0,2,0,2
A-2022-09-223,2022-09-22,01:40,DESPISTE,1,0,0,PIURA,PIURA,PIURA,URBANA,AVENIDA,URBANO,NO CORRESPONDE,-5.178591,-80.644672,DESPEJADO,RURAL,TRAMO RECTO,PLANA ,ASFALTADA,,,,,EN PROCESO DE INVESTIGACIÓN,NO CUENTA CON CAUSA ESPECIFICA,1.0,0,33.0,33.0,33.0,33.0,1,1,1,0,0,1,1
A-2022-09-109,2022-09-22,01:45,DESPISTE,1,0,0,LAMBAYEQUE,CHICLAYO,PICSI,URBANA,CARRETERA,DEPARTAMENTAL,LA-111,-6.714112,-79.771723,DESPEJADO,RESIDENCIAL,TRAMO RECTO,PLANA ,ASFALTADA,,,,,EN PROCESO DE INVESTIGACIÓN,NO CUENTA CON CAUSA ESPECIFICA,1.0,0,41.0,41.0,41.0,41.0,1,1,1,0,1,0,1
A-2022-09-145,2022-09-22,03:40,CHOQUE,1,0,2,PUNO,AZANGARO,ARAPA,RURAL,CARRETERA,DEPARTAMENTAL,PU-113,-15.1471139689651,-70.11956861573015,DESPEJADO,RURAL,TRAMO RECTO,PLANA ,ASFALTADA,,,,,IMPRUDENCIA DEL CONDUCTOR,INVASIÓN DE CARRIL,3.0,0,44.5,44.5,29.0,60.0,2,2,1,0,2,0,2
A-2022-09-259,2022-09-22,08:00,CHOQUE,1,3,0,JUNIN,CHANCHAMAYO,CHANCHAMAYO,RURAL,CARRETERA,NACIONAL,PE-22B,-11.009900151796131,-75.3148358568203,DESPEJADO,RURAL,TRAMO RECTO,PLANA ,ASFALTADA,,,,,IMPRUDENCIA DEL CONDUCTOR,EXCESO DE VELOCIDAD,8.0,0,19.6,23.0,1.0,44.0,4,2,1,3,1,0,5
A-2022-09-130,2022-09-22,20:50,CHOQUE,1,1,2,LA LIBERTAD,PACASMAYO,SAN PEDRO DE LLOC,RURAL,CARRETERA,NACIONAL,PE-1N,-7.452841,-79.491639,DESPEJADO,RURAL,TRAMO RECTO,PLANA ,ASFALTADA,,,,,IMPRUDENCIA DEL CONDUCTOR,OTRO (IMPRUDENCIA DEL CONDUCTOR),20.0,0,41.666666666666664,41.0,25.0,59.0,3,2,1,1,2,0,3
A-2022-09-81,2022-09-22,23:00,CAÍDA DE PASAJERO,1,0,0,PUNO,CHUCUITO,POMATA,RURAL,CARRETERA,NACIONAL,PE-3S,-16.3188653,-69.2619712,DESPEJADO,RURAL,TRAMO RECTO,PLANA ,ASFALTADA,,,,,NEGLIGENCIA DEL CONDUCTOR,OTRO (NEGLIGENCIA DEL CONDUCTOR),23.0,0,38.0,38.0,35.0,41.0,1,1,1,0,0,0,2
A-2022-09-213,2022-09-23,06:00,VOLCADURA,1,0,0,CAJAMARCA,JAEN,BELLAVISTA,URBANA,CARRETERA,NACIONAL,PE-02B,-5.4699993,-78.8695289,DESPEJADO,RESIDENCIAL,TRAMO RECTO,INCLINADA,ASFALTADA,,,,,EN PROCESO DE INVESTIGACIÓN,NO CUENTA CON CAUSA ESPECIFICA,6.0,0,41.0,41.0,41.0,41.0,1,1,1,0,0,0,1
A-2022-09-133,2022-09-23,08:00,CHOQUE,1,0,2,LA LIBERTAD,SANTIAGO DE CHUCO,QUIRUVILCA,RURAL,CARRETERA,NACIONAL,PE-3N,-7.99038,-78.289765,DESPEJADO,RURAL,TRAMO RECTO,PLANA ,ASFALTADA,,,,,EN PROCESO DE INVESTIGACIÓN,NO CUENTA CON CAUSA ESPECIFICA,8.0,0,35.5,35.5,22.0,49.0,1,2,1,0,2,0,2
A-2022-09-95,2022-09-23,09:15,CHOQUE,1,1,2,AREQUIPA,AREQUIPA,YURA,RURAL,CARRETERA,NACIONAL,PE-34A,-16.0749634,-71.3894822,DESPEJADO,RURAL,CURVA,INCLINADA,ASFALTADA,NO,,,SI,EN PROCESO DE INVESTIGACIÓN,NO CUENTA CON CAUSA ESPECIFICA,9.0,0,37.0,36.0,34.0,41.0,3,2,1,1,2,0,3
A-2022-09-201,2022-09-23,20:10,CHOQUE,2,0,0,LIMA,CAÑETE,SAN VICENTE DE CAÑETE,RURAL,CARRETERA,NACIONAL,PE-1S,-13.115001207152378,-76.40609300723047,DESPEJADO,RURAL,TRAMO RECTO,PLANA ,ASFALTADA,,,,,EN PROCESO DE INVESTIGACIÓN,NO CUENTA CON CAUSA ESPECIFICA,20.0,1,49.0,52.0,29.0,66.0,2,2,2,0,2,0,3
A-2022-09-93,2022-09-23,21:30,CHOQUE,1,5,4,AREQUIPA,AREQUIPA,LA JOYA,URBANA,CARRETERA,NACIONAL,PE-1S,-16.516848,-71.801721,DESPEJADO,RURAL,INTERSECCIÓN,PLANA ,ASFALTADA,NO,,,SI,EN PROCESO DE INVESTIGACIÓN,NO CUENTA CON CAUSA ESPECIFICA,21.0,0,38.22222222222222,38.0,25.0,51.0,9,4,1,5,4,0,9
A-2022-09-229,2022-09-24,00:00,ATROPELLO,1,2,1,PIURA,PIURA,VEINTISEIS DE OCTUBRE,URBANA,CARRETERA,NACIONAL,PE-1N,-5.176789842275441,-80.67205087888206,DESPEJADO,COMERCIAL,TRAMO RECTO,PLANA ,ASFALTADA,,,,,IMPRUDENCIA DEL CONDUCTOR,ADELANTAR INDEBIDAMENTE,0.0,0,29.0,20.0,17.0,50.0,2,1,1,2,0,1,3
A-2022-09-101,2022-09-24,10:30,DESPISTE,1,0,1,ICA,ICA,ICA,URBANA,CARRETERA,NACIONAL,PE-1S,-14.080545190958231,-75.7364876418671,SOLEADO,COMERCIAL,CURVA,PLANA ,ASFALTADA,,,,,EN PROCESO DE INVESTIGACIÓN,NO CUENTA CON CAUSA ESPECIFICA,10.0,0,23.5,23.5,5.0,42.0,1,1,1,0,1,0,2
A-2022-09-238,2022-09-24,11:30,ATROPELLO,1,0,0,JUNIN,HUANCAYO,CHILCA,URBANA,PASAJE,URBANO,NO CORRESPONDE,-12.08098112961666,-75.19010455229498,DESPEJADO,COMERCIAL,PASE A DESNIVEL,INCLINADA,TROCHA,,,,,EN PROCESO DE INVESTIGACIÓN,NO CUENTA CON CAUSA ESPECIFICA,11.0,0,14.5,14.5,1.0,28.0,1,1,1,0,1,0,2
A-2022-09-230,2022-09-24,16:30,DESPISTE,2,1,1,JUNIN,YAULI,LA OROYA,RURAL,CARRETERA,NACIONAL,PE-3S,-11.542940888342654,-75.88567921078274,DESPEJADO,RURAL,CURVA,PLANA ,ASFALTADA,NO,,,SI,IMPRUDENCIA DEL CONDUCTOR,OTRO (IMPRUDENCIA DEL CONDUCTOR),16.0,1,39.5,40.5,27.0,50.0,4,1,2,1,1,0,4
A-2022-09-110,2022-09-24,16:50,DESPISTE,5,34,1,CAJAMARCA,CHOTA,LLAMA,RURAL,CARRETERA,NACIONAL,PE-06A,-6.6197644,-79.2930539,DESPEJADO,RURAL,CURVA,PLANA ,ASFALTADA,,,,,EN PROCESO DE INVESTIGACIÓN,NO CUENTA CON CAUSA ESPECIFICA,16.0,2,39.78378378378378,33.0,1.0,90.0,23,0,5,34,1,0,40
A-2022-09-102,2022-09-24,19:20,CHOQUE,1,0,2,LAMBAYEQUE,FERREÑAFE,PITIPO,RURAL,CARRETERA,DEPARTAMENTAL,LA-103,-6.479146,-79.685124,DESPEJADO,RURAL,TRAMO RECTO,PLANA ,ASFALTADA,,,,,EN PROCESO DE INVESTIGACIÓN,NO CUENTA CON CAUSA ESPECIFICA,19.0,0,25.0,25.0,17.0,33.0,2,2,1,0,1,0,2
A-2022-09-85,2022-09-24,19:20,CHOQUE,1,1,2,PUNO,EL COLLAO,ILAVE,RURAL,CARRETERA,NACIONAL,PE-3S,-16.1,-69.614,DESPEJADO,RURAL,TRAMO RECTO,PLANA ,ASFALTADA,,,,,IMPRUDENCIA DEL CONDUCTOR,INVASIÓN DE CARRIL,19.0,0,44.0,44.0,34.0,54.0,3,2,1,1,1,0,3
A-2022-09-226,2022-09-24,21:30,DESPISTE,3,0,0,HUANUCO,HUANUCO,CHURUBAMBA,RURAL,CARRETERA,PROVINCIAL,HU-780,-9.759239069455564,-76.21615077111132,DESPEJADO,RURAL,CURVA,INCLINADA,AFIRMADO,,,,,IMPRUDENCIA DEL CONDUCTOR,EXCESO DE VELOCIDAD,21.0,2,22.0,22.0,17.0,27.0,2,1,3,0,1,0,3
A-2022-09-263,2022-09-24,22:30,VOLCADURA,1,0,0,JUNIN,SATIPO,RIO NEGRO,RURAL,CARRETERA,SIN CLASIFICAR,SIN CLASIFICAR,-11.20771760395443,-74.65547376935845,LLUVIOSO,RURAL,TRAMO RECTO,PLANA ,TROCHA,,,,,IMPRUDENCIA DEL CONDUCTOR,OTRO (IMPRUDENCIA DEL CONDUCTOR),22.0,0,,,,,2,1,1,0,0,0,2
A-2022-09-211,2022-09-24,23:30,CHOQUE FUGA,1,0,0,PIURA,PIURA,CATACAOS,RURAL,CARRETERA,NACIONAL,PE-1N,-5.235008,-80.643725,,,,,,,,,,EN PROCESO DE INVESTIGACIÓN,NO CUENTA CON CAUSA ESPECIFICA,23.0,0,31.0,31.0,31.0,31.0,1,1,1,0,0,0,1
A-2022-09-200,2022-09-24,23:40,ATROPELLO,1,0,0,LIMA,LIMA,SAN JUAN DE MIRAFLORES,URBANA,CARRETERA,NACIONAL,PE-1S,-12.161989629466984,-76.98187166679622,DESPEJADO,COMERCIAL,TRAMO RECTO,PLANA ,CONCRETO,,,,,EN PROCESO DE INVESTIGACIÓN,NO CUENTA CON CAUSA ESPECIFICA,23.0,0,53.0,53.0,53.0,53.0,2,1,1,0,1,0,2
A-2022-09-103,2022-09-25,00:00,DESPISTE,1,0,1,ICA,ICA,SUBTANJALLA,URBANA,CARRETERA,NACIONAL,PE-1S,-14.007825733795688,-75.76587204272653,DESPEJADO,COMERCIAL,TRAMO RECTO,PLANA ,ASFALTADA,,,,,EN PROCESO DE INVESTIGACIÓN,NO CUENTA CON CAUSA ESPECIFICA,0.0,0,33.0,33.0,33.0,33.0,1,1,1,0,0,1,1
A-2022-09-198,2022-09-25,00:00,ATROPELLO,1,0,0,LIMA,LIMA,LURIGANCHO,RURAL,CARRETERA,NACIONAL,PE-22,-12.02054195933565,-76.92034182449075,DESPEJADO,INDUSTRIAL,CURVA,PLANA ,ASFALTADA,,,,,EN PROCESO DE INVESTIGACIÓN,NO CUENTA CON CAUSA ESPECIFICA,0.0,0,45.5,45.5,45.0,46.0,2,1,1,0,1,0,2
A-2022-09-97,2022-09-25,03:07,ATROPELLO,1,0,1,AREQUIPA,AREQUIPA,CERRO COLORADO,URBANA,CARRETERA,NACIONAL,PE-34A,-16.340941,-71.587464,DESPEJADO,RESIDENCIAL,INTERSECCIÓN,PLANA ,ASFALTADA,NO,,,SI,EN PROCESO DE INVESTIGACIÓN,NO CUENTA CON CAUSA ESPECIFICA,3.0,0,43.5,43.5,25.0,62.0,2,1,1,0,1,0,2
A-2022-09-104,2022-09-25,03:10,ATROPELLO FUGA,1,0,1,LAMBAYEQUE,LAMBAYEQUE,MOTUPE,URBANA,CARRETERA,NACIONAL,PE-1NJ,-6.264661,-79.734632,DESPEJADO,RURAL,TRAMO RECTO,PLANA ,ASFALTADA,,,,,EN PROCESO DE INVESTIGACIÓN,NO CUENTA CON CAUSA ESPECIFICA,3.0,0,32.5,32.5,29.0,36.0,2,0,1,0,1,1,2
A-2022-09-134,2022-09-25,05:20,ATROPELLO FUGA,1,0,1,LA LIBERTAD,VIRU,VIRU,RURAL,CARRETERA,NACIONAL,PE-1N,-8.439653,-78.756004,DESPEJADO,RURAL,TRAMO RECTO,PLANA ,ASFALTADA,,,,,EN PROCESO DE INVESTIGACIÓN,NO CUENTA CON CAUSA ESPECIFICA,5.0,0,,,,,1,0,1,0,0,0,2
A-2022-09-183,2022-09-25,07:30,DESPISTE,4,1,0,AYACUCHO,HUANTA,CHACA,RURAL,CARRETERA,DEPARTAMENTAL,AY-100,-12.801767339137706,-74.24660320779432,DESPEJADO,RURAL,SINUOSA,INCLINADA,TROCHA,,,,,IMPRUDENCIA DEL CONDUCTOR,FATIGA Y/O CANSANCIO,7.0,2,25.6,37.0,5.0,40.0,2,1,4,1,1,0,5
A-2022-09-236,2022-09-25,07:30,CHOQUE,4,1,2,CUSCO,ESPINAR,OCORURO,RURAL,CARRETERA,NACIONAL,PE-34J,-15.134830209200096,-71.11232130724382,DESPEJADO,RURAL,CURVA,INCLINADA,ASFALTADA,SI,PREVENTIVA (P),,SI,IMPRUDENCIA DEL CONDUCTOR,INVASIÓN DE CARRIL,7.0,2,38.0,38.0,28.0,48.0,2,2,4,1,2,0,6
A-2022-09-189,2022-09-25,08:30,DESPISTE,5,11,1,CAJAMARCA,CAJAMARCA,JESUS,RURAL,CARRETERA,PROVINCIAL,CA-1482,-7.297293,-78.332581,DESPEJADO,RURAL,CURVA,INCLINADA,AFIRMADO,,,,,EN PROCESO DE INVESTIGACIÓN,NO CUENTA CON CAUSA ESPECIFICA,8.0,2,25.5625,27.0,0.0,48.0,8,1,5,11,0,0,16
A-2022-09-120,2022-09-25,10:40,DESPISTE,4,0,1,ANCASH,SIHUAS,QUICHES,RURAL,OTRO,URBANO,NO CORRESPONDE,-8.395739861175327,-77.49095499538745,NUBLADO,RURAL,CURVA,INCLINADA,TROCHA,,,,,IMPRUDENCIA DEL CONDUCTOR,CONDUCIR EN ESTADO DE EBRIEDAD Y/O DROGADICCIÓN,10.0,2,28.5,28.5,22.0,35.0,4,1,4,0,1,0,4
A-2022-09-233,2022-09-25,18:25,CHOQUE,1,1,0,LORETO,MAYNAS,SAN JUAN BAUTISTA,URBANA,CALLE,URBANO,NO CORRESPONDE,-3.78787421518962,-73.2990271409315,DESPEJADO,RURAL,TRAMO RECTO,PLANA ,ASFALTADA,,,,,IMPRUDENCIA DEL CONDUCTOR,INVASIÓN DE CARRIL,18.0,0,48.0,48.0,29.0,67.0,2,2,1,1,0,0,2
A-2022-09-135,2022-09-25,20:00,CHOQUE,1,0,2,LA LIBERTAD,CHEPEN,CHEPEN,RURAL,CARRETERA,NACIONAL,PE-1N,-7.225261,-79.441864,DESPEJADO,RURAL,TRAMO RECTO,PLANA ,ASFALTADA,,,,,EN PROCESO DE INVESTIGACIÓN,NO CUENTA CON CAUSA ESPECIFICA,20.0,0,35.0,35.0,28.0,42.0,2,2,1,0,1,0,2
A-2022-09-199,2022-09-25,20:30,ATROPELLO,1,0,0,LIMA,LIMA,CARABAYLLO,URBANA,AVENIDA,URBANO,NO CORRESPONDE,-11.890279917189588,-77.02667528780582,DESPEJADO,COMERCIAL,TRAMO RECTO,PLANA ,ASFALTADA,,,,,EN PROCESO DE INVESTIGACIÓN,NO CUENTA CON CAUSA ESPECIFICA,20.0,0,69.0,69.0,69.0,69.0,2,1,1,0,1,1,2
A-2022-09-149,2022-09-25,21:00,ATROPELLO,1,0,1,PUNO,AZANGARO,SAMAN,RURAL,CARRETERA,NACIONAL,PE-34H,-15.2986737,-70.0041685,DESPEJADO,RURAL,CURVA,PLANA ,ASFALTADA,,,,,IMPRUDENCIA DEL PEATÓN,CRUCE INDEBIDO POR LA CALZADA,21.0,0,29.0,29.0,23.0,35.0,2,1,1,0,1,0,2
A-2022-09-197,2022-09-25,23:20,ATROPELLO FUGA,1,0,0,LIMA,LIMA,SAN MARTIN DE PORRES,URBANA,CARRETERA,NACIONAL,PE-1N,-12.03096,-77.056493,DESPEJADO,COMERCIAL,TRAMO RECTO,PLANA ,ASFALTADA,,,,,EN PROCESO DE INVESTIGACIÓN,NO CUENTA CON CAUSA ESPECIFICA,23.0,0,,,,,1,0,1,0,0,0,2
A-2022-09-123,2022-09-25,23:30,ATROPELLO FUGA,1,0,0,CUSCO,ANTA,ANCAHUASI,RURAL,CARRETERA,NACIONAL,PE-3S,-13.443094,-72.3258691,DESPEJADO,RURAL,TRAMO RECTO,PLANA ,ASFALTADA,NO,,,NO,IMPRUDENCIA DEL CONDUCTOR,OTRO (IMPRUDENCIA DEL CONDUCTOR),23.0,0,46.0,46.0,46.0,46.0,1,0,1,0,0,0,2
A-2022-09-235,2022-09-25,23:30,CHOQUE,1,0,2,CUSCO,CHUMBIVILCAS,COLQUEMARCA,RURAL,CARRETERA,DEPARTAMENTAL,CU-119,-14.309519670541135,-72.03555956055767,DESPEJADO,RURAL,TRAMO RECTO,INCLINADA,ASFALTADA,SI,PREVENTIVA (P),,SI,IMPRUDENCIA DEL CONDUCTOR,CONDUCIR EN ESTADO DE EBRIEDAD Y/O DROGADICCIÓN,23.0,0,,,,,2,2,1,0,1,0,2
A-2022-09-212,2022-09-25,23:40,CHOQUE,1,0,2,PIURA,PIURA,CATACAOS,RURAL,CARRETERA,NACIONAL,PE-1N,-5.230762,-80.649735,DESPEJADO,RURAL,TRAMO RECTO,PLANA ,ASFALTADA,,,,,EN PROCESO DE INVESTIGACIÓN,NO CUENTA CON CAUSA ESPECIFICA,23.0,0,34.0,34.0,29.0,39.0,2,2,1,0,0,2,2
A-2022-09-196,2022-09-26,02:45,CHOQUE,1,2,0,LIMA,LIMA,LOS OLIVOS,URBANA,AVENIDA,URBANO,NO CORRESPONDE,-11.991499397351816,-77.07698281958683,,,,,,,,,,EN PROCESO DE INVESTIGACIÓN,NO CUENTA CON CAUSA ESPECIFICA,2.0,0,,,,,2,1,1,2,0,0,3
A-2022-09-128,2022-09-26,18:10,ATROPELLO,1,0,1,CUSCO,CUSCO,SAN JERONIMO,URBANA,CARRETERA,PROVINCIAL,CU-1297,-13.55073574501743,-71.89623168881086,DESPEJADO,INDUSTRIAL,CURVA,PLANA ,TROCHA,,,,,EN PROCESO DE INVESTIGACIÓN,NO CUENTA CON CAUSA ESPECIFICA,18.0,0,33.5,33.5,4.0,63.0,2,1,1,0,1,0,2
A-2022-09-195,2022-09-26,18:30,ATROPELLO,1,0,0,LIMA,LIMA,LOS OLIVOS,URBANA,CARRETERA,NACIONAL,PE-1N,-11.937325489263406,-77.07183834107147,DESPEJADO,COMERCIAL,TRAMO RECTO,PLANA ,ASFALTADA,,,,,EN PROCESO DE INVESTIGACIÓN,NO CUENTA CON CAUSA ESPECIFICA,18.0,0,57.0,57.0,57.0,57.0,2,1,1,0,1,0,2
A-2022-09-214,2022-09-26,18:30,DESPISTE,1,0,0,CAJAMARCA,CUTERVO,SOCOTA,RURAL,CARRETERA,PROVINCIAL,CA-807,-6.309768,-78.731268,SOLEADO,RURAL,TRAMO RECTO,INCLINADA,AFIRMADO,,,,,EN PROCESO DE INVESTIGACIÓN,NO CUENTA CON CAUSA ESPECIFICA,18.0,0,32.0,32.0,32.0,32.0,1,1,1,0,0,0,1
A-2022-09-264,2022-09-26,19:05,ATROPELLO,1,0,0,JUNIN,CHANCHAMAYO,CHANCHAMAYO,URBANA,CARRETERA,NACIONAL,PE-22B,-11.05513940839344,-75.32507095194653,SOLEADO,COMERCIAL,INTERSECCIÓN,PLANA ,ASFALTADA,,,,,IMPRUDENCIA DEL CONDUCTOR,EXCESO DE VELOCIDAD,19.0,0,48.0,48.0,25.0,71.0,2,1,1,0,0,0,2
A-2022-09-111,2022-09-26,20:20,CHOQUE CON OBJETO FIJO,1,3,1,PUNO,EL COLLAO,ILAVE,RURAL,CARRETERA,PROVINCIAL,PU-1161,-16.023256,-69.46735,DESPEJADO,RURAL,CURVA,PLANA ,ASFALTADA,,,,,IMPRUDENCIA DEL CONDUCTOR,CONDUCIR EN ESTADO DE EBRIEDAD Y/O DROGADICCIÓN,20.0,0,68.75,71.0,59.0,74.0,4,1,1,3,0,0,4
A-2022-09-268,2022-09-27,07:00,CHOQUE,1,1,2,TACNA,TARATA,TARATA,RURAL,CARRETERA,NACIONAL,PE-38,-17.486377064836503,-70.03535122740591,DESPEJADO,RURAL,CURVA,INCLINADA,ASFALTADA,,,,,IMPRUDENCIA DEL CONDUCTOR,EXCESO DE VELOCIDAD,7.0,0,42.666666666666664,43.0,40.0,45.0,2,2,1,1,1,0,3