CODIGO_SINIESTRO,FECHA_SINIESTRO,HORA_SINIESTRO,CLASE_SINIESTRO,CANTIDAD_FALLECIDOS,CANTIDAD_LESIONADOS,CANTIDAD_VEHICULOS,DEPARTAMENTO,PROVINCIA,DISTRITO,ZONA,TIPO_VIA,RED_VIAL,COD_CARRETERA,LATITUD,LONGITUD,CONDICION_CLIMATICA,ZONIFICACION,CARACTERISTICAS_VIA,PERFIL_VIA,SUPERFICIE_CALZADA,EXISTE_SENIAL_VERTICAL,CLASIFICACION_SENIAL_VERTICAL_1,CLASIFICACION_SENIAL_VERTICAL_2,EXISTE_SENIAL_HORIZONTAL,CAUSA_FACTOR_PRINCIPAL,CAUSA_ESPECIFICA,HORA,severidad,EDAD_PROMEDIO,EDAD_MEDIANA,EDAD_MIN,EDAD_MAX,TOTAL_MASCULINOS,TOTAL_CONDUCTORES,TOTAL_FALLECIDOS_AGG,TOTAL_LESIONADOS_AGG,TOTAL_LICENCIA,TOTAL_ALCOHOL_POSITIVO,TOTAL_PERSONAS
A-2022-09-121,2022-09-27,08:25,DESPISTE,2,2,1,ANCASH,SIHUAS,SIHUAS,RURAL,CARRETERA,NACIONAL,PE-12A,-8.554169556512898,-77.63231125198146,DESPEJADO,RURAL,CURVA,PLANA ,ASFALTADA,,,,,EN PROCESO DE INVESTIGACIÓN,NO CUENTA CON CAUSA ESPECIFICA,8.0,1,44.25,54.0,13.0,56.0,4,1,2,2,1,0,4
A-2022-09-122,2022-09-27,19:00,DESPISTE,3,10,1,CUSCO,CALCA,LARES,RURAL,CARRETERA,PROVINCIAL,CU-709,-13.022108,-72.021209,DESPEJADO,RURAL,CURVA,PLANA ,TROCHA,,,,,NEGLIGENCIA DEL CONDUCTOR,CONDUCIR CON FALLAS DE FRENOS,19.0,2,48.714285714285715,47.0,18.0,81.0,4,1,3,10,1,0,14
A-2022-09-170,2022-09-27,21:15,CHOQUE,1,1,2,AMAZONAS,BAGUA,BAGUA,URBANA,AVENIDA,URBANO,NO CORRESPONDE,-5.6423699,-78.5289435,DESPEJADO,RESIDENCIAL,TRAMO RECTO,PLANA ,ASFALTADA,,,,,EN PROCESO DE INVESTIGACIÓN,NO CUENTA CON CAUSA ESPECIFICA,21.0,0,43.0,38.0,30.0,61.0,2,2,1,1,0,0,3
A-2022-09-270,2022-09-28,02:00,DESPISTE,3,0,1,LIMA,CAJATAMBO,CAJATAMBO,RURAL,CARRETERA,NACIONAL,PE-16A,-10.539394113562087,-76.9222783487711,DESPEJADO,RURAL,CURVA,PLANA ,AFIRMADO,,,,,IMPRUDENCIA DEL CONDUCTOR,FATIGA Y/O CANSANCIO,2.0,2,24.666666666666668,26.0,21.0,27.0,2,1,3,0,1,0,3
A-2022-09-108,2022-09-28,08:20,ATROPELLO,1,2,1,LAMBAYEQUE,CHICLAYO,LA VICTORIA,URBANA,CARRETERA,NACIONAL,PE-1N,-6.800802,-79.85263,DESPEJADO,RESIDENCIAL,TRAMO RECTO,PLANA ,ASFALTADA,,,,,EN PROCESO DE INVESTIGACIÓN,NO CUENTA CON CAUSA ESPECIFICA,8.0,0,37.666666666666664,20.0,19.0,74.0,3,1,1,2,1,0,3
A-2022-09-125,2022-09-28,12:15,DESPISTE,1,2,1,CUSCO,PAUCARTAMBO,COLQUEPATA,RURAL,CARRETERA,PROVINCIAL,CU-1051,-13.384018988587554,-71.67242819947957,DESPEJADO,RURAL,CURVA,INCLINADA,TROCHA,,,,,IMPRUDENCIA DEL CONDUCTOR,EXCESO DE VELOCIDAD,12.0,0,36.75,35.5,21.0,55.0,3,1,1,2,1,0,4
A-2022-09-162,2022-09-28,12:40,CHOQUE,1,0,0,ANCASH,SANTA,NUEVO CHIMBOTE,URBANA,AVENIDA,URBANO,NO CORRESPONDE,-9.116871945416634,-78.53996729874962,DESPEJADO,COMERCIAL,INTERSECCIÓN,PLANA ,ASFALTADA,,,,,IMPRUDENCIA DEL CONDUCTOR,EXCESO DE VELOCIDAD,12.0,0,36.0,36.0,31.0,41.0,2,2,1,0,0,0,2
A-2022-09-126,2022-09-28,13:30,DESPISTE,1,2,1,ANCASH,HUARI,HUARI,RURAL,CARRETERA,SIN CLASIFICAR,SIN CLASIFICAR,-9.350030592725403,-77.18241985849733,NUBLADO,RURAL,TRAMO RECTO,INCLINADA,CONCRETO,,,,,EN PROCESO DE INVESTIGACIÓN,NO CUENTA CON CAUSA ESPECIFICA,13.0,0,35.666666666666664,34.0,21.0,52.0,2,1,1,2,1,0,3
A-2022-09-265,2022-09-28,14:20,CHOQUE,1,2,0,PASCO,OXAPAMPA,CHONTABAMBA,RURAL,CARRETERA,DEPARTAMENTAL,PA-106,-10.603233521241323,-75.41952227157061,SOLEADO,RURAL,CURVA,PLANA ,ASFALTADA,NO,,,SI,IMPRUDENCIA DEL CONDUCTOR,OTRO (IMPRUDENCIA DEL CONDUCTOR),14.0,0,25.0,26.5,6.0,41.0,1,2,1,2,1,0,4
A-2022-09-112,2022-09-28,18:30,CHOQUE FUGA,1,0,2,PUNO,EL COLLAO,ILAVE,RURAL,CARRETERA,NACIONAL,PE-3S,-16.0746542,-69.6659172,DESPEJADO,RURAL,TRAMO RECTO,PLANA ,ASFALTADA,,,,,IMPRUDENCIA DEL CONDUCTOR,EXCESO DE VELOCIDAD,18.0,0,62.0,62.0,62.0,62.0,1,1,1,0,0,0,2
A-2022-09-227,2022-09-28,19:30,DESPISTE,1,0,1,HUANUCO,HUANUCO,SANTA MARIA DEL VALLE,RURAL,CARRETERA,NACIONAL,PE-18A,-9.880419524313712,-76.19139227887348,DESPEJADO,RURAL,TRAMO RECTO,PLANA ,AFIRMADO,,,,,IMPRUDENCIA DEL CONDUCTOR,EXCESO DE VELOCIDAD,19.0,0,19.0,19.0,19.0,19.0,1,1,1,0,0,0,1
A-2022-09-260,2022-09-28,20:40,CHOQUE,1,1,0,LORETO,MAYNAS,SAN JUAN BAUTISTA,URBANA,CARRETERA,DEPARTAMENTAL,LO-103,-3.7779235,-73.2921401,DESPEJADO,COMERCIAL,TRAMO RECTO,PLANA ,ASFALTADA,,,,,IMPRUDENCIA DEL CONDUCTOR,ADELANTAR INDEBIDAMENTE,20.0,0,26.0,26.0,19.0,33.0,2,2,1,1,0,0,2
A-2022-09-191,2022-09-29,03:10,DESPISTE,1,3,1,CAJAMARCA,CAJAMARCA,CAJAMARCA,URBANA,CARRETERA,NACIONAL,PE-08,-7.145457,-78.517004,DESPEJADO,RESIDENCIAL,CURVA,PLANA ,ASFALTADA,SI,PREVENTIVA (P),REGULADORA (R),SI,EN PROCESO DE INVESTIGACIÓN,NO CUENTA CON CAUSA ESPECIFICA,3.0,0,12.5,12.5,0.0,25.0,2,1,1,3,0,0,4
A-2022-09-118,2022-09-29,05:29,VOLCADURA,4,15,1,CUSCO,QUISPICANCHI,QUIQUIJANA,RURAL,CARRETERA,NACIONAL,PE-3S,-13.779691,-71.5721246,DESPEJADO,RURAL,CURVA,PLANA ,ASFALTADA,,,,,IMPRUDENCIA DEL CONDUCTOR,EXCESO DE VELOCIDAD,5.0,2,43.1,46.0,17.0,69.0,14,1,4,15,1,0,20
A-2022-09-127,2022-09-29,12:30,DESPISTE,5,12,1,CUSCO,QUISPICANCHI,URCOS,RURAL,CARRETERA,NACIONAL,PE-30C,-13.682981,-71.601747,DESPEJADO,RURAL,CURVA,INCLINADA,ASFALTADA,SI,PREVENTIVA (P),PREVENTIVA (P),NO,IMPRUDENCIA DEL CONDUCTOR,EXCESO DE VELOCIDAD,12.0,2,40.35294117647059,41.0,24.0,64.0,10,1,5,12,0,0,17
A-2022-09-269,2022-09-30,00:45,CHOQUE,1,0,2,TACNA,JORGE BASADRE,ITE,RURAL,CARRETERA,NACIONAL,PE-1SD,-17.89004252231127,-70.97987672251102,DESPEJADO,RURAL,TRAMO RECTO,PLANA ,ASFALTADA,,,,,IMPRUDENCIA DEL CONDUCTOR,EXCESO DE VELOCIDAD,0.0,0,42.0,42.0,32.0,52.0,2,2,1,0,2,1,2
A-2022-09-266,2022-09-30,02:00,DESPISTE,1,0,1,TACNA,TACNA,TACNA,URBANA,AVENIDA,URBANO,NO CORRESPONDE,-18.01749141925637,-70.25418869431164,DESPEJADO,COMERCIAL,TRAMO RECTO,PLANA ,ASFALTADA,,,,,IMPRUDENCIA DEL CONDUCTOR,CONDUCIR EN ESTADO DE EBRIEDAD Y/O DROGADICCIÓN,2.0,0,35.0,35.0,35.0,35.0,1,1,1,0,1,1,1
A-2022-09-194,2022-09-30,05:25,CHOQUE,3,0,2,CAJAMARCA,JAEN,POMAHUACA,RURAL,CARRETERA,NACIONAL,PE-3N,-5.927889,-79.301348,DESPEJADO,RURAL,CURVA,INCLINADA,ASFALTADA,NO,,,SI,EN PROCESO DE INVESTIGACIÓN,NO CUENTA CON CAUSA ESPECIFICA,5.0,2,38.5,36.0,20.0,62.0,4,2,3,0,0,0,4
A-2022-09-262,2022-09-30,18:50,ATROPELLO,1,0,1,ICA,CHINCHA,CHINCHA BAJA,RURAL,CARRETERA,NACIONAL,PE-1SE,-13.4971638773255,-76.1402541059521,DESPEJADO,RURAL,TRAMO RECTO,PLANA ,ASFALTADA,,,,,EN PROCESO DE INVESTIGACIÓN,NO CUENTA CON CAUSA ESPECIFICA,18.0,0,50.0,50.0,22.0,78.0,2,1,1,0,1,0,2
A-2022-10-146,2022-10-01,04:30,CHOQUE,1,1,0,LIMA,LIMA,CIENEGUILLA,RURAL,AVENIDA,URBANO,NO CORRESPONDE,-12.12782265661004,-76.82059050697266,SOLEADO,RURAL,TRAMO RECTO,PLANA ,ASFALTADA,,,,,EN PROCESO DE INVESTIGACIÓN,NO CUENTA CON CAUSA ESPECIFICA,4.0,0,42.0,42.0,40.0,44.0,1,2,1,1,0,0,3
A-2022-10-175,2022-10-01,04:30,ATROPELLO FUGA,1,0,1,PIURA,SECHURA,VICE,RURAL,CARRETERA,NACIONAL,PE-1NK,-5.487949563690543,-80.82341722911619,DESPEJADO,RURAL,TRAMO RECTO,PLANA ,ASFALTADA,,,,,IMPRUDENCIA DEL PEATÓN,ESTADO DE EBRIEDAD Y/O DROGADICCIÓN,4.0,0,39.0,39.0,25.0,53.0,2,1,1,0,0,1,2
A-2022-10-124,2022-10-01,05:00,CHOQUE,1,1,0,LIMA,BARRANCA,PATIVILCA,RURAL,CARRETERA,NACIONAL,PE-16A,-10.66644,-77.736418,DESPEJADO,RURAL,TRAMO RECTO,PLANA ,ASFALTADA,,,,,EN PROCESO DE INVESTIGACIÓN,NO CUENTA CON CAUSA ESPECIFICA,5.0,0,21.5,21.5,17.0,26.0,2,2,1,1,0,0,2
A-2022-10-200,2022-10-01,11:00,CHOQUE,1,7,2,JUNIN,CHANCHAMAYO,PICHANAQUI,RURAL,CARRETERA,NACIONAL,PE-5S,-10.93326927284781,-74.86730365543939,DESPEJADO,RURAL,TRAMO RECTO,PLANA ,ASFALTADA,,,,,IMPRUDENCIA DEL CONDUCTOR,EXCESO DE VELOCIDAD,11.0,0,33.2,32.5,8.0,54.0,5,2,1,7,2,0,10
A-2022-10-3,2022-10-01,11:20,ATROPELLO,1,0,1,ICA,ICA,SALAS,URBANA,CARRETERA,NACIONAL,PE-1S,-14.000404,-75.76811,SOLEADO,RESIDENCIAL,TRAMO RECTO,PLANA ,ASFALTADA,,,,,EN PROCESO DE INVESTIGACIÓN,NO CUENTA CON CAUSA ESPECIFICA,11.0,0,61.0,61.0,42.0,80.0,2,1,1,0,1,0,2
A-2022-10-198,2022-10-01,11:40,DESPISTE,3,2,1,ICA,CHINCHA,TAMBO DE MORA,RURAL,CARRETERA,NACIONAL,PE-1SE,-13.42019236,-76.18764161,DESPEJADO,RURAL,TRAMO RECTO,PLANA ,ASFALTADA,,,,,IMPRUDENCIA DEL CONDUCTOR,FATIGA Y/O CANSANCIO,11.0,2,35.2,42.0,8.0,57.0,3,1,3,2,0,0,5
A-2022-10-202,2022-10-01,11:40,CHOQUE,1,0,0,JUNIN,SATIPO,SATIPO,RURAL,CARRETERA,NACIONAL,PE-24A,-11.261780753678371,-74.6378720284313,DESPEJADO,RURAL,TRAMO RECTO,PLANA ,CONCRETO,,,,,IMPRUDENCIA DEL CONDUCTOR,INVASIÓN DE CARRIL,11.0,0,44.5,44.5,42.0,47.0,2,2,1,0,1,0,2
A-2022-10-13,2022-10-01,21:09,ATROPELLO,1,0,1,AREQUIPA,AREQUIPA,MIRAFLORES,URBANA,CALLE,URBANO,NO CORRESPONDE,-16.398576,-71.519627,DESPEJADO,COMERCIAL,TRAMO RECTO,PLANA ,ASFALTADA,,,,,EN PROCESO DE INVESTIGACIÓN,NO CUENTA CON CAUSA ESPECIFICA,21.0,0,54.0,54.0,51.0,57.0,2,1,1,0,0,0,2
A-2022-10-158,2022-10-02,09:30,ATROPELLO,1,0,1,PIURA,PIURA,PIURA,URBANA,AVENIDA,URBANO,NO CORRESPONDE,-5.18377,-80.631468,DESPEJADO,COMERCIAL,TRAMO RECTO,PLANA ,ASFALTADA,,,,,IMPRUDENCIA DEL PEATÓN,OTRO (IMPRUDENCIA DEL PEATÓN),9.0,0,52.0,52.0,44.0,60.0,2,1,1,0,1,0,2
A-2022-10-61,2022-10-02,09:50,ATROPELLO,1,0,1,LA LIBERTAD,ASCOPE,CHICAMA,RURAL,CARRETERA,NACIONAL,PE-1NF,-7.832513,-79.149217,DESPEJADO,RURAL,TRAMO RECTO,PLANA ,AFIRMADO,,,,,EN PROCESO DE INVESTIGACIÓN,NO CUENTA CON CAUSA ESPECIFICA,9.0,0,46.0,46.0,38.0,54.0,2,1,1,0,1,0,2
A-2022-10-4,2022-10-02,14:00,CHOQUE,1,0,2,ICA,NASCA,NASCA,URBANA,CARRETERA,NACIONAL,PE-1S,-14.987139011804674,-74.99568299838792,SOLEADO,COMERCIAL,CURVA,PLANA ,ASFALTADA,,,,,EN PROCESO DE INVESTIGACIÓN,NO CUENTA CON CAUSA ESPECIFICA,14.0,0,42.0,42.0,36.0,48.0,2,2,1,0,2,0,2
A-2022-10-176,2022-10-02,15:45,VOLCADURA,1,1,0,JUNIN,HUANCAYO,CULLHUAS,RURAL,CARRETERA,NACIONAL,PE-3S,-12.2073,-75.173784,DESPEJADO,RURAL,CURVA,INCLINADA,ASFALTADA,NO,,,SI,IMPRUDENCIA DEL CONDUCTOR,OTRO (IMPRUDENCIA DEL CONDUCTOR),15.0,0,25.0,25.0,24.0,26.0,2,2,1,1,2,0,3
A-2022-10-219,2022-10-02,18:00,DESPISTE,1,4,1,HUANCAVELICA,CHURCAMPA,LOCROJA,RURAL,CARRETERA,PROVINCIAL,HV-730,-12.703873,-74.436193,DESPEJADO,RURAL,CURVA,INCLINADA,AFIRMADO,SI,PREVENTIVA (P),REGULADORA (R),NO,IMPRUDENCIA DEL CONDUCTOR,EXCESO DE VELOCIDAD,18.0,0,32.4,36.0,25.0,39.0,5,1,1,4,1,0,5
A-2022-10-100,2022-10-02,19:00,DESPISTE,1,0,1,LAMBAYEQUE,CHICLAYO,PICSI,RURAL,CARRETERA,NACIONAL,PE-06A,-6.7411976,-79.7161823,DESPEJADO,RURAL,CURVA,PLANA ,ASFALTADA,,,,,EN PROCESO DE INVESTIGACIÓN,NO CUENTA CON CAUSA ESPECIFICA,19.0,0,22.0,22.0,22.0,22.0,1,1,1,0,0,0,1
A-2022-10-62,2022-10-02,19:30,CHOQUE,1,33,2,LA LIBERTAD,ASCOPE,CHICAMA,RURAL,CARRETERA,NACIONAL,PE-1NF,-7.832145,-79.149068,DESPEJADO,RURAL,TRAMO RECTO,PLANA ,ASFALTADA,,,,,IMPRUDENCIA DEL CONDUCTOR,NO ESTABLECER EL DERECHO DE PASO,19.0,0,30.444444444444443,29.5,2.0,75.0,17,2,1,33,2,0,36
A-2022-10-16,2022-10-02,21:30,ATROPELLO,1,0,0,CUSCO,LA CONVENCION,MARANURA,RURAL,CARRETERA,NACIONAL,PE-28B,-12.9563698,-72.6736112,DESPEJADO,RURAL,TRAMO RECTO,PLANA ,ASFALTADA,,,,,IMPRUDENCIA DEL CONDUCTOR,EXCESO DE VELOCIDAD,21.0,0,51.5,51.5,47.0,56.0,2,1,1,0,0,1,2
A-2022-10-144,2022-10-03,07:30,ATROPELLO,1,0,0,LIMA,LIMA,CHORRILLOS,URBANA,AVENIDA,URBANO,NO CORRESPONDE,-12.182793437982792,-76.99984942508037,DESPEJADO,COMERCIAL,TRAMO RECTO,PLANA ,ASFALTADA,,,,,EN PROCESO DE INVESTIGACIÓN,NO CUENTA CON CAUSA ESPECIFICA,7.0,0,51.0,51.0,28.0,74.0,2,1,1,0,1,0,2
A-2022-10-68,2022-10-03,12:00,ATROPELLO,1,0,1,LA LIBERTAD,TRUJILLO,TRUJILLO,URBANA,AVENIDA,URBANO,NO CORRESPONDE,-8.129605,-79.021337,DESPEJADO,COMERCIAL,TRAMO RECTO,PLANA ,ASFALTADA,,,,,IMPRUDENCIA DEL PEATÓN,ESTADO DE EBRIEDAD Y/O DROGADICCIÓN,12.0,0,35.0,35.0,34.0,36.0,2,1,1,0,1,0,2
A-2022-10-41,2022-10-03,15:00,CHOQUE,1,1,2,PASCO,PASCO,YANACANCHA,URBANA,CARRETERA,NACIONAL,PE-3N,-10.542373862227407,-76.18979912470938,DESPEJADO,RURAL,TRAMO RECTO,PLANA ,ASFALTADA,,,,,EN PROCESO DE INVESTIGACIÓN,NO CUENTA CON CAUSA ESPECIFICA,15.0,0,34.666666666666664,39.0,25.0,40.0,2,2,1,1,2,0,3
A-2022-10-7,2022-10-03,15:40,ATROPELLO FUGA,1,0,1,TUMBES,ZARUMILLA,MATAPALO,RURAL,CARRETERA,DEPARTAMENTAL,TU-101,-3.678658379346804,-80.19644125789904,DESPEJADO,RURAL,CURVA,INCLINADA,ASFALTADA,,,,,EN PROCESO DE INVESTIGACIÓN,NO CUENTA CON CAUSA ESPECIFICA,15.0,0,36.0,36.0,36.0,36.0,1,0,1,0,0,0,2
A-2022-10-143,2022-10-03,16:00,DESPISTE,1,0,0,LIMA,LIMA,PUNTA HERMOSA,URBANA,CARRETERA,NACIONAL,PE-1S,-12.33177112,-76.82107797,,,,,,,,,,EN PROCESO DE INVESTIGACIÓN,NO CUENTA CON CAUSA ESPECIFICA,16.0,0,33.0,33.0,33.0,33.0,1,1,1,0,0,0,1
A-2022-10-14,2022-10-03,16:08,DESPISTE,1,0,1,AREQUIPA,CAYLLOMA,CALLALLI,URBANA,AVENIDA,URBANO,NO CORRESPONDE,-15.504957,-71.436949,DESPEJADO,RESIDENCIAL,CURVA,INCLINADA,EMPEDRADO,,,,,EN PROCESO DE INVESTIGACIÓN,NO CUENTA CON CAUSA ESPECIFICA,16.0,0,66.0,66.0,66.0,66.0,1,1,1,0,0,0,1
A-2022-10-5,2022-10-03,19:20,CHOQUE,3,4,4,ICA,PISCO,HUMAY,RURAL,CARRETERA,NACIONAL,PE-28A,-13.728955,-75.910783,DESPEJADO,RURAL,TRAMO RECTO,PLANA ,ASFALTADA,,,,,EN PROCESO DE INVESTIGACIÓN,NO CUENTA CON CAUSA ESPECIFICA,19.0,2,50.857142857142854,51.0,40.0,64.0,5,3,3,4,3,0,8
A-2022-10-8,2022-10-03,21:40,CHOQUE,1,0,2,TUMBES,TUMBES,CORRALES,RURAL,CARRETERA,NACIONAL,PE-1N,-3.609503953880128,-80.50651960329908,DESPEJADO,RURAL,TRAMO RECTO,PLANA ,ASFALTADA,,,,,IMPRUDENCIA DEL CONDUCTOR,CONDUCIR EN ESTADO DE EBRIEDAD Y/O DROGADICCIÓN,21.0,0,42.5,42.5,31.0,54.0,2,2,1,0,1,0,2
A-2022-10-142,2022-10-04,17:30,ATROPELLO,1,0,0,LIMA,LIMA,LA MOLINA,URBANA,CARRETERA,DEPARTAMENTAL,LM-117,-12.085930019709732,-76.89798830105987,DESPEJADO,RESIDENCIAL,TRAMO RECTO,PLANA ,ASFALTADA,,,,,EN PROCESO DE INVESTIGACIÓN,NO CUENTA CON CAUSA ESPECIFICA,17.0,0,55.5,55.5,46.0,65.0,2,1,1,0,1,0,2
A-2022-10-197,2022-10-04,19:00,CHOQUE,1,2,0,MADRE DE DIOS,TAMBOPATA,TAMBOPATA,URBANA,AVENIDA,URBANO,NO CORRESPONDE,-12.584593,-69.191509,,,,,,,,,,EN PROCESO DE INVESTIGACIÓN,NO CUENTA CON CAUSA ESPECIFICA,19.0,0,38.666666666666664,35.0,23.0,58.0,2,2,1,2,0,0,3
A-2022-10-6,2022-10-04,20:30,CHOQUE,1,0,1,SAN MARTIN,RIOJA,RIOJA,RURAL,CARRETERA,NACIONAL,PE-5N,-6.050985,-77.151191,DESPEJADO,RURAL,TRAMO RECTO,PLANA ,ASFALTADA,,,,,NEGLIGENCIA DEL CONDUCTOR,OTRO (NEGLIGENCIA DEL CONDUCTOR),20.0,0,49.0,49.0,49.0,49.0,1,1,1,0,1,0,3
A-2022-10-2,2022-10-04,22:20,ATROPELLO FUGA,1,0,0,PUNO,CHUCUITO,ZEPITA,RURAL,CARRETERA,NACIONAL,PE-36A,-16.56978768425826,-69.25715261508257,DESPEJADO,RURAL,TRAMO RECTO,PLANA ,ASFALTADA,,,,,EN PROCESO DE INVESTIGACIÓN,NO CUENTA CON CAUSA ESPECIFICA,22.0,0,45.0,45.0,45.0,45.0,1,0,1,0,0,0,2
A-2022-10-182,2022-10-05,10:00,CHOQUE,1,0,2,PIURA,SULLANA,MARCAVELICA,URBANA,CARRETERA,PROVINCIAL,PI-535,-4.877,-80.8,DESPEJADO,RURAL,OTRO,INCLINADA,AFIRMADO,,,,,IMPRUDENCIA DEL CONDUCTOR,OTRO (IMPRUDENCIA DEL CONDUCTOR),10.0,0,19.0,19.0,19.0,19.0,2,2,1,0,1,0,2
A-2022-10-11,2022-10-06,18:10,CHOQUE,1,1,2,SAN MARTIN,RIOJA,ELIAS SOPLIN VARGAS,URBANA,CARRETERA,NACIONAL,PE-5N,-5.990655,-77.281353,DESPEJADO,ESCOLAR,TRAMO RECTO,PLANA ,ASFALTADA,,,,,IMPRUDENCIA DEL CONDUCTOR,OTRO (IMPRUDENCIA DEL CONDUCTOR),18.0,0,24.0,24.0,19.0,29.0,2,2,1,1,1,0,2
A-2022-10-12,2022-10-06,18:45,CHOQUE,1,2,2,PUNO,PUNO,PAUCARCOLLA,RURAL,CARRETERA,NACIONAL,PE-3S,-15.7377667,-70.0565938,DESPEJADO,RURAL,TRAMO RECTO,PLANA ,ASFALTADA,,,,,IMPRUDENCIA DEL CONDUCTOR,OTRO (IMPRUDENCIA DEL CONDUCTOR),18.0,0,29.75,29.0,23.0,38.0,3,2,1,2,1,0,4
A-2022-10-208,2022-10-06,21:15,CHOQUE,1,0,0,UCAYALI,CORONEL PORTILLO,CAMPOVERDE,RURAL,CARRETERA,NACIONAL,PE-18C,-8.458604,-74.784945,DESPEJADO,RURAL,TRAMO RECTO,PLANA ,ASFALTADA,,,,,IMPRUDENCIA DEL CONDUCTOR,CONDUCIR EN ESTADO DE EBRIEDAD Y/O DROGADICCIÓN,21.0,0,56.5,56.5,53.0,60.0,2,2,1,0,1,0,2
A-2022-10-17,2022-10-07,06:30,DESPISTE,1,0,1,AREQUIPA,AREQUIPA,SANTA ISABEL DE SIGUAS,URBANA,CARRETERA,PROVINCIAL,AR-730,-16.342576,-72.12579,DESPEJADO,RESIDENCIAL,TRAMO RECTO,PLANA ,AFIRMADO,,,,,EN PROCESO DE INVESTIGACIÓN,NO CUENTA CON CAUSA ESPECIFICA,6.0,0,28.0,28.0,28.0,28.0,1,1,1,0,0,0,1
A-2022-10-216,2022-10-07,08:35,CHOQUE,1,0,0,PIURA,PIURA,CASTILLA,RURAL,CARRETERA,DEPARTAMENTAL,PI-126,-5.100632,-80.596911,DESPEJADO,RURAL,TRAMO RECTO,PLANA ,AFIRMADO,,,,,EN PROCESO DE INVESTIGACIÓN,NO CUENTA CON CAUSA ESPECIFICA,8.0,0,27.5,27.5,19.0,36.0,1,2,1,0,2,0,2
A-2022-10-43,2022-10-07,16:10,DESPISTE,1,4,1,PUNO,HUANCANE,HUANCANE,RURAL,CARRETERA,NACIONAL,PE-34H,-15.1974972,-69.8337977,DESPEJADO,RURAL,TRAMO RECTO,PLANA ,ASFALTADA,,,,,IMPRUDENCIA DEL CONDUCTOR,ADELANTAR INDEBIDAMENTE,16.0,0,26.333333333333332,27.5,1.0,56.0,5,1,1,4,1,0,6
A-2022-10-106,2022-10-07,18:00,ATROPELLO,1,0,0,APURIMAC,ANDAHUAYLAS,SANTA MARIA DE CHICMO,URBANA,AVENIDA,URBANO,NO CORRESPONDE,-13.64757,-73.500326,DESPEJADO,RESIDENCIAL,TRAMO RECTO,INCLINADA,AFIRMADO,,,,,IMPERICIA DEL CONDUCTOR,,18.0,0,50.0,50.0,18.0,82.0,1,1,1,0,0,0,2
A-2022-10-42,2022-10-07,20:00,CHOQUE,3,8,2,PUNO,SAN ROMAN,CABANA,RURAL,CARRETERA,NACIONAL,PE-34A,-15.5734434,-70.2555246,DESPEJADO,RURAL,TRAMO RECTO,PLANA ,ASFALTADA,,,,,IMPRUDENCIA DEL CONDUCTOR,EXCESO DE VELOCIDAD,20.0,2,36.69230769230769,34.0,24.0,53.0,9,2,3,8,2,0,13
A-2022-10-94,2022-10-08,06:30,DESPISTE,1,0,1,TACNA,TARATA,ESTIQUE,RURAL,CARRETERA,NACIONAL,PE-38,-17.624558,-70.063216,DESPEJADO,RURAL,CURVA,INCLINADA,ASFALTADA,,,,,IMPRUDENCIA DEL CONDUCTOR,OTRO (IMPRUDENCIA DEL CONDUCTOR),6.0,0,47.0,47.0,46.0,48.0,1,1,1,0,1,0,2
A-2022-10-39,2022-10-08,15:00,CHOQUE,3,0,2,PASCO,PASCO,YANACANCHA,URBANA,CARRETERA,NACIONAL,PE-3N,-10.62567909407184,-76.1754491504982,DESPEJADO,COMERCIAL,CURVA,INCLINADA,ASFALTADA,SI,REGULADORA (R),,SI,IMPRUDENCIA DEL CONDUCTOR,EXCESO DE VELOCIDAD,15.0,2,37.5,39.5,27.0,44.0,3,2,3,0,2,0,4
A-2022-10-171,2022-10-08,19:30,ATROPELLO,1,0,0,LORETO,MAYNAS,SAN JUAN BAUTISTA,URBANA,CARRETERA,DEPARTAMENTAL,LO-103,-4.0918754,-73.4548257,DESPEJADO,RURAL,TRAMO RECTO,PLANA ,ASFALTADA,,,,,IMPRUDENCIA DEL PEATÓN,ESTADO DE EBRIEDAD Y/O DROGADICCIÓN,19.0,0,58.0,58.0,46.0,70.0,2,1,1,0,1,0,2
A-2022-10-9,2022-10-08,20:00,ATROPELLO,1,0,0,PUNO,PUNO,ACORA,RURAL,CARRETERA,NACIONAL,PE-3S,-15.97023,-69.799618,DESPEJADO,RURAL,TRAMO RECTO,PLANA ,ASFALTADA,,,,,IMPRUDENCIA DEL PEATÓN,CRUCE INDEBIDO POR LA CALZADA,20.0,0,58.5,58.5,44.0,73.0,2,1,1,0,1,0,2
A-2022-10-139,2022-10-09,03:00,ATROPELLO,1,0,0,LIMA,LIMA,SAN JUAN DE MIRAFLORES,URBANA,CARRETERA,NACIONAL,PE-1S,-12.18412895251892,-76.9750320403075,DESPEJADO,COMERCIAL,TRAMO RECTO,PLANA ,ASFALTADA,,,,,EN PROCESO DE INVESTIGACIÓN,NO CUENTA CON CAUSA ESPECIFICA,3.0,0,39.0,39.0,39.0,39.0,2,1,1,0,0,0,2