CODIGO_SINIESTRO,FECHA_SINIESTRO,HORA_SINIESTRO,CLASE_SINIESTRO,CANTIDAD_FALLECIDOS,CANTIDAD_LESIONADOS,CANTIDAD_VEHICULOS,DEPARTAMENTO,PROVINCIA,DISTRITO,ZONA,TIPO_VIA,RED_VIAL,COD_CARRETERA,LATITUD,LONGITUD,CONDICION_CLIMATICA,ZONIFICACION,CARACTERISTICAS_VIA,PERFIL_VIA,SUPERFICIE_CALZADA,EXISTE_SENIAL_VERTICAL,CLASIFICACION_SENIAL_VERTICAL_1,CLASIFICACION_SENIAL_VERTICAL_2,EXISTE_SENIAL_HORIZONTAL,CAUSA_FACTOR_PRINCIPAL,CAUSA_ESPECIFICA,HORA,severidad,EDAD_PROMEDIO,EDAD_MEDIANA,EDAD_MIN,EDAD_MAX,TOTAL_MASCULINOS,TOTAL_CONDUCTORES,TOTAL_FALLECIDOS_AGG,TOTAL_LESIONADOS_AGG,TOTAL_LICENCIA,TOTAL_ALCOHOL_POSITIVO,TOTAL_PERSONAS
A-2022-11-21,2022-11-07,06:30,CHOQUE,1,1,2,CUSCO,CHUMBIVILCAS,COLQUEMARCA,URBANA,CARRETERA,DEPARTAMENTAL,CU-119,-14.293708349379804,-72.03822521959923,DESPEJADO,RESIDENCIAL,TRAMO RECTO,INCLINADA,ASFALTADA,SI,PREVENTIVA (P),,NO,IMPRUDENCIA DEL CONDUCTOR,EXCESO DE VELOCIDAD,6.0,0,35.333333333333336,38.0,28.0,40.0,2,2,1,1,1,0,3
A-2022-11-49,2022-11-07,10:40,CHOQUE,1,0,2,PUNO,EL COLLAO,ILAVE,RURAL,CARRETERA,NACIONAL,PE-38A,-16.15599462706685,-69.64763955560258,DESPEJADO,RURAL,TRAMO RECTO,PLANA ,ASFALTADA,,,,,IMPRUDENCIA DEL CONDUCTOR,GIRAR IMPRUDENTEMENTE,10.0,0,58.0,58.0,36.0,80.0,2,2,1,0,1,0,2
A-2022-11-189,2022-11-07,12:10,CHOQUE FUGA,1,0,0,AMAZONAS,BAGUA,IMAZA,RURAL,CARRETERA,NACIONAL,PE-5NC,-4.978891167603997,-78.22605997323991,DESPEJADO,RURAL,TRAMO RECTO,PLANA ,ASFALTADA,,,,,EN PROCESO DE INVESTIGACIÓN,NO CUENTA CON CAUSA ESPECIFICA,12.0,0,56.0,56.0,41.0,71.0,2,1,1,0,0,0,2
A-2022-11-14,2022-11-07,12:30,ATROPELLO FUGA,1,0,1,AREQUIPA,CAYLLOMA,MAJES,URBANA,AVENIDA,URBANO,NO CORRESPONDE,-16.362741,-72.189565,DESPEJADO,COMERCIAL,INTERSECCIÓN,PLANA ,ASFALTADA,NO,,,SI,EN PROCESO DE INVESTIGACIÓN,NO CUENTA CON CAUSA ESPECIFICA,12.0,0,39.0,39.0,39.0,39.0,1,0,1,0,0,0,2
A-2022-11-36,2022-11-07,12:40,ATROPELLO,1,0,1,CUSCO,CANCHIS,SAN PABLO,RURAL,CARRETERA,NACIONAL,PE-3S,-14.2069359,-71.3050337,DESPEJADO,RURAL,TRAMO RECTO,PLANA ,ASFALTADA,NO,,,SI,IMPRUDENCIA DEL CONDUCTOR,EXCESO DE VELOCIDAD,12.0,0,61.5,61.5,42.0,81.0,2,1,1,0,1,0,2
A-2022-11-61,2022-11-07,14:30,ATROPELLO,2,0,1,PUNO,AZANGARO,SAN ANTON,RURAL,CARRETERA,NACIONAL,PE-34B,-14.47164,-70.2516024,DESPEJADO,RURAL,TRAMO RECTO,PLANA ,ASFALTADA,,,,,IMPRUDENCIA DEL CONDUCTOR,EXCESO DE VELOCIDAD,14.0,1,24.333333333333332,26.0,4.0,43.0,1,1,2,0,1,0,3
A-2022-11-37,2022-11-07,14:40,CHOQUE,1,1,1,CUSCO,QUISPICANCHI,QUIQUIJANA,RURAL,CARRETERA,NACIONAL,PE-3S,-13.775057681298277,-71.57359153206748,DESPEJADO,RURAL,TRAMO RECTO,PLANA ,ASFALTADA,SI,PREVENTIVA (P),,SI,IMPRUDENCIA DEL CONDUCTOR,EXCESO DE VELOCIDAD,14.0,0,22.0,22.0,7.0,37.0,1,1,1,1,0,1,3
A-2022-11-183,2022-11-07,20:00,CHOQUE,1,1,0,LORETO,MAYNAS,SAN JUAN BAUTISTA,URBANA,CARRETERA,DEPARTAMENTAL,LO-103,-4.02704394576634,-73.4341585537898,DESPEJADO,RURAL,TRAMO RECTO,PLANA ,ASFALTADA,,,,,IMPRUDENCIA DEL CONDUCTOR,CONDUCIR EN ESTADO DE EBRIEDAD Y/O DROGADICCIÓN,20.0,0,17.5,17.5,15.0,20.0,3,2,1,1,0,0,3
A-2022-11-231,2022-11-07,21:50,ATROPELLO,1,0,0,LIMA,LIMA,CARABAYLLO,URBANA,AVENIDA,URBANO,NO CORRESPONDE,-11.87439302,-77.01407097,DESPEJADO,COMERCIAL,TRAMO RECTO,PLANA ,ASFALTADA,,,,,EN PROCESO DE INVESTIGACIÓN,NO CUENTA CON CAUSA ESPECIFICA,21.0,0,42.5,42.5,18.0,67.0,2,1,1,0,1,0,2
A-2022-11-137,2022-11-07,22:00,ATROPELLO FUGA,1,0,0,LIMA,LIMA,LA VICTORIA,URBANA,VIA EXPRESA,URBANO,NO CORRESPONDE,-12.070423831237946,-77.0312295190279,DESPEJADO,COMERCIAL,TRAMO RECTO,PLANA ,ASFALTADA,,,,,EN PROCESO DE INVESTIGACIÓN,NO CUENTA CON CAUSA ESPECIFICA,22.0,0,72.0,72.0,72.0,72.0,1,0,1,0,0,0,2
A-2022-11-90,2022-11-07,23:59,DESPISTE,1,1,0,APURIMAC,GRAU,GAMARRA,RURAL,CARRETERA,PROVINCIAL,AP-907,-13.840667678559251,-72.57725216737086,,,,,,,,,,EN PROCESO DE INVESTIGACIÓN,NO CUENTA CON CAUSA ESPECIFICA,23.0,0,37.0,37.0,27.0,47.0,2,1,1,1,0,0,2
A-2022-11-133,2022-11-08,08:30,ATROPELLO,1,0,0,CALLAO,CALLAO,CALLAO,URBANA,CARRETERA,NACIONAL,PE-20,-11.9421195,-77.131295821,DESPEJADO,INDUSTRIAL,TRAMO RECTO,PLANA ,ASFALTADA,NO,,,SI,EN PROCESO DE INVESTIGACIÓN,NO CUENTA CON CAUSA ESPECIFICA,8.0,0,66.5,66.5,45.0,88.0,1,1,1,0,1,0,2
A-2022-11-119,2022-11-08,16:00,CHOQUE,1,0,0,CALLAO,CALLAO,CALLAO,URBANA,CARRETERA,NACIONAL,PE-20,-11.989341,-77.1259525195,DESPEJADO,COMERCIAL,TRAMO RECTO,PLANA ,ASFALTADA,SI,INFORMATIVA (I),PREVENTIVA (P),NO,EN PROCESO DE INVESTIGACIÓN,NO CUENTA CON CAUSA ESPECIFICA,16.0,0,37.0,37.0,22.0,52.0,2,2,1,0,2,0,2
A-2022-11-138,2022-11-08,16:00,CHOQUE,1,0,0,LIMA,LIMA,LURIGANCHO,URBANA,AVENIDA,URBANO,NO CORRESPONDE,-12.007566328955926,-76.88740436673737,DESPEJADO,INDUSTRIAL,INTERSECCIÓN,PLANA ,ASFALTADA,,,,,EN PROCESO DE INVESTIGACIÓN,NO CUENTA CON CAUSA ESPECIFICA,16.0,0,21.0,21.0,21.0,21.0,1,1,1,0,0,0,2
A-2022-11-199,2022-11-08,22:00,CHOQUE,1,0,0,PIURA,AYABACA,SUYO,RURAL,CARRETERA,NACIONAL,PE-1NL,-4.482080425046179,-79.98689501037242,DESPEJADO,RURAL,TRAMO RECTO,PLANA ,ASFALTADA,,,,,IMPRUDENCIA DEL CONDUCTOR,INVASIÓN DE CARRIL,22.0,0,50.0,50.0,34.0,66.0,2,2,1,0,1,0,2
A-2022-11-59,2022-11-09,00:30,DESPISTE,1,3,1,ANCASH,HUARAZ,HUARAZ,RURAL,CARRETERA,NACIONAL,PE-3N,-9.542851144952715,-77.53317436122363,DESPEJADO,RURAL,TRAMO RECTO,INCLINADA,ASFALTADA,SI,INFORMATIVA (I),,NO,IMPRUDENCIA DEL CONDUCTOR,EXCESO DE VELOCIDAD,0.0,0,35.5,35.5,29.0,42.0,4,1,1,3,1,0,4
A-2022-11-169,2022-11-09,15:00,ESPECIAL,1,0,1,PASCO,PASCO,CHAUPIMARCA,RURAL,CARRETERA,NACIONAL,PE-3N,-10.723588252502376,-76.25115200296258,DESPEJADO,RURAL,OTRO,PLANA ,TROCHA,,,,,IMPRUDENCIA DEL CONDUCTOR,VEHÍCULO MAL ESTACIONADO,15.0,0,69.0,69.0,69.0,69.0,1,1,1,0,1,0,1
A-2022-11-75,2022-11-09,20:10,ATROPELLO FUGA,1,0,0,TACNA,TACNA,CIUDAD NUEVA,URBANA,AVENIDA,URBANO,NO CORRESPONDE,-17.986016,-70.233182,DESPEJADO,COMERCIAL,INTERSECCIÓN,PLANA ,ASFALTADA,,,,,EN PROCESO DE INVESTIGACIÓN,NO CUENTA CON CAUSA ESPECIFICA,20.0,0,26.0,26.0,26.0,26.0,0,0,1,0,0,0,2
A-2022-11-4,2022-11-10,02:15,CHOQUE,3,1,2,ICA,ICA,SUBTANJALLA,URBANA,CARRETERA,NACIONAL,PE-1S,-14.033763480341069,-75.75632772796854,DESPEJADO,COMERCIAL,TRAMO RECTO,PLANA ,ASFALTADA,,,,,EN PROCESO DE INVESTIGACIÓN,NO CUENTA CON CAUSA ESPECIFICA,2.0,2,26.8,23.0,21.0,42.0,3,2,3,1,2,0,5
A-2022-11-50,2022-11-10,04:30,DESPISTE,1,4,1,PUNO,CHUCUITO,JULI,RURAL,CARRETERA,NACIONAL,PE-3S,-16.21074849595897,-69.44360923499507,DESPEJADO,RURAL,CURVA,PLANA ,ASFALTADA,,,,,IMPRUDENCIA DEL CONDUCTOR,EXCESO DE VELOCIDAD,4.0,0,39.0,39.0,39.0,39.0,3,1,1,4,1,0,5
A-2022-11-158,2022-11-10,07:20,ATROPELLO,1,1,0,LIMA,LIMA,SAN JUAN DE LURIGANCHO,URBANA,AVENIDA,URBANO,NO CORRESPONDE,-11.968520605348148,-76.99352112113033,DESPEJADO,COMERCIAL,TRAMO RECTO,PLANA ,ASFALTADA,SI,PREVENTIVA (P),,SI,EN PROCESO DE INVESTIGACIÓN,NO CUENTA CON CAUSA ESPECIFICA,7.0,0,47.333333333333336,43.0,13.0,86.0,2,1,1,1,1,0,3
A-2022-11-63,2022-11-10,12:10,ATROPELLO,1,0,1,PUNO,SAN ROMAN,JULIACA,URBANA,JIRÓN,URBANO,NO CORRESPONDE,-15.472323144676528,-70.11054039442485,DESPEJADO,RESIDENCIAL,TRAMO RECTO,PLANA ,TROCHA,,,,,IMPRUDENCIA DEL PEATÓN,CRUCE INDEBIDO POR LA CALZADA,12.0,0,72.0,72.0,50.0,94.0,1,1,1,0,1,0,2
A-2022-11-62,2022-11-10,14:30,CHOQUE,1,0,2,PUNO,AZANGARO,TIRAPATA,RURAL,CARRETERA,DEPARTAMENTAL,PU-102,-14.88385825669214,-70.42597586154052,DESPEJADO,RURAL,TRAMO RECTO,PLANA ,ASFALTADA,,,,,IMPRUDENCIA DEL CONDUCTOR,CONDUCIR EN ESTADO DE EBRIEDAD Y/O DROGADICCIÓN,14.0,0,53.5,53.5,49.0,58.0,2,2,1,0,1,0,2
A-2022-11-47,2022-11-10,18:50,DESPISTE,1,1,1,ANCASH,AIJA,CORIS,RURAL,CARRETERA,SIN CLASIFICAR,SIN CLASIFICAR,-9.820680407562312,-77.72040312285344,DESPEJADO,RURAL,CURVA,INCLINADA,TROCHA,,,,,EN PROCESO DE INVESTIGACIÓN,NO CUENTA CON CAUSA ESPECIFICA,18.0,0,47.5,47.5,44.0,51.0,1,1,1,1,1,0,2
A-2022-11-80,2022-11-10,19:00,CHOQUE,1,0,2,LA LIBERTAD,PACASMAYO,SAN PEDRO DE LLOC,RURAL,CARRETERA,PROVINCIAL,LI-589,-7.370709591832695,-79.46864077007683,DESPEJADO,RURAL,TRAMO RECTO,PLANA ,AFIRMADO,,,,,IMPRUDENCIA DEL CONDUCTOR,ADELANTAR INDEBIDAMENTE,19.0,0,51.0,51.0,32.0,70.0,2,2,1,0,1,0,2
A-2022-11-104,2022-11-10,19:05,DESPISTE,1,0,1,LAMBAYEQUE,CHICLAYO,TUMAN,RURAL,CARRETERA,PROVINCIAL,LA-758,-6.800794,-79.685664,DESPEJADO,RURAL,TRAMO RECTO,PLANA ,ASFALTADA,,,,,EN PROCESO DE INVESTIGACIÓN,NO CUENTA CON CAUSA ESPECIFICA,19.0,0,56.0,56.0,56.0,56.0,1,1,1,0,0,0,1
A-2022-11-140,2022-11-10,19:30,ATROPELLO FUGA,1,0,0,LIMA,LIMA,LIMA,URBANA,JIRÓN,URBANO,NO CORRESPONDE,-12.061313795338776,-77.01557143153546,DESPEJADO,COMERCIAL,INTERSECCIÓN,PLANA ,ASFALTADA,,,,,EN PROCESO DE INVESTIGACIÓN,NO CUENTA CON CAUSA ESPECIFICA,19.0,0,57.0,57.0,57.0,57.0,1,0,1,0,0,0,2
A-2022-11-40,2022-11-11,01:30,ATROPELLO,1,0,0,ANCASH,CARHUAZ,TINCO,RURAL,CARRETERA,NACIONAL,PE-3N,-9.270052555325533,-77.67497629401554,DESPEJADO,RURAL,CURVA,INCLINADA,ASFALTADA,SI,PREVENTIVA (P),,NO,EN PROCESO DE INVESTIGACIÓN,NO CUENTA CON CAUSA ESPECIFICA,1.0,0,46.0,46.0,34.0,58.0,2,1,1,0,1,0,2
A-2022-11-81,2022-11-11,07:00,CHOQUE,1,0,2,LA LIBERTAD,TRUJILLO,LA ESPERANZA,URBANA,AVENIDA,URBANO,NO CORRESPONDE,-8.074238,-79.047902,DESPEJADO,COMERCIAL,INTERSECCIÓN,PLANA ,ASFALTADA,,,,,IMPRUDENCIA DEL CONDUCTOR,NO ESTABLECER EL DERECHO DE PASO,7.0,0,32.5,32.5,21.0,44.0,2,2,1,0,2,0,2
A-2022-11-51,2022-11-11,08:40,ATROPELLO,1,0,1,PUNO,CHUCUITO,PISACOMA,RURAL,CARRETERA,DEPARTAMENTAL,PU-131,-16.937467874493013,-69.38600035749663,DESPEJADO,RURAL,CURVA,PLANA ,ASFALTADA,,,,,IMPRUDENCIA DEL CONDUCTOR,INVASIÓN DE CARRIL,8.0,0,67.0,67.0,56.0,78.0,2,1,1,0,0,0,2
A-2022-11-125,2022-11-11,12:45,CHOQUE,1,0,2,CAJAMARCA,CONTUMAZA,TANTARICA,RURAL,CARRETERA,NACIONAL,PE-08,-7.20511167,-78.93261833,DESPEJADO,RESIDENCIAL,CURVA,INCLINADA,ASFALTADA,NO,,,SI,IMPRUDENCIA DEL CONDUCTOR,CONDUCIR EN ESTADO DE EBRIEDAD Y/O DROGADICCIÓN,12.0,0,33.0,33.0,32.0,34.0,2,2,1,0,0,0,2
A-2022-11-115,2022-11-11,14:30,CHOQUE,1,0,2,CAJAMARCA,JAEN,JAEN,RURAL,CARRETERA,NACIONAL,PE-5N,-5.7514041,-78.790566,DESPEJADO,RURAL,TRAMO RECTO,PLANA ,ASFALTADA,,,,,EN PROCESO DE INVESTIGACIÓN,NO CUENTA CON CAUSA ESPECIFICA,14.0,0,41.0,41.0,19.0,63.0,2,2,1,0,1,0,2
A-2022-11-161,2022-11-11,14:40,ATROPELLO,1,0,0,LIMA,LIMA,VILLA EL SALVADOR,URBANA,AVENIDA,URBANO,NO CORRESPONDE,-12.21868577027267,-76.94013918025463,DESPEJADO,RESIDENCIAL,INTERSECCIÓN,INCLINADA,ASFALTADA,,,,,EN PROCESO DE INVESTIGACIÓN,NO CUENTA CON CAUSA ESPECIFICA,14.0,0,83.0,83.0,82.0,84.0,2,1,1,0,0,0,2
A-2022-11-171,2022-11-11,14:45,DESPISTE,1,1,1,PIURA,SECHURA,SECHURA,RURAL,CARRETERA,NACIONAL,PE-1NK,-5.840359,-80.850268,DESPEJADO,RURAL,TRAMO RECTO,PLANA ,ASFALTADA,,,,,IMPRUDENCIA DEL CONDUCTOR,EXCESO DE VELOCIDAD,14.0,0,59.0,59.0,59.0,59.0,1,1,1,1,1,0,2
A-2022-11-77,2022-11-11,15:23,ATROPELLO,1,0,0,TACNA,TACNA,TACNA,URBANA,AVENIDA,URBANO,NO CORRESPONDE,-18.003813,-70.258094,DESPEJADO,COMERCIAL,TRAMO RECTO,INCLINADA,ASFALTADA,SI,PREVENTIVA (P),,NO,IMPRUDENCIA DEL CONDUCTOR,OTRO (IMPRUDENCIA DEL CONDUCTOR),15.0,0,58.5,58.5,54.0,63.0,1,1,1,0,1,0,2
A-2022-11-160,2022-11-11,17:20,DESPISTE,1,3,0,LIMA,LIMA,LURIN,URBANA,CARRETERA,NACIONAL,PE-1S,-12.275870433639133,-76.89007762093257,DESPEJADO,INDUSTRIAL,TRAMO RECTO,PLANA ,ASFALTADA,,,,,EN PROCESO DE INVESTIGACIÓN,NO CUENTA CON CAUSA ESPECIFICA,17.0,0,31.333333333333332,33.0,27.0,34.0,2,1,1,3,0,0,4
A-2022-11-76,2022-11-11,18:30,CHOQUE,1,0,2,TACNA,TACNA,SAMA,RURAL,CARRETERA,PROVINCIAL,TA-610,-17.858745,-70.555653,DESPEJADO,RURAL,TRAMO RECTO,PLANA ,ASFALTADA,,,,,IMPRUDENCIA DEL CONDUCTOR,CONDUCIR EN ESTADO DE EBRIEDAD Y/O DROGADICCIÓN,18.0,0,38.0,38.0,28.0,48.0,2,2,1,0,1,0,2
A-2022-11-175,2022-11-11,23:40,ATROPELLO FUGA,1,0,0,JUNIN,HUANCAYO,SICAYA,RURAL,CARRETERA,NACIONAL,PE-3SB,-12.032325,-75.264093,DESPEJADO,RURAL,TRAMO RECTO,PLANA ,ASFALTADA,NO,,,SI,IMPRUDENCIA DEL CONDUCTOR,OTRO (IMPRUDENCIA DEL CONDUCTOR),23.0,0,65.0,65.0,65.0,65.0,1,0,1,0,0,0,2
A-2022-11-139,2022-11-12,05:30,CHOQUE,1,0,0,LIMA,LIMA,SAN MIGUEL,URBANA,AVENIDA,URBANO,NO CORRESPONDE,-12.0770287,-77.0938125,DESPEJADO,COMERCIAL,TRAMO RECTO,PLANA ,ASFALTADA,SI,REGULADORA (R),REGULADORA (R),NO,EN PROCESO DE INVESTIGACIÓN,NO CUENTA CON CAUSA ESPECIFICA,5.0,0,45.5,45.5,37.0,54.0,2,2,1,0,0,0,2
A-2022-11-5,2022-11-12,17:40,ATROPELLO,1,0,1,ICA,ICA,SANTIAGO,URBANA,CARRETERA,NACIONAL,PE-1S,-14.20654449242348,-75.71407415451067,SOLEADO,COMERCIAL,TRAMO RECTO,PLANA ,ASFALTADA,,,,,EN PROCESO DE INVESTIGACIÓN,NO CUENTA CON CAUSA ESPECIFICA,17.0,0,33.0,33.0,20.0,46.0,1,1,1,0,1,0,2
A-2022-11-15,2022-11-12,19:00,ATROPELLO,1,0,1,AREQUIPA,ISLAY,PUNTA DE BOMBON,RURAL,CARRETERA,NACIONAL,PE-1SD,-17.221262,-71.649945,DESPEJADO,RURAL,TRAMO RECTO,PLANA ,ASFALTADA,NO,,,SI,EN PROCESO DE INVESTIGACIÓN,NO CUENTA CON CAUSA ESPECIFICA,19.0,0,39.0,39.0,36.0,42.0,2,1,1,0,1,0,2
A-2022-11-200,2022-11-12,20:00,CHOQUE,1,0,1,PIURA,SULLANA,LANCONES,RURAL,CARRETERA,NACIONAL,PE-1NN,-4.6199069751643655,-80.53929613734319,DESPEJADO,RURAL,TRAMO RECTO,PLANA ,ASFALTADA,,,,,EN PROCESO DE INVESTIGACIÓN,NO CUENTA CON CAUSA ESPECIFICA,20.0,0,42.0,42.0,42.0,42.0,1,1,1,0,0,0,2
A-2022-11-141,2022-11-12,20:10,CHOQUE,1,1,0,LIMA,LIMA,LURIGANCHO,URBANA,CARRETERA,NACIONAL,PE-22,-12.020841026337164,-76.92263775270905,DESPEJADO,INDUSTRIAL,TRAMO RECTO,PLANA ,ASFALTADA,,,,,EN PROCESO DE INVESTIGACIÓN,NO CUENTA CON CAUSA ESPECIFICA,20.0,0,45.5,45.5,37.0,54.0,3,2,1,1,1,0,3
A-2022-11-72,2022-11-12,20:20,ATROPELLO FUGA,1,0,0,HUANUCO,LEONCIO PRADO,LUYANDO,RURAL,CARRETERA,NACIONAL,PE-18A,-9.212693095456332,-75.98727095164786,DESPEJADO,RESIDENCIAL,TRAMO RECTO,PLANA ,ASFALTADA,,,,,EN PROCESO DE INVESTIGACIÓN,NO CUENTA CON CAUSA ESPECIFICA,20.0,0,69.0,69.0,69.0,69.0,0,0,1,0,0,0,2
A-2022-11-6,2022-11-13,03:00,ATROPELLO,1,0,1,ICA,PISCO,PARACAS,RURAL,CARRETERA,NACIONAL,PE-1S,-13.874253,-76.125205,DESPEJADO,RURAL,CURVA,PLANA ,ASFALTADA,,,,,EN PROCESO DE INVESTIGACIÓN,NO CUENTA CON CAUSA ESPECIFICA,3.0,0,37.0,37.0,19.0,55.0,2,1,1,0,1,0,2
A-2022-11-83,2022-11-13,03:00,DESPISTE,1,1,1,LA LIBERTAD,PATAZ,PATAZ,RURAL,CARRETERA,DEPARTAMENTAL,LI-125,-7.778377,-77.592619,DESPEJADO,RURAL,TRAMO RECTO,PLANA ,AFIRMADO,,,,,IMPRUDENCIA DEL CONDUCTOR,OTRO (IMPRUDENCIA DEL CONDUCTOR),3.0,0,28.5,28.5,23.0,34.0,2,1,1,1,1,0,2
A-2022-11-82,2022-11-13,04:30,CHOQUE,2,0,2,LA LIBERTAD,TRUJILLO,HUANCHACO,URBANA,CARRETERA,NACIONAL,PE-1N,-8.088236,-79.096604,DESPEJADO,COMERCIAL,TRAMO RECTO,PLANA ,ASFALTADA,,,,,IMPRUDENCIA DEL CONDUCTOR,CONDUCIR EN ESTADO DE EBRIEDAD Y/O DROGADICCIÓN,4.0,1,43.0,46.0,35.0,48.0,3,2,2,0,2,0,3
A-2022-11-19,2022-11-13,04:40,ATROPELLO FUGA,1,0,1,AREQUIPA,CAYLLOMA,MAJES,URBANA,CARRETERA,DEPARTAMENTAL,AR-108,-16.3472,-72.188856,DESPEJADO,COMERCIAL,TRAMO RECTO,PLANA ,ASFALTADA,,,,,EN PROCESO DE INVESTIGACIÓN,NO CUENTA CON CAUSA ESPECIFICA,4.0,0,48.0,48.0,48.0,48.0,1,0,1,0,0,0,2
A-2022-11-191,2022-11-13,07:35,CHOQUE,1,1,0,MADRE DE DIOS,TAMBOPATA,TAMBOPATA,URBANA,AVENIDA,URBANO,NO CORRESPONDE,-12.596005,-69.180265,,,,,,,,,,EN PROCESO DE INVESTIGACIÓN,NO CUENTA CON CAUSA ESPECIFICA,7.0,0,44.333333333333336,35.0,26.0,72.0,2,2,1,1,0,0,3
A-2022-11-16,2022-11-13,17:00,VOLCADURA,1,0,1,AREQUIPA,AREQUIPA,LA JOYA,URBANA,CALLE,URBANO,NO CORRESPONDE,-16.498478,-71.846176,DESPEJADO,RESIDENCIAL,INTERSECCIÓN,PLANA ,ASFALTADA,,,,,EN PROCESO DE INVESTIGACIÓN,NO CUENTA CON CAUSA ESPECIFICA,17.0,0,33.0,33.0,33.0,33.0,0,1,1,0,0,0,1
A-2022-11-233,2022-11-13,18:50,CHOQUE,1,0,0,LIMA,LIMA,SAN MARTIN DE PORRES,URBANA,AVENIDA,URBANO,NO CORRESPONDE,-11.990969413669056,-77.08949531896536,DESPEJADO,RESIDENCIAL,TRAMO RECTO,PLANA ,ASFALTADA,,,,,IMPRUDENCIA DEL CONDUCTOR,EXCESO DE VELOCIDAD,18.0,0,35.5,35.5,23.0,48.0,2,2,1,0,2,0,2
A-2022-11-52,2022-11-13,20:00,DESPISTE,2,1,1,PUNO,PUNO,CAPACHICA,RURAL,CARRETERA,PROVINCIAL,PU-926,-15.653018444546808,-69.84491587173731,DESPEJADO,RURAL,CURVA,PLANA ,ASFALTADA,,,,,IMPRUDENCIA DEL CONDUCTOR,CONDUCIR EN ESTADO DE EBRIEDAD Y/O DROGADICCIÓN,20.0,1,42.666666666666664,43.0,39.0,46.0,3,1,2,1,1,0,3
A-2022-11-45,2022-11-13,22:05,CHOQUE,1,2,1,ANCASH,CARHUAZ,MARCARA,RURAL,CARRETERA,PROVINCIAL,AN-784,-9.322360093966331,-77.60572180915618,DESPEJADO,RURAL,TRAMO RECTO,INCLINADA,ASFALTADA,NO,,,SI,IMPRUDENCIA DEL CONDUCTOR,INVASIÓN DE CARRIL,22.0,0,39.666666666666664,45.0,19.0,55.0,2,2,1,2,1,0,3
A-2022-11-142,2022-11-13,23:15,DESPISTE,1,0,0,LIMA,LIMA,LOS OLIVOS,URBANA,AVENIDA,URBANO,NO CORRESPONDE,-11.9632331,-77.07862223,DESPEJADO,RESIDENCIAL,TRAMO RECTO,PLANA ,ASFALTADA,,,,,EN PROCESO DE INVESTIGACIÓN,NO CUENTA CON CAUSA ESPECIFICA,23.0,0,26.0,26.0,26.0,26.0,1,1,1,0,0,0,1
A-2022-11-162,2022-11-14,00:30,ATROPELLO FUGA,1,0,0,LIMA,LIMA,LURIGANCHO,URBANA,CALLE,URBANO,NO CORRESPONDE,-11.938774046417786,-76.71391904540896,DESPEJADO,RESIDENCIAL,INTERSECCIÓN,INCLINADA,ASFALTADA,,,,,EN PROCESO DE INVESTIGACIÓN,NO CUENTA CON CAUSA ESPECIFICA,0.0,0,27.0,27.0,27.0,27.0,1,0,1,0,0,0,2
A-2022-11-101,2022-11-14,15:40,CHOQUE,1,0,0,ANCASH,SANTA,NUEVO CHIMBOTE,URBANA,CARRETERA,NACIONAL,PE-1N,-9.154906856773838,-78.50250768004118,DESPEJADO,INDUSTRIAL,TRAMO RECTO,PLANA ,ASFALTADA,,,,,EN PROCESO DE INVESTIGACIÓN,NO CUENTA CON CAUSA ESPECIFICA,15.0,0,37.5,37.5,31.0,44.0,2,2,1,0,2,0,2
A-2022-11-168,2022-11-14,16:30,DESPISTE,2,5,1,JUNIN,JAUJA,CURICACA,URBANA,CARRETERA,NACIONAL,PE-3S,-11.763505,-75.713138,DESPEJADO,RURAL,CURVA,PLANA ,ASFALTADA,,,,,IMPRUDENCIA DEL CONDUCTOR,FATIGA Y/O CANSANCIO,16.0,1,46.125,44.0,33.0,68.0,1,1,2,5,1,0,8
A-2022-11-187,2022-11-14,16:30,CHOQUE,1,0,0,MADRE DE DIOS,TAMBOPATA,LABERINTO,RURAL,CARRETERA,NACIONAL,PE-30C,-12.753833,-69.554536,,,,,,,,,,EN PROCESO DE INVESTIGACIÓN,NO CUENTA CON CAUSA ESPECIFICA,16.0,0,35.5,35.5,34.0,37.0,2,2,1,0,0,0,2
A-2022-11-89,2022-11-14,19:20,DESPISTE,1,0,0,APURIMAC,ABANCAY,TAMBURCO,RURAL,CARRETERA,SIN CLASIFICAR,SIN CLASIFICAR,-13.593276620363026,-72.85784924896922,,,,,,,,,,EN PROCESO DE INVESTIGACIÓN,NO CUENTA CON CAUSA ESPECIFICA,19.0,0,50.0,50.0,50.0,50.0,1,1,1,0,0,0,1
A-2022-11-23,2022-11-15,06:00,VOLCADURA,1,0,1,AREQUIPA,CAYLLOMA,MAJES,URBANA,CARRETERA,DEPARTAMENTAL,AR-109,-16.309005,-72.173148,DESPEJADO,COMERCIAL,TRAMO RECTO,PLANA ,TROCHA,,,,,EN PROCESO DE INVESTIGACIÓN,NO CUENTA CON CAUSA ESPECIFICA,6.0,0,36.0,36.0,36.0,36.0,1,1,1,0,0,0,1