CODIGO_SINIESTRO,FECHA_SINIESTRO,HORA_SINIESTRO,CLASE_SINIESTRO,CANTIDAD_FALLECIDOS,CANTIDAD_LESIONADOS,CANTIDAD_VEHICULOS,DEPARTAMENTO,PROVINCIA,DISTRITO,ZONA,TIPO_VIA,RED_VIAL,COD_CARRETERA,LATITUD,LONGITUD,CONDICION_CLIMATICA,ZONIFICACION,CARACTERISTICAS_VIA,PERFIL_VIA,SUPERFICIE_CALZADA,EXISTE_SENIAL_VERTICAL,CLASIFICACION_SENIAL_VERTICAL_1,CLASIFICACION_SENIAL_VERTICAL_2,EXISTE_SENIAL_HORIZONTAL,CAUSA_FACTOR_PRINCIPAL,CAUSA_ESPECIFICA,HORA,severidad,EDAD_PROMEDIO,EDAD_MEDIANA,EDAD_MIN,EDAD_MAX,TOTAL_MASCULINOS,TOTAL_CONDUCTORES,TOTAL_FALLECIDOS_AGG,TOTAL_LESIONADOS_AGG,TOTAL_LICENCIA,TOTAL_ALCOHOL_POSITIVO,TOTAL_PERSONAS
A-2022-12-221,2022-12-30,11:30,CHOQUE CON OBJETO FIJO,1,0,1,PIURA,SULLANA,SULLANA,RURAL,CARRETERA,PROVINCIAL,PI-579,-4.907168007108716,-80.63694425970394,DESPEJADO,RURAL,OTRO,PLANA ,AFIRMADO,,,,,IMPRUDENCIA DEL CONDUCTOR,OTRO (IMPRUDENCIA DEL CONDUCTOR),11.0,0,29.0,29.0,29.0,29.0,1,1,1,0,1,0,1
A-2022-12-92,2022-12-30,20:40,ATROPELLO,1,0,1,LAMBAYEQUE,CHICLAYO,CHICLAYO,URBANA,AVENIDA,URBANO,NO CORRESPONDE,-6.7644239,-79.8592299,DESPEJADO,RESIDENCIAL,INTERSECCIÓN,PLANA ,ASFALTADA,,,,,EN PROCESO DE INVESTIGACIÓN,NO CUENTA CON CAUSA ESPECIFICA,20.0,0,61.0,61.0,56.0,66.0,1,1,1,0,0,1,2
A-2022-12-54,2022-12-31,01:50,ATROPELLO FUGA,1,0,0,PUNO,CHUCUITO,DESAGUADERO,RURAL,CARRETERA,NACIONAL,PE-3S,-16.546402039438025,-69.05188392863842,DESPEJADO,RURAL,TRAMO RECTO,PLANA ,ASFALTADA,,,,,IMPRUDENCIA DEL CONDUCTOR,EXCESO DE VELOCIDAD,1.0,0,37.0,37.0,37.0,37.0,1,0,1,0,0,0,2
A-2022-12-127,2022-12-31,03:30,CHOQUE,1,0,2,LAMBAYEQUE,LAMBAYEQUE,OLMOS,RURAL,CARRETERA,NACIONAL,PE-1NJ,-5.8471795,-79.8080689,DESPEJADO,RURAL,TRAMO RECTO,PLANA ,ASFALTADA,,,,,EN PROCESO DE INVESTIGACIÓN,NO CUENTA CON CAUSA ESPECIFICA,3.0,0,58.5,58.5,53.0,64.0,2,2,1,0,1,0,2
A-2022-12-115,2022-12-31,04:40,ATROPELLO,1,0,1,PUNO,SAN ROMAN,JULIACA,RURAL,CARRETERA,NACIONAL,PE-34A,-15.519566454491216,-70.17767871292796,DESPEJADO,RURAL,TRAMO RECTO,PLANA ,ASFALTADA,,,,,IMPRUDENCIA DEL PEATÓN,CRUCE INDEBIDO POR LA CALZADA,4.0,0,26.0,26.0,21.0,31.0,2,1,1,0,1,0,2
A-2022-12-225,2022-12-31,16:00,ATROPELLO,1,0,2,LORETO,MAYNAS,PUNCHANA,URBANA,CARRETERA,NACIONAL,PE-5NI,-3.7229428,-73.2412068,DESPEJADO,COMERCIAL,TRAMO RECTO,PLANA ,ASFALTADA,,,,,IMPRUDENCIA DEL PEATÓN,ESTADO DE EBRIEDAD Y/O DROGADICCIÓN,16.0,0,53.0,53.0,51.0,55.0,2,1,1,0,1,0,2
A-2022-12-76,2022-12-31,17:30,DESPISTE,1,0,1,LA LIBERTAD,TRUJILLO,SALAVERRY,RURAL,CARRETERA,NACIONAL,PE-1N,-8.179401,-78.991284,DESPEJADO,RURAL,TRAMO RECTO,PLANA ,ASFALTADA,,,,,EN PROCESO DE INVESTIGACIÓN,NO CUENTA CON CAUSA ESPECIFICA,17.0,0,37.0,37.0,15.0,59.0,2,1,1,0,1,0,2
A-2022-12-77,2022-12-31,21:50,ATROPELLO,1,0,1,LA LIBERTAD,ASCOPE,CHICAMA,RURAL,CARRETERA,NACIONAL,PE-1N,-7.868086,-79.135907,DESPEJADO,RURAL,TRAMO RECTO,PLANA ,ASFALTADA,,,,,IMPRUDENCIA DEL CONDUCTOR,OTRO (IMPRUDENCIA DEL CONDUCTOR),21.0,0,39.0,39.0,28.0,50.0,2,1,1,0,1,0,2
A-2022-12-223,2022-12-31,23:00,ATROPELLO FUGA,1,0,0,PIURA,SULLANA,SULLANA,URBANA,AVENIDA,URBANO,NO CORRESPONDE,-4.904666656939374,-80.70136042978902,DESPEJADO,RURAL,INTERSECCIÓN,PLANA ,ASFALTADA,SI,PREVENTIVA (P),,NO,EN PROCESO DE INVESTIGACIÓN,NO CUENTA CON CAUSA ESPECIFICA,23.0,0,29.0,29.0,29.0,29.0,1,0,1,0,0,0,2
A-2022-12-215,2022-12-31,23:15,ATROPELLO FUGA,1,0,0,LIMA,LIMA,ANCON,URBANA,CARRETERA,NACIONAL,PE-1N,-11.7849027,-77.1545913,,,,,,,,,,EN PROCESO DE INVESTIGACIÓN,NO CUENTA CON CAUSA ESPECIFICA,23.0,0,,,,,1,0,1,0,0,0,2
A-2022-12-229,2022-12-31,23:15,ATROPELLO FUGA,1,0,0,LIMA,LIMA,ANCON,URBANA,CARRETERA,NACIONAL,PE-1N,-11.783896,-77.155454,DESPEJADO,RURAL,TRAMO RECTO,PLANA ,ASFALTADA,,,,,EN PROCESO DE INVESTIGACIÓN,NO CUENTA CON CAUSA ESPECIFICA,23.0,0,36.0,36.0,36.0,36.0,1,0,1,0,0,0,2
A-2023-01-12,2023-01-01,04:00,DESPISTE,1,7,1,ANCASH,HUARI,PONTO,RURAL,CARRETERA,PROVINCIAL,AN-706,-9.34163050225724,-77.0352685109,DESPEJADO,RURAL,CURVA,INCLINADA,TROCHA,,,,,EN PROCESO DE INVESTIGACIÓN,NO CUENTA CON CAUSA ESPECIFICA,4.0,0,33.625,34.0,20.0,49.0,7,1,1,7,1,0,8
A-2023-01-130,2023-01-01,04:30,CHOQUE,1,0,0,LIMA,LIMA,LURIGANCHO,URBANA,CARRETERA,NACIONAL,PE-22,-12.02115428,-76.92843602,DESPEJADO,INDUSTRIAL,TRAMO RECTO,PLANA ,ASFALTADA,,,,,IMPRUDENCIA DEL CONDUCTOR,CONDUCIR EN ESTADO DE EBRIEDAD Y/O DROGADICCIÓN,4.0,0,35.0,35.0,28.0,42.0,2,2,1,0,2,0,2
A-2023-01-26,2023-01-01,05:30,DESPISTE,2,4,1,LA LIBERTAD,GRAN CHIMU,MARMOT,RURAL,CARRETERA,SIN CLASIFICAR,SIN CLASIFICAR,-7.6954995974872,-78.6316271126678,DESPEJADO,RURAL,TRAMO RECTO,PLANA ,AFIRMADO,,,,,IMPRUDENCIA DEL CONDUCTOR,OTRO (IMPRUDENCIA DEL CONDUCTOR),5.0,1,37.857142857142854,39.0,24.0,52.0,7,0,2,4,0,0,7
A-2023-01-20,2023-01-01,06:00,DESPISTE,1,0,1,ICA,ICA,SAN JOSE DE LOS MOLINOS,URBANA,CARRETERA,NACIONAL,PE-1SC,-13.945351,-75.680238,DESPEJADO,RESIDENCIAL,TRAMO RECTO,PLANA ,ASFALTADA,,,,,EN PROCESO DE INVESTIGACIÓN,NO CUENTA CON CAUSA ESPECIFICA,6.0,0,30.0,30.0,30.0,30.0,1,1,1,0,0,0,1
A-2023-01-109,2023-01-01,07:10,DESPISTE,1,0,1,MOQUEGUA,ILO,PACOCHA,RURAL,CARRETERA,NACIONAL,PE-1SD,-17.54765,-71.361506,DESPEJADO,RURAL,TRAMO RECTO,PLANA ,ASFALTADA,SI,PREVENTIVA (P),,SI,IMPRUDENCIA DEL CONDUCTOR,FATIGA Y/O CANSANCIO,7.0,0,32.0,32.0,32.0,32.0,1,1,1,0,1,0,1
A-2023-01-27,2023-01-01,10:10,CHOQUE,1,0,2,LA LIBERTAD,PACASMAYO,PACASMAYO,RURAL,CARRETERA,NACIONAL,PE-1N,-7.392707921590365,-79.55616788912027,DESPEJADO,RURAL,TRAMO RECTO,PLANA ,ASFALTADA,,,,,EN PROCESO DE INVESTIGACIÓN,NO CUENTA CON CAUSA ESPECIFICA,10.0,0,50.0,50.0,38.0,62.0,2,2,1,0,1,0,2
A-2023-01-131,2023-01-01,10:50,CHOQUE,1,1,0,LIMA,LIMA,CHORRILLOS,URBANA,AVENIDA,URBANO,NO CORRESPONDE,-12.18744311,-76.995348,DESPEJADO,RESIDENCIAL,INTERSECCIÓN,PLANA ,ASFALTADA,,,,,IMPRUDENCIA DEL CONDUCTOR,OTRO (IMPRUDENCIA DEL CONDUCTOR),10.0,0,47.666666666666664,54.0,31.0,58.0,2,2,1,1,1,0,3
A-2023-01-28,2023-01-01,13:00,CHOQUE FUGA,1,0,1,LA LIBERTAD,TRUJILLO,HUANCHACO,URBANA,CARRETERA,NACIONAL,PE-1N,-8.086548612579318,-79.09628712208378,DESPEJADO,INDUSTRIAL,ÓVALO,INCLINADA,ASFALTADA,,,,,EN PROCESO DE INVESTIGACIÓN,NO CUENTA CON CAUSA ESPECIFICA,13.0,0,20.0,20.0,19.0,21.0,2,1,1,0,0,0,3
A-2023-01-32,2023-01-01,14:50,ATROPELLO,1,0,1,CUSCO,ANTA,ANTA,RURAL,CARRETERA,NACIONAL,PE-3S,-13.485952609764276,-72.16745477434834,DESPEJADO,RURAL,TRAMO RECTO,PLANA ,ASFALTADA,,,,,IMPRUDENCIA DEL CONDUCTOR,EXCESO DE VELOCIDAD,14.0,0,19.0,19.0,17.0,21.0,1,1,1,0,0,0,2
A-2023-01-7,2023-01-01,18:30,DESPISTE,1,1,1,PUNO,CHUCUITO,DESAGUADERO,RURAL,CARRETERA,SIN CLASIFICAR,SIN CLASIFICAR,-16.640263,-69.105227,DESPEJADO,RURAL,TRAMO RECTO,PLANA ,TROCHA,,,,,IMPRUDENCIA DEL CONDUCTOR,CONDUCIR EN ESTADO DE EBRIEDAD Y/O DROGADICCIÓN,18.0,0,36.0,36.0,33.0,39.0,2,1,1,1,0,0,2
A-2023-01-9,2023-01-01,19:00,ATROPELLO FUGA,1,0,0,PUNO,YUNGUYO,YUNGUYO,URBANA,CALLE,URBANO,NO CORRESPONDE,-16.30571841773991,-69.07482239581564,DESPEJADO,RURAL,TRAMO RECTO,PLANA ,TROCHA,,,,,IMPRUDENCIA DEL CONDUCTOR,OTRO (IMPRUDENCIA DEL CONDUCTOR),19.0,0,72.0,72.0,72.0,72.0,1,0,1,0,0,0,2
A-2023-01-8,2023-01-01,19:35,DESPISTE,1,0,1,PUNO,YUNGUYO,YUNGUYO,RURAL,CARRETERA,DEPARTAMENTAL,PU-130,-16.28830931265595,-69.0744135791099,DESPEJADO,RURAL,TRAMO RECTO,PLANA ,ASFALTADA,,,,,IMPRUDENCIA DEL CONDUCTOR,OTRO (IMPRUDENCIA DEL CONDUCTOR),19.0,0,40.0,40.0,40.0,40.0,1,1,1,0,0,0,1
A-2023-01-6,2023-01-01,22:09,CHOQUE,1,3,2,PUNO,PUNO,PAUCARCOLLA,RURAL,CARRETERA,NACIONAL,PE-3S,-15.755179,-70.051617,DESPEJADO,RURAL,CURVA,PLANA ,ASFALTADA,,,,,IMPRUDENCIA DEL CONDUCTOR,CONDUCIR EN ESTADO DE EBRIEDAD Y/O DROGADICCIÓN,22.0,0,33.0,31.0,26.0,42.0,4,2,1,3,1,0,4
A-2023-01-120,2023-01-01,22:58,CHOQUE,1,0,2,ANCASH,SANTA,COISHCO,URBANA,CARRETERA,NACIONAL,PE-1N,-9.019175,-78.616854,DESPEJADO,RURAL,TRAMO RECTO,PLANA ,CONCRETO,,,,,IMPRUDENCIA DEL CONDUCTOR,INVASIÓN DE CARRIL,22.0,0,36.5,36.5,29.0,44.0,2,2,1,0,2,1,2
A-2023-01-157,2023-01-02,00:50,ATROPELLO FUGA,1,0,0,LIMA,LIMA,RIMAC,URBANA,CARRETERA,NACIONAL,PE-1N,-12.040883004231532,-77.03392535182245,DESPEJADO,COMERCIAL,TRAMO RECTO,PLANA ,ASFALTADA,,,,,IMPRUDENCIA DEL CONDUCTOR,OTRO (IMPRUDENCIA DEL CONDUCTOR),0.0,0,66.0,66.0,66.0,66.0,0,0,1,0,0,0,2
A-2023-01-132,2023-01-02,03:30,ATROPELLO,1,0,0,LIMA,LIMA,SAN JUAN DE MIRAFLORES,URBANA,CARRETERA,NACIONAL,PE-1S,-12.162271,-76.981829,DESPEJADO,COMERCIAL,TRAMO RECTO,PLANA ,ASFALTADA,,,,,IMPRUDENCIA DEL PEATÓN,CRUCE INDEBIDO POR LA CALZADA,3.0,0,38.0,38.0,25.0,51.0,2,1,1,0,1,0,2
A-2023-01-136,2023-01-02,04:10,CHOQUE,1,0,0,LIMA,LIMA,PUENTE PIEDRA,URBANA,CARRETERA,NACIONAL,PE-1N,-11.856181,-77.085165,DESPEJADO,COMERCIAL,TRAMO RECTO,PLANA ,ASFALTADA,,,,,IMPRUDENCIA DEL CONDUCTOR,OTRO (IMPRUDENCIA DEL CONDUCTOR),4.0,0,33.5,33.5,31.0,36.0,2,2,1,0,1,0,2
A-2023-01-1,2023-01-02,05:30,CHOQUE FUGA,1,0,1,HUANUCO,LEONCIO PRADO,JOSE CRESPO Y CASTILLO,RURAL,CARRETERA,NACIONAL,PE-5N,-8.908303,-76.093992,DESPEJADO,RURAL,TRAMO RECTO,PLANA ,ASFALTADA,SI,REGULADORA (R),,SI,EN PROCESO DE INVESTIGACIÓN,NO CUENTA CON CAUSA ESPECIFICA,5.0,0,32.0,32.0,32.0,32.0,1,1,1,0,0,0,2
A-2023-01-5,2023-01-02,12:30,CHOQUE,1,0,2,TACNA,TACNA,LA YARADA LOS PALOS,RURAL,CARRETERA,NACIONAL,PE-1SD,-18.118923,-70.375177,DESPEJADO,RURAL,TRAMO RECTO,PLANA ,ASFALTADA,,,,,IMPRUDENCIA DEL CONDUCTOR,CONDUCIR EN ESTADO DE EBRIEDAD Y/O DROGADICCIÓN,12.0,0,31.0,31.0,28.0,34.0,2,2,1,0,1,0,2
A-2023-01-3,2023-01-02,14:10,CHOQUE,1,0,2,HUANUCO,LEONCIO PRADO,RUPA-RUPA,URBANA,JIRÓN,URBANO,NO CORRESPONDE,-9.303110794197345,-76.00091655326621,DESPEJADO,COMERCIAL,INTERSECCIÓN,PLANA ,CONCRETO,NO,,,SI,IMPRUDENCIA DEL CONDUCTOR,OTRO (IMPRUDENCIA DEL CONDUCTOR),14.0,0,56.0,56.0,46.0,66.0,1,1,1,0,1,0,2
A-2023-01-2,2023-01-02,14:30,CHOQUE,1,0,2,HUANUCO,MARAÑON,CHOLON,RURAL,CARRETERA,NACIONAL,PE-12A,-8.611078754179244,-76.62656868189325,DESPEJADO,RURAL,CURVA,INCLINADA,AFIRMADO,,,,,EN PROCESO DE INVESTIGACIÓN,NO CUENTA CON CAUSA ESPECIFICA,14.0,0,29.0,29.0,23.0,35.0,2,2,1,0,1,0,2
A-2023-01-69,2023-01-02,19:00,CHOQUE,1,3,2,CUSCO,CANAS,LAYO,RURAL,CARRETERA,NACIONAL,PE-3S,-14.45243,-71.07294,DESPEJADO,RURAL,TRAMO RECTO,PLANA ,ASFALTADA,SI,PREVENTIVA (P),,SI,IMPRUDENCIA DEL CONDUCTOR,EXCESO DE VELOCIDAD,19.0,0,34.0,36.0,19.0,45.0,4,2,1,3,2,0,5
A-2023-01-30,2023-01-02,19:20,CHOQUE,1,1,2,CUSCO,URUBAMBA,YUCAY,RURAL,CARRETERA,NACIONAL,PE-28B,-13.329805040296536,-72.07244714749359,DESPEJADO,RURAL,TRAMO RECTO,PLANA ,ASFALTADA,,,,,IMPRUDENCIA DEL CONDUCTOR,OTRO (IMPRUDENCIA DEL CONDUCTOR),19.0,0,18.0,18.5,7.0,28.0,4,2,1,1,1,0,4
A-2023-01-29,2023-01-03,05:30,ATROPELLO,1,0,2,LA LIBERTAD,TRUJILLO,HUANCHACO,RURAL,CARRETERA,SIN CLASIFICAR,SIN CLASIFICAR,-8.009822,-79.048239,DESPEJADO,COMERCIAL,TRAMO RECTO,PLANA ,CONCRETO,,,,,IMPRUDENCIA DEL CONDUCTOR,OTRO (IMPRUDENCIA DEL CONDUCTOR),5.0,0,44.0,42.0,35.0,55.0,3,2,1,0,1,0,3
A-2023-01-133,2023-01-03,11:00,ATROPELLO,1,0,0,LIMA,LIMA,COMAS,URBANA,JIRÓN,URBANO,NO CORRESPONDE,-11.93560076,-77.05045653,DESPEJADO,RESIDENCIAL,TRAMO RECTO,PLANA ,ASFALTADA,NO,,,SI,IMPRUDENCIA DEL PEATÓN,OTRO (IMPRUDENCIA DEL PEATÓN),11.0,0,28.5,28.5,3.0,54.0,2,1,1,0,1,0,2
A-2023-01-134,2023-01-04,04:30,CHOQUE,1,0,0,LIMA,LIMA,SANTIAGO DE SURCO,URBANA,CARRETERA,NACIONAL,PE-1S,-12.131482,-76.978481,DESPEJADO,COMERCIAL,TRAMO RECTO,PLANA ,ASFALTADA,,,,,IMPRUDENCIA DEL CONDUCTOR,OTRO (IMPRUDENCIA DEL CONDUCTOR),4.0,0,33.5,33.5,21.0,46.0,2,2,1,0,2,0,2
A-2023-01-115,2023-01-04,11:30,CAÍDA DE PASAJERO,1,0,0,PIURA,PIURA,LA ARENA,URBANA,CARRETERA,PROVINCIAL,PI-1011,-5.3148116,-80.713105,DESPEJADO,RURAL,TRAMO RECTO,PLANA ,ASFALTADA,,,,,IMPRUDENCIA DEL CONDUCTOR,OTRO (IMPRUDENCIA DEL CONDUCTOR),11.0,0,43.5,43.5,33.0,54.0,2,1,1,0,1,0,2
A-2023-01-4,2023-01-04,17:30,ATROPELLO,1,0,1,HUANUCO,LEONCIO PRADO,PUEBLO NUEVO,RURAL,CARRETERA,NACIONAL,PE-5N,-9.089441171810178,-76.0609985078864,DESPEJADO,RURAL,TRAMO RECTO,PLANA ,ASFALTADA,,,,,EN PROCESO DE INVESTIGACIÓN,NO CUENTA CON CAUSA ESPECIFICA,17.0,0,22.0,22.0,7.0,37.0,2,1,1,0,0,0,2
A-2023-01-18,2023-01-04,19:00,DESPISTE,1,0,1,HUANCAVELICA,ANGARAES,LIRCAY,RURAL,CARRETERA,DEPARTAMENTAL,HV-116,-13.0339453612334,-74.7998877037061,DESPEJADO,RURAL,TRAMO RECTO,INCLINADA,AFIRMADO,,,,,EN PROCESO DE INVESTIGACIÓN,NO CUENTA CON CAUSA ESPECIFICA,19.0,0,,,,,1,1,1,0,0,0,1
A-2023-01-116,2023-01-04,21:10,DESPISTE,1,0,1,PIURA,PIURA,PIURA,URBANA,AVENIDA,URBANO,NO CORRESPONDE,-5.181645,-80.640006,DESPEJADO,COMERCIAL,INTERSECCIÓN,PLANA ,ASFALTADA,,,,,IMPRUDENCIA DEL CONDUCTOR,CONDUCIR EN ESTADO DE EBRIEDAD Y/O DROGADICCIÓN,21.0,0,46.0,46.0,46.0,46.0,1,1,1,0,1,1,1
A-2023-01-61,2023-01-05,20:44,ATROPELLO FUGA,1,0,0,JUNIN,HUANCAYO,SAÑO,URBANA,CARRETERA,NACIONAL,PE-3S,-11.96927,-75.269729,DESPEJADO,COMERCIAL,TRAMO RECTO,INCLINADA,ASFALTADA,,,,,IMPRUDENCIA DEL PEATÓN,ESTADO DE EBRIEDAD Y/O DROGADICCIÓN,20.0,0,55.0,55.0,55.0,55.0,1,0,1,0,0,0,2
A-2023-01-353,2023-01-06,07:30,ATROPELLO,1,0,1,LIMA,BARRANCA,SUPE PUERTO,URBANA,CARRETERA,NACIONAL,PE-1N,-10.77952196,-77.71843618,DESPEJADO,INDUSTRIAL,TRAMO RECTO,PLANA ,ASFALTADA,,,,,IMPRUDENCIA DEL CONDUCTOR,OTRO (IMPRUDENCIA DEL CONDUCTOR),7.0,0,72.5,72.5,63.0,82.0,1,1,1,0,1,0,2
A-2023-01-77,2023-01-06,20:00,CHOQUE CON OBJETO FIJO,1,2,5,CAJAMARCA,SAN IGNACIO,SAN IGNACIO,URBANA,AVENIDA,URBANO,NO CORRESPONDE,-5.14076333,-78.999626167,SOLEADO,RESIDENCIAL,TRAMO RECTO,INCLINADA,ASFALTADA,,,,,NEGLIGENCIA DEL CONDUCTOR,CONDUCIR CON FALLAS DE FRENOS,20.0,0,31.5,29.5,21.0,46.0,4,1,1,2,0,0,8
A-2023-01-347,2023-01-07,04:40,ATROPELLO,1,0,0,LIMA,LIMA,CARABAYLLO,URBANA,AVENIDA,URBANO,NO CORRESPONDE,-11.89564768,-77.02957181,DESPEJADO,COMERCIAL,INTERSECCIÓN,INCLINADA,ASFALTADA,,,,,IMPRUDENCIA DEL CONDUCTOR,OTRO (IMPRUDENCIA DEL CONDUCTOR),4.0,0,67.5,67.5,57.0,78.0,2,1,1,0,1,0,2
A-2023-01-119,2023-01-07,06:15,ATROPELLO,1,0,1,PIURA,PIURA,CATACAOS,URBANA,CARRETERA,NACIONAL,PE-1NK,-5.243447,-80.649673,DESPEJADO,COMERCIAL,TRAMO RECTO,PLANA ,ASFALTADA,,,,,IMPRUDENCIA DEL CONDUCTOR,INVASIÓN DE CARRIL,6.0,0,50.5,50.5,32.0,69.0,2,1,1,0,0,0,2
A-2023-01-34,2023-01-07,14:00,DESPISTE,7,3,1,ANCASH,SIHUAS,SIHUAS,RURAL,CARRETERA,NACIONAL,PE-12A,-8.555527568174606,-77.63024466024649,DESPEJADO,RURAL,CURVA,PLANA ,ASFALTADA,,,,,EN PROCESO DE INVESTIGACIÓN,NO CUENTA CON CAUSA ESPECIFICA,14.0,2,39.7,38.0,26.0,62.0,7,1,7,3,1,0,10
A-2023-01-76,2023-01-07,20:00,CHOQUE,1,0,2,CAJAMARCA,CAJAMARCA,LLACANORA,RURAL,CARRETERA,NACIONAL,PE-3N,-7.207936,-78.393538,DESPEJADO,RURAL,CURVA,INCLINADA,ASFALTADA,SI,REGULADORA (R),PREVENTIVA (P),SI,EN PROCESO DE INVESTIGACIÓN,NO CUENTA CON CAUSA ESPECIFICA,20.0,0,35.5,35.5,29.0,42.0,2,2,1,0,0,0,2
A-2023-01-10,2023-01-08,07:10,CHOQUE,1,0,2,PUNO,PUNO,PUNO,URBANA,JIRÓN,URBANO,NO CORRESPONDE,-15.8463798,-70.0233266,DESPEJADO,COMERCIAL,OTRO,PLANA ,ASFALTADA,,,,,IMPRUDENCIA DEL CONDUCTOR,OTRO (IMPRUDENCIA DEL CONDUCTOR),7.0,0,55.5,55.5,44.0,67.0,2,2,1,0,1,0,2
A-2023-01-135,2023-01-08,10:00,ATROPELLO,1,1,0,LIMA,LIMA,CIENEGUILLA,URBANA,AVENIDA,URBANO,NO CORRESPONDE,-12.08735903,-76.86337844,DESPEJADO,COMERCIAL,TRAMO RECTO,PLANA ,ASFALTADA,,,,,EN PROCESO DE INVESTIGACIÓN,NO CUENTA CON CAUSA ESPECIFICA,10.0,0,20.333333333333332,14.0,9.0,38.0,3,1,1,1,1,0,3
A-2023-01-38,2023-01-08,10:50,CHOQUE,1,0,2,LA LIBERTAD,PACASMAYO,PACASMAYO,URBANA,AVENIDA,URBANO,NO CORRESPONDE,-7.412962230806217,-79.56325653905785,DESPEJADO,COMERCIAL,INTERSECCIÓN,PLANA ,ASFALTADA,,,,,IMPRUDENCIA DEL CONDUCTOR,EXCESO DE VELOCIDAD,10.0,0,19.666666666666668,21.0,3.0,35.0,2,2,1,0,1,0,3
A-2023-01-14,2023-01-08,15:05,VOLCADURA,1,0,1,AREQUIPA,ISLAY,ISLAY,RURAL,CARRETERA,NACIONAL,PE-34,-16.963416,-72.056223,DESPEJADO,RURAL,CURVA,PLANA ,ASFALTADA,NO,,,SI,EN PROCESO DE INVESTIGACIÓN,NO CUENTA CON CAUSA ESPECIFICA,15.0,0,29.0,29.0,29.0,29.0,1,1,1,0,1,0,1
A-2023-01-40,2023-01-08,18:00,DESPISTE,1,5,1,LA LIBERTAD,ASCOPE,CHOCOPE,RURAL,CARRETERA,NACIONAL,PE-1N,-7.7883674,-79.2343937,DESPEJADO,RURAL,TRAMO RECTO,PLANA ,ASFALTADA,,,,,EN PROCESO DE INVESTIGACIÓN,NO CUENTA CON CAUSA ESPECIFICA,18.0,0,22.714285714285715,17.0,1.0,59.0,4,1,1,5,1,0,7
A-2023-01-354,2023-01-10,06:30,DESPISTE,1,2,0,JUNIN,CHANCHAMAYO,PERENE,RURAL,CARRETERA,NACIONAL,PE-5S,-10.9322421968806,-75.1413398635242,,,,,,,,,,EN PROCESO DE INVESTIGACIÓN,NO CUENTA CON CAUSA ESPECIFICA,6.0,0,33.25,30.0,19.0,54.0,2,1,1,2,0,0,4
A-2023-01-88,2023-01-10,07:30,CHOQUE,1,0,2,LAMBAYEQUE,CHICLAYO,TUMAN,RURAL,CARRETERA,PROVINCIAL,LA-760,-6.7847904,-79.6857552,DESPEJADO,RURAL,TRAMO RECTO,PLANA ,ASFALTADA,,,,,EN PROCESO DE INVESTIGACIÓN,NO CUENTA CON CAUSA ESPECIFICA,7.0,0,37.5,37.5,22.0,53.0,2,2,1,0,1,0,2
A-2023-01-101,2023-01-10,08:00,DESPISTE,1,3,1,JUNIN,YAULI,MOROCOCHA,RURAL,CARRETERA,NACIONAL,PE-22,-11.5905703206316,-76.0732114912677,DESPEJADO,RURAL,TRAMO RECTO,INCLINADA,ASFALTADA,SI,REGULADORA (R),PREVENTIVA (P),SI,EN PROCESO DE INVESTIGACIÓN,NO CUENTA CON CAUSA ESPECIFICA,8.0,0,35.5,39.5,6.0,57.0,2,1,1,3,1,0,4
A-2023-01-55,2023-01-11,01:50,ATROPELLO FUGA,1,0,0,AREQUIPA,AREQUIPA,CERRO COLORADO,URBANA,CARRETERA,NACIONAL,PE-34A,-16.34020780458742,-71.58874609128446,DESPEJADO,COMERCIAL,PUENTE,PLANA ,ASFALTADA,NO,,,SI,EN PROCESO DE INVESTIGACIÓN,NO CUENTA CON CAUSA ESPECIFICA,1.0,0,22.0,22.0,22.0,22.0,1,0,1,0,0,0,2
A-2023-01-41,2023-01-11,02:30,DESPISTE,1,0,1,LA LIBERTAD,VIRU,VIRU,URBANA,CARRETERA,PROVINCIAL,LI-1150,-8.421435,-78.77558,DESPEJADO,COMERCIAL,TRAMO RECTO,PLANA ,ASFALTADA,,,,,IMPRUDENCIA DEL CONDUCTOR,OTRO (IMPRUDENCIA DEL CONDUCTOR),2.0,0,22.0,22.0,18.0,26.0,1,1,1,0,0,0,2
A-2023-01-67,2023-01-11,19:00,CHOQUE,1,1,2,CUSCO,PAUCARTAMBO,KOSÑIPATA,RURAL,CARRETERA,DEPARTAMENTAL,CU-111,-12.97808,-71.46652,DESPEJADO,RURAL,TRAMO RECTO,PLANA ,AFIRMADO,,,,,IMPRUDENCIA DEL CONDUCTOR,CONDUCIR EN ESTADO DE EBRIEDAD Y/O DROGADICCIÓN,19.0,0,61.0,61.0,61.0,61.0,2,2,1,1,0,0,2
A-2023-01-93,2023-01-11,20:00,CHOQUE,1,2,2,CAJAMARCA,JAEN,BELLAVISTA,RURAL,CARRETERA,NACIONAL,PE-5N,-5.54959636459341,-78.810569156061,DESPEJADO,RURAL,TRAMO RECTO,PLANA ,ASFALTADA,,,,,EN PROCESO DE INVESTIGACIÓN,NO CUENTA CON CAUSA ESPECIFICA,20.0,0,31.0,31.0,31.0,31.0,4,2,1,2,1,0,4
A-2023-01-137,2023-01-12,04:45,CHOQUE,1,0,0,LIMA,LIMA,LIMA,URBANA,AVENIDA,URBANO,NO CORRESPONDE,-12.07950923,-77.03402284,DESPEJADO,COMERCIAL,INTERSECCIÓN,PLANA ,ASFALTADA,SI,INFORMATIVA (I),REGULADORA (R),SI,NEGLIGENCIA DEL CONDUCTOR,OTRO (NEGLIGENCIA DEL CONDUCTOR),4.0,0,39.0,39.0,38.0,40.0,2,2,1,0,1,0,2