CODIGO_SINIESTRO,FECHA_SINIESTRO,HORA_SINIESTRO,CLASE_SINIESTRO,CANTIDAD_FALLECIDOS,CANTIDAD_LESIONADOS,CANTIDAD_VEHICULOS,DEPARTAMENTO,PROVINCIA,DISTRITO,ZONA,TIPO_VIA,RED_VIAL,COD_CARRETERA,LATITUD,LONGITUD,CONDICION_CLIMATICA,ZONIFICACION,CARACTERISTICAS_VIA,PERFIL_VIA,SUPERFICIE_CALZADA,EXISTE_SENIAL_VERTICAL,CLASIFICACION_SENIAL_VERTICAL_1,CLASIFICACION_SENIAL_VERTICAL_2,EXISTE_SENIAL_HORIZONTAL,CAUSA_FACTOR_PRINCIPAL,CAUSA_ESPECIFICA,HORA,severidad,EDAD_PROMEDIO,EDAD_MEDIANA,EDAD_MIN,EDAD_MAX,TOTAL_MASCULINOS,TOTAL_CONDUCTORES,TOTAL_FALLECIDOS_AGG,TOTAL_LESIONADOS_AGG,TOTAL_LICENCIA,TOTAL_ALCOHOL_POSITIVO,TOTAL_PERSONAS
A-2023-02-65,2023-02-05,02:20,ATROPELLO FUGA,1,0,0,CAJAMARCA,SAN IGNACIO,NAMBALLE,RURAL,CARRETERA,NACIONAL,PE-3N,-5.01839740966754,-79.0873508050405,DESPEJADO,RURAL,SINUOSA,INCLINADA,ASFALTADA,,,,,EN PROCESO DE INVESTIGACIÓN,NO CUENTA CON CAUSA ESPECIFICA,2.0,0,45.0,45.0,45.0,45.0,1,0,1,0,0,0,2
A-2023-02-163,2023-02-05,07:45,CHOQUE,1,1,0,LIMA,BARRANCA,BARRANCA,URBANA,AVENIDA,URBANO,NO CORRESPONDE,-10.769341,-77.76097,,,,,,,,,,EN PROCESO DE INVESTIGACIÓN,NO CUENTA CON CAUSA ESPECIFICA,7.0,0,21.0,21.0,20.0,22.0,1,1,1,1,0,0,2
A-2023-02-74,2023-02-05,10:40,DESPISTE,1,2,0,LAMBAYEQUE,CHICLAYO,PATAPO,RURAL,CARRETERA,DEPARTAMENTAL,LA-117,-6.7396095,-79.6405712,DESPEJADO,RURAL,TRAMO RECTO,PLANA ,ASFALTADA,,,,,EN PROCESO DE INVESTIGACIÓN,NO CUENTA CON CAUSA ESPECIFICA,10.0,0,52.0,52.0,45.0,59.0,1,0,1,2,0,0,4
A-2023-02-10,2023-02-05,16:45,CHOQUE,1,0,3,AREQUIPA,AREQUIPA,LA JOYA,RURAL,CARRETERA,NACIONAL,PE-34,-16.62429,-71.87165,DESPEJADO,RURAL,TRAMO RECTO,PLANA ,ASFALTADA,NO,,,SI,EN PROCESO DE INVESTIGACIÓN,NO CUENTA CON CAUSA ESPECIFICA,16.0,0,43.0,45.0,16.0,66.0,3,3,1,0,3,0,4
A-2023-02-123,2023-02-05,17:38,DESPISTE,1,0,1,PIURA,PIURA,PIURA,URBANA,CARRETERA,PROVINCIAL,PI-984,-5.1876936,-80.626569,DESPEJADO,RURAL,TRAMO RECTO,PLANA ,ASFALTADA,,,,,IMPRUDENCIA DEL CONDUCTOR,CONDUCIR EN ESTADO DE EBRIEDAD Y/O DROGADICCIÓN,17.0,0,60.0,60.0,60.0,60.0,1,1,1,0,1,1,1
A-2023-02-57,2023-02-05,19:30,ATROPELLO,1,0,1,CUSCO,QUISPICANCHI,ANDAHUAYLILLAS,RURAL,CARRETERA,NACIONAL,PE-28B,-13.605801870107378,-71.72711387009552,DESPEJADO,RURAL,TRAMO RECTO,PLANA ,ASFALTADA,NO,,,NO,IMPRUDENCIA DEL CONDUCTOR,EXCESO DE VELOCIDAD,19.0,0,57.0,57.0,39.0,75.0,2,1,1,0,0,0,2
A-2023-02-8,2023-02-05,19:45,ATROPELLO,1,0,1,LA LIBERTAD,TRUJILLO,HUANCHACO,RURAL,CARRETERA,NACIONAL,PE-1N,-8.003237,-79.071385,DESPEJADO,COMERCIAL,TRAMO RECTO,PLANA ,ASFALTADA,,,,,IMPRUDENCIA DEL PEATÓN,CRUCE INDEBIDO POR LA CALZADA,19.0,0,68.0,68.0,52.0,84.0,2,1,1,0,1,0,2
A-2023-02-54,2023-02-05,22:44,DESPISTE,1,0,1,CUSCO,CALCA,TARAY,RURAL,CARRETERA,NACIONAL,PE-28G,-13.425327,-71.861593,DESPEJADO,RURAL,CURVA,PLANA ,ASFALTADA,SI,PREVENTIVA (P),,SI,IMPRUDENCIA DEL CONDUCTOR,EXCESO DE VELOCIDAD,22.0,0,47.0,47.0,47.0,47.0,1,1,1,0,1,0,1
A-2023-02-3,2023-02-06,01:15,CHOQUE,1,0,2,SAN MARTIN,RIOJA,ELIAS SOPLIN VARGAS,URBANA,CARRETERA,NACIONAL,PE-5N,-5.970251,-77.292919,DESPEJADO,COMERCIAL,TRAMO RECTO,PLANA ,ASFALTADA,,,,,IMPRUDENCIA DEL CONDUCTOR,OTRO (IMPRUDENCIA DEL CONDUCTOR),1.0,0,34.5,34.5,33.0,36.0,2,2,1,0,2,0,2
A-2023-02-94,2023-02-06,03:45,CHOQUE,1,1,2,ANCASH,SANTA,NEPEÑA,URBANA,CARRETERA,NACIONAL,PE-1N,-9.234863491354368,-78.4485196935065,DESPEJADO,RURAL,TRAMO RECTO,PLANA ,ASFALTADA,SI,REGULADORA (R),,SI,IMPRUDENCIA DEL CONDUCTOR,EXCESO DE VELOCIDAD,3.0,0,28.0,30.0,19.0,35.0,3,2,1,1,1,0,3
A-2023-02-13,2023-02-06,12:30,DESPISTE,1,1,1,AREQUIPA,ISLAY,PUNTA DE BOMBON,RURAL,CARRETERA,NACIONAL,PE-1SD,-17.1690929,-71.7867987,DESPEJADO,RURAL,TRAMO RECTO,PLANA ,ASFALTADA,NO,,,SI,EN PROCESO DE INVESTIGACIÓN,NO CUENTA CON CAUSA ESPECIFICA,12.0,0,60.0,60.0,59.0,61.0,2,1,1,1,0,0,2
A-2023-02-11,2023-02-06,19:30,CHOQUE,1,0,2,LA LIBERTAD,PACASMAYO,GUADALUPE,URBANA,CARRETERA,NACIONAL,PE-1N,-7.237837,-79.458427,DESPEJADO,INDUSTRIAL,TRAMO RECTO,PLANA ,ASFALTADA,,,,,IMPRUDENCIA DEL CONDUCTOR,NO ESTABLECER EL DERECHO DE PASO,19.0,0,44.0,44.0,25.0,63.0,2,2,1,0,0,0,2
A-2023-02-14,2023-02-07,04:00,DESPISTE,1,4,1,ANCASH,HUARI,CHAVIN DE HUANTAR,RURAL,CARRETERA,DEPARTAMENTAL,AN-110,-9.66429274469711,-77.1989777849882,DESPEJADO,RURAL,CURVA,INCLINADA,CONCRETO,SI,PREVENTIVA (P),PREVENTIVA (P),NO,IMPRUDENCIA DEL CONDUCTOR,EXCESO DE VELOCIDAD,4.0,0,34.0,30.0,17.0,59.0,3,1,1,4,1,0,5
A-2023-02-124,2023-02-07,08:30,DESPISTE,1,2,1,PIURA,MORROPON,LA MATANZA,RURAL,CARRETERA,NACIONAL,PE-1NJ,-5.336733,-80.073728,DESPEJADO,RURAL,TRAMO RECTO,PLANA ,ASFALTADA,,,,,IMPRUDENCIA DEL CONDUCTOR,EXCESO DE VELOCIDAD,8.0,0,34.333333333333336,36.0,29.0,38.0,2,1,1,2,1,0,3
A-2023-02-134,2023-02-07,09:30,CHOQUE,1,0,0,LIMA,LIMA,PUENTE PIEDRA,URBANA,CARRETERA,NACIONAL,PE-1N,-11.850768,-77.091932,DESPEJADO,COMERCIAL,TRAMO RECTO,PLANA ,ASFALTADA,,,,,EN PROCESO DE INVESTIGACIÓN,NO CUENTA CON CAUSA ESPECIFICA,9.0,0,22.0,22.0,15.0,29.0,2,2,1,0,2,0,2
A-2023-02-66,2023-02-07,14:40,CHOQUE,1,0,2,CAJAMARCA,CAJAMARCA,CAJAMARCA,URBANA,AVENIDA,URBANO,NO CORRESPONDE,-7.14775811053,-78.5183507407451,SOLEADO,RESIDENCIAL,INTERSECCIÓN,PLANA ,ASFALTADA,,,,,EN PROCESO DE INVESTIGACIÓN,NO CUENTA CON CAUSA ESPECIFICA,14.0,0,35.5,35.5,29.0,42.0,2,2,1,0,0,0,2
A-2023-02-135,2023-02-07,20:40,ATROPELLO,1,0,0,LIMA,LIMA,PUENTE PIEDRA,URBANA,CARRETERA,NACIONAL,PE-1N,-11.835905,-77.110451,DESPEJADO,RESIDENCIAL,PUENTE,PLANA ,ASFALTADA,,,,,IMPRUDENCIA DEL PEATÓN,OTRO (IMPRUDENCIA DEL PEATÓN),20.0,0,32.0,32.0,28.0,36.0,2,1,1,0,1,0,2
A-2023-02-136,2023-02-07,20:45,ATROPELLO,1,0,0,LIMA,LIMA,PUCUSANA,URBANA,CARRETERA,NACIONAL,PE-1S,-12.458473,-76.753223,DESPEJADO,RURAL,TRAMO RECTO,PLANA ,ASFALTADA,,,,,IMPRUDENCIA DEL PEATÓN,OTRO (IMPRUDENCIA DEL PEATÓN),20.0,0,45.5,45.5,38.0,53.0,2,1,1,0,1,0,2
A-2023-02-137,2023-02-07,21:15,ATROPELLO,1,0,0,LIMA,LIMA,SANTA ANITA,URBANA,CARRETERA,NACIONAL,PE-1N,-12.053680727636,-76.97535993996986,DESPEJADO,COMERCIAL,TRAMO RECTO,PLANA ,ASFALTADA,,,,,IMPRUDENCIA DEL PEATÓN,OTRO (IMPRUDENCIA DEL PEATÓN),21.0,0,40.0,40.0,25.0,55.0,2,1,1,0,1,0,2
A-2023-02-164,2023-02-08,14:40,CHOQUE,1,0,0,JUNIN,CHANCHAMAYO,PERENE,RURAL,CARRETERA,SIN CLASIFICAR,SIN CLASIFICAR,-10.8723366271618,-74.9187544055246,,,,,,,,,,EN PROCESO DE INVESTIGACIÓN,NO CUENTA CON CAUSA ESPECIFICA,14.0,0,35.0,35.0,25.0,45.0,2,2,1,0,0,0,2
A-2023-02-138,2023-02-08,15:10,CHOQUE,1,1,0,LIMA,LIMA,VILLA EL SALVADOR,URBANA,AVENIDA,URBANO,NO CORRESPONDE,-12.19332227,-76.96688369,DESPEJADO,COMERCIAL,TRAMO RECTO,PLANA ,ASFALTADA,,,,,EN PROCESO DE INVESTIGACIÓN,NO CUENTA CON CAUSA ESPECIFICA,15.0,0,40.333333333333336,37.0,25.0,59.0,2,2,1,1,1,0,3
A-2023-02-126,2023-02-08,18:50,DESPISTE,1,1,1,PIURA,SECHURA,SECHURA,URBANA,CARRETERA,PROVINCIAL,PI-1058,-5.576148,-80.821413,DESPEJADO,COMERCIAL,TRAMO RECTO,PLANA ,ASFALTADA,,,,,IMPRUDENCIA DEL CONDUCTOR,EXCESO DE VELOCIDAD,18.0,0,26.5,26.5,15.0,38.0,0,1,1,1,0,0,2
A-2023-02-102,2023-02-09,04:40,DESPISTE,1,6,1,JUNIN,TARMA,SAN PEDRO DE CAJAS,RURAL,CARRETERA,NACIONAL,PE-3N,-11.2325400467819,-75.9393639449429,DESPEJADO,RURAL,TRAMO RECTO,PLANA ,ASFALTADA,SI,REGULADORA (R),,NO,IMPRUDENCIA DEL CONDUCTOR,OTRO (IMPRUDENCIA DEL CONDUCTOR),4.0,0,40.42857142857143,37.0,26.0,76.0,3,1,1,6,0,0,7
A-2023-02-103,2023-02-09,09:30,ATROPELLO FUGA,1,0,0,JUNIN,JAUJA,MUQUIYAUYO,URBANA,CARRETERA,NACIONAL,PE-3SB,-11.817768,-75.456077,DESPEJADO,RURAL,TRAMO RECTO,PLANA ,ASFALTADA,SI,REGULADORA (R),,NO,EN PROCESO DE INVESTIGACIÓN,NO CUENTA CON CAUSA ESPECIFICA,9.0,0,37.0,37.0,37.0,37.0,1,0,1,0,0,0,2
A-2023-02-47,2023-02-10,10:45,CAÍDA DE PASAJERO,1,0,0,CUSCO,CUSCO,SAN JERONIMO,URBANA,CARRETERA,PROVINCIAL,CU-1297,-13.549953,-71.891092,DESPEJADO,COMERCIAL,TRAMO RECTO,PLANA ,ASFALTADA,NO,,,SI,IMPRUDENCIA DEL PASAJERO/OCUPANTE,OTRO (IMPRUDENCIA DEL PASAJERO/OCUPANTE),10.0,0,54.5,54.5,34.0,75.0,1,1,1,0,1,0,2
A-2023-02-12,2023-02-10,11:00,CHOQUE,1,0,2,LA LIBERTAD,SANCHEZ CARRION,MARCABAL,RURAL,CARRETERA,NACIONAL,PE-3N,-7.704554,-78.020546,DESPEJADO,RURAL,CURVA,INCLINADA,TROCHA,,,,,IMPRUDENCIA DEL CONDUCTOR,OTRO (IMPRUDENCIA DEL CONDUCTOR),11.0,0,42.0,42.0,36.0,48.0,2,2,1,0,1,0,2
A-2023-02-75,2023-02-10,11:30,CHOQUE,1,0,2,LAMBAYEQUE,LAMBAYEQUE,OLMOS,RURAL,CARRETERA,NACIONAL,PE-1NJ,-5.7528335,-79.8637888,DESPEJADO,RURAL,INTERSECCIÓN,PLANA ,ASFALTADA,,,,,EN PROCESO DE INVESTIGACIÓN,NO CUENTA CON CAUSA ESPECIFICA,11.0,0,49.0,49.0,29.0,69.0,2,2,1,0,2,0,2
A-2023-02-128,2023-02-10,15:00,CHOQUE,2,2,2,ICA,CHINCHA,EL CARMEN,RURAL,CARRETERA,NACIONAL,PE-1SE,-13.5531479,-76.1808916,DESPEJADO,RURAL,TRAMO RECTO,PLANA ,ASFALTADA,,,,,NEGLIGENCIA DEL CONDUCTOR,OTRO (NEGLIGENCIA DEL CONDUCTOR),15.0,1,47.4,58.0,28.0,63.0,3,2,2,2,1,0,5
A-2023-02-61,2023-02-11,05:00,CHOQUE CON OBJETO FIJO,1,1,1,APURIMAC,CHINCHEROS,ANCO_HUALLO,RURAL,CARRETERA,NACIONAL,PE-3S,-13.546849,-73.652318,NUBLADO,RURAL,CURVA,PLANA ,ASFALTADA,SI,PREVENTIVA (P),REGULADORA (R),SI,INFRAESTRUCTURA Y ENTORNO VIAL,ABANDONO DE OBJETOS EN LA VÍA,5.0,0,52.0,52.0,52.0,52.0,1,1,1,1,1,0,2
A-2023-02-96,2023-02-11,05:30,CHOQUE,1,0,3,PUNO,SAN ROMAN,CABANILLAS,RURAL,CARRETERA,NACIONAL,PE-34A,-15.6716812,-70.3756205,DESPEJADO,RURAL,CURVA,PLANA ,ASFALTADA,,,,,IMPRUDENCIA DEL CONDUCTOR,CONDUCIR EN SENTIDO CONTRARIO,5.0,0,41.0,41.0,31.0,51.0,3,3,1,0,3,0,3
A-2023-02-69,2023-02-11,05:35,CAÍDA DE PASAJERO,1,0,0,CAJAMARCA,CAJAMARCA,CAJAMARCA,URBANA,CARRETERA,NACIONAL,PE-3N,-7.16844810049675,-78.5000551295241,DESPEJADO,RURAL,TRAMO RECTO,PLANA ,ASFALTADA,NO,,,SI,EN PROCESO DE INVESTIGACIÓN,NO CUENTA CON CAUSA ESPECIFICA,5.0,0,34.5,34.5,21.0,48.0,2,1,1,0,0,0,2
A-2023-02-19,2023-02-11,11:00,CAÍDA DE PASAJERO,1,0,1,LA LIBERTAD,CHEPEN,PACANGA,RURAL,CARRETERA,NACIONAL,PE-1N,-7.107442,-79.502711,DESPEJADO,RURAL,TRAMO RECTO,PLANA ,ASFALTADA,,,,,IMPRUDENCIA DEL PEATÓN,OTRO (IMPRUDENCIA DEL PEATÓN),11.0,0,28.5,28.5,21.0,36.0,2,1,1,0,1,0,2
A-2023-02-42,2023-02-11,11:00,ATROPELLO,1,0,0,CUSCO,CHUMBIVILCAS,VELILLE,URBANA,CARRETERA,NACIONAL,PE-3SG,-14.5104862527707,-71.8846521955976,,,,,,,,,,EN PROCESO DE INVESTIGACIÓN,NO CUENTA CON CAUSA ESPECIFICA,11.0,0,17.5,17.5,4.0,31.0,2,1,1,0,0,0,2
A-2023-02-152,2023-02-11,11:20,ATROPELLO,1,0,0,LIMA,LIMA,LOS OLIVOS,URBANA,AVENIDA,URBANO,NO CORRESPONDE,-11.97889144,-77.07699822,DESPEJADO,COMERCIAL,TRAMO RECTO,PLANA ,ASFALTADA,SI,PREVENTIVA (P),PREVENTIVA (P),SI,EN PROCESO DE INVESTIGACIÓN,NO CUENTA CON CAUSA ESPECIFICA,11.0,0,58.0,58.0,44.0,72.0,2,1,1,0,1,0,2
A-2023-02-114,2023-02-11,18:30,ATROPELLO,1,0,1,PUNO,SAN ROMAN,JULIACA,URBANA,JIRÓN,URBANO,NO CORRESPONDE,-15.469164245400664,-70.14080638570546,DESPEJADO,RESIDENCIAL,OTRO,PLANA ,ASFALTADA,,,,,NEGLIGENCIA DEL CONDUCTOR,OTRO (NEGLIGENCIA DEL CONDUCTOR),18.0,0,16.0,16.0,0.0,32.0,2,1,1,0,1,0,2
A-2023-02-15,2023-02-11,19:05,CHOQUE,1,0,2,AREQUIPA,ISLAY,PUNTA DE BOMBON,RURAL,CARRETERA,NACIONAL,PE-1SD,-17.17519227,-71.7683892,DESPEJADO,RURAL,TRAMO RECTO,PLANA ,ASFALTADA,NO,,,SI,EN PROCESO DE INVESTIGACIÓN,NO CUENTA CON CAUSA ESPECIFICA,19.0,0,52.5,52.5,46.0,59.0,2,2,1,0,1,0,2
A-2023-02-43,2023-02-11,20:10,ATROPELLO,1,0,1,ANCASH,HUARAZ,HUARAZ,RURAL,CARRETERA,NACIONAL,PE-3N,-9.559331324511644,-77.5391381909354,NUBLADO,RURAL,TRAMO RECTO,PLANA ,ASFALTADA,SI,REGULADORA (R),PREVENTIVA (P),NO,EN PROCESO DE INVESTIGACIÓN,NO CUENTA CON CAUSA ESPECIFICA,20.0,0,41.5,41.5,37.0,46.0,2,1,1,0,1,0,2
A-2023-02-165,2023-02-11,23:40,CHOQUE,1,1,0,PASCO,OXAPAMPA,OXAPAMPA,URBANA,JIRÓN,URBANO,NO CORRESPONDE,-10.583475625844148,-75.40106932509597,,,,,,,,,,EN PROCESO DE INVESTIGACIÓN,NO CUENTA CON CAUSA ESPECIFICA,23.0,0,35.333333333333336,40.0,24.0,42.0,3,2,1,1,0,0,3
A-2023-02-121,2023-02-12,01:30,DESPISTE,1,0,1,PIURA,MORROPON,CHULUCANAS,RURAL,CARRETERA,NACIONAL,PE-1NR,-5.00297,-80.22238,DESPEJADO,RURAL,CURVA,PLANA ,ASFALTADA,SI,PREVENTIVA (P),REGULADORA (R),NO,EN PROCESO DE INVESTIGACIÓN,NO CUENTA CON CAUSA ESPECIFICA,1.0,0,47.0,47.0,47.0,47.0,0,1,1,0,0,0,2
A-2023-02-161,2023-02-12,04:00,CHOQUE FUGA,1,0,0,PIURA,PIURA,VEINTISEIS DE OCTUBRE,URBANA,CARRETERA,NACIONAL,PE-1N,-5.215316,-80.653421,DESPEJADO,RURAL,TRAMO RECTO,PLANA ,ASFALTADA,,,,,EN PROCESO DE INVESTIGACIÓN,NO CUENTA CON CAUSA ESPECIFICA,4.0,0,22.5,22.5,22.0,23.0,2,1,1,0,0,0,3
A-2023-02-76,2023-02-12,04:45,ATROPELLO FUGA,1,0,1,LAMBAYEQUE,LAMBAYEQUE,MORROPE,RURAL,CARRETERA,NACIONAL,PE-1N,-6.6232301,-79.9594697,DESPEJADO,RURAL,TRAMO RECTO,PLANA ,ASFALTADA,,,,,EN PROCESO DE INVESTIGACIÓN,NO CUENTA CON CAUSA ESPECIFICA,4.0,0,45.0,45.0,45.0,45.0,1,0,1,0,0,0,2
A-2023-02-20,2023-02-12,06:00,ATROPELLO,1,0,1,LA LIBERTAD,PACASMAYO,SAN PEDRO DE LLOC,RURAL,CARRETERA,NACIONAL,PE-1N,-7.418904,-79.508174,DESPEJADO,RURAL,CURVA,PLANA ,ASFALTADA,,,,,IMPRUDENCIA DEL CONDUCTOR,CONDUCIR EN ESTADO DE EBRIEDAD Y/O DROGADICCIÓN,6.0,0,42.0,42.0,35.0,49.0,2,1,1,0,1,0,2
A-2023-02-21,2023-02-12,06:00,ATROPELLO FUGA,1,0,0,LA LIBERTAD,TRUJILLO,EL PORVENIR,URBANA,AVENIDA,URBANO,NO CORRESPONDE,-8.071887,-79.021005,DESPEJADO,COMERCIAL,INTERSECCIÓN,PLANA ,ASFALTADA,,,,,EN PROCESO DE INVESTIGACIÓN,NO CUENTA CON CAUSA ESPECIFICA,6.0,0,38.0,38.0,38.0,38.0,1,0,1,0,0,0,2
A-2023-02-109,2023-02-12,20:00,ATROPELLO,1,0,0,APURIMAC,ANTABAMBA,ANTABAMBA,URBANA,CALLE,URBANO,NO CORRESPONDE,-14.365396353275935,-72.87687602872857,,,,,,,,,,EN PROCESO DE INVESTIGACIÓN,NO CUENTA CON CAUSA ESPECIFICA,20.0,0,25.5,25.5,21.0,30.0,2,1,1,0,0,0,2
A-2023-02-129,2023-02-12,22:15,ATROPELLO,1,0,1,ICA,CHINCHA,CHINCHA ALTA,URBANA,CARRETERA,NACIONAL,PE-26,-13.413549,-76.119516,DESPEJADO,RESIDENCIAL,TRAMO RECTO,PLANA ,ASFALTADA,,,,,IMPRUDENCIA DEL PEATÓN,ESTADO DE EBRIEDAD Y/O DROGADICCIÓN,22.0,0,53.0,53.0,49.0,57.0,2,1,1,0,1,0,2
A-2023-02-16,2023-02-13,13:00,ESPECIAL,1,0,1,AREQUIPA,AREQUIPA,JACOBO HUNTER,URBANA,AVENIDA,URBANO,NO CORRESPONDE,-16.4435945,-71.5556462,DESPEJADO,COMERCIAL,TRAMO RECTO,INCLINADA,CONCRETO,,,,,EN PROCESO DE INVESTIGACIÓN,NO CUENTA CON CAUSA ESPECIFICA,13.0,0,77.0,77.0,77.0,77.0,1,1,1,0,1,0,1
A-2023-02-110,2023-02-13,15:00,VOLCADURA,1,0,0,APURIMAC,GRAU,GAMARRA,RURAL,CARRETERA,PROVINCIAL,AP-907,-13.84172503427599,-72.57831755202824,,,,,,,,,,EN PROCESO DE INVESTIGACIÓN,NO CUENTA CON CAUSA ESPECIFICA,15.0,0,58.0,58.0,58.0,58.0,1,1,1,0,0,0,1
A-2023-02-4,2023-02-13,19:00,ATROPELLO,1,4,1,HUANUCO,LEONCIO PRADO,PUCAYACU,RURAL,CARRETERA,NACIONAL,PE-5N,-8.799882,-76.124235,DESPEJADO,RURAL,TRAMO RECTO,PLANA ,ASFALTADA,SI,REGULADORA (R),PREVENTIVA (P),SI,EN PROCESO DE INVESTIGACIÓN,NO CUENTA CON CAUSA ESPECIFICA,19.0,0,34.0,40.0,10.0,52.0,5,0,1,4,0,0,6
A-2023-02-22,2023-02-13,23:30,ATROPELLO FUGA,1,0,0,LA LIBERTAD,CHEPEN,CHEPEN,URBANA,CALLE,URBANO,NO CORRESPONDE,-7.231204,-79.422057,DESPEJADO,COMERCIAL,TRAMO RECTO,PLANA ,ASFALTADA,,,,,EN PROCESO DE INVESTIGACIÓN,NO CUENTA CON CAUSA ESPECIFICA,23.0,0,39.0,39.0,39.0,39.0,1,0,1,0,0,0,2
A-2023-02-17,2023-02-14,00:15,DESPISTE,1,0,1,AREQUIPA,CAYLLOMA,MAJES,URBANA,AVENIDA,URBANO,NO CORRESPONDE,-16.3431233,-72.175876,DESPEJADO,RESIDENCIAL,INTERSECCIÓN,PLANA ,ASFALTADA,,,,,EN PROCESO DE INVESTIGACIÓN,NO CUENTA CON CAUSA ESPECIFICA,0.0,0,21.0,21.0,21.0,21.0,1,1,1,0,0,0,1
A-2023-02-6,2023-02-14,09:45,DESPISTE,1,0,1,TUMBES,CONTRALMIRANTE VILLAR,ZORRITOS,RURAL,CARRETERA,NACIONAL,PE-1N,-3.6859205240924737,-80.69030458774681,SOLEADO,RURAL,TRAMO RECTO,PLANA ,ASFALTADA,,,,,IMPRUDENCIA DEL CONDUCTOR,OTRO (IMPRUDENCIA DEL CONDUCTOR),9.0,0,35.0,35.0,35.0,35.0,1,1,1,0,1,0,1
A-2023-02-139,2023-02-14,13:00,DESPISTE,1,2,0,LIMA,LIMA,CHORRILLOS,URBANA,CALLE,URBANO,NO CORRESPONDE,-12.19771641,-77.02461312,DESPEJADO,RESIDENCIAL,INTERSECCIÓN,PLANA ,ASFALTADA,,,,,IMPRUDENCIA DEL CONDUCTOR,OTRO (IMPRUDENCIA DEL CONDUCTOR),13.0,0,52.333333333333336,55.0,41.0,61.0,3,1,1,2,1,0,3
A-2023-02-23,2023-02-14,18:00,CHOQUE,1,1,2,LA LIBERTAD,TRUJILLO,SALAVERRY,URBANA,CARRETERA,NACIONAL,PE-1N,-8.180820935495795,-78.98939246653913,DESPEJADO,COMERCIAL,TRAMO RECTO,PLANA ,ASFALTADA,,,,,IMPRUDENCIA DEL CONDUCTOR,INVASIÓN DE CARRIL,18.0,0,26.666666666666668,19.0,17.0,44.0,3,2,1,1,1,0,3
A-2023-02-18,2023-02-14,19:30,CHOQUE,1,0,2,AREQUIPA,ISLAY,MOLLENDO,RURAL,CARRETERA,NACIONAL,PE-34,-16.710369,-71.93324,DESPEJADO,RURAL,TRAMO RECTO,PLANA ,ASFALTADA,SI,REGULADORA (R),,SI,EN PROCESO DE INVESTIGACIÓN,NO CUENTA CON CAUSA ESPECIFICA,19.0,0,30.0,30.0,23.0,37.0,2,2,1,0,1,0,2
A-2023-02-140,2023-02-14,23:50,CHOQUE,1,0,0,LIMA,LIMA,LURIN,URBANA,CARRETERA,NACIONAL,PE-1S,-12.259001,-76.917202,DESPEJADO,INDUSTRIAL,TRAMO RECTO,PLANA ,ASFALTADA,,,,,IMPRUDENCIA DEL CONDUCTOR,OTRO (IMPRUDENCIA DEL CONDUCTOR),23.0,0,29.0,29.0,27.0,31.0,2,2,1,0,1,0,2
A-2023-02-104,2023-02-15,01:00,ATROPELLO FUGA,1,0,0,JUNIN,CONCEPCION,CONCEPCION,RURAL,CARRETERA,NACIONAL,PE-3S,-11.933564,-75.314174,LLUVIOSO,RURAL,CURVA,PLANA ,ASFALTADA,SI,REGULADORA (R),,NO,EN PROCESO DE INVESTIGACIÓN,NO CUENTA CON CAUSA ESPECIFICA,1.0,0,64.0,64.0,64.0,64.0,1,0,1,0,0,0,2
A-2023-02-24,2023-02-15,11:55,DESPISTE,1,0,1,LA LIBERTAD,SANCHEZ CARRION,HUAMACHUCO,URBANA,CALLE,URBANO,NO CORRESPONDE,-7.8202042,-78.0389994,DESPEJADO,COMERCIAL,INTERSECCIÓN,PLANA ,ASFALTADA,,,,,EN PROCESO DE INVESTIGACIÓN,NO CUENTA CON CAUSA ESPECIFICA,11.0,0,19.0,19.0,19.0,19.0,1,1,1,0,0,0,1
A-2023-02-141,2023-02-15,19:00,ATROPELLO,1,0,0,LIMA,LIMA,LOS OLIVOS,URBANA,AVENIDA,URBANO,NO CORRESPONDE,-11.981531303201123,-77.0722466886651,DESPEJADO,RESIDENCIAL,TRAMO RECTO,PLANA ,ASFALTADA,,,,,IMPRUDENCIA DEL CONDUCTOR,OTRO (IMPRUDENCIA DEL CONDUCTOR),19.0,0,54.0,54.0,27.0,81.0,2,1,1,0,0,0,2
A-2023-02-154,2023-02-16,04:30,CHOQUE,1,1,2,UCAYALI,CORONEL PORTILLO,YARINACOCHA,URBANA,AVENIDA,URBANO,NO CORRESPONDE,-8.3805422,-74.569043,DESPEJADO,RESIDENCIAL,INTERSECCIÓN,PLANA ,CONCRETO,,,,,IMPRUDENCIA DEL CONDUCTOR,CONDUCIR EN SENTIDO CONTRARIO,4.0,0,25.333333333333332,20.0,14.0,42.0,2,2,1,1,2,0,3
A-2023-02-45,2023-02-16,07:00,DESPISTE,1,1,1,ANCASH,RECUAY,CATAC,RURAL,CARRETERA,NACIONAL,PE-1NA,-9.803765383656309,-77.43352384188863,NUBLADO,RURAL,TRAMO RECTO,PLANA ,ASFALTADA,,,,,EN PROCESO DE INVESTIGACIÓN,NO CUENTA CON CAUSA ESPECIFICA,7.0,0,61.5,61.5,52.0,71.0,2,1,1,1,1,0,2