CODIGO_SINIESTRO,FECHA_SINIESTRO,HORA_SINIESTRO,CLASE_SINIESTRO,CANTIDAD_FALLECIDOS,CANTIDAD_LESIONADOS,CANTIDAD_VEHICULOS,DEPARTAMENTO,PROVINCIA,DISTRITO,ZONA,TIPO_VIA,RED_VIAL,COD_CARRETERA,LATITUD,LONGITUD,CONDICION_CLIMATICA,ZONIFICACION,CARACTERISTICAS_VIA,PERFIL_VIA,SUPERFICIE_CALZADA,EXISTE_SENIAL_VERTICAL,CLASIFICACION_SENIAL_VERTICAL_1,CLASIFICACION_SENIAL_VERTICAL_2,EXISTE_SENIAL_HORIZONTAL,CAUSA_FACTOR_PRINCIPAL,CAUSA_ESPECIFICA,HORA,severidad,EDAD_PROMEDIO,EDAD_MEDIANA,EDAD_MIN,EDAD_MAX,TOTAL_MASCULINOS,TOTAL_CONDUCTORES,TOTAL_FALLECIDOS_AGG,TOTAL_LESIONADOS_AGG,TOTAL_LICENCIA,TOTAL_ALCOHOL_POSITIVO,TOTAL_PERSONAS
A-2023-04-175,2023-04-22,20:30,DESPISTE,1,0,1,CAJAMARCA,CAJAMARCA,CAJAMARCA,URBANA,CARRETERA,NACIONAL,PE-3N,-7.1852737819788,-78.4771390743091,DESPEJADO,COMERCIAL,TRAMO RECTO,PLANA ,ASFALTADA,NO,,,SI,IMPRUDENCIA DEL CONDUCTOR,CONDUCIR EN ESTADO DE EBRIEDAD Y/O DROGADICCIÓN,20.0,0,23.0,23.0,23.0,23.0,1,1,1,0,0,1,1
A-2023-04-92,2023-04-22,21:00,ATROPELLO FUGA,1,0,0,LA LIBERTAD,VIRU,GUADALUPITO,RURAL,CARRETERA,NACIONAL,PE-1N,-8.819418437527293,-78.65648743844363,DESPEJADO,RURAL,TRAMO RECTO,PLANA ,ASFALTADA,,,,,EN PROCESO DE INVESTIGACIÓN,NO CUENTA CON CAUSA ESPECIFICA,21.0,0,,,,,1,0,1,0,0,0,2
A-2023-04-184,2023-04-22,22:30,ATROPELLO,1,0,0,JUNIN,SATIPO,SATIPO,,CARRETERA,NACIONAL,PE-5S,-11.244928870846287,-74.58249600550744,,,,,,,,,,EN PROCESO DE INVESTIGACIÓN,NO CUENTA CON CAUSA ESPECIFICA,22.0,0,35.0,35.0,32.0,38.0,2,1,1,0,0,0,2
A-2023-04-169,2023-04-23,01:00,DESPISTE,1,0,1,AYACUCHO,HUANTA,IGUAIN,RURAL,CARRETERA,PROVINCIAL,AY-637,-12.990998,-74.211978,DESPEJADO,RURAL,CURVA,INCLINADA,AFIRMADO,,,,,IMPRUDENCIA DEL CONDUCTOR,CONDUCIR EN ESTADO DE EBRIEDAD Y/O DROGADICCIÓN,1.0,0,28.0,28.0,28.0,28.0,1,1,1,0,0,1,1
A-2023-04-46,2023-04-23,04:30,CHOQUE,1,1,2,CUSCO,CALCA,CALCA,RURAL,CARRETERA,DEPARTAMENTAL,CU-105,-13.3027636,-71.9460356,DESPEJADO,RURAL,CURVA,INCLINADA,ASFALTADA,SI,PREVENTIVA (P),,SI,IMPRUDENCIA DEL CONDUCTOR,EXCESO DE VELOCIDAD,4.0,0,26.0,26.0,24.0,28.0,2,2,1,1,1,0,3
A-2023-04-55,2023-04-23,08:30,ATROPELLO,1,0,0,HUANCAVELICA,ANGARAES,HUAYLLAY GRANDE,RURAL,CARRETERA,DEPARTAMENTAL,HV-108,-12.929605,-74.683736,,,,,,,,,,EN PROCESO DE INVESTIGACIÓN,NO CUENTA CON CAUSA ESPECIFICA,8.0,0,19.0,19.0,7.0,31.0,1,1,1,0,0,0,2
A-2023-04-146,2023-04-23,12:20,ATROPELLO,1,0,0,LIMA,LIMA,SAN JUAN DE LURIGANCHO,URBANA,AVENIDA,URBANO,NO CORRESPONDE,-12.01432112,-77.00172697,DESPEJADO,COMERCIAL,TRAMO RECTO,PLANA ,ASFALTADA,,,,,IMPRUDENCIA DEL CONDUCTOR,EXCESO DE VELOCIDAD,12.0,0,45.0,45.0,19.0,71.0,1,1,1,0,1,0,2
A-2023-04-138,2023-04-23,14:10,ATROPELLO,1,0,0,LIMA,LIMA,VILLA MARIA DEL TRIUNFO,URBANA,AVENIDA,URBANO,NO CORRESPONDE,-12.17091248,-76.946248,DESPEJADO,RESIDENCIAL,CURVA,PLANA ,ASFALTADA,,,,,IMPRUDENCIA DEL CONDUCTOR,OTRO (IMPRUDENCIA DEL CONDUCTOR),14.0,0,40.0,40.0,37.0,43.0,1,1,1,0,1,0,2
A-2023-04-136,2023-04-24,04:30,CHOQUE,1,0,0,LIMA,LIMA,ATE,URBANA,CARRETERA,NACIONAL,PE-22,-12.008281,-76.860416,DESPEJADO,COMERCIAL,TRAMO RECTO,INCLINADA,ASFALTADA,,,,,IMPRUDENCIA DEL CONDUCTOR,OTRO (IMPRUDENCIA DEL CONDUCTOR),4.0,0,52.0,52.0,32.0,72.0,2,2,1,0,1,0,2
A-2023-04-107,2023-04-24,05:00,ATROPELLO FUGA,1,0,1,PIURA,PIURA,CASTILLA,RURAL,CARRETERA,NACIONAL,PE-1NJ,-5.229633662923322,-80.63342540340778,DESPEJADO,COMERCIAL,TRAMO RECTO,PLANA ,ASFALTADA,,,,,EN PROCESO DE INVESTIGACIÓN,NO CUENTA CON CAUSA ESPECIFICA,5.0,0,,,,,0,0,1,0,0,0,2
A-2023-04-36,2023-04-24,07:45,DESPISTE,1,0,1,HUANCAVELICA,HUAYTARA,HUAYTARA,RURAL,CARRETERA,NACIONAL,PE-28A,-13.572986,-75.248862,DESPEJADO,RURAL,CURVA,INCLINADA,ASFALTADA,,,,,EN PROCESO DE INVESTIGACIÓN,NO CUENTA CON CAUSA ESPECIFICA,7.0,0,25.0,25.0,25.0,25.0,1,1,1,0,1,0,1
A-2023-04-137,2023-04-24,09:30,DESPISTE,1,0,0,LIMA,LIMA,SAN MARTIN DE PORRES,URBANA,AVENIDA,URBANO,NO CORRESPONDE,-12.03035888,-77.06053602,DESPEJADO,RESIDENCIAL,TRAMO RECTO,PLANA ,ASFALTADA,NO,,,SI,IMPRUDENCIA DEL CONDUCTOR,OTRO (IMPRUDENCIA DEL CONDUCTOR),9.0,0,48.0,48.0,34.0,62.0,1,1,1,0,1,0,2
A-2023-04-71,2023-04-24,13:00,CHOQUE,1,11,2,AREQUIPA,AREQUIPA,SACHACA,URBANA,CARRETERA,NACIONAL,PE-34C,-16.409559,-71.5584385,DESPEJADO,RESIDENCIAL,TRAMO RECTO,PLANA ,ASFALTADA,NO,,,SI,EN PROCESO DE INVESTIGACIÓN,NO CUENTA CON CAUSA ESPECIFICA,13.0,0,43.61538461538461,27.0,18.0,92.0,9,2,1,11,1,0,13
A-2023-04-135,2023-04-24,13:20,ATROPELLO,1,0,0,LIMA,LIMA,SANTA ANITA,URBANA,AVENIDA,URBANO,NO CORRESPONDE,-12.05344617,-76.96525251,DESPEJADO,COMERCIAL,TRAMO RECTO,PLANA ,ASFALTADA,SI,INFORMATIVA (I),,SI,IMPRUDENCIA DEL CONDUCTOR,OTRO (IMPRUDENCIA DEL CONDUCTOR),13.0,0,62.5,62.5,49.0,76.0,1,1,1,0,1,0,2
A-2023-04-133,2023-04-24,16:30,CAÍDA DE PASAJERO,1,0,0,LIMA,LIMA,PUNTA HERMOSA,RURAL,AVENIDA,URBANO,NO CORRESPONDE,-12.30346628,-76.7806483,DESPEJADO,RURAL,TRAMO RECTO,INCLINADA,TROCHA,,,,,IMPRUDENCIA DEL CONDUCTOR,OTRO (IMPRUDENCIA DEL CONDUCTOR),16.0,0,51.0,51.0,49.0,53.0,2,1,1,0,1,0,2
A-2023-04-72,2023-04-24,17:20,CHOQUE,5,0,2,AREQUIPA,AREQUIPA,YURA,RURAL,CARRETERA,NACIONAL,PE-1N,-16.250302,-71.67779,DESPEJADO,RURAL,TRAMO RECTO,PLANA ,ASFALTADA,NO,,,SI,EN PROCESO DE INVESTIGACIÓN,NO CUENTA CON CAUSA ESPECIFICA,17.0,2,32.166666666666664,31.5,0.0,72.0,3,2,5,0,2,0,6
A-2023-04-110,2023-04-24,19:50,DESPISTE,1,1,0,PIURA,HUANCABAMBA,HUANCABAMBA,RURAL,CARRETERA,PROVINCIAL,PI-840,-5.189273,-79.469869,DESPEJADO,RURAL,CURVA,INCLINADA,AFIRMADO,,,,,IMPRUDENCIA DEL CONDUCTOR,EXCESO DE VELOCIDAD,19.0,0,30.0,30.0,20.0,40.0,2,1,1,1,1,0,2
A-2023-04-162,2023-04-25,05:40,CHOQUE,2,0,0,JUNIN,CONCEPCION,CONCEPCION,RURAL,CARRETERA,NACIONAL,PE-3S,-11.90861516978763,-75.32981326321523,DESPEJADO,RURAL,TRAMO RECTO,PLANA ,ASFALTADA,NO,,,SI,IMPRUDENCIA DEL CONDUCTOR,OTRO (IMPRUDENCIA DEL CONDUCTOR),5.0,1,66.33333333333333,60.0,60.0,79.0,3,2,2,0,1,0,3
A-2023-04-114,2023-04-25,06:30,DESPISTE,1,3,1,ICA,CHINCHA,GROCIO PRADO,RURAL,CARRETERA,NACIONAL,PE-1S,-13.383238,-76.204166,DESPEJADO,RURAL,TRAMO RECTO,PLANA ,ASFALTADA,,,,,EN PROCESO DE INVESTIGACIÓN,NO CUENTA CON CAUSA ESPECIFICA,6.0,0,35.2,39.0,5.0,69.0,1,1,1,3,1,0,5
A-2023-04-50,2023-04-25,07:00,CHOQUE,1,1,2,CUSCO,CHUMBIVILCAS,COLQUEMARCA,RURAL,CARRETERA,DEPARTAMENTAL,CU-119,-14.308751,-72.044617,DESPEJADO,RURAL,CURVA,INCLINADA,ASFALTADA,SI,PREVENTIVA (P),,SI,IMPRUDENCIA DEL CONDUCTOR,INVASIÓN DE CARRIL,7.0,0,34.5,34.5,22.0,47.0,2,2,1,1,0,0,2
A-2023-04-37,2023-04-25,14:30,DESPISTE,1,0,1,ICA,PALPA,LLIPATA,RURAL,CARRETERA,NACIONAL,PE-1S,-14.55633,-75.200388,DESPEJADO,RURAL,TRAMO RECTO,PLANA ,ASFALTADA,,,,,EN PROCESO DE INVESTIGACIÓN,NO CUENTA CON CAUSA ESPECIFICA,14.0,0,46.0,46.0,41.0,51.0,1,0,1,0,1,0,2
A-2023-04-134,2023-04-25,15:20,CHOQUE,1,0,0,LIMA,LIMA,ATE,RURAL,AVENIDA,URBANO,NO CORRESPONDE,-12.02083116,-76.81139937,DESPEJADO,ESCOLAR,CURVA,INCLINADA,ASFALTADA,,,,,IMPRUDENCIA DEL CONDUCTOR,OTRO (IMPRUDENCIA DEL CONDUCTOR),15.0,0,38.5,38.5,35.0,42.0,1,1,1,0,1,0,3
A-2023-04-57,2023-04-25,15:30,ATROPELLO,1,0,1,SAN MARTIN,RIOJA,AWAJUN,URBANA,CARRETERA,NACIONAL,PE-5N,-5.802748,-77.40234,DESPEJADO,COMERCIAL,TRAMO RECTO,PLANA ,ASFALTADA,,,,,IMPRUDENCIA DEL PEATÓN,OTRO (IMPRUDENCIA DEL PEATÓN),15.0,0,52.0,52.0,38.0,66.0,2,1,1,0,1,0,2
A-2023-04-164,2023-04-25,18:00,CHOQUE FUGA,1,0,1,TACNA,TACNA,TACNA,RURAL,CARRETERA,NACIONAL,PE-1SD,-18.088136147462045,-70.32679608840952,DESPEJADO,RURAL,TRAMO RECTO,PLANA ,ASFALTADA,,,,,EN PROCESO DE INVESTIGACIÓN,NO CUENTA CON CAUSA ESPECIFICA,18.0,0,44.0,44.0,44.0,44.0,1,1,1,0,0,0,2
A-2023-04-177,2023-04-26,16:20,CHOQUE,1,0,2,TACNA,TACNA,LA YARADA LOS PALOS,RURAL,CARRETERA,PROVINCIAL,TA-642,-18.164697,-70.437519,DESPEJADO,RURAL,TRAMO RECTO,PLANA ,ASFALTADA,,,,,IMPRUDENCIA DEL CONDUCTOR,EXCESO DE VELOCIDAD,16.0,0,34.0,34.0,18.0,50.0,2,2,1,0,1,0,2
A-2023-04-106,2023-04-26,20:30,ATROPELLO,1,0,1,PIURA,PIURA,CATACAOS,URBANA,CARRETERA,NACIONAL,PE-1NK,-5.271774,-80.673656,DESPEJADO,COMERCIAL,TRAMO RECTO,PLANA ,ASFALTADA,,,,,IMPRUDENCIA DEL CONDUCTOR,EXCESO DE VELOCIDAD,20.0,0,32.0,32.0,32.0,32.0,2,1,1,0,1,1,2
A-2023-04-94,2023-04-26,20:40,CHOQUE,1,0,2,LA LIBERTAD,TRUJILLO,LAREDO,RURAL,CARRETERA,PROVINCIAL,LI-733,-8.092577769753573,-78.9679405032972,DESPEJADO,RURAL,TRAMO RECTO,PLANA ,ASFALTADA,,,,,IMPRUDENCIA DEL CONDUCTOR,OTRO (IMPRUDENCIA DEL CONDUCTOR),20.0,0,41.5,41.5,39.0,44.0,2,2,1,0,1,0,2
A-2023-04-73,2023-04-27,02:40,ATROPELLO,1,0,1,AREQUIPA,AREQUIPA,YURA,URBANA,CARRETERA,NACIONAL,PE-34A,-16.2503384,-71.6777896,DESPEJADO,COMERCIAL,CURVA,PLANA ,ASFALTADA,NO,,,SI,EN PROCESO DE INVESTIGACIÓN,NO CUENTA CON CAUSA ESPECIFICA,2.0,0,28.5,28.5,26.0,31.0,2,1,1,0,0,0,2
A-2023-04-131,2023-04-27,06:23,ATROPELLO FUGA,1,0,0,LIMA,LIMA,LURIGANCHO,URBANA,AVENIDA,URBANO,NO CORRESPONDE,-12.00777096,-76.92043616,DESPEJADO,INDUSTRIAL,INTERSECCIÓN,PLANA ,ASFALTADA,,,,,EN PROCESO DE INVESTIGACIÓN,NO CUENTA CON CAUSA ESPECIFICA,6.0,0,28.0,28.0,28.0,28.0,1,0,1,0,0,0,2
A-2023-04-56,2023-04-27,07:30,DESPISTE,1,0,1,HUANCAVELICA,HUANCAVELICA,PILCHACA,RURAL,CARRETERA,PROVINCIAL,HV-930,-12.398508,-75.099057,SOLEADO,RURAL,SINUOSA,PLANA ,TROCHA,,,,,EN PROCESO DE INVESTIGACIÓN,NO CUENTA CON CAUSA ESPECIFICA,7.0,0,55.0,55.0,55.0,55.0,1,1,1,0,1,0,1
A-2023-04-132,2023-04-27,10:31,ATROPELLO FUGA,1,0,0,LIMA,LIMA,LA MOLINA,URBANA,CARRETERA,NACIONAL,PE-1S,-12.075539,-76.974923,DESPEJADO,RESIDENCIAL,TRAMO RECTO,PLANA ,ASFALTADA,SI,REGULADORA (R),,SI,EN PROCESO DE INVESTIGACIÓN,NO CUENTA CON CAUSA ESPECIFICA,10.0,0,,,,,1,0,1,0,0,0,2
A-2023-04-53,2023-04-27,18:10,DESPISTE,1,0,1,CUSCO,PARURO,ACCHA,RURAL,CARRETERA,DEPARTAMENTAL,CU-117,-13.971529,-71.82597,DESPEJADO,RURAL,TRAMO RECTO,PLANA ,AFIRMADO,,,,,IMPRUDENCIA DEL CONDUCTOR,CONDUCIR EN ESTADO DE EBRIEDAD Y/O DROGADICCIÓN,18.0,0,59.0,59.0,57.0,61.0,2,1,1,0,0,0,2
A-2023-04-129,2023-04-27,18:50,ATROPELLO,1,0,0,LIMA,LIMA,SAN JUAN DE LURIGANCHO,URBANA,AVENIDA,URBANO,NO CORRESPONDE,-12.00268844,-76.99903106,DESPEJADO,COMERCIAL,INTERSECCIÓN,PLANA ,ASFALTADA,,,,,IMPRUDENCIA DEL CONDUCTOR,OTRO (IMPRUDENCIA DEL CONDUCTOR),18.0,0,57.0,57.0,37.0,77.0,1,1,1,0,1,0,2
A-2023-04-121,2023-04-28,09:10,ATROPELLO,1,0,0,LIMA,LIMA,BARRANCO,URBANA,AVENIDA,URBANO,NO CORRESPONDE,-12.15348967,-77.01962601,DESPEJADO,ESCOLAR,INTERSECCIÓN,INCLINADA,ASFALTADA,SI,PREVENTIVA (P),REGULADORA (R),SI,IMPRUDENCIA DEL CONDUCTOR,OTRO (IMPRUDENCIA DEL CONDUCTOR),9.0,0,46.0,46.0,26.0,66.0,1,1,1,0,1,0,2
A-2023-04-178,2023-04-28,15:20,DESPISTE,1,0,1,TACNA,TACNA,POCOLLAY,URBANA,AVENIDA,URBANO,NO CORRESPONDE,-17.986380590221206,-70.22298926342252,DESPEJADO,RESIDENCIAL,CURVA,PLANA ,ASFALTADA,,,,,IMPRUDENCIA DEL CONDUCTOR,CONDUCIR EN ESTADO DE EBRIEDAD Y/O DROGADICCIÓN,15.0,0,62.0,62.0,62.0,62.0,1,1,1,0,1,0,1
A-2023-04-163,2023-04-28,17:20,CHOQUE,1,0,0,JUNIN,HUANCAYO,HUANCAN,URBANA,CARRETERA,NACIONAL,PE-3S,-12.116567,-75.216672,DESPEJADO,RURAL,CURVA,PLANA ,ASFALTADA,SI,REGULADORA (R),,SI,IMPRUDENCIA DEL CONDUCTOR,OTRO (IMPRUDENCIA DEL CONDUCTOR),17.0,0,38.5,38.5,38.0,39.0,2,2,1,0,1,0,2
A-2023-04-102,2023-04-28,23:40,CHOQUE,1,0,2,PASCO,PASCO,YANACANCHA,RURAL,CARRETERA,NACIONAL,PE-3N,-10.626955020268475,-76.17705339745523,DESPEJADO,RURAL,CURVA,INCLINADA,ASFALTADA,,,,,IMPRUDENCIA DEL CONDUCTOR,INVASIÓN DE CARRIL,23.0,0,54.0,50.0,33.0,79.0,3,2,1,0,2,0,3
A-2023-04-176,2023-04-29,00:35,DESPISTE,1,0,1,CAJAMARCA,CHOTA,CHOTA,RURAL,CARRETERA,NACIONAL,PE-3N,-6.543833,-78.681006,DESPEJADO,INDUSTRIAL,CURVA,PLANA ,ASFALTADA,NO,,,SI,IMPRUDENCIA DEL CONDUCTOR,CONDUCIR EN ESTADO DE EBRIEDAD Y/O DROGADICCIÓN,0.0,0,58.0,58.0,58.0,58.0,1,1,1,0,0,1,1
A-2023-04-54,2023-04-29,04:00,CHOQUE,1,0,2,CUSCO,CUSCO,CUSCO,RURAL,CARRETERA,NACIONAL,PE-3S,-13.503908,-72.019702,DESPEJADO,RURAL,TRAMO RECTO,INCLINADA,ASFALTADA,SI,REGULADORA (R),REGULADORA (R),SI,IMPRUDENCIA DEL CONDUCTOR,EXCESO DE VELOCIDAD,4.0,0,34.0,34.0,23.0,45.0,2,2,1,0,2,0,2
A-2023-04-58,2023-04-29,04:10,CHOQUE,1,0,2,SAN MARTIN,RIOJA,NUEVA CAJAMARCA,RURAL,CARRETERA,NACIONAL,PE-5N,-5.959961,-77.298212,DESPEJADO,RURAL,TRAMO RECTO,PLANA ,ASFALTADA,SI,REGULADORA (R),REGULADORA (R),NO,IMPRUDENCIA DEL CONDUCTOR,OTRO (IMPRUDENCIA DEL CONDUCTOR),4.0,0,30.0,30.0,24.0,36.0,2,2,1,0,1,0,2
A-2023-04-95,2023-04-29,07:00,CHOQUE,1,0,3,LA LIBERTAD,TRUJILLO,TRUJILLO,RURAL,CARRETERA,NACIONAL,PE-10A,-8.1302045,-79.0136583,DESPEJADO,RURAL,TRAMO RECTO,PLANA ,ASFALTADA,,,,,IMPRUDENCIA DEL CONDUCTOR,DESACATO DE SEÑAL DE TRÁNSITO,7.0,0,43.0,48.0,32.0,49.0,3,3,1,0,2,0,3
A-2023-04-61,2023-04-29,08:45,DESPISTE,4,0,1,HUANCAVELICA,CASTROVIRREYNA,ARMA,RURAL,CARRETERA,NACIONAL,PE-26,-13.134932,-75.54407,DESPEJADO,RURAL,CURVA,PLANA ,ASFALTADA,,,,,EN PROCESO DE INVESTIGACIÓN,NO CUENTA CON CAUSA ESPECIFICA,8.0,2,38.25,41.5,14.0,56.0,3,1,4,0,1,0,4
A-2023-04-97,2023-04-29,10:00,ATROPELLO,1,0,1,LA LIBERTAD,TRUJILLO,TRUJILLO,URBANA,AVENIDA,URBANO,NO CORRESPONDE,-8.111718077,-79.01885088,DESPEJADO,COMERCIAL,INTERSECCIÓN,PLANA ,ASFALTADA,,,,,IMPRUDENCIA DEL CONDUCTOR,OTRO (IMPRUDENCIA DEL CONDUCTOR),10.0,0,57.5,57.5,42.0,73.0,2,1,1,0,1,0,2
A-2023-04-100,2023-04-29,11:00,DESPISTE,1,0,0,APURIMAC,ABANCAY,CURAHUASI,RURAL,CARRETERA,SIN CLASIFICAR,SIN CLASIFICAR,-13.7456475526886,-72.50447043933058,,,,,,,,,,EN PROCESO DE INVESTIGACIÓN,NO CUENTA CON CAUSA ESPECIFICA,11.0,0,44.0,44.0,44.0,44.0,1,1,1,0,0,0,1
A-2023-04-128,2023-04-29,13:00,VOLCADURA,1,0,0,LIMA,LIMA,VILLA EL SALVADOR,RURAL,CARRETERA,NACIONAL,PE-1S,-12.242372,-76.944312,DESPEJADO,RURAL,TRAMO RECTO,PLANA ,ASFALTADA,,,,,EN PROCESO DE INVESTIGACIÓN,NO CUENTA CON CAUSA ESPECIFICA,13.0,0,59.0,59.0,53.0,65.0,1,1,1,0,1,0,2
A-2023-04-127,2023-04-29,13:45,CHOQUE,2,0,0,LIMA,LIMA,CARABAYLLO,URBANA,AVENIDA,URBANO,NO CORRESPONDE,-11.87353797,-77.01561197,DESPEJADO,COMERCIAL,INTERSECCIÓN,INCLINADA,ASFALTADA,SI,PREVENTIVA (P),,NO,EN PROCESO DE INVESTIGACIÓN,NO CUENTA CON CAUSA ESPECIFICA,13.0,1,50.5,52.5,35.0,62.0,2,2,2,0,2,0,4
A-2023-04-122,2023-04-29,16:15,DESPISTE,1,0,0,LIMA,LIMA,MIRAFLORES,URBANA,AVENIDA,URBANO,NO CORRESPONDE,-12.10873273,-77.02668939,DESPEJADO,RESIDENCIAL,INTERSECCIÓN,PLANA ,ASFALTADA,SI,REGULADORA (R),,SI,EN PROCESO DE INVESTIGACIÓN,NO CUENTA CON CAUSA ESPECIFICA,16.0,0,28.5,28.5,24.0,33.0,1,1,1,0,0,0,2
A-2023-04-96,2023-04-29,17:00,DESPISTE,1,0,1,LA LIBERTAD,PACASMAYO,SAN PEDRO DE LLOC,RURAL,CARRETERA,NACIONAL,PE-1N,-7.478889,-79.420416,DESPEJADO,RURAL,TRAMO RECTO,PLANA ,ASFALTADA,,,,,IMPRUDENCIA DEL CONDUCTOR,CONDUCIR EN ESTADO DE EBRIEDAD Y/O DROGADICCIÓN,17.0,0,50.0,50.0,50.0,50.0,1,1,1,0,1,0,1
A-2023-04-68,2023-04-29,17:30,ATROPELLO FUGA,1,0,0,CUSCO,ANTA,LIMATAMBO,RURAL,CARRETERA,PROVINCIAL,CU-1232,-13.473426,-72.398721,DESPEJADO,RURAL,TRAMO RECTO,PLANA ,AFIRMADO,,,,,EN PROCESO DE INVESTIGACIÓN,NO CUENTA CON CAUSA ESPECIFICA,17.0,0,84.0,84.0,84.0,84.0,1,0,1,0,0,0,2
A-2023-04-101,2023-04-29,21:30,CHOQUE,1,0,1,PUNO,SAN ROMAN,CARACOTO,RURAL,CARRETERA,DEPARTAMENTAL,PU-120,-15.5554948,-70.0197021,DESPEJADO,RURAL,TRAMO RECTO,PLANA ,ASFALTADA,,,,,INFRAESTRUCTURA Y ENTORNO VIAL,SUPERFICIE DETERIORADA,21.0,0,44.0,49.0,32.0,51.0,2,2,1,0,0,2,3
A-2023-04-126,2023-04-30,05:00,ATROPELLO,1,0,0,LIMA,LIMA,CARABAYLLO,URBANA,AVENIDA,URBANO,NO CORRESPONDE,-11.89864717,-77.03846028,DESPEJADO,COMERCIAL,TRAMO RECTO,PLANA ,ASFALTADA,,,,,EN PROCESO DE INVESTIGACIÓN,NO CUENTA CON CAUSA ESPECIFICA,5.0,0,39.0,39.0,39.0,39.0,2,1,1,0,1,0,2
A-2023-04-74,2023-04-30,09:00,DESPISTE,1,0,1,AREQUIPA,ISLAY,COCACHACRA,RURAL,CARRETERA,NACIONAL,PE-1S,-16.980637,-71.774132,DESPEJADO,RURAL,CURVA,INCLINADA,ASFALTADA,NO,,,SI,EN PROCESO DE INVESTIGACIÓN,NO CUENTA CON CAUSA ESPECIFICA,9.0,0,47.0,47.0,47.0,47.0,1,1,1,0,1,0,1
A-2023-04-125,2023-04-30,11:30,CHOQUE,1,9,0,LIMA,LIMA,VILLA EL SALVADOR,URBANA,AVENIDA,URBANO,NO CORRESPONDE,-12.22638233,-76.9354564,DESPEJADO,RESIDENCIAL,INTERSECCIÓN,PLANA ,ASFALTADA,,,,,IMPRUDENCIA DEL CONDUCTOR,EXCESO DE VELOCIDAD,11.0,0,47.25,52.5,20.0,67.0,7,2,1,9,1,0,12
A-2023-04-123,2023-04-30,15:30,DESPISTE,2,1,0,LIMA,LIMA,EL AGUSTINO,URBANA,CARRETERA,NACIONAL,PE-22,-12.030709,-76.983637,DESPEJADO,INDUSTRIAL,TRAMO RECTO,PLANA ,ASFALTADA,,,,,NEGLIGENCIA DEL CONDUCTOR,OTRO (NEGLIGENCIA DEL CONDUCTOR),15.0,1,61.5,58.0,42.0,88.0,3,1,2,1,1,0,4
A-2023-04-168,2023-04-30,21:10,ATROPELLO,1,0,1,AYACUCHO,HUAMANGA,QUINUA,URBANA,CARRETERA,NACIONAL,PE-28B,-13.0392014856918,-74.1338174603751,DESPEJADO,RESIDENCIAL,TRAMO RECTO,INCLINADA,ASFALTADA,SI,PREVENTIVA (P),REGULADORA (R),NO,IMPRUDENCIA DEL PEATÓN,ESTADO DE EBRIEDAD Y/O DROGADICCIÓN,21.0,0,27.5,27.5,23.0,32.0,2,1,1,0,0,1,2
A-2023-05-159,2023-05-01,01:02,CHOQUE CON OBJETO FIJO,1,0,1,CAJAMARCA,JAEN,JAEN,URBANA,AVENIDA,URBANO,NO CORRESPONDE,-5.702527,-78.80209,DESPEJADO,INDUSTRIAL,INTERSECCIÓN,INCLINADA,CONCRETO,,,,,IMPRUDENCIA DEL CONDUCTOR,EXCESO DE VELOCIDAD,1.0,0,23.0,23.0,23.0,23.0,1,1,1,0,0,0,1
A-2023-05-55,2023-05-01,02:00,DESPISTE,1,0,1,LA LIBERTAD,OTUZCO,SALPO,RURAL,CARRETERA,NACIONAL,PE-10A,-7.979006,-78.648122,DESPEJADO,RURAL,TRAMO RECTO,PLANA ,ASFALTADA,,,,,IMPRUDENCIA DEL CONDUCTOR,GIRAR IMPRUDENTEMENTE,2.0,0,54.5,54.5,51.0,58.0,1,1,1,0,1,0,2
A-2023-05-2,2023-05-01,10:30,ATROPELLO,1,0,0,ICA,NASCA,NASCA,URBANA,CARRETERA,NACIONAL,PE-30A,-14.8354178,-74.9246159,SOLEADO,COMERCIAL,TRAMO RECTO,PLANA ,ASFALTADA,SI,PREVENTIVA (P),PREVENTIVA (P),NO,IMPRUDENCIA DEL PEATÓN,CRUCE INDEBIDO POR LA CALZADA,10.0,0,52.0,52.0,21.0,83.0,2,1,1,0,0,0,2
A-2023-05-157,2023-05-01,16:31,ESPECIAL,1,0,1,CAJAMARCA,CAJAMARCA,CAJAMARCA,URBANA,PASAJE,URBANO,NO CORRESPONDE,-7.1697739,-78.4930005,DESPEJADO,COMERCIAL,TRAMO RECTO,PLANA ,AFIRMADO,,,,,EN PROCESO DE INVESTIGACIÓN,NO CUENTA CON CAUSA ESPECIFICA,16.0,0,16.0,16.0,16.0,16.0,1,1,1,0,0,0,1
A-2023-05-160,2023-05-01,17:30,CHOQUE,1,3,3,CAJAMARCA,SAN IGNACIO,SAN IGNACIO,RURAL,CARRETERA,NACIONAL,PE-5N,-5.11516,-78.970649,DESPEJADO,INDUSTRIAL,CURVA,INCLINADA,ASFALTADA,SI,PREVENTIVA (P),,SI,IMPRUDENCIA DEL CONDUCTOR,EXCESO DE VELOCIDAD,17.0,0,32.4,37.0,17.0,42.0,3,3,1,3,2,1,5
A-2023-05-34,2023-05-01,17:40,CHOQUE,1,0,2,CUSCO,CANCHIS,SICUANI,RURAL,CARRETERA,NACIONAL,PE-3S,-14.221547,-71.28787,DESPEJADO,RURAL,TRAMO RECTO,PLANA ,ASFALTADA,NO,,,SI,IMPRUDENCIA DEL CONDUCTOR,OTRO (IMPRUDENCIA DEL CONDUCTOR),17.0,0,39.5,39.5,39.0,40.0,2,2,1,0,2,0,2