CODIGO_SINIESTRO,FECHA_SINIESTRO,HORA_SINIESTRO,CLASE_SINIESTRO,CANTIDAD_FALLECIDOS,CANTIDAD_LESIONADOS,CANTIDAD_VEHICULOS,DEPARTAMENTO,PROVINCIA,DISTRITO,ZONA,TIPO_VIA,RED_VIAL,COD_CARRETERA,LATITUD,LONGITUD,CONDICION_CLIMATICA,ZONIFICACION,CARACTERISTICAS_VIA,PERFIL_VIA,SUPERFICIE_CALZADA,EXISTE_SENIAL_VERTICAL,CLASIFICACION_SENIAL_VERTICAL_1,CLASIFICACION_SENIAL_VERTICAL_2,EXISTE_SENIAL_HORIZONTAL,CAUSA_FACTOR_PRINCIPAL,CAUSA_ESPECIFICA,HORA,severidad,EDAD_PROMEDIO,EDAD_MEDIANA,EDAD_MIN,EDAD_MAX,TOTAL_MASCULINOS,TOTAL_CONDUCTORES,TOTAL_FALLECIDOS_AGG,TOTAL_LESIONADOS_AGG,TOTAL_LICENCIA,TOTAL_ALCOHOL_POSITIVO,TOTAL_PERSONAS
A-2023-05-1,2023-05-01,18:40,CHOQUE FUGA,1,0,0,PUNO,PUNO,CAPACHICA,RURAL,CARRETERA,DEPARTAMENTAL,PU-119,-15.61817955266702,-69.8369281869057,DESPEJADO,RURAL,TRAMO RECTO,PLANA ,ASFALTADA,,,,,EN PROCESO DE INVESTIGACIÓN,NO CUENTA CON CAUSA ESPECIFICA,18.0,0,60.0,60.0,60.0,60.0,1,1,1,0,0,0,2
A-2023-05-52,2023-05-01,19:30,ATROPELLO,1,0,1,LA LIBERTAD,ASCOPE,CHICAMA,URBANA,CARRETERA,NACIONAL,PE-1N,-7.948986,-79.09301,DESPEJADO,COMERCIAL,TRAMO RECTO,PLANA ,ASFALTADA,,,,,EN PROCESO DE INVESTIGACIÓN,NO CUENTA CON CAUSA ESPECIFICA,19.0,0,55.0,55.0,41.0,69.0,2,1,1,0,1,0,2
A-2023-05-53,2023-05-01,22:00,CHOQUE,1,0,2,LA LIBERTAD,VIRU,GUADALUPITO,RURAL,CARRETERA,NACIONAL,PE-1N,-8.9103176,-78.639243,DESPEJADO,RURAL,TRAMO RECTO,PLANA ,ASFALTADA,,,,,IMPRUDENCIA DEL PEATÓN,CRUCE INDEBIDO POR LA CALZADA,22.0,0,38.0,38.0,13.0,63.0,2,2,1,0,1,0,2
A-2023-05-106,2023-05-01,23:30,CHOQUE,1,12,3,ICA,CHINCHA,GROCIO PRADO,RURAL,CARRETERA,NACIONAL,PE-1S,-13.336721,-76.233743,DESPEJADO,RURAL,TRAMO RECTO,PLANA ,ASFALTADA,,,,,EN PROCESO DE INVESTIGACIÓN,NO CUENTA CON CAUSA ESPECIFICA,23.0,0,35.4,44.0,3.0,54.0,9,2,1,12,2,0,15
A-2023-05-146,2023-05-01,23:45,DESPISTE,1,1,0,UCAYALI,CORONEL PORTILLO,MANANTAY,URBANA,AVENIDA,URBANO,NO CORRESPONDE,-8.398294,-74.559825,DESPEJADO,COMERCIAL,CURVA,PLANA ,CONCRETO,SI,PREVENTIVA (P),,NO,IMPRUDENCIA DEL CONDUCTOR,CONDUCIR EN ESTADO DE EBRIEDAD Y/O DROGADICCIÓN,23.0,0,30.0,30.0,19.0,41.0,1,1,1,1,0,0,2
A-2023-05-156,2023-05-02,01:30,VOLCADURA,1,0,1,CAJAMARCA,CAJAMARCA,NAMORA,RURAL,CARRETERA,PROVINCIAL,CA-1504,-7.158879,-78.210876,DESPEJADO,INDUSTRIAL,CURVA,INCLINADA,AFIRMADO,,,,,IMPRUDENCIA DEL CONDUCTOR,CONDUCIR EN ESTADO DE EBRIEDAD Y/O DROGADICCIÓN,1.0,0,20.0,20.0,20.0,20.0,1,1,1,0,0,1,1
A-2023-05-54,2023-05-02,04:30,DESPISTE,1,0,1,LA LIBERTAD,VIRU,CHAO,RURAL,CARRETERA,PROVINCIAL,LI-1193,-8.491730815418856,-78.61675642497075,DESPEJADO,RURAL,TRAMO RECTO,PLANA ,ASFALTADA,,,,,EN PROCESO DE INVESTIGACIÓN,NO CUENTA CON CAUSA ESPECIFICA,4.0,0,33.0,33.0,33.0,33.0,1,1,1,0,0,0,1
A-2023-05-56,2023-05-02,12:00,CHOQUE,1,0,2,LA LIBERTAD,VIRU,CHAO,RURAL,CARRETERA,NACIONAL,PE-1N,-8.588582,-78.668333,DESPEJADO,RURAL,TRAMO RECTO,PLANA ,ASFALTADA,,,,,IMPRUDENCIA DEL CONDUCTOR,FATIGA Y/O CANSANCIO,12.0,0,52.333333333333336,62.0,32.0,63.0,2,2,1,0,2,0,3
A-2023-05-57,2023-05-02,13:50,DESPISTE,2,0,1,LA LIBERTAD,CHEPEN,CHEPEN,RURAL,CARRETERA,NACIONAL,PE-08,-7.279487574361421,-79.30900776967442,DESPEJADO,RURAL,TRAMO RECTO,PLANA ,AFIRMADO,,,,,IMPRUDENCIA DEL CONDUCTOR,OTRO (IMPRUDENCIA DEL CONDUCTOR),13.0,1,62.0,62.0,60.0,64.0,1,1,2,0,0,0,3
A-2023-05-103,2023-05-02,18:30,CHOQUE,2,0,0,LORETO,MAYNAS,SAN JUAN BAUTISTA,RURAL,CARRETERA,DEPARTAMENTAL,LO-103,-3.90298775,-73.35507524,,,,,,,,,,EN PROCESO DE INVESTIGACIÓN,NO CUENTA CON CAUSA ESPECIFICA,18.0,1,53.666666666666664,52.0,42.0,67.0,3,2,2,0,0,0,3
A-2023-05-58,2023-05-02,18:30,ATROPELLO,1,0,1,LA LIBERTAD,PATAZ,PATAZ,RURAL,CARRETERA,DEPARTAMENTAL,LI-125,-7.761406,-77.603918,DESPEJADO,RURAL,TRAMO RECTO,PLANA ,AFIRMADO,,,,,EN PROCESO DE INVESTIGACIÓN,NO CUENTA CON CAUSA ESPECIFICA,18.0,0,13.5,13.5,4.0,23.0,2,1,1,0,0,0,2
A-2023-05-142,2023-05-02,22:00,CHOQUE FUGA,1,0,0,JUNIN,HUANCAYO,SAPALLANGA,URBANA,CARRETERA,NACIONAL,PE-3SC,-12.147979,-75.159387,DESPEJADO,RURAL,TRAMO RECTO,PLANA ,ASFALTADA,NO,,,SI,IMPRUDENCIA DEL CONDUCTOR,GIRAR IMPRUDENTEMENTE,22.0,0,27.5,27.5,25.0,30.0,2,2,1,0,2,0,2
A-2023-05-85,2023-05-02,23:30,DESPISTE,1,0,1,PUNO,SAN ROMAN,CABANA,RURAL,CARRETERA,DEPARTAMENTAL,PU-121,-15.65839046227664,-70.2865683507968,DESPEJADO,RURAL,CURVA,PLANA ,ASFALTADA,,,,,IMPRUDENCIA DEL CONDUCTOR,OTRO (IMPRUDENCIA DEL CONDUCTOR),23.0,0,39.0,39.0,39.0,39.0,1,1,1,0,1,1,2
A-2023-05-86,2023-05-03,03:00,DESPISTE,1,0,1,PUNO,CARABAYA,OLLACHEA,RURAL,CARRETERA,NACIONAL,PE-34B,-13.8697922,-70.5121516,DESPEJADO,RURAL,CURVA,INCLINADA,ASFALTADA,,,,,IMPRUDENCIA DEL CONDUCTOR,FATIGA Y/O CANSANCIO,3.0,0,31.0,31.0,31.0,31.0,1,1,1,0,0,0,1
A-2023-05-140,2023-05-03,10:30,ATROPELLO,1,0,0,LIMA,LIMA,SAN JUAN DE LURIGANCHO,URBANA,JIRÓN,URBANO,NO CORRESPONDE,-11.96311927,-76.98319507,DESPEJADO,RESIDENCIAL,INTERSECCIÓN,PLANA ,ASFALTADA,,,,,IMPRUDENCIA DEL CONDUCTOR,OTRO (IMPRUDENCIA DEL CONDUCTOR),10.0,0,33.0,33.0,25.0,41.0,2,1,1,0,1,0,2
A-2023-05-145,2023-05-03,18:00,ATROPELLO,1,0,0,JUNIN,JAUJA,YAULI,URBANA,CARRETERA,DEPARTAMENTAL,JU-103,-11.7133259935062,-75.4743156211476,DESPEJADO,RURAL,TRAMO RECTO,PLANA ,CONCRETO,NO,,,SI,IMPRUDENCIA DEL PEATÓN,CRUCE INDEBIDO POR LA CALZADA,18.0,0,36.5,36.5,6.0,67.0,2,1,1,0,0,0,2
A-2023-05-11,2023-05-03,20:35,DESPISTE,1,0,1,TUMBES,ZARUMILLA,ZARUMILLA,RURAL,CARRETERA,NACIONAL,PE-1NO,-3.507851516222535,-80.2973716666135,DESPEJADO,RURAL,ÓVALO,PLANA ,ASFALTADA,,,,,IMPRUDENCIA DEL CONDUCTOR,OTRO (IMPRUDENCIA DEL CONDUCTOR),20.0,0,37.5,37.5,27.0,48.0,2,1,1,0,1,0,2
A-2023-05-75,2023-05-03,22:45,CHOQUE,1,0,2,ANCASH,RECUAY,LLACLLIN,RURAL,CARRETERA,NACIONAL,PE-16,-10.197042,-77.5546551,DESPEJADO,RURAL,SINUOSA,INCLINADA,ASFALTADA,SI,PREVENTIVA (P),,SI,EN PROCESO DE INVESTIGACIÓN,NO CUENTA CON CAUSA ESPECIFICA,22.0,0,29.0,29.0,23.0,35.0,2,2,1,0,1,0,2
A-2023-05-3,2023-05-04,05:30,CHOQUE,1,2,0,ICA,NASCA,MARCONA,URBANA,CARRETERA,NACIONAL,PE-1S,-15.100606,-75.0012526,DESPEJADO,RURAL,TRAMO RECTO,PLANA ,ASFALTADA,,,,,EN PROCESO DE INVESTIGACIÓN,NO CUENTA CON CAUSA ESPECIFICA,5.0,0,56.0,59.5,38.0,67.0,3,2,1,2,2,0,4
A-2023-05-39,2023-05-04,12:40,CHOQUE,1,1,2,CUSCO,CANCHIS,MARANGANI,RURAL,CARRETERA,PROVINCIAL,CU-1705,-14.351086,-71.184349,DESPEJADO,RURAL,CURVA,PLANA ,AFIRMADO,,,,,IMPRUDENCIA DEL CONDUCTOR,EXCESO DE VELOCIDAD,12.0,0,30.0,30.0,16.0,44.0,2,2,1,1,0,0,2
A-2023-05-4,2023-05-04,17:30,CHOQUE,1,0,2,ICA,ICA,SANTIAGO,URBANA,CARRETERA,NACIONAL,PE-1S,-14.28342,-75.68165,DESPEJADO,RURAL,TRAMO RECTO,PLANA ,ASFALTADA,,,,,IMPRUDENCIA DEL CONDUCTOR,INVASIÓN DE CARRIL,17.0,0,46.0,46.0,38.0,54.0,2,2,1,0,1,0,2
A-2023-05-8,2023-05-04,20:30,CHOQUE,1,0,2,AREQUIPA,AREQUIPA,POCSI,RURAL,CARRETERA,DEPARTAMENTAL,AR-118,-16.521842,-71.422756,DESPEJADO,RURAL,CURVA,INCLINADA,ASFALTADA,NO,,,SI,EN PROCESO DE INVESTIGACIÓN,NO CUENTA CON CAUSA ESPECIFICA,20.0,0,44.5,44.5,37.0,52.0,2,2,1,0,2,1,2
A-2023-05-153,2023-05-05,05:00,DESPISTE,2,2,1,AYACUCHO,HUAMANGA,VINCHOS,RURAL,CARRETERA,PROVINCIAL,AY-816,-13.2708478494833,-74.3480863985412,DESPEJADO,RURAL,CURVA,INCLINADA,AFIRMADO,,,,,IMPRUDENCIA DEL CONDUCTOR,CONDUCIR EN ESTADO DE EBRIEDAD Y/O DROGADICCIÓN,5.0,1,35.75,38.5,7.0,59.0,2,1,2,2,0,1,4
A-2023-05-43,2023-05-05,07:24,ATROPELLO,1,0,1,CUSCO,CUSCO,SAN JERONIMO,URBANA,AVENIDA,URBANO,NO CORRESPONDE,-13.545461,-71.892738,DESPEJADO,RESIDENCIAL,TRAMO RECTO,PLANA ,ASFALTADA,NO,,,SI,IMPRUDENCIA DEL PEATÓN,ESTADO DE EBRIEDAD Y/O DROGADICCIÓN,7.0,0,47.0,47.0,35.0,59.0,2,1,1,0,1,0,2
A-2023-05-46,2023-05-05,10:00,DESPISTE,1,0,1,CUSCO,CANAS,LAYO,RURAL,CARRETERA,NACIONAL,PE-3S,-14.460058,-71.066607,DESPEJADO,RURAL,TRAMO RECTO,PLANA ,ASFALTADA,,,,,IMPRUDENCIA DEL CONDUCTOR,FATIGA Y/O CANSANCIO,10.0,0,41.5,41.5,21.0,62.0,1,1,1,0,1,0,2
A-2023-05-5,2023-05-05,16:08,DESPISTE,1,1,1,PUNO,PUNO,PICHACANI,RURAL,CARRETERA,NACIONAL,PE-36B,-16.276122,-70.194402,DESPEJADO,RURAL,TRAMO RECTO,PLANA ,ASFALTADA,,,,,IMPRUDENCIA DEL CONDUCTOR,CONDUCIR EN ESTADO DE EBRIEDAD Y/O DROGADICCIÓN,16.0,0,34.5,34.5,31.0,38.0,2,1,1,1,1,0,2
A-2023-05-87,2023-05-05,16:40,CHOQUE,1,0,1,PUNO,CARABAYA,AJOYANI,RURAL,CARRETERA,NACIONAL,PE-34B,-14.2357036,-70.2449078,DESPEJADO,RURAL,TRAMO RECTO,PLANA ,ASFALTADA,,,,,IMPRUDENCIA DEL CONDUCTOR,OTRO (IMPRUDENCIA DEL CONDUCTOR),16.0,0,35.5,35.5,30.0,41.0,2,2,1,0,1,0,3
A-2023-05-143,2023-05-05,18:05,ATROPELLO,1,0,0,JUNIN,HUANCAYO,CHILCA,URBANA,CARRETERA,NACIONAL,PE-3S,-12.100522,-75.216756,DESPEJADO,RURAL,CURVA,INCLINADA,ASFALTADA,NO,,,SI,IMPRUDENCIA DEL PEATÓN,CRUCE INDEBIDO POR LA CALZADA,18.0,0,73.0,73.0,66.0,80.0,2,1,1,0,1,0,2
A-2023-05-147,2023-05-06,06:40,ATROPELLO FUGA,1,0,0,UCAYALI,CORONEL PORTILLO,YARINACOCHA,RURAL,CARRETERA,NACIONAL,PE-18C,-8.409032,-74.647506,DESPEJADO,RURAL,TRAMO RECTO,PLANA ,ASFALTADA,SI,PREVENTIVA (P),,NO,EN PROCESO DE INVESTIGACIÓN,NO CUENTA CON CAUSA ESPECIFICA,6.0,0,71.0,71.0,71.0,71.0,1,0,1,0,0,0,2
A-2023-05-40,2023-05-06,08:00,CHOQUE,1,3,2,CUSCO,PAUCARTAMBO,PAUCARTAMBO,RURAL,CARRETERA,DEPARTAMENTAL,CU-116,-13.326244,-71.584321,DESPEJADO,RURAL,CURVA,INCLINADA,AFIRMADO,,,,,IMPRUDENCIA DEL CONDUCTOR,EXCESO DE VELOCIDAD,8.0,0,31.25,31.0,18.0,45.0,2,2,1,3,0,0,4
A-2023-05-81,2023-05-06,08:00,DESPISTE,1,1,1,HUANCAVELICA,ANGARAES,SECCLLA,RURAL,CARRETERA,DEPARTAMENTAL,HV-108,-13.047236,-74.487901,SOLEADO,RURAL,CURVA,INCLINADA,TROCHA,,,,,EN PROCESO DE INVESTIGACIÓN,NO CUENTA CON CAUSA ESPECIFICA,8.0,0,47.5,47.5,28.0,67.0,2,1,1,1,0,0,2
A-2023-05-139,2023-05-06,09:23,ATROPELLO,1,0,0,LIMA,LIMA,SAN JUAN DE LURIGANCHO,URBANA,AVENIDA,URBANO,NO CORRESPONDE,-11.96782396,-77.00390032,DESPEJADO,COMERCIAL,TRAMO RECTO,PLANA ,ASFALTADA,,,,,EN PROCESO DE INVESTIGACIÓN,NO CUENTA CON CAUSA ESPECIFICA,9.0,0,52.5,52.5,31.0,74.0,2,1,1,0,1,0,2
A-2023-05-59,2023-05-06,14:00,DESPISTE,1,4,1,LA LIBERTAD,BOLIVAR,BAMBAMARCA,RURAL,CARRETERA,NACIONAL,PE-10B,-7.441539095635639,-77.69836557860195,DESPEJADO,RURAL,TRAMO RECTO,PLANA ,TROCHA,,,,,EN PROCESO DE INVESTIGACIÓN,NO CUENTA CON CAUSA ESPECIFICA,14.0,0,43.0,37.0,33.0,66.0,2,1,1,4,1,0,5
A-2023-05-155,2023-05-06,15:40,CHOQUE,1,0,0,LIMA,LIMA,SANTIAGO DE SURCO,RURAL,CARRETERA,NACIONAL,PE-1S,-12.143686,-76.981723,DESPEJADO,INDUSTRIAL,TRAMO RECTO,PLANA ,ASFALTADA,,,,,IMPRUDENCIA DEL CONDUCTOR,OTRO (IMPRUDENCIA DEL CONDUCTOR),15.0,0,31.0,31.0,22.0,40.0,1,2,1,0,2,0,2
A-2023-05-174,2023-05-06,15:40,CHOQUE,1,0,0,LIMA,LIMA,SANTIAGO DE SURCO,URBANA,CARRETERA,NACIONAL,PE-1S,-12.143750308314194,-76.98170268928794,DESPEJADO,RESIDENCIAL,TRAMO RECTO,PLANA ,ASFALTADA,,,,,IMPRUDENCIA DEL CONDUCTOR,GIRAR IMPRUDENTEMENTE,15.0,0,35.0,35.0,30.0,40.0,1,2,1,0,1,0,2
A-2023-05-158,2023-05-06,16:30,CHOQUE,1,0,2,CAJAMARCA,CHOTA,QUEROCOTO,RURAL,CARRETERA,PROVINCIAL,CA-827,-6.339401,-79.027925,DESPEJADO,INDUSTRIAL,CURVA,PLANA ,AFIRMADO,,,,,IMPRUDENCIA DEL CONDUCTOR,EXCESO DE VELOCIDAD,16.0,0,39.5,39.5,39.0,40.0,2,2,1,0,1,0,2
A-2023-05-138,2023-05-06,22:40,ATROPELLO,1,0,0,LIMA,LIMA,INDEPENDENCIA,URBANA,AVENIDA,URBANO,NO CORRESPONDE,-12.002167065249218,-77.05499941826353,DESPEJADO,COMERCIAL,TRAMO RECTO,INCLINADA,ASFALTADA,,,,,EN PROCESO DE INVESTIGACIÓN,NO CUENTA CON CAUSA ESPECIFICA,22.0,0,36.0,36.0,24.0,48.0,2,1,1,0,1,0,2
A-2023-05-18,2023-05-06,22:50,ATROPELLO,1,0,1,ANCASH,SANTA,NUEVO CHIMBOTE,RURAL,CARRETERA,NACIONAL,PE-1N,-9.161346,-78.495372,DESPEJADO,RURAL,TRAMO RECTO,PLANA ,ASFALTADA,SI,INFORMATIVA (I),,SI,EN PROCESO DE INVESTIGACIÓN,NO CUENTA CON CAUSA ESPECIFICA,22.0,0,48.5,48.5,39.0,58.0,2,1,1,0,1,0,2
A-2023-05-137,2023-05-07,00:40,CHOQUE,1,0,0,LIMA,LIMA,LOS OLIVOS,URBANA,AVENIDA,URBANO,NO CORRESPONDE,-11.98023189,-77.07220528,DESPEJADO,COMERCIAL,INTERSECCIÓN,PLANA ,ASFALTADA,,,,,EN PROCESO DE INVESTIGACIÓN,NO CUENTA CON CAUSA ESPECIFICA,0.0,0,27.666666666666668,23.0,23.0,37.0,2,2,1,0,1,0,3
A-2023-05-9,2023-05-07,10:30,DESPISTE,2,0,1,ICA,ICA,YAUCA DEL ROSARIO,RURAL,CARRETERA,SIN CLASIFICAR,SIN CLASIFICAR,-13.9761447,-75.4256334,DESPEJADO,RURAL,CURVA,INCLINADA,TROCHA,,,,,INFRAESTRUCTURA Y ENTORNO VIAL,OTRO (INFRAESTRUCTURA Y ENTORNO VIAL),10.0,1,58.0,58.0,58.0,58.0,1,1,2,0,0,0,2
A-2023-05-172,2023-05-07,14:00,DESPISTE,1,2,0,PASCO,OXAPAMPA,OXAPAMPA,URBANA,CARRETERA,NACIONAL,PE-5NA,-10.640763153088637,-75.38786621522597,,,,,,,,,,EN PROCESO DE INVESTIGACIÓN,NO CUENTA CON CAUSA ESPECIFICA,14.0,0,45.5,47.0,37.0,51.0,3,1,1,2,0,0,4
A-2023-05-141,2023-05-08,01:00,DESPISTE,2,0,0,APURIMAC,ABANCAY,CIRCA,RURAL,CARRETERA,NACIONAL,PE-30A,-13.78832022,-72.94705484,,,,,,,,,,EN PROCESO DE INVESTIGACIÓN,NO CUENTA CON CAUSA ESPECIFICA,1.0,1,34.0,34.0,32.0,36.0,2,1,2,0,0,0,2
A-2023-05-60,2023-05-08,04:00,CHOQUE,1,0,3,LA LIBERTAD,TRUJILLO,LAREDO,RURAL,CARRETERA,NACIONAL,PE-10A,-8.073092,-78.867206,DESPEJADO,RURAL,TRAMO RECTO,PLANA ,ASFALTADA,,,,,IMPRUDENCIA DEL CONDUCTOR,OTRO (IMPRUDENCIA DEL CONDUCTOR),4.0,0,36.333333333333336,36.0,35.0,38.0,3,3,1,0,2,0,3
A-2023-05-136,2023-05-08,05:00,CHOQUE,1,24,0,LIMA,LIMA,SAN BORJA,URBANA,CARRETERA,NACIONAL,PE-1S,-12.094176,-76.980606,DESPEJADO,COMERCIAL,TRAMO RECTO,PLANA ,ASFALTADA,,,,,EN PROCESO DE INVESTIGACIÓN,NO CUENTA CON CAUSA ESPECIFICA,5.0,0,43.34615384615385,43.0,4.0,87.0,12,2,1,24,2,0,26
A-2023-05-61,2023-05-08,07:10,DESPISTE,2,12,1,LA LIBERTAD,SANTIAGO DE CHUCO,QUIRUVILCA,RURAL,CARRETERA,PROVINCIAL,LI-931,-8.010683371367584,-78.31100065209786,DESPEJADO,RURAL,CURVA,INCLINADA,TROCHA,,,,,IMPRUDENCIA DEL CONDUCTOR,ADELANTAR INDEBIDAMENTE,7.0,1,30.266666666666666,28.0,23.0,41.0,14,1,2,12,1,0,15
A-2023-05-30,2023-05-08,16:30,CHOQUE,3,0,3,CUSCO,QUISPICANCHI,URCOS,RURAL,CARRETERA,NACIONAL,PE-3S,-13.710043,-71.597223,LLUVIOSO,RURAL,TRAMO RECTO,PLANA ,ASFALTADA,SI,REGULADORA (R),,SI,IMPRUDENCIA DEL CONDUCTOR,EXCESO DE VELOCIDAD,16.0,2,26.2,26.0,3.0,41.0,3,3,3,0,2,0,5
A-2023-05-88,2023-05-08,19:00,DESPISTE,1,0,1,PUNO,LAMPA,SANTA LUCIA,RURAL,CARRETERA,NACIONAL,PE-34A,-15.6507989,-70.7334132,DESPEJADO,RURAL,CURVA,PLANA ,ASFALTADA,,,,,NEGLIGENCIA DEL CONDUCTOR,OTRO (NEGLIGENCIA DEL CONDUCTOR),19.0,0,53.5,53.5,47.0,60.0,1,1,1,0,1,0,2
A-2023-05-62,2023-05-09,05:30,ATROPELLO,2,0,1,LA LIBERTAD,PACASMAYO,JEQUETEPEQUE,RURAL,CARRETERA,NACIONAL,PE-1N,-7.3661421,-79.5300156,DESPEJADO,RURAL,TRAMO RECTO,PLANA ,ASFALTADA,,,,,EN PROCESO DE INVESTIGACIÓN,NO CUENTA CON CAUSA ESPECIFICA,5.0,1,46.5,46.5,34.0,59.0,2,1,2,0,0,0,2
A-2023-05-102,2023-05-09,11:30,DESPISTE,1,0,1,AMAZONAS,BONGARA,VALERA,RURAL,CARRETERA,PROVINCIAL,AM-637,-6.05205,-77.9178956,DESPEJADO,RURAL,CURVA,INCLINADA,ASFALTADA,,,,,EN PROCESO DE INVESTIGACIÓN,NO CUENTA CON CAUSA ESPECIFICA,11.0,0,31.0,31.0,31.0,31.0,2,1,1,0,1,0,2
A-2023-05-144,2023-05-09,15:30,CHOQUE,2,4,0,JUNIN,JUNIN,CARHUAMAYO,RURAL,CARRETERA,NACIONAL,PE-3N,-10.91089928075512,-76.06661079155415,NUBLADO,RURAL,TRAMO RECTO,PLANA ,ASFALTADA,SI,PREVENTIVA (P),,SI,IMPRUDENCIA DEL CONDUCTOR,ADELANTAR INDEBIDAMENTE,15.0,1,61.166666666666664,64.5,41.0,78.0,4,2,2,4,2,0,6
A-2023-05-45,2023-05-10,11:15,ESPECIAL,1,2,1,CUSCO,ANTA,HUAROCONDO,RURAL,CARRETERA,DEPARTAMENTAL,CU-110,-13.3700266,-72.2351484,DESPEJADO,RURAL,CURVA,PLANA ,TROCHA,,,,,INFRAESTRUCTURA Y ENTORNO VIAL,OTRO (INFRAESTRUCTURA Y ENTORNO VIAL),11.0,0,22.333333333333332,31.0,2.0,34.0,1,1,1,2,0,0,3
A-2023-05-135,2023-05-10,13:50,ATROPELLO FUGA,1,0,0,LIMA,LIMA,VILLA EL SALVADOR,RURAL,CARRETERA,NACIONAL,PE-1S,-12.24054167,-76.9477022,DESPEJADO,INDUSTRIAL,TRAMO RECTO,PLANA ,ASFALTADA,,,,,EN PROCESO DE INVESTIGACIÓN,NO CUENTA CON CAUSA ESPECIFICA,13.0,0,35.0,35.0,35.0,35.0,1,0,1,0,0,0,2
A-2023-05-36,2023-05-10,14:30,DESPISTE,2,4,1,APURIMAC,ANDAHUAYLAS,TALAVERA,RURAL,CARRETERA,DEPARTAMENTAL,AP-102,-13.589089,-73.46085,SOLEADO,RURAL,TRAMO RECTO,INCLINADA,CASCAJO/RIPIO,,,,,IMPRUDENCIA DEL CONDUCTOR,EXCESO DE VELOCIDAD,14.0,1,45.166666666666664,46.5,38.0,49.0,4,1,2,4,1,0,6
A-2023-05-63,2023-05-10,20:00,ATROPELLO,1,0,1,LA LIBERTAD,VIRU,CHAO,RURAL,CARRETERA,NACIONAL,PE-1N,-8.688299568046988,-78.63463067085851,DESPEJADO,RURAL,TRAMO RECTO,PLANA ,ASFALTADA,,,,,EN PROCESO DE INVESTIGACIÓN,NO CUENTA CON CAUSA ESPECIFICA,20.0,0,51.0,51.0,51.0,51.0,2,1,1,0,1,0,2
A-2023-05-13,2023-05-10,22:00,DESPISTE,1,2,1,ANCASH,CARHUAZ,CARHUAZ,RURAL,CARRETERA,NACIONAL,PE-3N,-9.283060554239968,-77.64921018219094,DESPEJADO,RURAL,CURVA,INCLINADA,TROCHA,,,,,EN PROCESO DE INVESTIGACIÓN,NO CUENTA CON CAUSA ESPECIFICA,22.0,0,17.5,17.0,1.0,35.0,3,1,1,2,0,0,4
A-2023-05-7,2023-05-11,02:30,DESPISTE,1,0,1,ICA,PALPA,LLIPATA,RURAL,CARRETERA,NACIONAL,PE-1S,-14.5581442,-75.2023289,DESPEJADO,RURAL,TRAMO RECTO,PLANA ,ASFALTADA,,,,,IMPRUDENCIA DEL CONDUCTOR,EXCESO DE VELOCIDAD,2.0,0,36.0,36.0,36.0,36.0,1,1,1,0,0,0,1
A-2023-05-134,2023-05-11,12:30,CHOQUE,1,0,0,LIMA,LIMA,LURIGANCHO,URBANA,AVENIDA,URBANO,NO CORRESPONDE,-11.9985816,-76.92668958,DESPEJADO,RESIDENCIAL,INTERSECCIÓN,PLANA ,ASFALTADA,,,,,IMPRUDENCIA DEL CONDUCTOR,OTRO (IMPRUDENCIA DEL CONDUCTOR),12.0,0,42.0,42.0,32.0,52.0,2,2,1,0,1,0,2
A-2023-05-133,2023-05-11,18:50,DESPISTE,1,0,0,LIMA,LIMA,VILLA MARIA DEL TRIUNFO,URBANA,JIRÓN,URBANO,NO CORRESPONDE,-12.1840592,-76.93914062,DESPEJADO,RESIDENCIAL,TRAMO RECTO,INCLINADA,ASFALTADA,,,,,EN PROCESO DE INVESTIGACIÓN,NO CUENTA CON CAUSA ESPECIFICA,18.0,0,30.0,30.0,30.0,30.0,1,1,1,0,0,0,1
A-2023-05-161,2023-05-11,19:07,CHOQUE,1,0,2,CAJAMARCA,CAJAMARCA,LOS BAÑOS DEL INCA,RURAL,CARRETERA,NACIONAL,PE-08B,-7.141737,-78.390571,DESPEJADO,INDUSTRIAL,TRAMO RECTO,PLANA ,ASFALTADA,NO,,,SI,IMPRUDENCIA DEL CONDUCTOR,OTRO (IMPRUDENCIA DEL CONDUCTOR),19.0,0,53.0,53.0,47.0,59.0,2,2,1,0,1,0,2
A-2023-05-6,2023-05-12,01:00,CHOQUE,1,0,1,ICA,ICA,LOS AQUIJES,URBANA,CARRETERA,NACIONAL,PE-1S,-14.093277,-75.7173961,DESPEJADO,INDUSTRIAL,TRAMO RECTO,PLANA ,ASFALTADA,,,,,NEGLIGENCIA DEL CONDUCTOR,OTRO (NEGLIGENCIA DEL CONDUCTOR),1.0,0,30.0,30.0,30.0,30.0,1,1,1,0,0,0,2
A-2023-05-95,2023-05-12,04:00,CHOQUE,1,2,2,PIURA,PIURA,PIURA,URBANA,AVENIDA,URBANO,NO CORRESPONDE,-5.18244,-80.6359916,DESPEJADO,COMERCIAL,INTERSECCIÓN,PLANA ,ASFALTADA,,,,,IMPRUDENCIA DEL CONDUCTOR,EXCESO DE VELOCIDAD,4.0,0,21.75,23.0,3.0,38.0,3,2,1,2,0,0,4
A-2023-05-76,2023-05-12,07:30,DESPISTE,1,0,0,ANCASH,RECUAY,MARCA,RURAL,CARRETERA,PROVINCIAL,AN-1238,-10.09056031,-77.47490667,,,,,,,,,,EN PROCESO DE INVESTIGACIÓN,NO CUENTA CON CAUSA ESPECIFICA,7.0,0,66.0,66.0,66.0,66.0,1,1,1,0,0,0,1