CODIGO_SINIESTRO,FECHA_SINIESTRO,HORA_SINIESTRO,CLASE_SINIESTRO,CANTIDAD_FALLECIDOS,CANTIDAD_LESIONADOS,CANTIDAD_VEHICULOS,DEPARTAMENTO,PROVINCIA,DISTRITO,ZONA,TIPO_VIA,RED_VIAL,COD_CARRETERA,LATITUD,LONGITUD,CONDICION_CLIMATICA,ZONIFICACION,CARACTERISTICAS_VIA,PERFIL_VIA,SUPERFICIE_CALZADA,EXISTE_SENIAL_VERTICAL,CLASIFICACION_SENIAL_VERTICAL_1,CLASIFICACION_SENIAL_VERTICAL_2,EXISTE_SENIAL_HORIZONTAL,CAUSA_FACTOR_PRINCIPAL,CAUSA_ESPECIFICA,HORA,severidad,EDAD_PROMEDIO,EDAD_MEDIANA,EDAD_MIN,EDAD_MAX,TOTAL_MASCULINOS,TOTAL_CONDUCTORES,TOTAL_FALLECIDOS_AGG,TOTAL_LESIONADOS_AGG,TOTAL_LICENCIA,TOTAL_ALCOHOL_POSITIVO,TOTAL_PERSONAS
A-2023-05-15,2023-05-12,09:00,DESPISTE,1,2,1,AREQUIPA,CAYLLOMA,CHIVAY,RURAL,CARRETERA,DEPARTAMENTAL,AR-109,-15.704648,-71.589614,NUBLADO,RURAL,CURVA,INCLINADA,ASFALTADA,NO,,,SI,EN PROCESO DE INVESTIGACIÓN,NO CUENTA CON CAUSA ESPECIFICA,9.0,0,54.666666666666664,52.0,36.0,76.0,3,1,1,2,1,0,3
A-2023-05-64,2023-05-12,20:00,DESPISTE,1,0,1,LA LIBERTAD,GRAN CHIMU,SAYAPULLO,RURAL,CARRETERA,DEPARTAMENTAL,LI-106,-7.592899,-78.488527,DESPEJADO,RURAL,TRAMO RECTO,PLANA ,AFIRMADO,,,,,EN PROCESO DE INVESTIGACIÓN,NO CUENTA CON CAUSA ESPECIFICA,20.0,0,46.0,46.0,46.0,46.0,1,1,1,0,1,0,1
A-2023-05-162,2023-05-12,20:40,CHOQUE,1,0,2,CAJAMARCA,CHOTA,CHOTA,URBANA,CARRETERA,NACIONAL,PE-3N,-6.544263,-78.681978,DESPEJADO,COMERCIAL,CURVA,INCLINADA,ASFALTADA,NO,,,SI,IMPRUDENCIA DEL CONDUCTOR,CONDUCIR EN ESTADO DE EBRIEDAD Y/O DROGADICCIÓN,20.0,0,41.0,41.0,41.0,41.0,2,1,1,0,0,1,2
A-2023-05-132,2023-05-12,21:00,ATROPELLO,1,0,0,LIMA,LIMA,LURIN,RURAL,CARRETERA,NACIONAL,PE-1S,-12.28162677,-76.88079856,DESPEJADO,INDUSTRIAL,TRAMO RECTO,PLANA ,ASFALTADA,SI,INFORMATIVA (I),,NO,IMPRUDENCIA DEL PEATÓN,OTRO (IMPRUDENCIA DEL PEATÓN),21.0,0,49.0,49.0,49.0,49.0,1,1,1,0,1,0,2
A-2023-05-148,2023-05-13,04:00,CHOQUE,1,3,0,JUNIN,YAULI,MOROCOCHA,RURAL,CARRETERA,NACIONAL,PE-22,-11.597276,-76.145393,DESPEJADO,RURAL,CURVA,PLANA ,ASFALTADA,NO,,,SI,IMPRUDENCIA DEL CONDUCTOR,INVASIÓN DE CARRIL,4.0,0,47.166666666666664,45.5,25.0,75.0,4,2,1,3,2,0,6
A-2023-05-65,2023-05-13,09:00,DESPISTE,3,23,1,LA LIBERTAD,SANTIAGO DE CHUCO,QUIRUVILCA,RURAL,CARRETERA,NACIONAL,PE-3N,-8.020769,-78.316386,DESPEJADO,RURAL,CURVA,PLANA ,TROCHA,,,,,NEGLIGENCIA DEL CONDUCTOR,CONDUCIR CON FALLAS DE FRENOS,9.0,2,30.23076923076923,26.5,17.0,64.0,14,1,3,23,1,0,26
A-2023-05-131,2023-05-13,10:30,ATROPELLO,1,1,0,LIMA,LIMA,RIMAC,URBANA,JIRÓN,URBANO,NO CORRESPONDE,-12.03779377,-77.02698101,DESPEJADO,RESIDENCIAL,INTERSECCIÓN,PLANA ,ASFALTADA,,,,,EN PROCESO DE INVESTIGACIÓN,NO CUENTA CON CAUSA ESPECIFICA,10.0,0,64.33333333333333,57.0,52.0,84.0,2,1,1,1,1,0,3
A-2023-05-66,2023-05-13,13:30,ATROPELLO,1,0,1,LA LIBERTAD,TRUJILLO,VICTOR LARCO HERRERA,URBANA,CARRETERA,NACIONAL,PE-1N,-8.136443,-79.058955,DESPEJADO,COMERCIAL,TRAMO RECTO,PLANA ,ASFALTADA,,,,,EN PROCESO DE INVESTIGACIÓN,NO CUENTA CON CAUSA ESPECIFICA,13.0,0,53.0,53.0,44.0,62.0,1,1,1,0,1,0,2
A-2023-05-110-A,2023-05-13,15:45,DESPISTE,1,1,0,AREQUIPA,AREQUIPA,LA JOYA,URBANA,CARRETERA,NACIONAL,PE-1S,-16.685099,-71.870726,DESPEJADO,COMERCIAL,TRAMO RECTO,PLANA ,ASFALTADA,SI,REGULADORA (R),,SI,EN PROCESO DE INVESTIGACIÓN,NO CUENTA CON CAUSA ESPECIFICA,15.0,0,63.0,63.0,60.0,66.0,1,1,1,1,1,0,2
A-2023-05-168,2023-05-13,19:00,ATROPELLO,1,0,1,CAJAMARCA,CAJABAMBA,CAJABAMBA,URBANA,CARRETERA,NACIONAL,PE-3N,-7.6288114,-78.0434344,DESPEJADO,COMERCIAL,TRAMO RECTO,PLANA ,ASFALTADA,,,,,IMPRUDENCIA DEL CONDUCTOR,CONDUCIR EN ESTADO DE EBRIEDAD Y/O DROGADICCIÓN,19.0,0,52.5,52.5,39.0,66.0,2,1,1,0,0,1,2
A-2023-05-16,2023-05-13,19:45,ATROPELLO,1,0,1,AREQUIPA,AREQUIPA,UCHUMAYO,URBANA,CARRETERA,NACIONAL,PE-34A,-16.409763,-71.619783,DESPEJADO,INDUSTRIAL,TRAMO RECTO,INCLINADA,ASFALTADA,NO,,,SI,EN PROCESO DE INVESTIGACIÓN,NO CUENTA CON CAUSA ESPECIFICA,19.0,0,35.5,35.5,35.0,36.0,2,1,1,0,1,0,2
A-2023-05-21,2023-05-14,01:15,ATROPELLO FUGA,1,0,1,AREQUIPA,AREQUIPA,CERRO COLORADO,URBANA,CARRETERA,NACIONAL,PE-34A,-16.338207,-71.590511,DESPEJADO,COMERCIAL,CURVA,PLANA ,ASFALTADA,NO,,,SI,EN PROCESO DE INVESTIGACIÓN,NO CUENTA CON CAUSA ESPECIFICA,1.0,0,23.0,23.0,23.0,23.0,1,0,1,0,0,0,2
A-2023-05-67,2023-05-14,01:15,ATROPELLO FUGA,1,0,0,LA LIBERTAD,TRUJILLO,TRUJILLO,RURAL,CARRETERA,NACIONAL,PE-10A,-8.117398,-79.003102,DESPEJADO,RURAL,TRAMO RECTO,PLANA ,ASFALTADA,,,,,EN PROCESO DE INVESTIGACIÓN,NO CUENTA CON CAUSA ESPECIFICA,1.0,0,33.0,33.0,33.0,33.0,1,0,1,0,0,0,2
A-2023-05-37,2023-05-14,03:00,DESPISTE,1,3,1,CUSCO,ESPINAR,OCORURO,RURAL,CARRETERA,NACIONAL,PE-34J,-14.967764,-71.177229,NIEBLA,RURAL,CURVA,INCLINADA,ASFALTADA,SI,PREVENTIVA (P),,SI,IMPRUDENCIA DEL CONDUCTOR,EXCESO DE VELOCIDAD,3.0,0,21.6,17.0,12.0,36.0,1,1,1,3,1,0,5
A-2023-05-12,2023-05-14,04:30,DESPISTE,1,5,1,ANCASH,RECUAY,CATAC,RURAL,CARRETERA,DEPARTAMENTAL,AN-110,-9.804748593056225,-77.43022914079498,DESPEJADO,RURAL,TRAMO RECTO,PLANA ,ASFALTADA,,,,,EN PROCESO DE INVESTIGACIÓN,NO CUENTA CON CAUSA ESPECIFICA,4.0,0,46.57142857142857,43.0,33.0,75.0,2,1,1,5,1,0,7
A-2023-05-110-B,2023-05-14,05:15,DESPISTE,2,0,1,HUANCAVELICA,ANGARAES,LIRCAY,RURAL,CARRETERA,DEPARTAMENTAL,HV-116,-13.142764,-74.873354,DESPEJADO,RURAL,CURVA,PLANA ,TROCHA,,,,,EN PROCESO DE INVESTIGACIÓN,NO CUENTA CON CAUSA ESPECIFICA,5.0,1,38.5,38.5,30.0,47.0,2,1,2,0,1,0,2
A-2023-05-93,2023-05-14,05:15,DESPISTE,1,0,1,PIURA,PIURA,PIURA,RURAL,CARRETERA,NACIONAL,PE-1N,-5.0791,-80.7067,DESPEJADO,RURAL,TRAMO RECTO,PLANA ,ASFALTADA,SI,PREVENTIVA (P),,NO,IMPRUDENCIA DEL CONDUCTOR,EXCESO DE VELOCIDAD,5.0,0,21.0,21.0,21.0,21.0,1,1,1,0,0,0,1
A-2023-05-130,2023-05-14,07:00,ATROPELLO,1,0,0,LIMA,LIMA,SAN MARTIN DE PORRES,URBANA,AVENIDA,URBANO,NO CORRESPONDE,-12.02103639,-77.08656019,DESPEJADO,RESIDENCIAL,INTERSECCIÓN,PLANA ,ASFALTADA,SI,PREVENTIVA (P),,NO,EN PROCESO DE INVESTIGACIÓN,NO CUENTA CON CAUSA ESPECIFICA,7.0,0,55.0,55.0,42.0,68.0,1,1,1,0,1,0,2
A-2023-05-108,2023-05-14,08:30,ATROPELLO FUGA,1,0,0,ICA,CHINCHA,CHINCHA BAJA,RURAL,CARRETERA,NACIONAL,PE-1S,-13.506279,-76.141225,DESPEJADO,RURAL,TRAMO RECTO,PLANA ,ASFALTADA,,,,,IMPRUDENCIA DEL PEATÓN,CRUCE INDEBIDO POR LA CALZADA,8.0,0,41.0,41.0,33.0,49.0,2,1,1,0,1,0,2
A-2023-05-163,2023-05-14,08:40,CHOQUE CON OBJETO FIJO,1,3,1,CAJAMARCA,CHOTA,CHOTA,URBANA,CARRETERA,NACIONAL,PE-3N,-6.568921078120778,-78.6483907627679,DESPEJADO,COMERCIAL,CURVA,INCLINADA,ASFALTADA,NO,,,SI,NEGLIGENCIA DEL CONDUCTOR,CONDUCIR CON FALLAS DE FRENOS,8.0,0,38.75,39.5,34.0,42.0,4,1,1,3,1,0,4
A-2023-05-28,2023-05-14,13:30,DESPISTE,1,0,1,CUSCO,LA CONVENCION,SANTA ANA,RURAL,CARRETERA,NACIONAL,PE-28B,-12.816532,-72.691208,DESPEJADO,RURAL,TRAMO RECTO,PLANA ,ASFALTADA,SI,PREVENTIVA (P),,SI,IMPRUDENCIA DEL CONDUCTOR,CONDUCIR EN ESTADO DE EBRIEDAD Y/O DROGADICCIÓN,13.0,0,49.0,49.0,49.0,49.0,1,1,1,0,1,0,1
A-2023-05-17,2023-05-14,16:30,CHOQUE,1,2,2,SAN MARTIN,MOYOBAMBA,CALZADA,RURAL,CARRETERA,NACIONAL,PE-5N,-6.044833,-77.144262,DESPEJADO,RURAL,TRAMO RECTO,PLANA ,ASFALTADA,,,,,IMPRUDENCIA DEL CONDUCTOR,OTRO (IMPRUDENCIA DEL CONDUCTOR),16.0,0,46.0,43.0,20.0,75.0,3,2,1,2,1,0,3
A-2023-05-129,2023-05-14,16:40,ATROPELLO,1,0,0,LIMA,LIMA,LURIN,URBANA,CARRETERA,NACIONAL,PE-1S,-12.302955,-76.84265,DESPEJADO,INDUSTRIAL,TRAMO RECTO,INCLINADA,ASFALTADA,,,,,IMPRUDENCIA DEL PEATÓN,OTRO (IMPRUDENCIA DEL PEATÓN),16.0,0,48.0,48.0,42.0,54.0,1,1,1,0,1,0,2
A-2023-05-68,2023-05-14,18:15,DESPISTE,1,0,1,LA LIBERTAD,CHEPEN,PACANGA,RURAL,CARRETERA,PROVINCIAL,LI-528,-7.164407692488261,-79.45068736747567,DESPEJADO,RURAL,TRAMO RECTO,PLANA ,AFIRMADO,,,,,IMPRUDENCIA DEL CONDUCTOR,OTRO (IMPRUDENCIA DEL CONDUCTOR),18.0,0,22.0,22.0,22.0,22.0,1,1,1,0,0,0,1
A-2023-05-101,2023-05-14,19:30,CHOQUE,2,6,0,PIURA,SECHURA,RINCONADA LLICUAR,RURAL,CARRETERA,PROVINCIAL,PI-1040,-5.4950285,-80.778035,DESPEJADO,RURAL,TRAMO RECTO,PLANA ,ASFALTADA,,,,,IMPRUDENCIA DEL CONDUCTOR,ADELANTAR INDEBIDAMENTE,19.0,1,30.25,27.5,8.0,66.0,5,3,2,6,3,0,9
A-2023-05-83,2023-05-14,22:25,CHOQUE FUGA,1,2,2,LIMA,HUAURA,HUACHO,URBANA,CARRETERA,NACIONAL,PE-1N,-11.13609,-77.59694,DESPEJADO,RESIDENCIAL,TRAMO RECTO,INCLINADA,ASFALTADA,,,,,IMPRUDENCIA DEL CONDUCTOR,CONDUCIR EN SENTIDO CONTRARIO,22.0,0,30.75,31.0,20.0,41.0,3,2,1,2,2,0,4
A-2023-05-10,2023-05-14,23:20,ATROPELLO FUGA,1,0,0,LIMA,LIMA,PACHACAMAC,URBANA,AVENIDA,URBANO,NO CORRESPONDE,-12.112766104359844,-76.87371350616725,,,,,,,,,,EN PROCESO DE INVESTIGACIÓN,NO CUENTA CON CAUSA ESPECIFICA,23.0,0,29.0,29.0,29.0,29.0,1,0,1,0,0,0,2
A-2023-05-128,2023-05-14,23:20,ATROPELLO FUGA,1,0,0,LIMA,LIMA,PACHACAMAC,URBANA,AVENIDA,URBANO,NO CORRESPONDE,-12.11263727,-76.87395975,DESPEJADO,ESCOLAR,INTERSECCIÓN,INCLINADA,ASFALTADA,NO,,,SI,EN PROCESO DE INVESTIGACIÓN,NO CUENTA CON CAUSA ESPECIFICA,23.0,0,27.0,27.0,27.0,27.0,1,0,1,0,0,0,2
A-2023-05-164,2023-05-15,05:30,DESPISTE,1,0,1,CAJAMARCA,JAEN,SAN FELIPE,URBANA,CARRETERA,NACIONAL,PE-3N,-5.781063,-79.392888,DESPEJADO,INDUSTRIAL,CURVA,PLANA ,ASFALTADA,SI,PREVENTIVA (P),,SI,IMPRUDENCIA DEL CONDUCTOR,EXCESO DE VELOCIDAD,5.0,0,29.0,29.0,29.0,29.0,1,1,1,0,1,0,1
A-2023-05-82,2023-05-15,08:00,CHOQUE,1,1,2,HUANCAVELICA,ANGARAES,LIRCAY,RURAL,CARRETERA,PROVINCIAL,HV-881,-13.0032514,-74.7349296,SOLEADO,RURAL,CURVA,PLANA ,TROCHA,,,,,EN PROCESO DE INVESTIGACIÓN,NO CUENTA CON CAUSA ESPECIFICA,8.0,0,47.0,47.0,47.0,47.0,2,2,1,1,1,0,2
A-2023-05-14,2023-05-15,14:15,DESPISTE,1,0,1,TUMBES,ZARUMILLA,ZARUMILLA,RURAL,CARRETERA,DEPARTAMENTAL,TU-100,-3.4833978012527878,-80.28688427327613,SOLEADO,RURAL,TRAMO RECTO,PLANA ,ASFALTADA,,,,,IMPRUDENCIA DEL CONDUCTOR,EXCESO DE VELOCIDAD,14.0,0,37.0,37.0,37.0,37.0,1,1,1,0,0,0,1
A-2023-05-22,2023-05-15,14:35,CHOQUE,1,0,2,AREQUIPA,CAYLLOMA,MAJES,URBANA,CARRETERA,SIN CLASIFICAR,SIN CLASIFICAR,-16.320432,-72.214965,DESPEJADO,RURAL,TRAMO RECTO,INCLINADA,ASFALTADA,,,,,EN PROCESO DE INVESTIGACIÓN,NO CUENTA CON CAUSA ESPECIFICA,14.0,0,36.0,36.0,27.0,45.0,2,2,1,0,2,0,2
A-2023-05-71,2023-05-15,17:15,DESPISTE,1,3,1,LA LIBERTAD,VIRU,GUADALUPITO,RURAL,CARRETERA,NACIONAL,PE-1N,-8.69716478565437,-78.63794517639676,DESPEJADO,RURAL,TRAMO RECTO,PLANA ,ASFALTADA,,,,,EN PROCESO DE INVESTIGACIÓN,NO CUENTA CON CAUSA ESPECIFICA,17.0,0,42.2,42.0,35.0,48.0,2,1,1,3,1,0,5
A-2023-05-72,2023-05-15,18:30,DESPISTE,1,0,1,LA LIBERTAD,ASCOPE,CHICAMA,RURAL,CARRETERA,NACIONAL,PE-1NF,-7.748804,-79.100962,DESPEJADO,RURAL,TRAMO RECTO,PLANA ,ASFALTADA,,,,,EN PROCESO DE INVESTIGACIÓN,NO CUENTA CON CAUSA ESPECIFICA,18.0,0,45.0,45.0,45.0,45.0,1,1,1,0,0,0,1
A-2023-05-99,2023-05-15,21:30,ATROPELLO,1,0,1,PIURA,PIURA,CATACAOS,RURAL,CARRETERA,NACIONAL,PE-1N,-5.227757585565833,-80.65413186806087,DESPEJADO,RURAL,TRAMO RECTO,PLANA ,ASFALTADA,,,,,IMPRUDENCIA DEL PEATÓN,ESTADO DE EBRIEDAD Y/O DROGADICCIÓN,21.0,0,48.5,48.5,30.0,67.0,2,1,1,0,1,1,2
A-2023-05-44,2023-05-17,06:00,DESPISTE,2,7,1,CUSCO,CANCHIS,TINTA,URBANA,CARRETERA,NACIONAL,PE-3S,-14.152876,-71.391394,NUBLADO,RURAL,TRAMO RECTO,PLANA ,ASFALTADA,NO,,,SI,IMPRUDENCIA DEL CONDUCTOR,CONDUCIR EN ESTADO DE EBRIEDAD Y/O DROGADICCIÓN,6.0,1,38.0,34.0,19.0,54.0,4,1,2,7,1,1,10
A-2023-05-149,2023-05-17,20:30,ATROPELLO,1,0,0,JUNIN,HUANCAYO,HUANCAN,URBANA,CARRETERA,PROVINCIAL,JU-1036,-12.114898,-75.223991,DESPEJADO,RURAL,TRAMO RECTO,PLANA ,ASFALTADA,NO,,,SI,IMPRUDENCIA DEL PEATÓN,ESTADO DE EBRIEDAD Y/O DROGADICCIÓN,20.0,0,58.0,58.0,44.0,72.0,2,1,1,0,1,0,2
A-2023-05-33,2023-05-18,00:18,DESPISTE,1,0,1,CUSCO,CHUMBIVILCAS,LLUSCO,RURAL,CARRETERA,PROVINCIAL,CU-1901,-14.344158,-72.135893,DESPEJADO,RURAL,TRAMO RECTO,INCLINADA,AFIRMADO,,,,,IMPRUDENCIA DEL CONDUCTOR,EXCESO DE VELOCIDAD,0.0,0,52.0,52.0,52.0,52.0,1,1,1,0,0,0,1
A-2023-05-90,2023-05-18,07:30,ATROPELLO,1,0,1,PUNO,HUANCANE,TARACO,RURAL,CARRETERA,SIN CLASIFICAR,SIN CLASIFICAR,-15.276588,-69.957304,DESPEJADO,RURAL,TRAMO RECTO,PLANA ,TROCHA,,,,,IMPRUDENCIA DEL CONDUCTOR,EXCESO DE VELOCIDAD,7.0,0,58.5,58.5,49.0,68.0,1,1,1,0,0,0,2
A-2023-05-24,2023-05-18,07:54,ATROPELLO,1,0,0,AMAZONAS,CHACHAPOYAS,CHACHAPOYAS,URBANA,AVENIDA,URBANO,NO CORRESPONDE,-6.24623,-77.891027,,,,,,,,,,EN PROCESO DE INVESTIGACIÓN,NO CUENTA CON CAUSA ESPECIFICA,7.0,0,46.5,46.5,39.0,54.0,2,1,1,0,0,0,2
A-2023-05-70,2023-05-18,20:40,ATROPELLO,1,0,1,LA LIBERTAD,TRUJILLO,HUANCHACO,URBANA,CARRETERA,NACIONAL,PE-1N,-8.010899,-79.070726,DESPEJADO,COMERCIAL,CURVA,PLANA ,ASFALTADA,,,,,IMPRUDENCIA DEL PEATÓN,CRUCE INDEBIDO POR LA CALZADA,20.0,0,38.5,38.5,37.0,40.0,1,1,1,0,1,0,2
A-2023-05-122,2023-05-19,06:00,ATROPELLO FUGA,1,0,0,LIMA,LIMA,ATE,URBANA,CARRETERA,NACIONAL,PE-22,-12.008269,-76.860337,DESPEJADO,COMERCIAL,TRAMO RECTO,PLANA ,ASFALTADA,,,,,EN PROCESO DE INVESTIGACIÓN,NO CUENTA CON CAUSA ESPECIFICA,6.0,0,,,,,1,0,1,0,0,0,2
A-2023-05-19,2023-05-19,08:05,CHOQUE,1,1,2,ICA,ICA,ICA,URBANA,AVENIDA,URBANO,NO CORRESPONDE,-14.0855057,-75.7229572,DESPEJADO,RESIDENCIAL,TRAMO RECTO,PLANA ,ASFALTADA,,,,,IMPRUDENCIA DEL CONDUCTOR,GIRAR IMPRUDENTEMENTE,8.0,0,32.666666666666664,21.0,21.0,56.0,2,2,1,1,2,1,3
A-2023-05-169,2023-05-19,10:30,ATROPELLO,1,0,1,TACNA,TACNA,ALTO DE LA ALIANZA,URBANA,CARRETERA,NACIONAL,PE-38,-17.999789,-70.259936,DESPEJADO,COMERCIAL,TRAMO RECTO,PLANA ,ASFALTADA,,,,,IMPRUDENCIA DEL CONDUCTOR,NO DAR PASO PREFERENTE AL PEATÓN,10.0,0,56.5,56.5,33.0,80.0,2,1,1,0,1,0,2
A-2023-05-38,2023-05-19,18:20,DESPISTE,2,1,1,CUSCO,LA CONVENCION,VILCABAMBA,RURAL,CARRETERA,PROVINCIAL,CU-614,-12.857471,-73.186868,DESPEJADO,RURAL,CURVA,INCLINADA,AFIRMADO,,,,,IMPRUDENCIA DEL CONDUCTOR,EXCESO DE VELOCIDAD,18.0,1,31.0,28.0,28.0,37.0,3,1,2,1,1,0,3
A-2023-05-35,2023-05-19,18:30,DESPISTE,1,0,1,CUSCO,LA CONVENCION,ECHARATE,URBANA,JIRÓN,URBANO,NO CORRESPONDE,-12.7671,-72.581766,DESPEJADO,RESIDENCIAL,INTERSECCIÓN,INCLINADA,AFIRMADO,,,,,IMPRUDENCIA DEL CONDUCTOR,OTRO (IMPRUDENCIA DEL CONDUCTOR),18.0,0,58.0,58.0,58.0,58.0,1,1,1,0,0,0,1
A-2023-05-111,2023-05-20,12:00,CHOQUE,1,1,2,HUANCAVELICA,TAYACAJA,QUICHUAS,RURAL,CARRETERA,NACIONAL,PE-3S,-12.495509,-74.72221,DESPEJADO,RURAL,TRAMO RECTO,PLANA ,ASFALTADA,,,,,EN PROCESO DE INVESTIGACIÓN,NO CUENTA CON CAUSA ESPECIFICA,12.0,0,21.5,21.5,14.0,29.0,2,2,1,1,0,0,2
A-2023-05-127,2023-05-20,19:20,VOLCADURA,1,0,0,LIMA,LIMA,LURIGANCHO,URBANA,CARRETERA,NACIONAL,PE-22,-12.02100704,-76.92451146,DESPEJADO,INDUSTRIAL,CURVA,PLANA ,ASFALTADA,SI,REGULADORA (R),,NO,IMPRUDENCIA DEL CONDUCTOR,OTRO (IMPRUDENCIA DEL CONDUCTOR),19.0,0,22.0,22.0,22.0,22.0,1,1,1,0,0,0,1
A-2023-05-126,2023-05-20,23:40,ATROPELLO,1,0,0,LIMA,LIMA,LURIN,RURAL,CARRETERA,NACIONAL,PE-1S,-12.245601,-76.937863,DESPEJADO,INDUSTRIAL,TRAMO RECTO,PLANA ,ASFALTADA,,,,,IMPRUDENCIA DEL PEATÓN,OTRO (IMPRUDENCIA DEL PEATÓN),23.0,0,31.0,31.0,31.0,31.0,2,1,1,0,1,0,2
A-2023-05-125,2023-05-21,06:30,DESPISTE,1,0,0,LIMA,LIMA,LURIN,RURAL,CARRETERA,NACIONAL,PE-1S,-12.272526,-76.895531,DESPEJADO,RURAL,TRAMO RECTO,PLANA ,ASFALTADA,,,,,IMPRUDENCIA DEL CONDUCTOR,OTRO (IMPRUDENCIA DEL CONDUCTOR),6.0,0,42.0,42.0,24.0,60.0,2,2,1,0,2,0,2
A-2023-05-165,2023-05-21,06:40,DESPISTE,1,2,1,CAJAMARCA,CONTUMAZA,YONAN,RURAL,CARRETERA,NACIONAL,PE-08,-7.250003,-79.23128,DESPEJADO,RURAL,CURVA,PLANA ,ASFALTADA,SI,PREVENTIVA (P),,SI,IMPRUDENCIA DEL CONDUCTOR,OTRO (IMPRUDENCIA DEL CONDUCTOR),6.0,0,55.666666666666664,55.0,46.0,66.0,2,1,1,2,1,0,3
A-2023-05-166,2023-05-21,06:50,CHOQUE,1,2,2,CAJAMARCA,CUTERVO,CALLAYUC,URBANA,CARRETERA,SIN CLASIFICAR,SIN CLASIFICAR,-6.17667,-78.9047,DESPEJADO,INDUSTRIAL,CURVA,INCLINADA,ASFALTADA,NO,,,SI,IMPRUDENCIA DEL CONDUCTOR,EXCESO DE VELOCIDAD,6.0,0,25.0,26.0,22.0,27.0,2,2,1,2,1,0,3
A-2023-05-23,2023-05-21,16:00,CHOQUE,1,0,2,PUNO,CHUCUITO,JULI,RURAL,CARRETERA,NACIONAL,PE-3S,-16.232840478985725,-69.37964395665307,DESPEJADO,RURAL,TRAMO RECTO,PLANA ,ASFALTADA,,,,,NEGLIGENCIA DEL CONDUCTOR,OTRO (NEGLIGENCIA DEL CONDUCTOR),16.0,0,53.5,53.5,36.0,71.0,2,2,1,0,1,0,2
A-2023-05-152,2023-05-21,18:00,CHOQUE FUGA,1,0,1,TACNA,TACNA,TACNA,RURAL,CARRETERA,NACIONAL,PE-1SD,-18.07401,-70.31412,DESPEJADO,RURAL,INTERSECCIÓN,PLANA ,ASFALTADA,,,,,EN PROCESO DE INVESTIGACIÓN,NO CUENTA CON CAUSA ESPECIFICA,18.0,0,31.0,31.0,31.0,31.0,1,1,1,0,0,0,2
A-2023-05-73,2023-05-21,19:00,DESPISTE,5,13,1,LA LIBERTAD,OTUZCO,SALPO,RURAL,CARRETERA,NACIONAL,PE-10A,-7.989281,-78.65696,DESPEJADO,RURAL,TRAMO RECTO,PLANA ,ASFALTADA,,,,,NEGLIGENCIA DEL CONDUCTOR,CONDUCIR CON FALLAS DE FRENOS,19.0,2,31.88888888888889,31.0,1.0,78.0,9,1,5,13,1,0,18
A-2023-05-25,2023-05-21,20:30,ATROPELLO,1,0,1,TUMBES,TUMBES,SAN JACINTO,RURAL,CARRETERA,DEPARTAMENTAL,TU-105,-3.644838190092514,-80.4497862623779,SOLEADO,RURAL,CURVA,PLANA ,ASFALTADA,SI,PREVENTIVA (P),,NO,IMPRUDENCIA DEL PEATÓN,ESTADO DE EBRIEDAD Y/O DROGADICCIÓN,20.0,0,23.0,23.0,19.0,27.0,2,1,1,0,0,0,2
A-2023-05-124,2023-05-21,23:30,ATROPELLO,1,0,0,LIMA,LIMA,SAN JUAN DE MIRAFLORES,URBANA,CARRETERA,NACIONAL,PE-1S,-12.14689319,-76.98213285,DESPEJADO,COMERCIAL,TRAMO RECTO,PLANA ,ASFALTADA,,,,,EN PROCESO DE INVESTIGACIÓN,NO CUENTA CON CAUSA ESPECIFICA,23.0,0,34.0,34.0,34.0,34.0,1,1,1,0,1,0,2
A-2023-05-74,2023-05-22,03:40,CHOQUE,5,4,2,LA LIBERTAD,TRUJILLO,LAREDO,RURAL,CARRETERA,NACIONAL,PE-10A,-8.095889628467335,-78.96662371540658,DESPEJADO,RURAL,TRAMO RECTO,PLANA ,ASFALTADA,,,,,IMPRUDENCIA DEL CONDUCTOR,CONDUCIR EN ESTADO DE EBRIEDAD Y/O DROGADICCIÓN,3.0,2,43.111111111111114,36.0,23.0,63.0,7,2,5,4,2,0,9
A-2023-05-92,2023-05-22,05:50,DESPISTE,2,0,1,PIURA,HUANCABAMBA,HUARMACA,RURAL,CARRETERA,NACIONAL,PE-04B,-5.8306,-79.4774,DESPEJADO,RURAL,TRAMO RECTO,INCLINADA,ASFALTADA,SI,PREVENTIVA (P),REGULADORA (R),NO,IMPRUDENCIA DEL CONDUCTOR,FATIGA Y/O CANSANCIO,5.0,1,35.5,35.5,29.0,42.0,2,1,2,0,0,0,2
A-2023-05-98,2023-05-22,06:30,CHOQUE,1,0,1,PIURA,PIURA,VEINTISEIS DE OCTUBRE,URBANA,CARRETERA,NACIONAL,PE-1N,-5.1731216,-80.6819183,DESPEJADO,COMERCIAL,TRAMO RECTO,PLANA ,ASFALTADA,,,,,EN PROCESO DE INVESTIGACIÓN,NO CUENTA CON CAUSA ESPECIFICA,6.0,0,31.0,31.0,31.0,31.0,1,1,1,0,0,0,3
A-2023-05-20,2023-05-22,06:40,CHOQUE,1,0,2,ICA,NASCA,NASCA,URBANA,CARRETERA,NACIONAL,PE-1S,-14.8216762,-74.9659506,DESPEJADO,COMERCIAL,TRAMO RECTO,PLANA ,ASFALTADA,,,,,EN PROCESO DE INVESTIGACIÓN,NO CUENTA CON CAUSA ESPECIFICA,6.0,0,34.0,34.0,34.0,34.0,2,2,1,0,1,0,2