CODIGO_SINIESTRO,FECHA_SINIESTRO,HORA_SINIESTRO,CLASE_SINIESTRO,CANTIDAD_FALLECIDOS,CANTIDAD_LESIONADOS,CANTIDAD_VEHICULOS,DEPARTAMENTO,PROVINCIA,DISTRITO,ZONA,TIPO_VIA,RED_VIAL,COD_CARRETERA,LATITUD,LONGITUD,CONDICION_CLIMATICA,ZONIFICACION,CARACTERISTICAS_VIA,PERFIL_VIA,SUPERFICIE_CALZADA,EXISTE_SENIAL_VERTICAL,CLASIFICACION_SENIAL_VERTICAL_1,CLASIFICACION_SENIAL_VERTICAL_2,EXISTE_SENIAL_HORIZONTAL,CAUSA_FACTOR_PRINCIPAL,CAUSA_ESPECIFICA,HORA,severidad,EDAD_PROMEDIO,EDAD_MEDIANA,EDAD_MIN,EDAD_MAX,TOTAL_MASCULINOS,TOTAL_CONDUCTORES,TOTAL_FALLECIDOS_AGG,TOTAL_LESIONADOS_AGG,TOTAL_LICENCIA,TOTAL_ALCOHOL_POSITIVO,TOTAL_PERSONAS
A-2023-05-167,2023-05-22,11:50,CHOQUE,1,0,2,CAJAMARCA,CONTUMAZA,YONAN,RURAL,CARRETERA,NACIONAL,PE-08,-7.179834,-79.013475,DESPEJADO,RURAL,CURVA,INCLINADA,ASFALTADA,SI,REGULADORA (R),PREVENTIVA (P),SI,IMPRUDENCIA DEL CONDUCTOR,CONDUCIR EN ESTADO DE EBRIEDAD Y/O DROGADICCIÓN,11.0,0,39.0,39.0,37.0,41.0,2,2,1,0,1,0,2
A-2023-05-123,2023-05-22,20:20,CHOQUE,1,0,0,LIMA,LIMA,PUENTE PIEDRA,URBANA,CARRETERA,NACIONAL,PE-1N,-11.899354,-77.067782,DESPEJADO,COMERCIAL,TRAMO RECTO,PLANA ,ASFALTADA,,,,,IMPRUDENCIA DEL CONDUCTOR,OTRO (IMPRUDENCIA DEL CONDUCTOR),20.0,0,29.0,29.0,22.0,36.0,2,2,1,0,1,0,2
A-2023-05-84,2023-05-23,10:30,DESPISTE,2,0,1,HUANCAVELICA,HUANCAVELICA,CUENCA,RURAL,CARRETERA,PROVINCIAL,HV-924,-12.447519,-75.026261,SOLEADO,RURAL,CURVA,PLANA ,TROCHA,,,,,EN PROCESO DE INVESTIGACIÓN,NO CUENTA CON CAUSA ESPECIFICA,10.0,1,50.5,50.5,50.0,51.0,1,1,2,0,1,0,2
A-2023-05-42,2023-05-23,15:45,DESPISTE,1,0,1,CUSCO,PAUCARTAMBO,KOSÑIPATA,RURAL,CARRETERA,DEPARTAMENTAL,CU-114,-12.91651,-71.39262,DESPEJADO,RURAL,TRAMO RECTO,PLANA ,AFIRMADO,,,,,IMPRUDENCIA DEL CONDUCTOR,EXCESO DE VELOCIDAD,15.0,0,53.0,53.0,53.0,53.0,1,1,1,0,0,0,1
A-2023-05-121,2023-05-24,14:00,CHOQUE,1,2,0,LIMA,LIMA,SAN JUAN DE MIRAFLORES,URBANA,CARRETERA,NACIONAL,PE-1S,-12.17345044,-76.97824974,DESPEJADO,RESIDENCIAL,TRAMO RECTO,PLANA ,ASFALTADA,,,,,IMPRUDENCIA DEL CONDUCTOR,OTRO (IMPRUDENCIA DEL CONDUCTOR),14.0,0,26.666666666666668,22.0,18.0,40.0,4,2,1,2,1,0,4
A-2023-05-154,2023-05-24,17:00,ATROPELLO,1,0,0,LIMA,LIMA,CHORRILLOS,URBANA,AVENIDA,URBANO,NO CORRESPONDE,-12.19022849,-77.00627146,DESPEJADO,RESIDENCIAL,INTERSECCIÓN,PLANA ,ASFALTADA,,,,,IMPRUDENCIA DEL PEATÓN,OTRO (IMPRUDENCIA DEL PEATÓN),17.0,0,37.0,37.0,37.0,37.0,2,1,1,0,1,0,2
A-2023-05-173,2023-05-24,17:00,ATROPELLO,1,0,0,LIMA,LIMA,CHORRILLOS,URBANA,AVENIDA,URBANO,NO CORRESPONDE,-12.190240130901271,-77.00637930966165,DESPEJADO,COMERCIAL,INTERSECCIÓN,PLANA ,ASFALTADA,SI,REGULADORA (R),,SI,IMPRUDENCIA DEL PEATÓN,CRUCE INDEBIDO POR LA CALZADA,17.0,0,58.5,58.5,36.0,81.0,2,1,1,0,1,0,2
A-2023-05-104,2023-05-24,20:30,CHOQUE,1,1,0,LORETO,MAYNAS,SAN JUAN BAUTISTA,URBANA,AVENIDA,URBANO,NO CORRESPONDE,-3.7771768,-73.275805,,,,,,,,,,EN PROCESO DE INVESTIGACIÓN,NO CUENTA CON CAUSA ESPECIFICA,20.0,0,32.5,32.5,27.0,38.0,2,2,1,1,0,0,2
A-2023-05-47,2023-05-24,23:30,DESPISTE,1,0,1,APURIMAC,ANDAHUAYLAS,SAN JERONIMO,RURAL,CARRETERA,SIN CLASIFICAR,SIN CLASIFICAR,-13.670543,-73.28751,DESPEJADO,RURAL,TRAMO RECTO,INCLINADA,AFIRMADO,,,,,IMPRUDENCIA DEL CONDUCTOR,CONDUCIR EN ESTADO DE EBRIEDAD Y/O DROGADICCIÓN,23.0,0,30.0,30.0,30.0,30.0,1,1,1,0,1,0,1
A-2023-05-151,2023-05-25,03:00,ATROPELLO FUGA,1,0,0,JUNIN,YAULI,LA OROYA,URBANA,CARRETERA,NACIONAL,PE-22,-11.533625193904708,-75.92073628580673,NUBLADO,RURAL,TRAMO RECTO,PLANA ,ASFALTADA,SI,PREVENTIVA (P),,SI,EN PROCESO DE INVESTIGACIÓN,NO CUENTA CON CAUSA ESPECIFICA,3.0,0,47.0,47.0,47.0,47.0,1,0,1,0,0,0,2
A-2023-05-31,2023-05-25,07:00,CHOQUE,1,0,2,AREQUIPA,AREQUIPA,CAYMA,URBANA,AVENIDA,URBANO,NO CORRESPONDE,-16.373261,-71.548254,DESPEJADO,RESIDENCIAL,INTERSECCIÓN,INCLINADA,ASFALTADA,NO,,,SI,EN PROCESO DE INVESTIGACIÓN,NO CUENTA CON CAUSA ESPECIFICA,7.0,0,43.5,43.5,32.0,55.0,2,2,1,0,1,0,2
A-2023-05-27,2023-05-25,08:10,ATROPELLO FUGA,1,1,1,AREQUIPA,AREQUIPA,PAUCARPATA,URBANA,CARRETERA,PROVINCIAL,AR-748,-16.4215013,-71.4988686,DESPEJADO,COMERCIAL,TRAMO RECTO,INCLINADA,ASFALTADA,,,,,EN PROCESO DE INVESTIGACIÓN,NO CUENTA CON CAUSA ESPECIFICA,8.0,0,38.333333333333336,44.0,5.0,66.0,3,1,1,1,1,0,3
A-2023-05-96,2023-05-25,18:50,VOLCADURA,1,0,0,APURIMAC,COTABAMBAS,CHALLHUAHUACHO,RURAL,CARRETERA,NACIONAL,PE-3SF,-14.135799582207303,-72.29192155566227,,,,,,,,,,EN PROCESO DE INVESTIGACIÓN,NO CUENTA CON CAUSA ESPECIFICA,18.0,0,29.5,29.5,18.0,41.0,2,1,1,0,0,0,2
A-2023-05-107,2023-05-26,08:10,DESPISTE,1,2,0,CALLAO,CALLAO,VENTANILLA,URBANA,CARRETERA,NACIONAL,PE-20,-11.920192,-77.129354,,,,,,,,,,EN PROCESO DE INVESTIGACIÓN,NO CUENTA CON CAUSA ESPECIFICA,8.0,0,43.75,39.5,38.0,58.0,2,1,1,2,0,0,4
A-2023-05-29,2023-05-26,18:40,CHOQUE,1,0,0,PUNO,PUNO,PICHACANI,RURAL,CARRETERA,NACIONAL,PE-36B,-15.994118,-70.018,DESPEJADO,RURAL,TRAMO RECTO,PLANA ,ASFALTADA,,,,,IMPRUDENCIA DEL CONDUCTOR,OTRO (IMPRUDENCIA DEL CONDUCTOR),18.0,0,52.5,52.5,40.0,65.0,2,2,1,0,1,0,2
A-2023-05-120,2023-05-26,20:50,CHOQUE,1,0,0,LIMA,LIMA,PUEBLO LIBRE,URBANA,AVENIDA,URBANO,NO CORRESPONDE,-12.08478289,-77.06448613,DESPEJADO,RESIDENCIAL,SINUOSA,INCLINADA,ASFALTADA,SI,REGULADORA (R),,NO,EN PROCESO DE INVESTIGACIÓN,NO CUENTA CON CAUSA ESPECIFICA,20.0,0,31.5,31.5,21.0,42.0,2,2,1,0,2,0,2
A-2023-05-119,2023-05-26,21:00,CHOQUE,1,0,0,LIMA,LIMA,VILLA EL SALVADOR,URBANA,CARRETERA,NACIONAL,PE-1S,-12.229045,-76.968166,DESPEJADO,INDUSTRIAL,CURVA,PLANA ,ASFALTADA,SI,PREVENTIVA (P),,NO,IMPRUDENCIA DEL CONDUCTOR,OTRO (IMPRUDENCIA DEL CONDUCTOR),21.0,0,44.0,44.0,34.0,54.0,2,2,1,0,2,0,2
A-2023-05-105,2023-05-26,21:50,CHOQUE,1,1,0,LORETO,MAYNAS,IQUITOS,URBANA,CALLE,URBANO,NO CORRESPONDE,-3.7360171,-73.2474853,,,,,,,,,,EN PROCESO DE INVESTIGACIÓN,NO CUENTA CON CAUSA ESPECIFICA,21.0,0,60.0,64.0,34.0,78.0,2,3,1,1,0,0,4
A-2023-05-32,2023-05-27,18:10,ATROPELLO FUGA,1,0,0,CUSCO,ANTA,ANTA,RURAL,CARRETERA,NACIONAL,PE-3S,-13.479735,-72.161786,DESPEJADO,RURAL,TRAMO RECTO,PLANA ,ASFALTADA,NO,,,SI,EN PROCESO DE INVESTIGACIÓN,NO CUENTA CON CAUSA ESPECIFICA,18.0,0,77.0,77.0,77.0,77.0,0,0,1,0,0,0,2
A-2023-05-113,2023-05-27,20:00,ATROPELLO,1,0,0,LIMA,LIMA,LIMA,URBANA,AVENIDA,URBANO,NO CORRESPONDE,-12.05875452,-77.01399072,DESPEJADO,COMERCIAL,TRAMO RECTO,PLANA ,ASFALTADA,SI,INFORMATIVA (I),,SI,IMPRUDENCIA DEL CONDUCTOR,EXCESO DE VELOCIDAD,20.0,0,33.0,33.0,24.0,42.0,2,1,1,0,1,0,2
A-2023-05-114,2023-05-27,20:10,ATROPELLO,1,0,0,LIMA,LIMA,PUENTE PIEDRA,URBANA,CARRETERA,NACIONAL,PE-1N,-11.841271,-77.10371989,DESPEJADO,COMERCIAL,TRAMO RECTO,PLANA ,ASFALTADA,SI,PREVENTIVA (P),REGULADORA (R),NO,IMPRUDENCIA DEL PEATÓN,OTRO (IMPRUDENCIA DEL PEATÓN),20.0,0,41.5,41.5,34.0,49.0,2,1,1,0,0,0,2
A-2023-05-112,2023-05-28,05:30,CHOQUE CON OBJETO FIJO,1,1,0,LIMA,LIMA,SAN MARTIN DE PORRES,URBANA,CARRETERA,NACIONAL,PE-1N,-12.03520243,-77.04900501,DESPEJADO,ESCOLAR,TRAMO RECTO,INCLINADA,ASFALTADA,SI,PREVENTIVA (P),PREVENTIVA (P),SI,EN PROCESO DE INVESTIGACIÓN,NO CUENTA CON CAUSA ESPECIFICA,5.0,0,58.0,58.0,53.0,63.0,1,1,1,1,1,0,2
A-2023-05-49,2023-05-28,11:30,CHOQUE,1,18,2,CUSCO,QUISPICANCHI,OROPESA,URBANA,CARRETERA,NACIONAL,PE-3S,-13.583174,-71.809139,DESPEJADO,COMERCIAL,TRAMO RECTO,PLANA ,ASFALTADA,NO,,,SI,IMPRUDENCIA DEL CONDUCTOR,INVASIÓN DE CARRIL,11.0,0,25.5,25.5,22.0,29.0,4,2,1,18,1,0,20
A-2023-05-51,2023-05-28,19:30,DESPISTE,1,1,1,ICA,ICA,SALAS,RURAL,CARRETERA,NACIONAL,PE-1S,-13.935944409257443,-75.8491343109834,DESPEJADO,RURAL,TRAMO RECTO,PLANA ,ASFALTADA,,,,,IMPRUDENCIA DEL CONDUCTOR,EXCESO DE VELOCIDAD,19.0,0,23.0,23.0,22.0,24.0,1,0,1,1,1,0,2
A-2023-05-109,2023-05-28,19:55,ATROPELLO,1,0,1,ICA,CHINCHA,CHINCHA ALTA,URBANA,CARRETERA,NACIONAL,PE-1S,-13.43404,-76.13442,DESPEJADO,RESIDENCIAL,TRAMO RECTO,PLANA ,ASFALTADA,,,,,EN PROCESO DE INVESTIGACIÓN,NO CUENTA CON CAUSA ESPECIFICA,19.0,0,60.0,60.0,39.0,81.0,2,1,1,0,1,0,2
A-2023-05-77,2023-05-28,20:25,ATROPELLO,1,0,0,ANCASH,YUNGAY,YUNGAY,RURAL,CARRETERA,NACIONAL,PE-3N,-9.140527098,-77.74719028,,,,,,,,,,EN PROCESO DE INVESTIGACIÓN,NO CUENTA CON CAUSA ESPECIFICA,20.0,0,51.0,51.0,40.0,62.0,2,1,1,0,0,0,2
A-2023-05-26,2023-05-28,21:00,ATROPELLO,1,0,1,ICA,ICA,SALAS,RURAL,CARRETERA,NACIONAL,PE-1S,-13.9432475,-75.8094135,DESPEJADO,INDUSTRIAL,TRAMO RECTO,PLANA ,ASFALTADA,SI,PREVENTIVA (P),,NO,EN PROCESO DE INVESTIGACIÓN,NO CUENTA CON CAUSA ESPECIFICA,21.0,0,50.0,50.0,50.0,50.0,2,1,1,0,1,0,2
A-2023-05-80,2023-05-29,00:10,DESPISTE,1,0,0,ANCASH,HUAYLAS,CARAZ,RURAL,CARRETERA,NACIONAL,PE-3N,-9.051116041190456,-77.80928457218126,,,,,,,,,,EN PROCESO DE INVESTIGACIÓN,NO CUENTA CON CAUSA ESPECIFICA,0.0,0,20.0,20.0,19.0,21.0,1,1,1,0,0,0,2
A-2023-05-50,2023-05-29,06:30,ATROPELLO FUGA,1,0,0,PUNO,EL COLLAO,ILAVE,RURAL,CARRETERA,PROVINCIAL,PU-1153,-16.01863122997095,-69.57866910022311,DESPEJADO,RURAL,INTERSECCIÓN,PLANA ,ASFALTADA,,,,,IMPRUDENCIA DEL CONDUCTOR,EXCESO DE VELOCIDAD,6.0,0,44.0,44.0,44.0,44.0,1,0,1,0,0,0,2
A-2023-05-97,2023-05-29,07:00,VOLCADURA,2,0,0,APURIMAC,ABANCAY,CURAHUASI,RURAL,CARRETERA,DEPARTAMENTAL,AP-112,-13.642096914092404,-72.58192244697926,,,,,,,,,,EN PROCESO DE INVESTIGACIÓN,NO CUENTA CON CAUSA ESPECIFICA,7.0,1,30.0,26.0,26.0,38.0,2,1,2,0,0,0,3
A-2023-05-48,2023-05-29,10:25,ATROPELLO,1,0,1,SAN MARTIN,RIOJA,ELIAS SOPLIN VARGAS,URBANA,AVENIDA,URBANO,NO CORRESPONDE,-5.988301,-77.278982,SOLEADO,COMERCIAL,TRAMO RECTO,PLANA ,ASFALTADA,,,,,IMPERICIA DEL CONDUCTOR,,10.0,0,32.5,32.5,17.0,48.0,2,1,1,0,1,0,2
A-2023-05-116,2023-05-29,16:00,ATROPELLO,1,0,0,LIMA,LIMA,LURIGANCHO,URBANA,AVENIDA,URBANO,NO CORRESPONDE,-11.97624021,-76.89507074,DESPEJADO,RURAL,CURVA,INCLINADA,AFIRMADO,,,,,IMPRUDENCIA DEL CONDUCTOR,OTRO (IMPRUDENCIA DEL CONDUCTOR),16.0,0,12.0,12.0,2.0,22.0,2,1,1,0,1,0,2
A-2023-05-115,2023-05-29,17:30,ATROPELLO,1,0,0,LIMA,LIMA,PUEBLO LIBRE,URBANA,AVENIDA,URBANO,NO CORRESPONDE,-12.07878024,-77.05688044,DESPEJADO,COMERCIAL,TRAMO RECTO,PLANA ,ASFALTADA,SI,REGULADORA (R),,SI,IMPRUDENCIA DEL PEATÓN,OTRO (IMPRUDENCIA DEL PEATÓN),17.0,0,32.0,32.0,29.0,35.0,2,1,1,0,1,0,2
A-2023-05-150,2023-05-30,00:50,CHOQUE CON OBJETO FIJO,1,0,0,JUNIN,HUANCAYO,HUANCAN,URBANA,CARRETERA,NACIONAL,PE-3SC,-12.1025811,-75.1893799,DESPEJADO,RURAL,ÓVALO,PLANA ,ASFALTADA,NO,,,SI,IMPRUDENCIA DEL CONDUCTOR,CONDUCIR EN ESTADO DE EBRIEDAD Y/O DROGADICCIÓN,0.0,0,38.0,38.0,38.0,38.0,1,1,1,0,1,0,1
A-2023-05-91,2023-05-30,03:20,CHOQUE,1,0,2,PUNO,SAN ROMAN,CABANILLAS,RURAL,CARRETERA,NACIONAL,PE-34A,-15.6794794,-70.4226893,DESPEJADO,RURAL,CURVA,PLANA ,ASFALTADA,,,,,IMPRUDENCIA DEL CONDUCTOR,INVASIÓN DE CARRIL,3.0,0,30.0,30.0,28.0,32.0,2,2,1,0,1,0,2
A-2023-05-117,2023-05-30,07:30,CAÍDA DE PASAJERO,1,0,0,LIMA,LIMA,PUENTE PIEDRA,URBANA,CALLE,URBANO,NO CORRESPONDE,-11.82623667,-77.11241649,DESPEJADO,RESIDENCIAL,TRAMO RECTO,INCLINADA,ASFALTADA,NO,,,SI,EN PROCESO DE INVESTIGACIÓN,NO CUENTA CON CAUSA ESPECIFICA,7.0,0,37.0,37.0,11.0,63.0,1,1,1,0,1,0,2
A-2023-05-41,2023-05-30,07:40,ATROPELLO,1,0,1,AREQUIPA,AREQUIPA,JOSE LUIS BUSTAMANTE Y RIVERO,URBANA,AVENIDA,URBANO,NO CORRESPONDE,-16.442806,-71.520833,DESPEJADO,RESIDENCIAL,TRAMO RECTO,INCLINADA,ASFALTADA,NO,,,SI,EN PROCESO DE INVESTIGACIÓN,NO CUENTA CON CAUSA ESPECIFICA,7.0,0,60.5,60.5,47.0,74.0,2,1,1,0,1,0,2
A-2023-05-89,2023-05-30,14:50,ATROPELLO,1,0,1,LA LIBERTAD,SANCHEZ CARRION,SARTIMBAMBA,RURAL,CARRETERA,SIN CLASIFICAR,SIN CLASIFICAR,-7.742005,-77.753891,DESPEJADO,RURAL,CURVA,PLANA ,TROCHA,,,,,EN PROCESO DE INVESTIGACIÓN,NO CUENTA CON CAUSA ESPECIFICA,14.0,0,45.5,45.5,13.0,78.0,2,1,1,0,0,0,2
A-2023-05-100,2023-05-31,15:05,DESPISTE,1,0,0,APURIMAC,ABANCAY,CURAHUASI,RURAL,CARRETERA,DEPARTAMENTAL,AP-112,-13.637066241270588,-72.60274134900625,,,,,,,,,,EN PROCESO DE INVESTIGACIÓN,NO CUENTA CON CAUSA ESPECIFICA,15.0,0,25.0,25.0,25.0,25.0,1,1,1,0,0,0,1
A-2023-05-118,2023-05-31,19:00,ATROPELLO,1,0,0,LIMA,LIMA,VILLA EL SALVADOR,URBANA,AVENIDA,URBANO,NO CORRESPONDE,-12.2240505737527,-76.91982411092617,DESPEJADO,ESCOLAR,INTERSECCIÓN,INCLINADA,ASFALTADA,,,,,IMPRUDENCIA DEL CONDUCTOR,OTRO (IMPRUDENCIA DEL CONDUCTOR),19.0,0,49.0,49.0,35.0,63.0,1,1,1,0,1,0,2
A-2023-06-94,2023-06-01,01:30,DESPISTE,3,0,1,PUNO,AZANGARO,SAN ANTON,RURAL,CARRETERA,NACIONAL,PE-34B,-14.45016003079707,-70.26022634739518,DESPEJADO,RURAL,CURVA,PLANA ,ASFALTADA,,,,,IMPRUDENCIA DEL CONDUCTOR,EXCESO DE VELOCIDAD,1.0,2,43.0,45.0,27.0,57.0,3,1,3,0,1,0,3
A-2023-06-174,2023-06-01,06:08,DESPISTE,1,1,1,CAJAMARCA,CONTUMAZA,YONAN,RURAL,CARRETERA,NACIONAL,PE-08,-7.179736,-79.013894,DESPEJADO,RURAL,TRAMO RECTO,PLANA ,ASFALTADA,SI,REGULADORA (R),,SI,IMPRUDENCIA DEL CONDUCTOR,CONDUCIR EN ESTADO DE EBRIEDAD Y/O DROGADICCIÓN,6.0,0,33.5,33.5,32.0,35.0,2,1,1,1,0,1,2
A-2023-06-98,2023-06-01,15:31,ATROPELLO,1,0,1,PIURA,PIURA,CASTILLA,URBANA,CALLE,URBANO,NO CORRESPONDE,-5.20617511377859,-80.57738947211203,DESPEJADO,COMERCIAL,INTERSECCIÓN,PLANA ,ASFALTADA,,,,,IMPRUDENCIA DEL CONDUCTOR,NO DAR PASO PREFERENTE AL PEATÓN,15.0,0,52.0,52.0,50.0,54.0,1,1,1,0,1,0,2
A-2023-06-1,2023-06-01,19:30,VOLCADURA,1,1,1,AREQUIPA,AREQUIPA,VITOR,RURAL,CARRETERA,NACIONAL,PE-1S,-16.483697,-71.891388,DESPEJADO,RURAL,CURVA,PLANA ,ASFALTADA,NO,,,SI,EN PROCESO DE INVESTIGACIÓN,NO CUENTA CON CAUSA ESPECIFICA,19.0,0,37.0,36.0,36.0,39.0,2,2,1,1,2,0,3
A-2023-06-4,2023-06-01,22:30,CHOQUE,4,2,2,PUNO,CHUCUITO,KELLUYO,RURAL,CARRETERA,DEPARTAMENTAL,PU-152,-16.679504874497102,-69.15686486527842,DESPEJADO,RURAL,TRAMO RECTO,PLANA ,ASFALTADA,,,,,IMPRUDENCIA DEL CONDUCTOR,EXCESO DE VELOCIDAD,22.0,2,44.0,45.5,24.0,63.0,3,2,4,2,2,0,6
A-2023-06-114,2023-06-01,23:00,DESPISTE,1,1,0,LIMA,LIMA,SAN MIGUEL,URBANA,OTRO,URBANO,NO CORRESPONDE,-12.081534242873907,-77.10680099489718,DESPEJADO,COMERCIAL,TRAMO RECTO,INCLINADA,ASFALTADA,,,,,IMPRUDENCIA DEL CONDUCTOR,OTRO (IMPRUDENCIA DEL CONDUCTOR),23.0,0,58.666666666666664,57.0,34.0,85.0,1,1,1,1,1,0,3
A-2023-06-115,2023-06-01,23:50,CHOQUE,1,1,0,LIMA,LIMA,VILLA EL SALVADOR,URBANA,AVENIDA,URBANO,NO CORRESPONDE,-12.2397639,-76.91231399,DESPEJADO,COMERCIAL,ÓVALO,PLANA ,ASFALTADA,SI,REGULADORA (R),,NO,IMPRUDENCIA DEL CONDUCTOR,OTRO (IMPRUDENCIA DEL CONDUCTOR),23.0,0,34.5,34.5,29.0,40.0,2,2,1,1,1,0,3
A-2023-06-87,2023-06-02,18:30,DESPISTE,1,0,1,PUNO,CARABAYA,AJOYANI,RURAL,CARRETERA,NACIONAL,PE-34B,-14.268941614299992,-70.24374956769704,DESPEJADO,RURAL,TRAMO RECTO,PLANA ,ASFALTADA,,,,,IMPRUDENCIA DEL CONDUCTOR,FATIGA Y/O CANSANCIO,18.0,0,60.0,60.0,60.0,60.0,1,1,1,0,0,0,1
A-2023-06-36,2023-06-02,20:30,ATROPELLO,1,0,1,LA LIBERTAD,TRUJILLO,VICTOR LARCO HERRERA,URBANA,CARRETERA,NACIONAL,PE-1N,-8.146174,-79.046022,DESPEJADO,COMERCIAL,TRAMO RECTO,PLANA ,ASFALTADA,,,,,IMPRUDENCIA DEL PEATÓN,CRUCE INDEBIDO POR LA CALZADA,20.0,0,19.5,19.5,15.0,24.0,2,1,1,0,0,0,2
A-2023-06-5,2023-06-02,23:45,DESPISTE,1,1,1,PUNO,PUNO,PLATERIA,RURAL,CARRETERA,NACIONAL,PE-3S,-15.943626427585274,-69.84356935453165,DESPEJADO,RURAL,TRAMO RECTO,PLANA ,ASFALTADA,,,,,IMPRUDENCIA DEL CONDUCTOR,FATIGA Y/O CANSANCIO,23.0,0,35.0,35.0,35.0,35.0,1,1,1,1,1,0,2
A-2023-06-106,2023-06-03,02:30,CAÍDA DE PASAJERO,1,0,0,LORETO,MAYNAS,IQUITOS,URBANA,CALLE,URBANO,NO CORRESPONDE,-3.7370311,-73.2594809,DESPEJADO,COMERCIAL,TRAMO RECTO,PLANA ,ASFALTADA,NO,,,SI,IMPRUDENCIA DEL CONDUCTOR,OTRO (IMPRUDENCIA DEL CONDUCTOR),2.0,0,25.0,25.0,18.0,32.0,2,1,1,0,1,0,2
A-2023-06-3,2023-06-03,05:20,VOLCADURA,1,0,1,AREQUIPA,AREQUIPA,CERRO COLORADO,URBANA,CARRETERA,NACIONAL,PE-34A,-16.3761299,-71.5749322,DESPEJADO,COMERCIAL,TRAMO RECTO,INCLINADA,ASFALTADA,NO,,,SI,EN PROCESO DE INVESTIGACIÓN,NO CUENTA CON CAUSA ESPECIFICA,5.0,0,24.0,24.0,24.0,24.0,1,1,1,0,1,0,1
A-2023-06-175,2023-06-03,06:00,DESPISTE,1,0,1,CAJAMARCA,CHOTA,QUEROCOTO,URBANA,AVENIDA,URBANO,NO CORRESPONDE,-6.363512,-79.032288,DESPEJADO,COMERCIAL,INTERSECCIÓN,INCLINADA,ASFALTADA,NO,,,NO,NEGLIGENCIA DEL CONDUCTOR,OTRO (NEGLIGENCIA DEL CONDUCTOR),6.0,0,26.0,26.0,26.0,26.0,1,1,1,0,1,0,1
A-2023-06-109,2023-06-03,07:30,CHOQUE,1,0,2,ICA,CHINCHA,CHINCHA BAJA,RURAL,CARRETERA,NACIONAL,PE-1S,-13.458801,-76.136465,DESPEJADO,RURAL,TRAMO RECTO,PLANA ,ASFALTADA,,,,,EN PROCESO DE INVESTIGACIÓN,NO CUENTA CON CAUSA ESPECIFICA,7.0,0,19.5,19.5,18.0,21.0,2,2,1,0,2,0,2
A-2023-06-83,2023-06-03,11:30,CHOQUE,1,0,2,PASCO,PASCO,YANACANCHA,RURAL,CARRETERA,NACIONAL,PE-3N,-10.694413327213852,-76.22084291435928,DESPEJADO,RURAL,CURVA,INCLINADA,ASFALTADA,SI,REGULADORA (R),,NO,IMPERICIA DEL CONDUCTOR,,11.0,0,43.0,38.0,31.0,60.0,2,2,1,0,2,0,3
A-2023-06-116,2023-06-03,18:45,ATROPELLO,1,0,0,LIMA,LIMA,LIMA,RURAL,AVENIDA,URBANO,NO CORRESPONDE,-12.055194789607144,-77.030261418098,DESPEJADO,COMERCIAL,INTERSECCIÓN,PLANA ,ASFALTADA,,,,,EN PROCESO DE INVESTIGACIÓN,NO CUENTA CON CAUSA ESPECIFICA,18.0,0,56.0,56.0,27.0,85.0,2,1,1,0,1,0,2
A-2023-06-117,2023-06-03,19:20,ATROPELLO,1,0,0,LIMA,LIMA,PUCUSANA,URBANA,AVENIDA,URBANO,NO CORRESPONDE,-12.49241469,-76.78754177,DESPEJADO,ESCOLAR,TRAMO RECTO,PLANA ,ASFALTADA,,,,,EN PROCESO DE INVESTIGACIÓN,NO CUENTA CON CAUSA ESPECIFICA,19.0,0,46.0,46.0,26.0,66.0,2,1,1,0,1,0,2
A-2023-06-176,2023-06-03,19:30,CHOQUE,1,0,2,CAJAMARCA,JAEN,JAEN,URBANA,CARRETERA,NACIONAL,PE-5N,-5.732335864,-78.79416905,DESPEJADO,INDUSTRIAL,INTERSECCIÓN,INCLINADA,ASFALTADA,,,,,IMPRUDENCIA DEL CONDUCTOR,OTRO (IMPRUDENCIA DEL CONDUCTOR),19.0,0,79.0,79.0,79.0,79.0,1,2,1,0,0,0,2
A-2023-06-6,2023-06-03,21:35,CHOQUE FUGA,1,2,1,PUNO,EL COLLAO,ILAVE,RURAL,CARRETERA,NACIONAL,PE-38A,-16.120983,-69.641112,DESPEJADO,RURAL,TRAMO RECTO,PLANA ,ASFALTADA,,,,,IMPRUDENCIA DEL CONDUCTOR,INVASIÓN DE CARRIL,21.0,0,53.333333333333336,65.0,23.0,72.0,1,1,1,2,0,0,4
A-2023-06-10,2023-06-04,05:20,CHOQUE,4,1,2,AREQUIPA,AREQUIPA,VITOR,RURAL,CARRETERA,NACIONAL,PE-1S,-16.4421602,-71.9821118,DESPEJADO,RURAL,TRAMO RECTO,PLANA ,ASFALTADA,NO,,,SI,EN PROCESO DE INVESTIGACIÓN,NO CUENTA CON CAUSA ESPECIFICA,5.0,2,43.6,37.0,24.0,63.0,3,2,4,1,2,0,5
A-2023-06-37,2023-06-04,05:20,ATROPELLO,1,0,1,LA LIBERTAD,TRUJILLO,LAREDO,RURAL,CARRETERA,NACIONAL,PE-10A,-8.097259,-78.973816,DESPEJADO,RURAL,TRAMO RECTO,PLANA ,ASFALTADA,,,,,IMPRUDENCIA DEL CONDUCTOR,OTRO (IMPRUDENCIA DEL CONDUCTOR),5.0,0,27.5,27.5,18.0,37.0,2,1,1,0,1,0,2