CODIGO_SINIESTRO,FECHA_SINIESTRO,HORA_SINIESTRO,CLASE_SINIESTRO,CANTIDAD_FALLECIDOS,CANTIDAD_LESIONADOS,CANTIDAD_VEHICULOS,DEPARTAMENTO,PROVINCIA,DISTRITO,ZONA,TIPO_VIA,RED_VIAL,COD_CARRETERA,LATITUD,LONGITUD,CONDICION_CLIMATICA,ZONIFICACION,CARACTERISTICAS_VIA,PERFIL_VIA,SUPERFICIE_CALZADA,EXISTE_SENIAL_VERTICAL,CLASIFICACION_SENIAL_VERTICAL_1,CLASIFICACION_SENIAL_VERTICAL_2,EXISTE_SENIAL_HORIZONTAL,CAUSA_FACTOR_PRINCIPAL,CAUSA_ESPECIFICA,HORA,severidad,EDAD_PROMEDIO,EDAD_MEDIANA,EDAD_MIN,EDAD_MAX,TOTAL_MASCULINOS,TOTAL_CONDUCTORES,TOTAL_FALLECIDOS_AGG,TOTAL_LESIONADOS_AGG,TOTAL_LICENCIA,TOTAL_ALCOHOL_POSITIVO,TOTAL_PERSONAS
A-2023-06-41,2023-06-04,06:00,CHOQUE FUGA,1,0,1,LA LIBERTAD,PACASMAYO,SAN PEDRO DE LLOC,RURAL,CARRETERA,NACIONAL,PE-1N,-7.466729,-79.437885,DESPEJADO,RURAL,TRAMO RECTO,PLANA ,ASFALTADA,,,,,IMPRUDENCIA DEL CONDUCTOR,OTRO (IMPRUDENCIA DEL CONDUCTOR),6.0,0,32.0,32.0,32.0,32.0,1,1,1,0,1,0,2
A-2023-06-183,2023-06-04,06:20,DESPISTE,1,0,1,CAJAMARCA,CUTERVO,SOCOTA,RURAL,CARRETERA,NACIONAL,PE-3ND,-6.328544,-78.709728,DESPEJADO,RURAL,CURVA,INCLINADA,ASFALTADA,NO,,,SI,IMPRUDENCIA DEL CONDUCTOR,CONDUCIR EN ESTADO DE EBRIEDAD Y/O DROGADICCIÓN,6.0,0,23.0,23.0,23.0,23.0,1,1,1,0,0,1,1
A-2023-06-118,2023-06-04,07:20,ATROPELLO FUGA,1,0,0,LIMA,LIMA,VILLA EL SALVADOR,RURAL,CARRETERA,NACIONAL,PE-1S,-12.235937,-76.956483,DESPEJADO,RURAL,TRAMO RECTO,PLANA ,ASFALTADA,,,,,EN PROCESO DE INVESTIGACIÓN,NO CUENTA CON CAUSA ESPECIFICA,7.0,0,,,,,1,0,1,0,0,0,2
A-2023-06-119,2023-06-04,07:45,ATROPELLO FUGA,1,0,0,LIMA,LIMA,SANTIAGO DE SURCO,URBANA,CARRETERA,NACIONAL,PE-1S,-12.136873,-76.980469,DESPEJADO,RESIDENCIAL,TRAMO RECTO,PLANA ,ASFALTADA,SI,PREVENTIVA (P),,NO,EN PROCESO DE INVESTIGACIÓN,NO CUENTA CON CAUSA ESPECIFICA,7.0,0,,,,,1,0,1,0,0,0,2
A-2023-06-11,2023-06-04,07:50,DESPISTE,1,1,1,PUNO,PUNO,PUNO,RURAL,CARRETERA,NACIONAL,PE-3S,-15.798502,-70.035459,DESPEJADO,RURAL,TRAMO RECTO,PLANA ,ASFALTADA,,,,,IMPRUDENCIA DEL CONDUCTOR,FATIGA Y/O CANSANCIO,7.0,0,27.0,27.0,17.0,37.0,2,0,1,1,0,0,3
A-2023-06-2,2023-06-04,08:15,CHOQUE,1,2,3,ICA,ICA,SANTIAGO,URBANA,CARRETERA,NACIONAL,PE-1S,-14.217789,-75.707994,DESPEJADO,RURAL,CURVA,PLANA ,ASFALTADA,,,,,EN PROCESO DE INVESTIGACIÓN,NO CUENTA CON CAUSA ESPECIFICA,8.0,0,23.333333333333332,21.0,19.0,30.0,3,3,1,2,0,0,3
A-2023-06-40,2023-06-04,13:00,DESPISTE,1,1,1,CUSCO,PAUCARTAMBO,KOSÑIPATA,RURAL,CARRETERA,DEPARTAMENTAL,CU-113,-12.92736834,-71.40133774,DESPEJADO,RURAL,TRAMO RECTO,PLANA ,ASFALTADA,,,,,IMPRUDENCIA DEL CONDUCTOR,EXCESO DE VELOCIDAD,13.0,0,34.0,34.0,32.0,36.0,2,1,1,1,1,0,2
A-2023-06-46,2023-06-04,13:30,DESPISTE,3,5,1,LA LIBERTAD,TRUJILLO,SALAVERRY,RURAL,CARRETERA,NACIONAL,PE-1N,-8.204235,-78.959428,DESPEJADO,RURAL,TRAMO RECTO,PLANA ,ASFALTADA,,,,,NEGLIGENCIA DEL CONDUCTOR,CONDUCIR CON FALLAS DE DIRECCIÓN,13.0,2,35.25,34.0,1.0,83.0,3,1,3,5,1,0,8
A-2023-06-177,2023-06-04,14:14,CHOQUE,2,0,2,CAJAMARCA,CAJABAMBA,CONDEBAMBA,URBANA,CARRETERA,NACIONAL,PE-3N,-7.491161,-78.129118,DESPEJADO,COMERCIAL,TRAMO RECTO,INCLINADA,ASFALTADA,SI,PREVENTIVA (P),,SI,IMPRUDENCIA DEL CONDUCTOR,INVASIÓN DE CARRIL,14.0,1,53.666666666666664,50.0,32.0,79.0,3,2,2,0,1,0,3
A-2023-06-47,2023-06-04,14:20,DESPISTE,1,0,1,LA LIBERTAD,PATAZ,HUANCASPATA,RURAL,CARRETERA,NACIONAL,PE-10C,-8.456675,-77.309041,DESPEJADO,RURAL,CURVA,PLANA ,TROCHA,,,,,IMPRUDENCIA DEL CONDUCTOR,FATIGA Y/O CANSANCIO,14.0,0,45.0,45.0,45.0,45.0,1,1,1,0,1,0,1
A-2023-06-184,2023-06-04,15:30,VOLCADURA,1,1,1,CAJAMARCA,JAEN,BELLAVISTA,RURAL,CARRETERA,PROVINCIAL,CA-745,-5.663365,-78.653974,DESPEJADO,RURAL,TRAMO RECTO,PLANA ,ASFALTADA,NO,,,SI,IMPERICIA DEL CONDUCTOR,,15.0,0,21.5,21.5,19.0,24.0,1,1,1,1,0,0,2
A-2023-06-7,2023-06-04,21:20,ATROPELLO,1,1,0,ICA,ICA,SANTIAGO,RURAL,AVENIDA,URBANO,NO CORRESPONDE,-14.272908,-75.672082,DESPEJADO,RURAL,TRAMO RECTO,PLANA ,ASFALTADA,,,,,IMPRUDENCIA DEL CONDUCTOR,CONDUCIR EN ESTADO DE EBRIEDAD Y/O DROGADICCIÓN,21.0,0,19.5,19.5,19.0,20.0,1,1,1,1,0,1,2
A-2023-06-120,2023-06-04,22:30,CHOQUE,1,0,0,LIMA,LIMA,ANCON,RURAL,CARRETERA,NACIONAL,PE-1N,-11.79253,-77.146759,DESPEJADO,RURAL,TRAMO RECTO,PLANA ,ASFALTADA,,,,,EN PROCESO DE INVESTIGACIÓN,NO CUENTA CON CAUSA ESPECIFICA,22.0,0,44.0,44.0,39.0,49.0,2,2,1,0,2,0,2
A-2023-06-9,2023-06-05,00:35,DESPISTE,1,2,2,ICA,PISCO,SAN ANDRES,URBANA,CARRETERA,NACIONAL,PE-1SE,-13.715879,-76.164719,DESPEJADO,COMERCIAL,TRAMO RECTO,PLANA ,ASFALTADA,,,,,IMPRUDENCIA DEL CONDUCTOR,EXCESO DE VELOCIDAD,0.0,0,17.75,21.5,0.0,28.0,1,1,1,2,1,0,5
A-2023-06-42,2023-06-05,06:30,DESPISTE,1,0,1,CUSCO,ESPINAR,ESPINAR,RURAL,CARRETERA,NACIONAL,PE-3SG,-14.840621,-71.303332,DESPEJADO,RURAL,CURVA,PLANA ,ASFALTADA,SI,PREVENTIVA (P),,SI,IMPRUDENCIA DEL CONDUCTOR,EXCESO DE VELOCIDAD,6.0,0,20.5,20.5,20.0,21.0,2,1,1,0,0,0,2
A-2023-06-8,2023-06-05,08:10,ATROPELLO,1,0,0,ICA,ICA,LOS AQUIJES,URBANA,CARRETERA,PROVINCIAL,IC-655,-14.094408,-75.705145,DESPEJADO,RURAL,TRAMO RECTO,PLANA ,ASFALTADA,,,,,IMPRUDENCIA DEL CONDUCTOR,CONDUCIR EN ESTADO DE EBRIEDAD Y/O DROGADICCIÓN,8.0,0,24.5,24.5,23.0,26.0,2,1,1,0,1,1,2
A-2023-06-112,2023-06-05,16:40,DESPISTE,1,4,1,HUANCAVELICA,HUANCAVELICA,YAULI,RURAL,CARRETERA,NACIONAL,PE-26B,-12.900834791495589,-74.80867094364609,DESPEJADO,RURAL,CURVA,PLANA ,ASFALTADA,,,,,EN PROCESO DE INVESTIGACIÓN,NO CUENTA CON CAUSA ESPECIFICA,16.0,0,51.4,52.0,44.0,57.0,2,1,1,4,1,0,5
A-2023-06-56,2023-06-06,00:50,VOLCADURA,1,0,1,CUSCO,ESPINAR,ESPINAR,URBANA,CARRETERA,NACIONAL,PE-3SG,-14.789314,-71.421632,DESPEJADO,RESIDENCIAL,CURVA,PLANA ,ASFALTADA,,,,,IMPRUDENCIA DEL CONDUCTOR,EXCESO DE VELOCIDAD,0.0,0,28.0,28.0,28.0,28.0,1,1,1,0,1,0,1
A-2023-06-178,2023-06-06,07:50,CHOQUE,1,1,2,CAJAMARCA,HUALGAYOC,HUALGAYOC,RURAL,CARRETERA,NACIONAL,PE-3N,-6.742944,-78.584581,DESPEJADO,RURAL,CURVA,PLANA ,ASFALTADA,NO,,,SI,IMPRUDENCIA DEL CONDUCTOR,EXCESO DE VELOCIDAD,7.0,0,20.333333333333332,15.0,15.0,31.0,3,2,1,1,1,0,3
A-2023-06-121,2023-06-06,09:40,CAÍDA DE PASAJERO,1,0,0,LIMA,LIMA,SAN JUAN DE LURIGANCHO,URBANA,AVENIDA,URBANO,NO CORRESPONDE,-11.97699222,-77.00305921,DESPEJADO,ESCOLAR,CURVA,PLANA ,ASFALTADA,,,,,IMPRUDENCIA DEL CONDUCTOR,EXCESO DE VELOCIDAD,9.0,0,29.5,29.5,18.0,41.0,2,1,1,0,0,0,2
A-2023-06-55,2023-06-06,12:23,FERROVIARIO,1,0,0,CUSCO,QUISPICANCHI,URCOS,RURAL,CARRETERA,SIN CLASIFICAR,SIN CLASIFICAR,-13.662979,-71.639333,DESPEJADO,RURAL,CURVA,PLANA ,TROCHA,SI,PREVENTIVA (P),,NO,IMPRUDENCIA DEL PEATÓN,CRUCE INDEBIDO POR LA CALZADA,12.0,0,37.5,37.5,21.0,54.0,2,1,1,0,1,0,2
A-2023-06-122,2023-06-06,20:50,ATROPELLO,1,1,0,LIMA,LIMA,SURQUILLO,URBANA,CALLE,URBANO,NO CORRESPONDE,-12.10971142,-77.01165375,DESPEJADO,ESCOLAR,TRAMO RECTO,PLANA ,ASFALTADA,,,,,IMPRUDENCIA DEL PEATÓN,OTRO (IMPRUDENCIA DEL PEATÓN),20.0,0,14.0,7.0,6.0,29.0,3,1,1,1,1,0,3
A-2023-06-123,2023-06-07,03:40,CHOQUE,2,1,0,LIMA,LIMA,SANTIAGO DE SURCO,URBANA,CARRETERA,NACIONAL,PE-1S,-12.118224698717238,-76.97713221891348,DESPEJADO,ESCOLAR,TRAMO RECTO,PLANA ,ASFALTADA,SI,PREVENTIVA (P),,NO,IMPRUDENCIA DEL CONDUCTOR,OTRO (IMPRUDENCIA DEL CONDUCTOR),3.0,1,51.5,47.5,43.0,68.0,2,2,2,1,1,0,4
A-2023-06-124,2023-06-07,10:45,ATROPELLO,1,0,0,LIMA,LIMA,CHORRILLOS,URBANA,AVENIDA,URBANO,NO CORRESPONDE,-12.18134573,-77.01232672,DESPEJADO,COMERCIAL,INTERSECCIÓN,PLANA ,ASFALTADA,NO,,,SI,NEGLIGENCIA DEL CONDUCTOR,OTRO (NEGLIGENCIA DEL CONDUCTOR),10.0,0,68.5,68.5,48.0,89.0,2,1,1,0,1,0,2
A-2023-06-32,2023-06-07,15:30,DESPISTE,1,7,1,CUSCO,CALCA,LARES,RURAL,CARRETERA,PROVINCIAL,CU-709,-13.187817,-71.942477,DESPEJADO,RURAL,CURVA,INCLINADA,AFIRMADO,SI,PREVENTIVA (P),,SI,NEGLIGENCIA DEL CONDUCTOR,CONDUCIR CON FALLAS DE FRENOS,15.0,0,29.0,27.0,3.0,64.0,4,1,1,7,1,0,8
A-2023-06-93,2023-06-07,17:35,CHOQUE,1,0,1,PUNO,SANDIA,PATAMBUCO,RURAL,CARRETERA,DEPARTAMENTAL,PU-107,-14.392007991934378,-69.69811530927215,DESPEJADO,RURAL,CURVA,PLANA ,ASFALTADA,,,,,IMPRUDENCIA DEL CONDUCTOR,INVASIÓN DE CARRIL,17.0,0,43.5,43.5,38.0,49.0,2,2,1,0,1,0,2
A-2023-06-88,2023-06-07,20:30,CHOQUE,1,1,2,PUNO,SAN ROMAN,JULIACA,URBANA,CARRETERA,NACIONAL,PE-34A,-15.486437,-70.142996,DESPEJADO,COMERCIAL,INTERSECCIÓN,PLANA ,ASFALTADA,,,,,IMPRUDENCIA DEL CONDUCTOR,NO ESTABLECER EL DERECHO DE PASO,20.0,0,39.0,39.0,32.0,46.0,3,2,1,1,2,0,3
A-2023-06-125,2023-06-08,05:00,DESPISTE,1,0,0,LIMA,LIMA,SAN MARTIN DE PORRES,URBANA,AVENIDA,URBANO,NO CORRESPONDE,-12.01662094,-77.07794638,DESPEJADO,COMERCIAL,TRAMO RECTO,PLANA ,ASFALTADA,,,,,EN PROCESO DE INVESTIGACIÓN,NO CUENTA CON CAUSA ESPECIFICA,5.0,0,23.0,23.0,23.0,23.0,1,1,1,0,1,0,1
A-2023-06-126,2023-06-08,08:30,ATROPELLO,1,0,0,LIMA,LIMA,MIRAFLORES,URBANA,AVENIDA,URBANO,NO CORRESPONDE,-12.12991394,-77.02370858,DESPEJADO,RESIDENCIAL,TRAMO RECTO,PLANA ,ASFALTADA,,,,,IMPRUDENCIA DEL CONDUCTOR,OTRO (IMPRUDENCIA DEL CONDUCTOR),8.0,0,50.5,50.5,46.0,55.0,1,1,1,0,1,0,2
A-2023-06-158,2023-06-08,10:10,ATROPELLO,1,0,0,JUNIN,CONCEPCION,ORCOTUNA,RURAL,CARRETERA,PROVINCIAL,JU-851,-11.9909706584115,-75.3289445052482,SOLEADO,RURAL,OTRO,PLANA ,AFIRMADO,,,,,IMPRUDENCIA DEL PEATÓN,OTRO (IMPRUDENCIA DEL PEATÓN),10.0,0,19.0,19.0,3.0,35.0,1,1,1,0,1,0,2
A-2023-06-169,2023-06-08,12:35,DESPISTE,1,1,0,TACNA,JORGE BASADRE,ITE,RURAL,CARRETERA,SIN CLASIFICAR,SIN CLASIFICAR,-17.878886,-70.977804,DESPEJADO,RURAL,TRAMO RECTO,INCLINADA,TROCHA,,,,,IMPERICIA DEL CONDUCTOR,,12.0,0,74.5,74.5,73.0,76.0,1,1,1,1,0,0,2
A-2023-06-14,2023-06-08,13:30,CHOQUE,1,4,2,ANCASH,CARHUAZ,CARHUAZ,URBANA,CARRETERA,PROVINCIAL,AN-1103,-9.29827300038366,-77.6300837337406,NUBLADO,RURAL,TRAMO RECTO,PLANA ,ASFALTADA,SI,PREVENTIVA (P),REGULADORA (R),SI,EN PROCESO DE INVESTIGACIÓN,NO CUENTA CON CAUSA ESPECIFICA,13.0,0,41.0,47.5,4.0,84.0,5,2,1,4,2,0,6
A-2023-06-86,2023-06-08,18:30,ATROPELLO,1,0,0,CALLAO,CALLAO,CALLAO,URBANA,CARRETERA,NACIONAL,PE-20,-12.0446162274835,-77.126587086002,DESPEJADO,COMERCIAL,TRAMO RECTO,PLANA ,ASFALTADA,SI,REGULADORA (R),,SI,IMPRUDENCIA DEL PEATÓN,OTRO (IMPRUDENCIA DEL PEATÓN),18.0,0,45.0,45.0,44.0,46.0,2,1,1,0,1,0,2
A-2023-06-179,2023-06-08,20:00,CHOQUE CON OBJETO FIJO,1,0,1,CAJAMARCA,CHOTA,CHOTA,URBANA,CARRETERA,NACIONAL,PE-3N,-6.61159,-78.584688,DESPEJADO,INDUSTRIAL,TRAMO RECTO,INCLINADA,ASFALTADA,SI,PREVENTIVA (P),,SI,IMPRUDENCIA DEL CONDUCTOR,CONDUCIR EN ESTADO DE EBRIEDAD Y/O DROGADICCIÓN,20.0,0,22.0,22.0,22.0,22.0,1,1,1,0,1,1,1
A-2023-06-89,2023-06-09,09:30,ATROPELLO,1,0,1,PUNO,SAN ROMAN,JULIACA,URBANA,CARRETERA,NACIONAL,PE-3S,-15.471592,-70.137529,DESPEJADO,COMERCIAL,TRAMO RECTO,PLANA ,ASFALTADA,,,,,IMPRUDENCIA DEL PEATÓN,CRUCE INDEBIDO POR LA CALZADA,9.0,0,42.5,42.5,29.0,56.0,1,1,1,0,1,0,2
A-2023-06-171,2023-06-09,15:30,DESPISTE,2,2,1,AYACUCHO,HUAMANGA,CARMEN ALTO,RURAL,CARRETERA,PROVINCIAL,AY-838,-13.2030907,-74.2273071,DESPEJADO,RURAL,SINUOSA,PLANA ,ASFALTADA,SI,PREVENTIVA (P),,NO,NEGLIGENCIA DEL CONDUCTOR,CONDUCIR CON FALLAS DE FRENOS,15.0,1,44.5,50.0,19.0,59.0,3,1,2,2,1,0,4
A-2023-06-49,2023-06-09,15:30,DESPISTE,1,2,1,LA LIBERTAD,SANTIAGO DE CHUCO,QUIRUVILCA,RURAL,CARRETERA,NACIONAL,PE-3N,-8.0991802,-78.1759705,DESPEJADO,RURAL,CURVA,PLANA ,TROCHA,,,,,EN PROCESO DE INVESTIGACIÓN,NO CUENTA CON CAUSA ESPECIFICA,15.0,0,34.0,26.0,25.0,51.0,1,1,1,2,1,0,3
A-2023-06-127,2023-06-09,16:50,CHOQUE,2,0,0,LIMA,LIMA,JESUS MARIA,URBANA,AVENIDA,URBANO,NO CORRESPONDE,-12.07422298,-77.05293713,DESPEJADO,COMERCIAL,INTERSECCIÓN,PLANA ,ASFALTADA,SI,PREVENTIVA (P),,SI,EN PROCESO DE INVESTIGACIÓN,NO CUENTA CON CAUSA ESPECIFICA,16.0,1,70.0,78.0,38.0,94.0,1,2,2,0,2,0,3
A-2023-06-159,2023-06-09,19:00,DESPISTE,3,0,0,JUNIN,YAULI,MOROCOCHA,RURAL,CARRETERA,NACIONAL,PE-22,-11.599754861359546,-76.15355181382482,SOLEADO,RURAL,TRAMO RECTO,PLANA ,ASFALTADA,NO,,,SI,EN PROCESO DE INVESTIGACIÓN,NO CUENTA CON CAUSA ESPECIFICA,19.0,2,53.0,57.0,41.0,61.0,2,1,3,0,1,0,3
A-2023-06-44,2023-06-10,03:00,ATROPELLO FUGA,1,0,0,CUSCO,CUSCO,SAYLLA,RURAL,CARRETERA,NACIONAL,PE-3S,-13.558364481137904,-71.85124396798871,DESPEJADO,RURAL,TRAMO RECTO,PLANA ,ASFALTADA,NO,,,SI,EN PROCESO DE INVESTIGACIÓN,NO CUENTA CON CAUSA ESPECIFICA,3.0,0,31.0,31.0,31.0,31.0,1,0,1,0,0,0,2
A-2023-06-128,2023-06-10,07:10,CHOQUE,1,1,0,LIMA,LIMA,SAN BORJA,URBANA,AVENIDA,URBANO,NO CORRESPONDE,-12.08725484,-76.99614485,DESPEJADO,COMERCIAL,TRAMO RECTO,PLANA ,ASFALTADA,,,,,EN PROCESO DE INVESTIGACIÓN,NO CUENTA CON CAUSA ESPECIFICA,7.0,0,38.0,41.0,27.0,46.0,3,2,1,1,0,0,3
A-2023-06-45,2023-06-10,07:12,ATROPELLO,1,1,1,CUSCO,URUBAMBA,URUBAMBA,URBANA,CARRETERA,NACIONAL,PE-28B,-13.282029,-72.158012,DESPEJADO,RESIDENCIAL,TRAMO RECTO,PLANA ,ASFALTADA,,,,,IMPRUDENCIA DEL CONDUCTOR,CONDUCIR EN ESTADO DE EBRIEDAD Y/O DROGADICCIÓN,7.0,0,34.0,34.0,31.0,37.0,2,1,1,1,0,0,2
A-2023-06-20,2023-06-10,11:53,CHOQUE,5,0,0,AREQUIPA,CAYLLOMA,SAN ANTONIO DE CHUCA,RURAL,CARRETERA,NACIONAL,PE-34A,-15.786562,-71.037052,DESPEJADO,RURAL,TRAMO RECTO,PLANA ,ASFALTADA,,,,,EN PROCESO DE INVESTIGACIÓN,NO CUENTA CON CAUSA ESPECIFICA,11.0,2,34.5,31.5,20.0,52.0,4,2,5,0,2,0,6
A-2023-06-170,2023-06-10,17:50,VOLCADURA,1,3,1,AYACUCHO,HUAMANGA,TAMBILLO,RURAL,CARRETERA,NACIONAL,PE-3SL,-13.1709764552515,-74.1685308709823,DESPEJADO,RURAL,TRAMO RECTO,PLANA ,AFIRMADO,SI,PREVENTIVA (P),,NO,INFRAESTRUCTURA Y ENTORNO VIAL,OBRAS TEMPORALES,17.0,0,28.0,26.0,14.0,45.0,4,1,1,3,1,1,5
A-2023-06-131,2023-06-10,20:40,ATROPELLO FUGA,1,0,0,LIMA,LIMA,ATE,URBANA,CARRETERA,NACIONAL,PE-22,-12.009093,-76.864798,DESPEJADO,INDUSTRIAL,TRAMO RECTO,PLANA ,ASFALTADA,,,,,EN PROCESO DE INVESTIGACIÓN,NO CUENTA CON CAUSA ESPECIFICA,20.0,0,33.0,33.0,33.0,33.0,1,0,1,0,0,0,2
A-2023-06-90,2023-06-10,22:10,DESPISTE,1,0,1,PUNO,SAN ROMAN,JULIACA,URBANA,AVENIDA,URBANO,NO CORRESPONDE,-15.487217,-70.150391,DESPEJADO,RESIDENCIAL,TRAMO RECTO,PLANA ,ASFALTADA,,,,,IMPRUDENCIA DEL CONDUCTOR,FATIGA Y/O CANSANCIO,22.0,0,25.0,25.0,25.0,25.0,1,1,1,0,0,0,1
A-2023-06-180,2023-06-10,22:30,ATROPELLO FUGA,1,0,0,TACNA,TACNA,LA YARADA LOS PALOS,RURAL,CARRETERA,PROVINCIAL,TA-642,-18.219615,-70.391654,DESPEJADO,RURAL,TRAMO RECTO,PLANA ,ASFALTADA,,,,,EN PROCESO DE INVESTIGACIÓN,NO CUENTA CON CAUSA ESPECIFICA,22.0,0,56.0,56.0,56.0,56.0,1,0,1,0,0,0,2
A-2023-06-181,2023-06-10,22:30,CHOQUE,1,3,2,TACNA,JORGE BASADRE,LOCUMBA,RURAL,CARRETERA,NACIONAL,PE-1S,-17.692287,-70.85954,DESPEJADO,RURAL,CURVA,PLANA ,ASFALTADA,,,,,IMPRUDENCIA DEL CONDUCTOR,INVASIÓN DE CARRIL,22.0,0,23.0,20.0,7.0,39.0,3,2,1,3,2,0,5
A-2023-06-129,2023-06-10,23:30,ATROPELLO,1,0,0,LIMA,LIMA,ANCON,RURAL,CARRETERA,NACIONAL,PE-1N,-11.806201,-77.134166,DESPEJADO,RURAL,TRAMO RECTO,PLANA ,ASFALTADA,,,,,IMPRUDENCIA DEL PEATÓN,OTRO (IMPRUDENCIA DEL PEATÓN),23.0,0,33.5,33.5,28.0,39.0,1,1,1,0,1,0,2
A-2023-06-27,2023-06-11,00:00,DESPISTE,1,0,1,CUSCO,CANCHIS,SAN PEDRO,RURAL,CARRETERA,PROVINCIAL,CU-1680,-14.190378,-71.345222,DESPEJADO,RURAL,TRAMO RECTO,PLANA ,TROCHA,,,,,IMPRUDENCIA DEL CONDUCTOR,CONDUCIR EN ESTADO DE EBRIEDAD Y/O DROGADICCIÓN,0.0,0,63.0,63.0,63.0,63.0,1,1,1,0,0,0,1
A-2023-06-51,2023-06-11,01:10,DESPISTE,1,1,1,CUSCO,CALCA,LARES,RURAL,CARRETERA,DEPARTAMENTAL,CU-104,-13.020398,-71.911725,NIEBLA,RURAL,SINUOSA,INCLINADA,AFIRMADO,,,,,EN PROCESO DE INVESTIGACIÓN,NO CUENTA CON CAUSA ESPECIFICA,1.0,0,26.5,26.5,15.0,38.0,2,1,1,1,0,0,2
A-2023-06-130,2023-06-11,02:30,VOLCADURA,1,0,0,LIMA,CAÑETE,CHILCA,RURAL,CARRETERA,NACIONAL,PE-1S,-12.426547,-76.753608,DESPEJADO,RURAL,TRAMO RECTO,INCLINADA,ASFALTADA,,,,,EN PROCESO DE INVESTIGACIÓN,NO CUENTA CON CAUSA ESPECIFICA,2.0,0,44.0,44.0,44.0,44.0,1,1,1,0,0,0,1
A-2023-06-185,2023-06-11,03:30,DESPISTE,1,0,1,CAJAMARCA,CAJAMARCA,LOS BAÑOS DEL INCA,URBANA,CARRETERA,NACIONAL,PE-08B,-7.164906,-78.47059,DESPEJADO,COMERCIAL,TRAMO RECTO,INCLINADA,ASFALTADA,NO,,,SI,IMPRUDENCIA DEL CONDUCTOR,CONDUCIR EN ESTADO DE EBRIEDAD Y/O DROGADICCIÓN,3.0,0,11.0,11.0,11.0,11.0,1,1,1,0,0,1,1
A-2023-06-12,2023-06-11,04:00,CHOQUE,1,1,2,PUNO,PUNO,ACORA,RURAL,CARRETERA,NACIONAL,PE-3S,-16.005143,-69.76017,DESPEJADO,RURAL,TRAMO RECTO,PLANA ,ASFALTADA,,,,,IMPRUDENCIA DEL CONDUCTOR,OTRO (IMPRUDENCIA DEL CONDUCTOR),4.0,0,40.0,40.0,39.0,41.0,1,1,1,1,0,0,3
A-2023-06-15,2023-06-11,04:00,DESPISTE,5,2,0,ANCASH,CORONGO,YANAC,RURAL,CARRETERA,NACIONAL,PE-12A,-8.61912653,-77.86382666,,,,,,,,,,EN PROCESO DE INVESTIGACIÓN,NO CUENTA CON CAUSA ESPECIFICA,4.0,2,34.142857142857146,38.0,24.0,41.0,6,1,5,2,1,0,7
A-2023-06-132,2023-06-11,05:20,VOLCADURA,1,0,0,LIMA,LIMA,SURQUILLO,URBANA,AVENIDA,URBANO,NO CORRESPONDE,-12.109287273426167,-77.025994012994,DESPEJADO,COMERCIAL,INTERSECCIÓN,PLANA ,ASFALTADA,,,,,EN PROCESO DE INVESTIGACIÓN,NO CUENTA CON CAUSA ESPECIFICA,5.0,0,29.0,29.0,29.0,29.0,1,1,1,0,0,0,1
A-2023-06-84,2023-06-11,10:00,CHOQUE,1,0,2,CALLAO,CALLAO,CALLAO,URBANA,AVENIDA,URBANO,NO CORRESPONDE,-12.0142975,-77.104825716,DESPEJADO,COMERCIAL,TRAMO RECTO,PLANA ,ASFALTADA,SI,INFORMATIVA (I),INFORMATIVA (I),SI,IMPRUDENCIA DEL CONDUCTOR,CONDUCIR EN ESTADO DE EBRIEDAD Y/O DROGADICCIÓN,10.0,0,47.0,47.0,46.0,48.0,1,2,1,0,2,0,3
A-2023-06-16,2023-06-11,18:00,DESPISTE,1,0,1,ANCASH,ASUNCION,CHACAS,RURAL,CARRETERA,DEPARTAMENTAL,AN-107,-9.162370021387396,-77.37054401533221,DESPEJADO,RURAL,TRAMO RECTO,PLANA ,ASFALTADA,,,,,EN PROCESO DE INVESTIGACIÓN,NO CUENTA CON CAUSA ESPECIFICA,18.0,0,27.0,27.0,27.0,27.0,1,1,1,0,0,0,1
A-2023-06-50,2023-06-11,19:10,CHOQUE,1,1,2,LA LIBERTAD,PACASMAYO,SAN PEDRO DE LLOC,RURAL,CARRETERA,PROVINCIAL,LI-585,-7.3860475,-79.4887604,DESPEJADO,RURAL,TRAMO RECTO,PLANA ,ASFALTADA,,,,,IMPRUDENCIA DEL CONDUCTOR,OTRO (IMPRUDENCIA DEL CONDUCTOR),19.0,0,39.5,39.5,16.0,63.0,2,2,1,1,0,0,2
A-2023-06-133,2023-06-12,00:30,ATROPELLO,1,0,0,LIMA,LIMA,CHACLACAYO,URBANA,CARRETERA,NACIONAL,PE-22,-11.982035,-76.797168,DESPEJADO,RESIDENCIAL,TRAMO RECTO,PLANA ,ASFALTADA,NO,,,SI,IMPRUDENCIA DEL PEATÓN,OTRO (IMPRUDENCIA DEL PEATÓN),0.0,0,47.5,47.5,33.0,62.0,2,1,1,0,1,0,2
A-2023-06-187,2023-06-12,03:40,ATROPELLO FUGA,1,0,1,CAJAMARCA,JAEN,PUCARA,RURAL,CARRETERA,NACIONAL,PE-3N,-6.047501,-79.045497,DESPEJADO,RURAL,CURVA,PLANA ,ASFALTADA,NO,,,SI,EN PROCESO DE INVESTIGACIÓN,NO CUENTA CON CAUSA ESPECIFICA,3.0,0,49.0,49.0,49.0,49.0,1,0,1,0,0,0,2
A-2023-06-135,2023-06-12,06:30,CAÍDA DE PASAJERO,1,0,0,LIMA,LIMA,LIMA,URBANA,AVENIDA,URBANO,NO CORRESPONDE,-12.04426499,-77.04279183,DESPEJADO,COMERCIAL,INTERSECCIÓN,PLANA ,ASFALTADA,,,,,EN PROCESO DE INVESTIGACIÓN,NO CUENTA CON CAUSA ESPECIFICA,6.0,0,43.0,43.0,37.0,49.0,2,1,1,0,1,0,2