CODIGO_SINIESTRO,FECHA_SINIESTRO,HORA_SINIESTRO,CLASE_SINIESTRO,CANTIDAD_FALLECIDOS,CANTIDAD_LESIONADOS,CANTIDAD_VEHICULOS,DEPARTAMENTO,PROVINCIA,DISTRITO,ZONA,TIPO_VIA,RED_VIAL,COD_CARRETERA,LATITUD,LONGITUD,CONDICION_CLIMATICA,ZONIFICACION,CARACTERISTICAS_VIA,PERFIL_VIA,SUPERFICIE_CALZADA,EXISTE_SENIAL_VERTICAL,CLASIFICACION_SENIAL_VERTICAL_1,CLASIFICACION_SENIAL_VERTICAL_2,EXISTE_SENIAL_HORIZONTAL,CAUSA_FACTOR_PRINCIPAL,CAUSA_ESPECIFICA,HORA,severidad,EDAD_PROMEDIO,EDAD_MEDIANA,EDAD_MIN,EDAD_MAX,TOTAL_MASCULINOS,TOTAL_CONDUCTORES,TOTAL_FALLECIDOS_AGG,TOTAL_LESIONADOS_AGG,TOTAL_LICENCIA,TOTAL_ALCOHOL_POSITIVO,TOTAL_PERSONAS
A-2023-07-23,2023-07-14,15:30,DESPISTE,3,0,1,ANCASH,HUAYLAS,CARAZ,RURAL,CARRETERA,PROVINCIAL,AN-901,-9.08297910887399,-77.8142607636424,SOLEADO,RURAL,SINUOSA,INCLINADA,AFIRMADO,,,,,IMPRUDENCIA DEL CONDUCTOR,FATIGA Y/O CANSANCIO,15.0,2,34.333333333333336,36.0,29.0,38.0,3,1,3,0,0,0,3
A-2023-07-21,2023-07-14,19:15,CHOQUE,1,0,2,PUNO,PUNO,PICHACANI,RURAL,CARRETERA,NACIONAL,PE-36B,-16.134785534110286,-70.04528753553053,DESPEJADO,RURAL,TRAMO RECTO,PLANA ,ASFALTADA,,,,,IMPRUDENCIA DEL CONDUCTOR,EXCESO DE VELOCIDAD,19.0,0,45.5,45.5,42.0,49.0,2,2,1,0,1,0,2
A-2023-07-185,2023-07-15,08:20,DESPISTE,3,9,1,CAJAMARCA,HUALGAYOC,HUALGAYOC,RURAL,CARRETERA,NACIONAL,PE-3N,-6.7758188,-78.6417937,DESPEJADO,RURAL,TRAMO RECTO,PLANA ,ASFALTADA,,,,,IMPRUDENCIA DEL CONDUCTOR,OTRO (IMPRUDENCIA DEL CONDUCTOR),8.0,2,48.416666666666664,47.5,19.0,72.0,9,1,3,9,1,0,12
A-2023-07-184,2023-07-16,01:50,VOLCADURA,1,1,1,CAJAMARCA,SAN MARCOS,GREGORIO PITA,RURAL,CARRETERA,NACIONAL,PE-3N,-7.324748,-78.17082,DESPEJADO,COMERCIAL,CURVA,PLANA ,ASFALTADA,NO,,,SI,IMPRUDENCIA DEL CONDUCTOR,CONDUCIR EN ESTADO DE EBRIEDAD Y/O DROGADICCIÓN,1.0,0,22.0,22.0,21.0,23.0,2,1,1,1,0,1,2
A-2023-07-141,2023-07-16,03:50,CHOQUE,1,0,0,LIMA,LIMA,LIMA,URBANA,AVENIDA,URBANO,NO CORRESPONDE,-12.05411824,-77.06161635,DESPEJADO,COMERCIAL,INTERSECCIÓN,PLANA ,ASFALTADA,SI,REGULADORA (R),,NO,EN PROCESO DE INVESTIGACIÓN,NO CUENTA CON CAUSA ESPECIFICA,3.0,0,40.0,40.0,33.0,47.0,2,2,1,0,2,0,2
A-2023-07-29,2023-07-16,06:00,DESPISTE,1,0,1,LA LIBERTAD,PATAZ,PARCOY,RURAL,CARRETERA,NACIONAL,PE-10C,-8.049815659119059,-77.43703641620576,DESPEJADO,RURAL,TRAMO RECTO,PLANA ,AFIRMADO,,,,,EN PROCESO DE INVESTIGACIÓN,NO CUENTA CON CAUSA ESPECIFICA,6.0,0,29.5,29.5,27.0,32.0,2,1,1,0,1,0,2
A-2023-07-50,2023-07-16,08:30,DESPISTE,1,1,1,ANCASH,SIHUAS,ALFONSO UGARTE,RURAL,CARRETERA,SIN CLASIFICAR,SIN CLASIFICAR,-8.45764059376214,-77.4440901963318,DESPEJADO,RURAL,CURVA,INCLINADA,TROCHA,,,,,EN PROCESO DE INVESTIGACIÓN,NO CUENTA CON CAUSA ESPECIFICA,8.0,0,22.0,23.0,4.0,39.0,2,1,1,1,0,0,3
A-2023-07-26,2023-07-16,14:30,DESPISTE,2,0,1,PUNO,PUNO,PAUCARCOLLA,RURAL,CARRETERA,PROVINCIAL,PU-1061,-15.76270352155177,-70.06938454054797,DESPEJADO,RURAL,TRAMO RECTO,PLANA ,ASFALTADA,,,,,IMPRUDENCIA DEL CONDUCTOR,EXCESO DE VELOCIDAD,14.0,1,26.5,26.5,26.0,27.0,2,1,2,0,1,0,2
A-2023-07-96,2023-07-16,21:00,CHOQUE FUGA,1,1,0,PIURA,PIURA,TAMBO GRANDE,RURAL,CARRETERA,NACIONAL,PE-1NR,-4.991636,-80.220575,DESPEJADO,RURAL,CURVA,INCLINADA,ASFALTADA,,,,,EN PROCESO DE INVESTIGACIÓN,NO CUENTA CON CAUSA ESPECIFICA,21.0,0,40.5,40.5,30.0,51.0,0,1,1,1,0,0,3
A-2023-07-158,2023-07-16,23:40,DESPISTE,1,0,1,HUANCAVELICA,HUANCAVELICA,ACORIA,RURAL,CARRETERA,NACIONAL,PE-3S,-12.5010409,-74.72031999,DESPEJADO,RURAL,CURVA,PLANA ,ASFALTADA,,,,,EN PROCESO DE INVESTIGACIÓN,NO CUENTA CON CAUSA ESPECIFICA,23.0,0,39.0,39.0,39.0,39.0,1,1,1,0,1,0,1
A-2023-07-108,2023-07-17,02:00,VOLCADURA,1,0,1,PUNO,SANDIA,SAN JUAN DEL ORO,RURAL,CARRETERA,SIN CLASIFICAR,SIN CLASIFICAR,-14.211834616489185,-69.16513602539725,DESPEJADO,RURAL,TRAMO RECTO,PLANA ,TROCHA,,,,,IMPRUDENCIA DEL CONDUCTOR,EXCESO DE VELOCIDAD,2.0,0,39.0,39.0,39.0,39.0,1,1,1,0,0,0,1
A-2023-07-32,2023-07-17,08:30,CHOQUE,1,0,2,AREQUIPA,CAYLLOMA,COPORAQUE,RURAL,CARRETERA,PROVINCIAL,AR-681,-15.635682,-71.655046,DESPEJADO,RURAL,CURVA,INCLINADA,ASFALTADA,SI,PREVENTIVA (P),,SI,EN PROCESO DE INVESTIGACIÓN,NO CUENTA CON CAUSA ESPECIFICA,8.0,0,47.0,47.0,31.0,63.0,2,2,1,0,1,0,2
A-2023-07-109,2023-07-17,11:45,CHOQUE,1,0,2,PUNO,AZANGARO,TIRAPATA,RURAL,CARRETERA,NACIONAL,PE-3SH,-14.990365,-70.3610238,DESPEJADO,RURAL,TRAMO RECTO,PLANA ,ASFALTADA,,,,,IMPRUDENCIA DEL CONDUCTOR,OTRO (IMPRUDENCIA DEL CONDUCTOR),11.0,0,57.5,57.5,53.0,62.0,2,2,1,0,1,0,2
A-2023-07-30,2023-07-17,14:30,DESPISTE,1,1,1,LA LIBERTAD,JULCAN,JULCAN,RURAL,CARRETERA,PROVINCIAL,LI-997,-8.020962234851163,-78.48804579396595,DESPEJADO,RURAL,TRAMO RECTO,PLANA ,AFIRMADO,,,,,EN PROCESO DE INVESTIGACIÓN,NO CUENTA CON CAUSA ESPECIFICA,14.0,0,30.0,30.0,22.0,38.0,2,1,1,1,1,0,2
A-2023-07-74,2023-07-17,17:10,CHOQUE,1,0,2,CUSCO,ESPINAR,ESPINAR,URBANA,CARRETERA,SIN CLASIFICAR,SIN CLASIFICAR,-14.808531,-71.431609,DESPEJADO,RESIDENCIAL,CURVA,PLANA ,ASFALTADA,SI,REGULADORA (R),,NO,IMPRUDENCIA DEL CONDUCTOR,EXCESO DE VELOCIDAD,17.0,0,45.0,45.0,34.0,56.0,2,2,1,0,1,0,2
A-2023-07-65,2023-07-17,17:30,DESPISTE,2,2,0,PIURA,HUANCABAMBA,HUARMACA,RURAL,CARRETERA,NACIONAL,PE-04B,-5.82389,-79.46549,DESPEJADO,RURAL,CURVA,PLANA ,ASFALTADA,SI,PREVENTIVA (P),,NO,INFRAESTRUCTURA Y ENTORNO VIAL,OTRO (INFRAESTRUCTURA Y ENTORNO VIAL),17.0,1,48.25,43.0,34.0,73.0,4,1,2,2,1,0,4
A-2023-07-31,2023-07-17,22:00,DESPISTE,4,0,1,LA LIBERTAD,PATAZ,PIAS,RURAL,CARRETERA,NACIONAL,PE-10C,-7.927728065647655,-77.53649355559405,DESPEJADO,RURAL,CURVA,PLANA ,AFIRMADO,,,,,EN PROCESO DE INVESTIGACIÓN,NO CUENTA CON CAUSA ESPECIFICA,22.0,2,44.25,43.0,42.0,49.0,2,1,4,0,0,0,4
A-2023-07-142,2023-07-18,14:30,ATROPELLO,1,0,0,LIMA,LIMA,SAN MARTIN DE PORRES,URBANA,AVENIDA,URBANO,NO CORRESPONDE,-12.0304736,-77.0897219,DESPEJADO,ESCOLAR,INTERSECCIÓN,PLANA ,ASFALTADA,SI,PREVENTIVA (P),,NO,EN PROCESO DE INVESTIGACIÓN,NO CUENTA CON CAUSA ESPECIFICA,14.0,0,58.0,58.0,40.0,76.0,2,1,1,0,1,0,2
A-2023-07-25,2023-07-18,14:30,DESPISTE,12,12,1,ANCASH,CARLOS FERMIN FITZCARRALD,SAN LUIS,RURAL,CARRETERA,NACIONAL,PE-14C,-9.08847557836807,-77.3395828417028,DESPEJADO,RURAL,TRAMO RECTO,INCLINADA,TROCHA,,,,,EN PROCESO DE INVESTIGACIÓN,NO CUENTA CON CAUSA ESPECIFICA,14.0,2,41.875,41.5,9.0,74.0,14,1,12,12,1,0,24
A-2023-07-27,2023-07-18,16:40,CHOQUE,1,1,2,ANCASH,HUARI,HUARI,RURAL,CARRETERA,NACIONAL,PE-14A,-9.394171646954865,-77.14233216814972,DESPEJADO,RURAL,TRAMO RECTO,INCLINADA,ASFALTADA,,,,,IMPRUDENCIA DEL CONDUCTOR,EXCESO DE VELOCIDAD,16.0,0,37.333333333333336,36.0,33.0,43.0,3,2,1,1,0,0,3
A-2023-07-164,2023-07-18,18:30,ATROPELLO FUGA,1,0,0,JUNIN,CHUPACA,HUAMANCACA CHICO,URBANA,CARRETERA,NACIONAL,PE-3SZ,-12.08168,-75.24747,DESPEJADO,RURAL,INTERSECCIÓN,PLANA ,ASFALTADA,,,,,EN PROCESO DE INVESTIGACIÓN,NO CUENTA CON CAUSA ESPECIFICA,18.0,0,66.0,66.0,66.0,66.0,1,0,1,0,0,0,2
A-2023-07-42,2023-07-19,13:15,DESPISTE,1,1,1,ICA,NASCA,MARCONA,URBANA,CARRETERA,NACIONAL,PE-1S,-15.209869344349125,-74.95349047129068,SOLEADO,RURAL,TRAMO RECTO,PLANA ,ASFALTADA,,,,,IMPRUDENCIA DEL CONDUCTOR,EXCESO DE VELOCIDAD,13.0,0,37.0,37.0,29.0,45.0,2,1,1,1,1,0,2
A-2023-07-112,2023-07-19,19:10,ATROPELLO FUGA,1,0,0,PUNO,HUANCANE,VILQUE CHICO,RURAL,CARRETERA,NACIONAL,PE-34L,-15.187462646660697,-69.58667081619853,DESPEJADO,RURAL,TRAMO RECTO,PLANA ,ASFALTADA,,,,,IMPRUDENCIA DEL CONDUCTOR,OTRO (IMPRUDENCIA DEL CONDUCTOR),19.0,0,59.0,59.0,59.0,59.0,1,0,1,0,0,0,2
A-2023-07-178,2023-07-20,04:30,DESPISTE,1,0,1,TACNA,TACNA,LA YARADA LOS PALOS,RURAL,CARRETERA,SIN CLASIFICAR,SIN CLASIFICAR,-18.174278,-70.510726,DESPEJADO,RURAL,TRAMO RECTO,PLANA ,TROCHA,,,,,IMPERICIA DEL CONDUCTOR,,4.0,0,60.0,60.0,60.0,60.0,1,1,1,0,0,0,1
A-2023-07-51,2023-07-20,20:00,ATROPELLO,1,0,1,CUSCO,LA CONVENCION,SANTA ANA,RURAL,CARRETERA,NACIONAL,PE-28B,-12.808549228990096,-72.68628538993764,DESPEJADO,RURAL,TRAMO RECTO,PLANA ,ASFALTADA,SI,PREVENTIVA (P),,SI,IMPRUDENCIA DEL PEATÓN,CRUCE INDEBIDO POR LA CALZADA,20.0,0,44.0,44.0,44.0,44.0,1,1,1,0,1,0,2
A-2023-07-69,2023-07-20,22:40,ATROPELLO,1,0,1,CUSCO,ANTA,PUCYURA,RURAL,CARRETERA,NACIONAL,PE-3S,-13.478702,-72.099329,DESPEJADO,RURAL,TRAMO RECTO,PLANA ,ASFALTADA,SI,PREVENTIVA (P),,SI,IMPRUDENCIA DEL PEATÓN,ESTADO DE EBRIEDAD Y/O DROGADICCIÓN,22.0,0,43.5,43.5,35.0,52.0,2,1,1,0,1,0,2
A-2023-07-114,2023-07-21,04:00,ATROPELLO,1,0,1,PUNO,SAN ROMAN,SAN MIGUEL,RURAL,CARRETERA,NACIONAL,PE-3S,-15.4003079,-70.1533852,DESPEJADO,RURAL,TRAMO RECTO,PLANA ,ASFALTADA,,,,,IMPRUDENCIA DEL PEATÓN,CRUCE INDEBIDO POR LA CALZADA,4.0,0,35.5,35.5,30.0,41.0,2,1,1,0,1,0,2
A-2023-07-143,2023-07-21,05:50,CHOQUE,1,0,0,LIMA,LIMA,PACHACAMAC,URBANA,AVENIDA,URBANO,NO CORRESPONDE,-12.11591772,-76.87325995,DESPEJADO,RESIDENCIAL,INTERSECCIÓN,INCLINADA,ASFALTADA,NO,,,SI,EN PROCESO DE INVESTIGACIÓN,NO CUENTA CON CAUSA ESPECIFICA,5.0,0,41.5,41.5,40.0,43.0,2,2,1,0,1,0,2
A-2023-07-113,2023-07-21,20:30,CHOQUE,1,1,2,PUNO,LAMPA,LAMPA,RURAL,CARRETERA,DEPARTAMENTAL,PU-123,-15.462980728590637,-70.35911939377426,DESPEJADO,RURAL,CURVA,PLANA ,ASFALTADA,,,,,NEGLIGENCIA DEL CONDUCTOR,OTRO (NEGLIGENCIA DEL CONDUCTOR),20.0,0,29.0,29.0,14.0,44.0,2,2,1,1,1,0,2
A-2023-07-33,2023-07-21,22:00,DESPISTE,1,1,0,AREQUIPA,AREQUIPA,YURA,RURAL,CARRETERA,SIN CLASIFICAR,SIN CLASIFICAR,-16.330403,-71.6586,DESPEJADO,RURAL,TRAMO RECTO,INCLINADA,TROCHA,,,,,EN PROCESO DE INVESTIGACIÓN,NO CUENTA CON CAUSA ESPECIFICA,22.0,0,65.0,65.0,64.0,66.0,1,1,1,1,1,0,2
A-2023-07-66,2023-07-22,09:00,DESPISTE,2,0,1,LA LIBERTAD,SANCHEZ CARRION,HUAMACHUCO,RURAL,CARRETERA,NACIONAL,PE-3N,-7.854673,-78.10386143,DESPEJADO,RURAL,TRAMO RECTO,PLANA ,ASFALTADA,,,,,IMPRUDENCIA DEL CONDUCTOR,OTRO (IMPRUDENCIA DEL CONDUCTOR),9.0,1,47.5,47.5,47.0,48.0,2,1,2,0,1,0,2
A-2023-07-47,2023-07-22,10:00,CHOQUE,2,1,2,AMAZONAS,CHACHAPOYAS,CHACHAPOYAS,RURAL,CARRETERA,NACIONAL,PE-08B,-6.2382314,-77.9202878,DESPEJADO,RURAL,CURVA,INCLINADA,ASFALTADA,NO,,,SI,EN PROCESO DE INVESTIGACIÓN,NO CUENTA CON CAUSA ESPECIFICA,10.0,1,20.25,25.0,5.0,26.0,4,2,2,1,1,0,4
A-2023-07-144,2023-07-22,19:30,ATROPELLO,1,0,0,LIMA,LIMA,PUNTA NEGRA,URBANA,CARRETERA,NACIONAL,PE-1S,-12.368523,-76.787539,DESPEJADO,RURAL,TRAMO RECTO,PLANA ,ASFALTADA,,,,,IMPRUDENCIA DEL PEATÓN,OTRO (IMPRUDENCIA DEL PEATÓN),19.0,0,24.5,24.5,19.0,30.0,1,1,1,0,1,0,2
A-2023-07-145,2023-07-22,20:30,ATROPELLO,1,0,0,LIMA,LIMA,CARABAYLLO,URBANA,AVENIDA,URBANO,NO CORRESPONDE,-11.87928921,-77.01916338,DESPEJADO,COMERCIAL,SINUOSA,INCLINADA,ASFALTADA,SI,PREVENTIVA (P),,NO,EN PROCESO DE INVESTIGACIÓN,NO CUENTA CON CAUSA ESPECIFICA,20.0,0,48.5,48.5,39.0,58.0,2,1,1,0,0,0,2
A-2023-07-146,2023-07-22,21:10,CHOQUE,1,0,0,LIMA,LIMA,LA MOLINA,URBANA,AVENIDA,URBANO,NO CORRESPONDE,-12.07604295,-76.96193408,DESPEJADO,ESCOLAR,CURVA,PLANA ,ASFALTADA,,,,,EN PROCESO DE INVESTIGACIÓN,NO CUENTA CON CAUSA ESPECIFICA,21.0,0,46.0,46.0,46.0,46.0,1,2,1,0,0,0,2
A-2023-07-159,2023-07-22,23:45,DESPISTE,1,2,1,HUANCAVELICA,TAYACAJA,ACOSTAMBO,RURAL,CARRETERA,NACIONAL,PE-3S,-12.377309439038198,-75.04829933967022,DESPEJADO,RURAL,SINUOSA,PLANA ,ASFALTADA,,,,,EN PROCESO DE INVESTIGACIÓN,NO CUENTA CON CAUSA ESPECIFICA,23.0,0,41.333333333333336,42.0,32.0,50.0,3,1,1,2,1,0,3
A-2023-07-73,2023-07-23,00:30,ATROPELLO FUGA,1,0,0,CUSCO,QUISPICANCHI,URCOS,URBANA,CARRETERA,NACIONAL,PE-3S,-13.70468,-71.59616,DESPEJADO,RURAL,TRAMO RECTO,PLANA ,ASFALTADA,SI,PREVENTIVA (P),,SI,IMPRUDENCIA DEL CONDUCTOR,EXCESO DE VELOCIDAD,0.0,0,37.0,37.0,37.0,37.0,1,0,1,0,0,0,2
A-2023-07-147,2023-07-23,04:40,ATROPELLO,1,0,0,LIMA,LIMA,INDEPENDENCIA,URBANA,CARRETERA,NACIONAL,PE-1N,-12.00245,-77.062072,DESPEJADO,COMERCIAL,TRAMO RECTO,INCLINADA,ASFALTADA,,,,,EN PROCESO DE INVESTIGACIÓN,NO CUENTA CON CAUSA ESPECIFICA,4.0,0,30.0,30.0,30.0,30.0,2,1,1,0,1,0,2
A-2023-07-43,2023-07-23,08:30,CHOQUE,2,0,2,ICA,NASCA,MARCONA,RURAL,CARRETERA,NACIONAL,PE-1S,-15.2065156,-74.9553179,SOLEADO,RURAL,TRAMO RECTO,PLANA ,ASFALTADA,,,,,IMPRUDENCIA DEL CONDUCTOR,INVASIÓN DE CARRIL,8.0,1,31.0,33.0,23.0,37.0,2,2,2,0,2,0,3
A-2023-07-68,2023-07-23,12:40,CHOQUE,1,3,2,LA LIBERTAD,ASCOPE,RAZURI,RURAL,CARRETERA,PROVINCIAL,LI-610,-7.7046563,-79.4309629,DESPEJADO,RURAL,TRAMO RECTO,PLANA ,ASFALTADA,,,,,IMPRUDENCIA DEL CONDUCTOR,GIRAR IMPRUDENTEMENTE,12.0,0,29.75,24.0,22.0,49.0,2,2,1,3,1,0,4
A-2023-07-91,2023-07-23,14:15,ATROPELLO,1,0,0,PIURA,PIURA,CASTILLA,RURAL,VIA EXPRESA,URBANO,NO CORRESPONDE,-5.19892,-80.574207,DESPEJADO,RURAL,TRAMO RECTO,PLANA ,ASFALTADA,,,,,EN PROCESO DE INVESTIGACIÓN,NO CUENTA CON CAUSA ESPECIFICA,14.0,0,69.0,69.0,69.0,69.0,2,1,1,0,1,0,2
A-2023-07-59,2023-07-23,18:15,ATROPELLO,1,0,1,CUSCO,CUSCO,SAYLLA,RURAL,CARRETERA,NACIONAL,PE-3S,-13.563295,-71.841146,DESPEJADO,RURAL,TRAMO RECTO,PLANA ,ASFALTADA,NO,,,SI,IMPRUDENCIA DEL PEATÓN,ESTADO DE EBRIEDAD Y/O DROGADICCIÓN,18.0,0,40.0,40.0,27.0,53.0,2,1,1,0,1,0,2
A-2023-07-35,2023-07-23,18:30,ATROPELLO,1,0,0,AREQUIPA,AREQUIPA,LA JOYA,URBANA,CARRETERA,NACIONAL,PE-1S,-16.678188,-71.871045,DESPEJADO,RESIDENCIAL,INTERSECCIÓN,PLANA ,ASFALTADA,SI,PREVENTIVA (P),,SI,EN PROCESO DE INVESTIGACIÓN,NO CUENTA CON CAUSA ESPECIFICA,18.0,0,57.0,57.0,51.0,63.0,2,1,1,0,1,0,2
A-2023-07-72,2023-07-24,01:00,ATROPELLO,1,1,1,AREQUIPA,AREQUIPA,PAUCARPATA,URBANA,AVENIDA,URBANO,NO CORRESPONDE,-16.411762,-71.508229,DESPEJADO,RURAL,INTERSECCIÓN,INCLINADA,ASFALTADA,,,,,EN PROCESO DE INVESTIGACIÓN,NO CUENTA CON CAUSA ESPECIFICA,1.0,0,33.333333333333336,31.0,28.0,41.0,2,1,1,1,0,2,3
A-2023-07-186,2023-07-24,05:00,DESPISTE,1,1,0,CAJAMARCA,CAJABAMBA,SITACOCHA,RURAL,CARRETERA,SIN CLASIFICAR,SIN CLASIFICAR,-7.503178008,-77.97557,DESPEJADO,RURAL,TRAMO RECTO,PLANA ,AFIRMADO,,,,,EN PROCESO DE INVESTIGACIÓN,NO CUENTA CON CAUSA ESPECIFICA,5.0,0,29.0,29.0,27.0,31.0,2,1,1,1,0,0,3
A-2023-07-44,2023-07-24,05:00,CHOQUE,1,0,2,ICA,ICA,ICA,URBANA,CARRETERA,NACIONAL,PE-1S,-14.0767502,-75.7385829,DESPEJADO,RESIDENCIAL,INTERSECCIÓN,PLANA ,ASFALTADA,,,,,EN PROCESO DE INVESTIGACIÓN,NO CUENTA CON CAUSA ESPECIFICA,5.0,0,47.5,47.5,29.0,66.0,2,2,1,0,0,0,2
A-2023-07-34,2023-07-24,06:49,CHOQUE,1,3,2,LIMA,HUAURA,VEGUETA,URBANA,CARRETERA,DEPARTAMENTAL,LM-101,-11.040971298252506,-77.60358627014989,DESPEJADO,RESIDENCIAL,TRAMO RECTO,PLANA ,ASFALTADA,,,,,IMPRUDENCIA DEL CONDUCTOR,CONDUCIR EN ESTADO DE EBRIEDAD Y/O DROGADICCIÓN,6.0,0,35.4,40.0,23.0,46.0,4,2,1,3,2,0,5
A-2023-07-67,2023-07-24,06:50,CHOQUE,1,1,2,LA LIBERTAD,CHEPEN,PACANGA,RURAL,CARRETERA,NACIONAL,PE-1N,-7.11847936148862,-79.48854409391606,DESPEJADO,RURAL,TRAMO RECTO,PLANA ,ASFALTADA,,,,,IMPRUDENCIA DEL CONDUCTOR,ADELANTAR INDEBIDAMENTE,6.0,0,33.333333333333336,28.0,28.0,44.0,3,2,1,1,1,0,3
A-2023-07-77,2023-07-25,10:40,ATROPELLO,1,0,1,LA LIBERTAD,TRUJILLO,TRUJILLO,URBANA,CARRETERA,PROVINCIAL,LI-1089,-8.139559239495846,-79.01716743250849,DESPEJADO,RURAL,TRAMO RECTO,PLANA ,ASFALTADA,,,,,IMPRUDENCIA DEL PEATÓN,OTRO (IMPRUDENCIA DEL PEATÓN),10.0,0,33.5,33.5,24.0,43.0,2,1,1,0,1,0,2
A-2023-07-148,2023-07-25,14:00,DESPISTE,1,0,0,LIMA,LIMA,EL AGUSTINO,URBANA,CARRETERA,NACIONAL,PE-1N,-12.03025778,-76.9939365,DESPEJADO,COMERCIAL,CURVA,PLANA ,ASFALTADA,SI,REGULADORA (R),,NO,EN PROCESO DE INVESTIGACIÓN,NO CUENTA CON CAUSA ESPECIFICA,14.0,0,16.5,16.5,4.0,29.0,2,1,1,0,1,0,2
A-2023-07-149,2023-07-25,14:30,ATROPELLO,1,0,0,LIMA,LIMA,CHORRILLOS,URBANA,AVENIDA,URBANO,NO CORRESPONDE,-12.19279072,-77.01958017,DESPEJADO,COMERCIAL,TRAMO RECTO,INCLINADA,ASFALTADA,NO,,,SI,EN PROCESO DE INVESTIGACIÓN,NO CUENTA CON CAUSA ESPECIFICA,14.0,0,52.0,52.0,33.0,71.0,1,1,1,0,1,0,2
A-2023-07-38,2023-07-25,19:50,DESPISTE,1,1,2,LIMA,HUAURA,SAYAN,RURAL,CARRETERA,PROVINCIAL,LM-659,-11.219214105863564,-77.40793055605175,DESPEJADO,RURAL,TRAMO RECTO,PLANA ,ASFALTADA,,,,,EN PROCESO DE INVESTIGACIÓN,NO CUENTA CON CAUSA ESPECIFICA,19.0,0,24.5,24.5,20.0,29.0,1,1,1,1,0,0,3
A-2023-07-62,2023-07-26,00:10,CHOQUE FUGA,1,0,1,CUSCO,ESPINAR,PICHIGUA,RURAL,CARRETERA,NACIONAL,PE-34F,-14.69015601,-71.2827434,DESPEJADO,RURAL,TRAMO RECTO,PLANA ,ASFALTADA,NO,,,SI,EN PROCESO DE INVESTIGACIÓN,NO CUENTA CON CAUSA ESPECIFICA,0.0,0,,,,,1,1,1,0,0,0,2
A-2023-07-39,2023-07-26,03:20,ATROPELLO FUGA,1,0,0,PUNO,CHUCUITO,JULI,RURAL,CARRETERA,DEPARTAMENTAL,PU-129,-16.230081,-69.486051,DESPEJADO,RURAL,TRAMO RECTO,PLANA ,ASFALTADA,,,,,EN PROCESO DE INVESTIGACIÓN,NO CUENTA CON CAUSA ESPECIFICA,3.0,0,60.0,60.0,60.0,60.0,1,0,1,0,0,0,2
A-2023-07-78,2023-07-26,06:30,ATROPELLO,1,0,1,LA LIBERTAD,CHEPEN,CHEPEN,RURAL,CARRETERA,NACIONAL,PE-08,-7.30472731,-79.3348948,DESPEJADO,RURAL,TRAMO RECTO,PLANA ,ASFALTADA,,,,,EN PROCESO DE INVESTIGACIÓN,NO CUENTA CON CAUSA ESPECIFICA,6.0,0,54.5,54.5,28.0,81.0,2,1,1,0,0,0,2
A-2023-07-92,2023-07-26,07:00,CHOQUE,1,0,0,PIURA,MORROPON,LA MATANZA,RURAL,CARRETERA,PROVINCIAL,PI-970,-5.22061,-80.10604,DESPEJADO,RESIDENCIAL,TRAMO RECTO,PLANA ,ASFALTADA,,,,,EN PROCESO DE INVESTIGACIÓN,NO CUENTA CON CAUSA ESPECIFICA,7.0,0,37.5,37.5,36.0,39.0,2,2,1,0,1,0,2
A-2023-07-150,2023-07-26,07:40,CHOQUE,1,0,0,LIMA,LIMA,CARABAYLLO,URBANA,AVENIDA,URBANO,NO CORRESPONDE,-11.88595174,-77.03517614,DESPEJADO,COMERCIAL,TRAMO RECTO,INCLINADA,ASFALTADA,,,,,EN PROCESO DE INVESTIGACIÓN,NO CUENTA CON CAUSA ESPECIFICA,7.0,0,31.0,34.0,24.0,35.0,3,2,1,0,2,0,3
A-2023-07-49,2023-07-26,08:30,CHOQUE,1,0,2,ANCASH,RECUAY,TICAPAMPA,RURAL,CARRETERA,DEPARTAMENTAL,AN-110,-9.688896,-77.252331,DESPEJADO,RURAL,TRAMO RECTO,PLANA ,ASFALTADA,SI,PREVENTIVA (P),,SI,EN PROCESO DE INVESTIGACIÓN,NO CUENTA CON CAUSA ESPECIFICA,8.0,0,35.0,35.0,27.0,43.0,2,2,1,0,2,0,2
A-2023-07-53,2023-07-26,11:35,ATROPELLO,1,0,1,CUSCO,ESPINAR,OCORURO,RURAL,CARRETERA,NACIONAL,PE-34J,-15.004788,-71.163553,DESPEJADO,RURAL,TRAMO RECTO,PLANA ,ASFALTADA,SI,REGULADORA (R),,NO,EN PROCESO DE INVESTIGACIÓN,NO CUENTA CON CAUSA ESPECIFICA,11.0,0,21.5,21.5,10.0,33.0,1,1,1,0,1,0,2
A-2023-07-40,2023-07-26,17:45,CHOQUE,1,0,2,PUNO,PUNO,ACORA,RURAL,CARRETERA,NACIONAL,PE-3S,-16.047864,-69.708915,DESPEJADO,RURAL,TRAMO RECTO,PLANA ,TROCHA,,,,,IMPRUDENCIA DEL CONDUCTOR,OTRO (IMPRUDENCIA DEL CONDUCTOR),17.0,0,51.5,51.5,30.0,73.0,2,2,1,0,1,0,2
A-2023-07-94,2023-07-26,18:30,VOLCADURA,1,0,1,SAN MARTIN,MOYOBAMBA,CALZADA,RURAL,CARRETERA,NACIONAL,PE-5N,-6.041742,-77.141574,DESPEJADO,RURAL,TRAMO RECTO,PLANA ,ASFALTADA,SI,REGULADORA (R),REGULADORA (R),NO,IMPRUDENCIA DEL CONDUCTOR,OTRO (IMPRUDENCIA DEL CONDUCTOR),18.0,0,50.5,50.5,36.0,65.0,2,2,1,0,1,0,2