CODIGO_SINIESTRO,FECHA_SINIESTRO,HORA_SINIESTRO,CLASE_SINIESTRO,CANTIDAD_FALLECIDOS,CANTIDAD_LESIONADOS,CANTIDAD_VEHICULOS,DEPARTAMENTO,PROVINCIA,DISTRITO,ZONA,TIPO_VIA,RED_VIAL,COD_CARRETERA,LATITUD,LONGITUD,CONDICION_CLIMATICA,ZONIFICACION,CARACTERISTICAS_VIA,PERFIL_VIA,SUPERFICIE_CALZADA,EXISTE_SENIAL_VERTICAL,CLASIFICACION_SENIAL_VERTICAL_1,CLASIFICACION_SENIAL_VERTICAL_2,EXISTE_SENIAL_HORIZONTAL,CAUSA_FACTOR_PRINCIPAL,CAUSA_ESPECIFICA,HORA,severidad,EDAD_PROMEDIO,EDAD_MEDIANA,EDAD_MIN,EDAD_MAX,TOTAL_MASCULINOS,TOTAL_CONDUCTORES,TOTAL_FALLECIDOS_AGG,TOTAL_LESIONADOS_AGG,TOTAL_LICENCIA,TOTAL_ALCOHOL_POSITIVO,TOTAL_PERSONAS
A-2023-07-169,2023-07-26,19:40,DESPISTE,2,1,1,AYACUCHO,HUANTA,UCHURACCAY,RURAL,CARRETERA,NACIONAL,PE-28B,-12.763619478703257,-74.00480741814614,NIEBLA,RURAL,CURVA,INCLINADA,ASFALTADA,SI,PREVENTIVA (P),,NO,INFRAESTRUCTURA Y ENTORNO VIAL,FACTOR AMBIENTAL,19.0,1,36.333333333333336,43.0,15.0,51.0,2,1,2,1,1,0,3
A-2023-07-90,2023-07-26,22:00,CHOQUE,1,0,1,CALLAO,CALLAO,CALLAO,URBANA,AVENIDA,URBANO,NO CORRESPONDE,-12.0487186,-77.10384117,DESPEJADO,INDUSTRIAL,TRAMO RECTO,PLANA ,ASFALTADA,,,,,EN PROCESO DE INVESTIGACIÓN,NO CUENTA CON CAUSA ESPECIFICA,22.0,0,34.0,30.0,24.0,48.0,3,2,1,0,1,0,3
A-2023-07-58,2023-07-27,07:20,DESPISTE,1,0,1,CUSCO,LA CONVENCION,MARANURA,RURAL,CARRETERA,PROVINCIAL,CU-855,-12.923910056865354,-72.65302522321855,DESPEJADO,RURAL,TRAMO RECTO,INCLINADA,AFIRMADO,,,,,NEGLIGENCIA DEL CONDUCTOR,CONDUCIR CON FALLAS DE FRENOS,7.0,0,61.0,61.0,61.0,61.0,1,1,1,0,1,0,1
A-2023-07-152,2023-07-27,11:10,DESPISTE,1,0,0,LIMA,LIMA,SAN JUAN DE MIRAFLORES,URBANA,CARRETERA,NACIONAL,PE-1S,-12.19210476,-76.97262969,DESPEJADO,COMERCIAL,CURVA,INCLINADA,ASFALTADA,,,,,EN PROCESO DE INVESTIGACIÓN,NO CUENTA CON CAUSA ESPECIFICA,11.0,0,57.0,57.0,57.0,57.0,1,1,1,0,0,0,1
A-2023-07-151,2023-07-27,11:30,ATROPELLO FUGA,1,0,0,LIMA,LIMA,CARABAYLLO,URBANA,CALLE,URBANO,NO CORRESPONDE,-11.88194414,-77.05194375,DESPEJADO,RESIDENCIAL,TRAMO RECTO,PLANA ,ASFALTADA,,,,,EN PROCESO DE INVESTIGACIÓN,NO CUENTA CON CAUSA ESPECIFICA,11.0,0,86.0,86.0,86.0,86.0,0,0,1,0,0,0,2
A-2023-07-76,2023-07-27,16:55,DESPISTE,1,1,1,AREQUIPA,CAYLLOMA,SAN ANTONIO DE CHUCA,RURAL,CARRETERA,NACIONAL,PE-34A,-15.761795,-70.989748,DESPEJADO,RURAL,CURVA,INCLINADA,ASFALTADA,,,,,EN PROCESO DE INVESTIGACIÓN,NO CUENTA CON CAUSA ESPECIFICA,16.0,0,50.0,61.0,23.0,66.0,2,1,1,1,1,0,3
A-2023-07-155,2023-07-28,03:30,DESPISTE,1,0,0,PIURA,PIURA,PIURA,URBANA,AVENIDA,URBANO,NO CORRESPONDE,-5.164166,-80.647215,DESPEJADO,RURAL,TRAMO RECTO,PLANA ,ASFALTADA,,,,,EN PROCESO DE INVESTIGACIÓN,NO CUENTA CON CAUSA ESPECIFICA,3.0,0,30.0,30.0,30.0,30.0,0,1,1,0,0,1,1
A-2023-07-179,2023-07-28,03:30,ATROPELLO FUGA,1,0,0,TACNA,TACNA,TACNA,RURAL,CARRETERA,PROVINCIAL,TA-645,-18.305434,-70.320481,DESPEJADO,RURAL,TRAMO RECTO,PLANA ,ASFALTADA,,,,,EN PROCESO DE INVESTIGACIÓN,NO CUENTA CON CAUSA ESPECIFICA,3.0,0,23.0,23.0,23.0,23.0,0,0,1,0,0,0,2
A-2023-07-48,2023-07-28,07:50,DESPISTE,1,5,1,LIMA,HUAURA,HUACHO,RURAL,CARRETERA,NACIONAL,PE-1N,-11.3995,-77.39173,DESPEJADO,RURAL,TRAMO RECTO,INCLINADA,ASFALTADA,,,,,EN PROCESO DE INVESTIGACIÓN,NO CUENTA CON CAUSA ESPECIFICA,7.0,0,30.571428571428573,31.0,7.0,61.0,4,0,1,5,1,0,7
A-2023-07-80,2023-07-28,11:30,CHOQUE,1,0,1,LA LIBERTAD,SANCHEZ CARRION,HUAMACHUCO,RURAL,CARRETERA,NACIONAL,PE-3N,-7.811103864819987,-78.05283795922684,DESPEJADO,RURAL,TRAMO RECTO,PLANA ,ASFALTADA,,,,,IMPRUDENCIA DEL CONDUCTOR,OTRO (IMPRUDENCIA DEL CONDUCTOR),11.0,0,27.5,27.5,24.0,31.0,2,2,1,0,1,0,2
A-2023-07-64,2023-07-28,12:15,ATROPELLO,1,1,1,PUNO,PUNO,PUNO,URBANA,AVENIDA,URBANO,NO CORRESPONDE,-15.8360125,-70.0231588,DESPEJADO,COMERCIAL,INTERSECCIÓN,PLANA ,ASFALTADA,,,,,IMPRUDENCIA DEL CONDUCTOR,EXCESO DE VELOCIDAD,12.0,0,40.5,40.5,25.0,56.0,2,1,1,1,1,0,2
A-2023-07-79,2023-07-28,20:15,DESPISTE,1,0,1,LA LIBERTAD,ASCOPE,SANTIAGO DE CAO,RURAL,CARRETERA,PROVINCIAL,LI-667,-7.962023,-79.217277,DESPEJADO,RURAL,INTERSECCIÓN,PLANA ,ASFALTADA,,,,,EN PROCESO DE INVESTIGACIÓN,NO CUENTA CON CAUSA ESPECIFICA,20.0,0,57.5,57.5,54.0,61.0,1,1,1,0,1,0,2
A-2023-07-160,2023-07-28,20:20,CHOQUE CON OBJETO FIJO,1,3,0,HUANCAVELICA,TAYACAJA,ACOSTAMBO,RURAL,CARRETERA,NACIONAL,PE-3S,-12.378300729362945,-75.0485996535858,DESPEJADO,RURAL,CURVA,PLANA ,ASFALTADA,,,,,EN PROCESO DE INVESTIGACIÓN,NO CUENTA CON CAUSA ESPECIFICA,20.0,0,19.5,21.0,0.0,36.0,1,1,1,3,1,0,4
A-2023-07-187,2023-07-28,21:44,DESPISTE,1,1,1,CAJAMARCA,CONTUMAZA,YONAN,RURAL,CARRETERA,NACIONAL,PE-08,-7.252539499,-79.12464028,SOLEADO,RURAL,CURVA,PLANA ,ASFALTADA,NO,,,SI,IMPRUDENCIA DEL CONDUCTOR,EXCESO DE VELOCIDAD,21.0,0,58.5,58.5,47.0,70.0,1,1,1,1,1,0,2
A-2023-07-153,2023-07-29,06:00,ATROPELLO FUGA,1,0,0,LIMA,LIMA,VILLA EL SALVADOR,URBANA,AVENIDA,URBANO,NO CORRESPONDE,-12.1963004,-76.95351318,DESPEJADO,ESCOLAR,TRAMO RECTO,INCLINADA,ASFALTADA,SI,INFORMATIVA (I),,NO,EN PROCESO DE INVESTIGACIÓN,NO CUENTA CON CAUSA ESPECIFICA,6.0,0,66.0,66.0,66.0,66.0,0,0,1,0,0,0,2
A-2023-07-63,2023-07-29,07:30,DESPISTE,2,1,1,ANCASH,HUARAZ,OLLEROS,RURAL,CARRETERA,NACIONAL,PE-3N,-9.6462648,-77.4872321,DESPEJADO,RURAL,CURVA,INCLINADA,ASFALTADA,NO,,,SI,EN PROCESO DE INVESTIGACIÓN,NO CUENTA CON CAUSA ESPECIFICA,7.0,1,20.333333333333332,20.0,20.0,21.0,3,1,2,1,0,0,3
A-2023-07-70,2023-07-29,08:40,ATROPELLO,1,0,0,PUNO,PUNO,ACORA,RURAL,CARRETERA,NACIONAL,PE-3S,-16.012649,-69.751072,DESPEJADO,RURAL,TRAMO RECTO,PLANA ,ASFALTADA,,,,,IMPRUDENCIA DEL PEATÓN,CRUCE INDEBIDO POR LA CALZADA,8.0,0,50.5,50.5,27.0,74.0,1,1,1,0,1,0,2
A-2023-07-81,2023-07-29,10:30,DESPISTE,1,0,1,LA LIBERTAD,OTUZCO,SINSICAP,RURAL,CARRETERA,DEPARTAMENTAL,LI-110,-7.830512494782083,-78.71859986116617,DESPEJADO,RURAL,TRAMO RECTO,PLANA ,ASFALTADA,,,,,EN PROCESO DE INVESTIGACIÓN,NO CUENTA CON CAUSA ESPECIFICA,10.0,0,35.0,35.0,35.0,35.0,1,1,1,0,1,0,1
A-2023-07-82,2023-07-29,11:30,ATROPELLO,1,0,1,LA LIBERTAD,TRUJILLO,TRUJILLO,RURAL,AVENIDA,URBANO,NO CORRESPONDE,-8.0925758,-79.0180225,DESPEJADO,RURAL,INTERSECCIÓN,PLANA ,ASFALTADA,,,,,IMPRUDENCIA DEL CONDUCTOR,OTRO (IMPRUDENCIA DEL CONDUCTOR),11.0,0,44.5,44.5,21.0,68.0,2,1,1,0,0,0,2
A-2023-07-171,2023-07-29,15:40,DESPISTE,1,5,1,AYACUCHO,CANGALLO,CANGALLO,RURAL,CARRETERA,PROVINCIAL,AY-990,-13.6058593,-74.1387439,DESPEJADO,RURAL,CURVA,INCLINADA,TROCHA,,,,,IMPRUDENCIA DEL CONDUCTOR,OTRO (IMPRUDENCIA DEL CONDUCTOR),15.0,0,38.833333333333336,38.0,9.0,70.0,1,1,1,5,1,0,6
A-2023-07-174,2023-07-29,16:00,VOLCADURA,1,0,1,AYACUCHO,LA MAR,TAMBO,URBANA,CARRETERA,NACIONAL,PE-28B,-12.94969510295809,-74.01757465344146,DESPEJADO,RURAL,CURVA,INCLINADA,ASFALTADA,SI,PREVENTIVA (P),,NO,NEGLIGENCIA DEL CONDUCTOR,CONDUCIR CON FALLAS DE FRENOS,16.0,0,51.0,51.0,38.0,64.0,2,1,1,0,1,0,2
A-2023-07-93,2023-07-29,17:50,CHOQUE,1,2,0,PIURA,PIURA,VEINTISEIS DE OCTUBRE,URBANA,OTRO,URBANO,NO CORRESPONDE,-5.183162,-80.681037,DESPEJADO,RURAL,INTERSECCIÓN,PLANA ,ASFALTADA,,,,,IMPRUDENCIA DEL CONDUCTOR,EXCESO DE VELOCIDAD,17.0,0,33.333333333333336,25.0,22.0,53.0,3,2,1,2,2,2,3
A-2023-07-86,2023-07-29,21:00,DESPISTE,1,2,1,LA LIBERTAD,OTUZCO,SALPO,RURAL,CARRETERA,NACIONAL,PE-10A,-7.991491530019913,-78.66085942613947,DESPEJADO,RURAL,TRAMO RECTO,PLANA ,ASFALTADA,,,,,IMPRUDENCIA DEL CONDUCTOR,OTRO (IMPRUDENCIA DEL CONDUCTOR),21.0,0,46.0,37.0,16.0,85.0,2,1,1,2,1,0,3
A-2023-07-154,2023-07-29,22:30,CHOQUE,2,0,0,LIMA,LIMA,SANTIAGO DE SURCO,URBANA,CARRETERA,NACIONAL,PE-1S,-12.091023,-76.980921,DESPEJADO,COMERCIAL,TRAMO RECTO,PLANA ,ASFALTADA,,,,,EN PROCESO DE INVESTIGACIÓN,NO CUENTA CON CAUSA ESPECIFICA,22.0,1,34.0,34.0,30.0,38.0,2,2,2,0,2,0,2
A-2023-07-111,2023-07-30,02:30,DESPISTE,13,17,0,PIURA,HUANCABAMBA,HUARMACA,RURAL,CARRETERA,NACIONAL,PE-04B,-5.88354,-79.5367939,DESPEJADO,RURAL,CURVA,INCLINADA,ASFALTADA,SI,PREVENTIVA (P),,NO,IMPRUDENCIA DEL CONDUCTOR,EXCESO DE VELOCIDAD,2.0,2,32.62068965517241,33.0,2.0,55.0,18,1,13,17,1,0,30
A-2023-07-156,2023-07-30,03:40,ATROPELLO,1,0,0,PIURA,SECHURA,SECHURA,RURAL,CARRETERA,NACIONAL,PE-1NK,-5.67723630900685,-80.8491431991328,DESPEJADO,RURAL,TRAMO RECTO,PLANA ,ASFALTADA,,,,,EN PROCESO DE INVESTIGACIÓN,NO CUENTA CON CAUSA ESPECIFICA,3.0,0,23.0,23.0,23.0,23.0,1,0,1,0,0,0,2
A-2023-07-188,2023-07-30,03:50,VOLCADURA,2,0,1,CAJAMARCA,HUALGAYOC,HUALGAYOC,RURAL,CARRETERA,NACIONAL,PE-3N,-6.726774,-78.577094,DESPEJADO,RURAL,TRAMO RECTO,PLANA ,ASFALTADA,NO,,,SI,EN PROCESO DE INVESTIGACIÓN,NO CUENTA CON CAUSA ESPECIFICA,3.0,1,33.5,33.5,18.0,49.0,2,1,2,0,0,1,2
A-2023-07-168,2023-07-30,04:00,DESPISTE,5,5,1,AYACUCHO,VILCAS HUAMAN,ACCOMARCA,RURAL,CARRETERA,PROVINCIAL,AY-1035,-13.793413,-73.84895,DESPEJADO,RURAL,CURVA,PLANA ,AFIRMADO,,,,,IMPRUDENCIA DEL CONDUCTOR,OTRO (IMPRUDENCIA DEL CONDUCTOR),4.0,2,41.7,51.0,3.0,70.0,6,1,5,5,1,0,10
A-2023-07-110,2023-07-30,04:30,CHOQUE,1,1,2,LORETO,MAYNAS,SAN JUAN BAUTISTA,RURAL,CARRETERA,DEPARTAMENTAL,LO-103,-3.831202,-73.3282947,DESPEJADO,COMERCIAL,CURVA,INCLINADA,ASFALTADA,NO,,,SI,EN PROCESO DE INVESTIGACIÓN,NO CUENTA CON CAUSA ESPECIFICA,4.0,0,49.0,49.0,42.0,56.0,2,2,1,1,1,1,3
A-2023-07-84,2023-07-30,06:30,DESPISTE,1,4,1,LA LIBERTAD,VIRU,VIRU,RURAL,CARRETERA,PROVINCIAL,LI-1122,-8.418799,-78.830143,DESPEJADO,RURAL,TRAMO RECTO,PLANA ,ASFALTADA,,,,,IMPRUDENCIA DEL CONDUCTOR,CONDUCIR EN ESTADO DE EBRIEDAD Y/O DROGADICCIÓN,6.0,0,39.333333333333336,26.5,23.0,72.0,5,1,1,4,0,0,6
A-2023-07-118,2023-07-30,15:00,CHOQUE,1,0,1,PUNO,AZANGARO,ASILLO,RURAL,CARRETERA,NACIONAL,PE-34B,-14.7224841,-70.3612001,DESPEJADO,RURAL,TRAMO RECTO,PLANA ,ASFALTADA,,,,,IMPRUDENCIA DEL CONDUCTOR,EXCESO DE VELOCIDAD,15.0,0,35.0,35.0,25.0,45.0,2,2,1,0,1,0,2
A-2023-07-89,2023-07-30,18:45,CHOQUE,1,0,0,APURIMAC,ANDAHUAYLAS,SANTA MARIA DE CHICMO,RURAL,CARRETERA,NACIONAL,PE-3S,-13.652913,-73.527599,,,,,,,,,,EN PROCESO DE INVESTIGACIÓN,NO CUENTA CON CAUSA ESPECIFICA,18.0,0,40.0,40.0,40.0,40.0,1,1,1,0,0,0,1
A-2023-07-161,2023-07-30,19:23,DESPISTE,1,0,1,HUANCAVELICA,TAYACAJA,PAMPAS,RURAL,CARRETERA,NACIONAL,PE-3S,-12.480327,-74.823946,DESPEJADO,RURAL,CURVA,PLANA ,ASFALTADA,,,,,EN PROCESO DE INVESTIGACIÓN,NO CUENTA CON CAUSA ESPECIFICA,19.0,0,57.0,57.0,57.0,57.0,1,1,1,0,1,0,1
A-2023-07-166,2023-07-31,06:00,ATROPELLO FUGA,1,0,0,JUNIN,JAUJA,SAUSA,URBANA,CARRETERA,NACIONAL,PE-3S,-11.789064,-75.477722,DESPEJADO,RURAL,TRAMO RECTO,PLANA ,ASFALTADA,,,,,EN PROCESO DE INVESTIGACIÓN,NO CUENTA CON CAUSA ESPECIFICA,6.0,0,42.0,42.0,42.0,42.0,1,0,1,0,0,0,2
A-2023-07-95,2023-07-31,08:40,ATROPELLO,1,0,0,SAN MARTIN,RIOJA,PARDO MIGUEL,URBANA,CARRETERA,NACIONAL,PE-5N,-5.688564,-77.632204,DESPEJADO,COMERCIAL,TRAMO RECTO,PLANA ,CASCAJO/RIPIO,,,,,IMPRUDENCIA DEL PEATÓN,OTRO (IMPRUDENCIA DEL PEATÓN),8.0,0,20.0,20.0,2.0,38.0,2,1,1,0,1,0,2
A-2023-07-189,2023-07-31,12:15,CAÍDA DE PASAJERO,1,1,2,CAJAMARCA,HUALGAYOC,HUALGAYOC,RURAL,CARRETERA,NACIONAL,PE-3N,-6.739208,-78.576824,DESPEJADO,RURAL,CURVA,INCLINADA,ASFALTADA,NO,,,SI,IMPRUDENCIA DEL CONDUCTOR,OTRO (IMPRUDENCIA DEL CONDUCTOR),12.0,0,17.666666666666668,17.0,1.0,35.0,1,1,1,1,0,0,3
A-2023-07-115,2023-07-31,13:00,DESPISTE,1,6,1,CUSCO,LA CONVENCION,HUAYOPATA,RURAL,CARRETERA,NACIONAL,PE-28B,-13.132637,-72.313473,DESPEJADO,RURAL,CURVA,INCLINADA,ASFALTADA,,,,,IMPRUDENCIA DEL CONDUCTOR,FATIGA Y/O CANSANCIO,13.0,0,35.0,35.0,35.0,35.0,5,1,1,6,0,0,7
A-2023-07-172,2023-07-31,13:00,DESPISTE,1,4,1,AYACUCHO,HUANTA,UCHURACCAY,URBANA,CARRETERA,NACIONAL,PE-28B,-12.763635174289847,-74.00484499669408,DESPEJADO,RESIDENCIAL,TRAMO RECTO,INCLINADA,ASFALTADA,SI,PREVENTIVA (P),,NO,NEGLIGENCIA DEL CONDUCTOR,CONDUCIR CON FALLAS DE FRENOS,13.0,0,35.666666666666664,37.5,4.0,61.0,4,1,1,4,1,0,6
A-2023-07-165,2023-07-31,15:10,DESPISTE,2,6,0,JUNIN,JAUJA,PARCO,RURAL,CARRETERA,NACIONAL,PE-3S,-11.78372,-75.57095,DESPEJADO,RURAL,CURVA,PLANA ,ASFALTADA,SI,PREVENTIVA (P),,SI,IMPRUDENCIA DEL CONDUCTOR,FATIGA Y/O CANSANCIO,15.0,1,44.333333333333336,38.0,6.0,87.0,2,1,2,6,1,0,9
A-2023-07-87,2023-07-31,17:50,CHOQUE,1,0,2,LA LIBERTAD,TRUJILLO,HUANCHACO,RURAL,AVENIDA,URBANO,NO CORRESPONDE,-8.092430131098,-79.088960963843,DESPEJADO,RURAL,TRAMO RECTO,PLANA ,ASFALTADA,,,,,IMPRUDENCIA DEL CONDUCTOR,OTRO (IMPRUDENCIA DEL CONDUCTOR),17.0,0,66.5,66.5,55.0,78.0,2,2,1,0,1,0,2
A-2023-08-68,2023-08-01,05:30,ATROPELLO FUGA,1,0,0,PUNO,AZANGARO,POTONI,RURAL,CARRETERA,DEPARTAMENTAL,PU-139,-14.453074246843151,-70.09179431992087,DESPEJADO,RURAL,TRAMO RECTO,PLANA ,ASFALTADA,,,,,IMPRUDENCIA DEL CONDUCTOR,OTRO (IMPRUDENCIA DEL CONDUCTOR),5.0,0,31.0,31.0,31.0,31.0,1,0,1,0,0,0,2
A-2023-08-85,2023-08-01,11:10,CHOQUE,1,0,0,LIMA,LIMA,COMAS,URBANA,AVENIDA,URBANO,NO CORRESPONDE,-11.9111118,-77.0456108,DESPEJADO,COMERCIAL,TRAMO RECTO,PLANA ,ASFALTADA,SI,PREVENTIVA (P),,SI,EN PROCESO DE INVESTIGACIÓN,NO CUENTA CON CAUSA ESPECIFICA,11.0,0,55.0,55.0,40.0,70.0,2,2,1,0,0,0,2
A-2023-08-129,2023-08-02,09:30,CHOQUE FUGA,1,0,0,JUNIN,YAULI,MOROCOCHA,RURAL,CARRETERA,NACIONAL,PE-22,-11.5969736,-76.1842489,SOLEADO,RURAL,CURVA,PLANA ,ASFALTADA,SI,PREVENTIVA (P),,SI,IMPRUDENCIA DEL CONDUCTOR,OTRO (IMPRUDENCIA DEL CONDUCTOR),9.0,0,44.5,44.5,32.0,57.0,2,2,1,0,1,0,3
A-2023-08-1,2023-08-02,15:00,DESPISTE,1,0,0,AREQUIPA,AREQUIPA,SOCABAYA,URBANA,CALLE,URBANO,NO CORRESPONDE,-16.455866,-71.514163,DESPEJADO,RURAL,TRAMO RECTO,INCLINADA,CASCAJO/RIPIO,,,,,EN PROCESO DE INVESTIGACIÓN,NO CUENTA CON CAUSA ESPECIFICA,15.0,0,44.0,44.0,44.0,44.0,1,1,1,0,0,0,1
A-2023-08-121,2023-08-02,18:20,CHOQUE,1,2,0,UCAYALI,CORONEL PORTILLO,CALLERIA,URBANA,AVENIDA,URBANO,NO CORRESPONDE,-8.390918,-74.550855,DESPEJADO,COMERCIAL,INTERSECCIÓN,PLANA ,ASFALTADA,NO,,,SI,IMPRUDENCIA DEL CONDUCTOR,EXCESO DE VELOCIDAD,18.0,0,41.666666666666664,52.0,18.0,55.0,3,2,1,2,0,0,3
A-2023-08-146,2023-08-02,23:30,CHOQUE,2,3,2,ICA,NASCA,VISTA ALEGRE,RURAL,CARRETERA,NACIONAL,PE-30A,-14.860932,-74.751047,DESPEJADO,RURAL,CURVA,INCLINADA,ASFALTADA,,,,,IMPRUDENCIA DEL CONDUCTOR,INVASIÓN DE CARRIL,23.0,1,53.666666666666664,48.0,30.0,98.0,4,2,2,3,2,0,6
A-2023-08-155,2023-08-03,05:30,CHOQUE,1,1,2,CAJAMARCA,CHOTA,CHOTA,URBANA,CARRETERA,NACIONAL,PE-3N,-6.55318,-78.670308,DESPEJADO,RESIDENCIAL,TRAMO RECTO,PLANA ,ASFALTADA,,,,,IMPRUDENCIA DEL CONDUCTOR,CONDUCIR EN ESTADO DE EBRIEDAD Y/O DROGADICCIÓN,5.0,0,21.0,21.0,20.0,22.0,2,2,1,1,0,1,2
A-2023-08-139,2023-08-03,12:05,DESPISTE,1,0,1,AYACUCHO,HUAMANGA,TAMBILLO,RURAL,CARRETERA,PROVINCIAL,AY-759,-13.229184,-74.135973,DESPEJADO,RURAL,TRAMO RECTO,PLANA ,AFIRMADO,,,,,IMPRUDENCIA DEL CONDUCTOR,OTRO (IMPRUDENCIA DEL CONDUCTOR),12.0,0,33.0,33.0,33.0,33.0,1,1,1,0,0,0,1
A-2023-08-86,2023-08-04,06:40,CHOQUE,1,0,0,LIMA,LIMA,VILLA EL SALVADOR,URBANA,AVENIDA,URBANO,NO CORRESPONDE,-12.19513605,-76.93483296,DESPEJADO,COMERCIAL,INTERSECCIÓN,INCLINADA,ASFALTADA,,,,,IMPRUDENCIA DEL CONDUCTOR,EXCESO DE VELOCIDAD,6.0,0,36.0,36.0,24.0,48.0,2,2,1,0,1,0,2
A-2023-08-5,2023-08-04,07:00,CHOQUE,1,1,2,ICA,NASCA,EL INGENIO,RURAL,CARRETERA,NACIONAL,PE-1S,-14.783702,-75.026913,DESPEJADO,RURAL,TRAMO RECTO,PLANA ,ASFALTADA,,,,,EN PROCESO DE INVESTIGACIÓN,NO CUENTA CON CAUSA ESPECIFICA,7.0,0,38.666666666666664,37.0,34.0,45.0,2,2,1,1,1,0,3
A-2023-08-11,2023-08-04,22:30,ATROPELLO FUGA,1,0,0,SAN MARTIN,MOYOBAMBA,JEPELACIO,RURAL,CARRETERA,NACIONAL,PE-5N,-6.147372,-76.841338,DESPEJADO,RURAL,CURVA,INCLINADA,ASFALTADA,SI,PREVENTIVA (P),REGULADORA (R),NO,EN PROCESO DE INVESTIGACIÓN,NO CUENTA CON CAUSA ESPECIFICA,22.0,0,26.0,26.0,26.0,26.0,1,0,1,0,0,0,2
A-2023-08-69,2023-08-04,23:45,CHOQUE,1,0,0,PUNO,HUANCANE,TARACO,RURAL,CARRETERA,NACIONAL,PE-34H,-15.288784383648624,-69.94655328716178,DESPEJADO,RURAL,TRAMO RECTO,PLANA ,ASFALTADA,,,,,IMPRUDENCIA DEL CONDUCTOR,INVASIÓN DE CARRIL,23.0,0,49.0,49.0,47.0,51.0,2,2,1,0,1,0,2
A-2023-08-151,2023-08-05,10:00,ATROPELLO,1,0,0,CALLAO,CALLAO,CALLAO,URBANA,AVENIDA,URBANO,NO CORRESPONDE,-12.0556569644965,-77.1219702779311,DESPEJADO,COMERCIAL,TRAMO RECTO,INCLINADA,ASFALTADA,,,,,IMPRUDENCIA DEL PEATÓN,OTRO (IMPRUDENCIA DEL PEATÓN),10.0,0,42.0,42.0,36.0,48.0,2,1,1,0,1,0,2
A-2023-08-24,2023-08-05,10:30,DESPISTE,1,4,1,LA LIBERTAD,TRUJILLO,LAREDO,RURAL,CARRETERA,NACIONAL,PE-10A,-8.0545231,-78.8527548,DESPEJADO,RURAL,TRAMO RECTO,PLANA ,ASFALTADA,,,,,EN PROCESO DE INVESTIGACIÓN,NO CUENTA CON CAUSA ESPECIFICA,10.0,0,19.6,18.0,16.0,26.0,4,1,1,4,1,0,5
A-2023-08-40,2023-08-05,16:50,DESPISTE,3,0,1,CUSCO,ESPINAR,ESPINAR,RURAL,CARRETERA,NACIONAL,PE-3SG,-14.802238,-71.350976,DESPEJADO,RURAL,CURVA,INCLINADA,ASFALTADA,SI,REGULADORA (R),,SI,IMPRUDENCIA DEL CONDUCTOR,FATIGA Y/O CANSANCIO,16.0,2,28.666666666666668,30.0,26.0,30.0,1,1,3,0,0,0,3
A-2023-08-153,2023-08-05,19:00,ATROPELLO,1,0,1,CAJAMARCA,CHOTA,HUAMBOS,RURAL,CARRETERA,NACIONAL,PE-06A,-6.476687197,-78.92510771,DESPEJADO,RURAL,TRAMO RECTO,INCLINADA,ASFALTADA,NO,,,SI,IMPRUDENCIA DEL PEATÓN,CRUCE INDEBIDO POR LA CALZADA,19.0,0,64.5,64.5,62.0,67.0,2,1,1,0,0,0,2
A-2023-08-159,2023-08-05,19:30,DESPISTE,2,1,1,CAJAMARCA,JAEN,SAN JOSE DEL ALTO,RURAL,CARRETERA,SIN CLASIFICAR,SIN CLASIFICAR,-5.379255,-79.103661,DESPEJADO,RURAL,CURVA,INCLINADA,AFIRMADO,,,,,IMPRUDENCIA DEL CONDUCTOR,OTRO (IMPRUDENCIA DEL CONDUCTOR),19.0,1,22.0,20.0,19.0,27.0,2,1,2,1,1,0,3
A-2023-08-25,2023-08-05,20:00,ATROPELLO FUGA,1,0,0,LA LIBERTAD,VIRU,CHAO,RURAL,CARRETERA,NACIONAL,PE-1N,-8.5071648,-78.6881899,DESPEJADO,RURAL,TRAMO RECTO,PLANA ,ASFALTADA,,,,,EN PROCESO DE INVESTIGACIÓN,NO CUENTA CON CAUSA ESPECIFICA,20.0,0,45.0,45.0,45.0,45.0,0,0,1,0,0,0,2
A-2023-08-8,2023-08-05,23:25,CHOQUE,1,3,2,AREQUIPA,ISLAY,MOLLENDO,RURAL,CARRETERA,NACIONAL,PE-1SD,-16.997859,-72.03163,DESPEJADO,RURAL,TRAMO RECTO,PLANA ,ASFALTADA,SI,REGULADORA (R),,NO,EN PROCESO DE INVESTIGACIÓN,NO CUENTA CON CAUSA ESPECIFICA,23.0,0,31.0,31.0,18.0,47.0,4,2,1,3,1,0,5
A-2023-08-36,2023-08-05,23:28,CHOQUE,1,8,3,ICA,CHINCHA,CHINCHA ALTA,URBANA,CARRETERA,NACIONAL,PE-1S,-13.4315352,-76.1342918,DESPEJADO,COMERCIAL,TRAMO RECTO,PLANA ,ASFALTADA,,,,,IMPRUDENCIA DEL CONDUCTOR,INVASIÓN DE CARRIL,23.0,0,40.36363636363637,45.0,23.0,59.0,8,3,1,8,3,0,11