CODIGO_SINIESTRO,FECHA_SINIESTRO,HORA_SINIESTRO,CLASE_SINIESTRO,CANTIDAD_FALLECIDOS,CANTIDAD_LESIONADOS,CANTIDAD_VEHICULOS,DEPARTAMENTO,PROVINCIA,DISTRITO,ZONA,TIPO_VIA,RED_VIAL,COD_CARRETERA,LATITUD,LONGITUD,CONDICION_CLIMATICA,ZONIFICACION,CARACTERISTICAS_VIA,PERFIL_VIA,SUPERFICIE_CALZADA,EXISTE_SENIAL_VERTICAL,CLASIFICACION_SENIAL_VERTICAL_1,CLASIFICACION_SENIAL_VERTICAL_2,EXISTE_SENIAL_HORIZONTAL,CAUSA_FACTOR_PRINCIPAL,CAUSA_ESPECIFICA,HORA,severidad,EDAD_PROMEDIO,EDAD_MEDIANA,EDAD_MIN,EDAD_MAX,TOTAL_MASCULINOS,TOTAL_CONDUCTORES,TOTAL_FALLECIDOS_AGG,TOTAL_LESIONADOS_AGG,TOTAL_LICENCIA,TOTAL_ALCOHOL_POSITIVO,TOTAL_PERSONAS
A-2023-08-37,2023-08-05,23:40,DESPISTE,1,0,1,ICA,CHINCHA,EL CARMEN,RURAL,CARRETERA,PROVINCIAL,IC-519,-13.504739,-76.06495,DESPEJADO,RURAL,TRAMO RECTO,PLANA ,ASFALTADA,,,,,EN PROCESO DE INVESTIGACIÓN,NO CUENTA CON CAUSA ESPECIFICA,23.0,0,21.0,21.0,21.0,21.0,1,1,1,0,0,0,1
A-2023-08-154,2023-08-06,04:30,DESPISTE,1,0,1,CAJAMARCA,CAJAMARCA,LOS BAÑOS DEL INCA,RURAL,CARRETERA,NACIONAL,PE-08B,-7.164963474,-78.47371301,DESPEJADO,RURAL,TRAMO RECTO,PLANA ,ASFALTADA,NO,,,SI,IMPRUDENCIA DEL CONDUCTOR,CONDUCIR EN ESTADO DE EBRIEDAD Y/O DROGADICCIÓN,4.0,0,21.0,21.0,21.0,21.0,1,1,1,0,0,1,1
A-2023-08-71,2023-08-06,09:30,ATROPELLO,1,0,1,PUNO,HUANCANE,HUANCANE,RURAL,CARRETERA,NACIONAL,PE-34H,-15.088072,-69.817338,DESPEJADO,RURAL,TRAMO RECTO,PLANA ,ASFALTADA,,,,,IMPRUDENCIA DEL PEATÓN,CRUCE INDEBIDO POR LA CALZADA,9.0,0,54.0,54.0,28.0,80.0,2,1,1,0,1,0,2
A-2023-08-73,2023-08-06,17:30,ATROPELLO,1,0,0,PUNO,SAN ROMAN,CARACOTO,RURAL,CARRETERA,NACIONAL,PE-3S,-15.6312643,-70.0863127,DESPEJADO,RURAL,TRAMO RECTO,PLANA ,ASFALTADA,,,,,IMPRUDENCIA DEL PEATÓN,CRUCE INDEBIDO POR LA CALZADA,17.0,0,51.5,51.5,39.0,64.0,1,1,1,0,1,0,2
A-2023-08-72,2023-08-06,18:00,ATROPELLO,1,0,0,PUNO,SAN ROMAN,CARACOTO,RURAL,CARRETERA,NACIONAL,PE-3S,-15.547884511412803,-70.10948559423828,DESPEJADO,RURAL,TRAMO RECTO,PLANA ,ASFALTADA,,,,,IMPRUDENCIA DEL PEATÓN,CRUCE INDEBIDO POR LA CALZADA,18.0,0,66.0,66.0,65.0,67.0,2,1,1,0,0,0,2
A-2023-08-89,2023-08-06,20:20,ATROPELLO,1,0,0,LIMA,LIMA,ATE,URBANA,AVENIDA,URBANO,NO CORRESPONDE,-12.05378017,-76.96227819,DESPEJADO,COMERCIAL,INTERSECCIÓN,PLANA ,ASFALTADA,,,,,EN PROCESO DE INVESTIGACIÓN,NO CUENTA CON CAUSA ESPECIFICA,20.0,0,46.5,46.5,23.0,70.0,2,1,1,0,1,0,2
A-2023-08-145,2023-08-06,20:50,ATROPELLO,1,0,0,JUNIN,JAUJA,MUQUI,URBANA,CARRETERA,NACIONAL,PE-3SB,-11.836148815511407,-75.43634530423623,DESPEJADO,RURAL,TRAMO RECTO,PLANA ,ASFALTADA,NO,,,SI,IMPRUDENCIA DEL PEATÓN,ESTADO DE EBRIEDAD Y/O DROGADICCIÓN,20.0,0,53.5,53.5,44.0,63.0,2,1,1,0,1,0,2
A-2023-08-12,2023-08-06,23:10,ATROPELLO,1,0,1,PUNO,PUNO,CHUCUITO,RURAL,CARRETERA,NACIONAL,PE-3S,-15.891885,-69.887601,DESPEJADO,RURAL,TRAMO RECTO,PLANA ,ASFALTADA,,,,,IMPRUDENCIA DEL PEATÓN,CRUCE INDEBIDO POR LA CALZADA,23.0,0,41.0,41.0,24.0,58.0,1,1,1,0,1,0,2
A-2023-08-87,2023-08-07,00:45,ATROPELLO FUGA,1,0,0,LIMA,LIMA,LOS OLIVOS,URBANA,CARRETERA,NACIONAL,PE-1N,-11.938314,-77.071641,DESPEJADO,COMERCIAL,TRAMO RECTO,PLANA ,ASFALTADA,,,,,EN PROCESO DE INVESTIGACIÓN,NO CUENTA CON CAUSA ESPECIFICA,0.0,0,43.0,43.0,43.0,43.0,1,0,1,0,0,0,2
A-2023-08-156,2023-08-07,03:36,DESPISTE,1,1,1,CAJAMARCA,CAJAMARCA,LOS BAÑOS DEL INCA,RURAL,CARRETERA,NACIONAL,PE-08B,-7.16496205,-78.4772802,DESPEJADO,RURAL,TRAMO RECTO,PLANA ,ASFALTADA,NO,,,SI,IMPRUDENCIA DEL CONDUCTOR,CONDUCIR EN ESTADO DE EBRIEDAD Y/O DROGADICCIÓN,3.0,0,22.5,22.5,22.0,23.0,2,1,1,1,0,1,2
A-2023-08-2,2023-08-07,04:00,VOLCADURA,1,0,1,AREQUIPA,AREQUIPA,SACHACA,URBANA,CARRETERA,NACIONAL,PE-34A,-16.405845,-71.588156,DESPEJADO,COMERCIAL,ÓVALO,PLANA ,CONCRETO,,,,,EN PROCESO DE INVESTIGACIÓN,NO CUENTA CON CAUSA ESPECIFICA,4.0,0,20.0,20.0,20.0,20.0,1,1,1,0,0,0,1
A-2023-08-130,2023-08-07,04:10,ATROPELLO,1,0,0,JUNIN,HUANCAYO,PILCOMAYO,RURAL,CARRETERA,NACIONAL,PE-3SB,-12.038147,-75.258643,DESPEJADO,RURAL,TRAMO RECTO,PLANA ,ASFALTADA,SI,REGULADORA (R),,SI,IMPRUDENCIA DEL PEATÓN,CRUCE INDEBIDO POR LA CALZADA,4.0,0,35.0,39.0,26.0,40.0,3,2,1,0,2,1,3
A-2023-08-88,2023-08-07,06:50,ATROPELLO,1,0,0,LIMA,LIMA,LURIN,RURAL,CARRETERA,NACIONAL,PE-1S,-12.254212,-76.924951,DESPEJADO,INDUSTRIAL,TRAMO RECTO,PLANA ,ASFALTADA,,,,,EN PROCESO DE INVESTIGACIÓN,NO CUENTA CON CAUSA ESPECIFICA,6.0,0,30.5,30.5,20.0,41.0,1,1,1,0,1,0,2
A-2023-08-6,2023-08-07,08:30,CHOQUE,1,0,2,ICA,PISCO,TUPAC AMARU INCA,URBANA,CARRETERA,NACIONAL,PE-1S,-13.699091393151258,-76.15195586319028,DESPEJADO,COMERCIAL,TRAMO RECTO,PLANA ,ASFALTADA,,,,,IMPERICIA DEL CONDUCTOR,,8.0,0,36.5,36.5,23.0,50.0,2,2,1,0,2,0,2
A-2023-08-9,2023-08-07,08:40,ATROPELLO,1,0,1,AREQUIPA,AREQUIPA,MIRAFLORES,URBANA,OTRO,URBANO,NO CORRESPONDE,-16.3937258,-71.5209207,DESPEJADO,COMERCIAL,INTERSECCIÓN,INCLINADA,ASFALTADA,,,,,EN PROCESO DE INVESTIGACIÓN,NO CUENTA CON CAUSA ESPECIFICA,8.0,0,55.0,55.0,27.0,83.0,1,1,1,0,0,0,2
A-2023-08-4,2023-08-07,10:30,DESPISTE,6,3,1,AREQUIPA,CAYLLOMA,CHIVAY,RURAL,CARRETERA,DEPARTAMENTAL,AR-109,-15.679615,-71.588158,SOLEADO,RURAL,CURVA,INCLINADA,ASFALTADA,,,,,EN PROCESO DE INVESTIGACIÓN,NO CUENTA CON CAUSA ESPECIFICA,10.0,2,40.77777777777778,40.0,9.0,77.0,2,1,6,3,1,0,9
A-2023-08-74,2023-08-07,15:00,ATROPELLO,1,0,1,PUNO,SAN ROMAN,SAN MIGUEL,RURAL,CARRETERA,NACIONAL,PE-3S,-15.477188065467091,-70.13652292797858,DESPEJADO,RURAL,TRAMO RECTO,PLANA ,ASFALTADA,,,,,IMPRUDENCIA DEL PEATÓN,CRUCE INDEBIDO POR LA CALZADA,15.0,0,42.0,42.0,25.0,59.0,1,1,1,0,0,0,2
A-2023-08-27,2023-08-07,18:30,DESPISTE,2,2,1,CUSCO,LA CONVENCION,HUAYOPATA,RURAL,CARRETERA,NACIONAL,PE-28B,-13.136589,-72.303553,NIEBLA,RURAL,CURVA,INCLINADA,ASFALTADA,SI,PREVENTIVA (P),,SI,IMPRUDENCIA DEL CONDUCTOR,OTRO (IMPRUDENCIA DEL CONDUCTOR),18.0,1,48.0,49.5,34.0,59.0,1,1,2,2,1,0,4
A-2023-08-90,2023-08-07,22:20,VOLCADURA,1,1,0,LIMA,LIMA,LIMA,URBANA,AVENIDA,URBANO,NO CORRESPONDE,-12.06408577,-77.03599514,DESPEJADO,COMERCIAL,CURVA,INCLINADA,ASFALTADA,,,,,EN PROCESO DE INVESTIGACIÓN,NO CUENTA CON CAUSA ESPECIFICA,22.0,0,22.5,22.5,21.0,24.0,1,1,1,1,1,0,2
A-2023-08-157,2023-08-08,02:00,CHOQUE,1,1,2,CAJAMARCA,CHOTA,CHOTA,URBANA,CARRETERA,NACIONAL,PE-3N,-6.568902,-78.652678,DESPEJADO,RURAL,TRAMO RECTO,PLANA ,ASFALTADA,,,,,IMPRUDENCIA DEL CONDUCTOR,OTRO (IMPRUDENCIA DEL CONDUCTOR),2.0,0,29.5,29.5,17.0,42.0,2,2,1,1,1,1,2
A-2023-08-3,2023-08-08,09:00,CHOQUE,3,1,2,AREQUIPA,AREQUIPA,YURA,RURAL,CARRETERA,NACIONAL,PE-34A,-16.089422,-71.599746,DESPEJADO,RESIDENCIAL,CURVA,INCLINADA,ASFALTADA,,,,,EN PROCESO DE INVESTIGACIÓN,NO CUENTA CON CAUSA ESPECIFICA,9.0,2,32.2,34.0,10.0,48.0,2,2,3,1,2,0,5
A-2023-08-13,2023-08-08,19:10,CHOQUE,1,0,2,PUNO,CHUCUITO,DESAGUADERO,RURAL,CARRETERA,NACIONAL,PE-36A,-16.576805909009042,-69.05234449308838,DESPEJADO,RURAL,TRAMO RECTO,PLANA ,ASFALTADA,,,,,IMPRUDENCIA DEL CONDUCTOR,GIRAR IMPRUDENTEMENTE,19.0,0,35.0,35.0,34.0,36.0,2,2,1,0,1,0,2
A-2023-08-10,2023-08-08,20:25,CHOQUE,1,8,3,AREQUIPA,AREQUIPA,LA JOYA,RURAL,CARRETERA,DEPARTAMENTAL,AR-115,-16.542205,-71.710396,DESPEJADO,RURAL,TRAMO RECTO,PLANA ,ASFALTADA,,,,,EN PROCESO DE INVESTIGACIÓN,NO CUENTA CON CAUSA ESPECIFICA,20.0,0,39.0,47.0,14.0,67.0,4,3,1,8,3,0,11
A-2023-08-15,2023-08-09,09:00,DESPISTE,1,1,1,PUNO,CHUCUITO,JULI,RURAL,CARRETERA,NACIONAL,PE-38A,-16.366658,-69.648655,DESPEJADO,RURAL,CURVA,PLANA ,ASFALTADA,,,,,INFRAESTRUCTURA Y ENTORNO VIAL,OBRAS TEMPORALES,9.0,0,42.0,42.0,32.0,52.0,2,1,1,1,1,0,3
A-2023-08-50,2023-08-09,11:00,ATROPELLO FUGA,1,0,0,LA LIBERTAD,TRUJILLO,LA ESPERANZA,URBANA,AVENIDA,URBANO,NO CORRESPONDE,-8.062354,-79.052461,DESPEJADO,RURAL,INTERSECCIÓN,PLANA ,ASFALTADA,,,,,EN PROCESO DE INVESTIGACIÓN,NO CUENTA CON CAUSA ESPECIFICA,11.0,0,,,,,0,0,1,0,0,0,2
A-2023-08-7,2023-08-09,11:00,ATROPELLO,1,0,1,ICA,ICA,ICA,URBANA,CARRETERA,NACIONAL,PE-1S,-14.065311578681898,-75.74055852250488,DESPEJADO,COMERCIAL,TRAMO RECTO,PLANA ,ASFALTADA,,,,,IMPRUDENCIA DEL PEATÓN,CRUCE INDEBIDO POR LA CALZADA,11.0,0,47.5,47.5,28.0,67.0,2,1,1,0,1,0,2
A-2023-08-26,2023-08-09,13:30,DESPISTE,1,0,1,LA LIBERTAD,OTUZCO,SALPO,RURAL,CARRETERA,NACIONAL,PE-10A,-7.992525,-78.672074,DESPEJADO,RURAL,TRAMO RECTO,PLANA ,ASFALTADA,,,,,IMPRUDENCIA DEL CONDUCTOR,OTRO (IMPRUDENCIA DEL CONDUCTOR),13.0,0,46.5,46.5,35.0,58.0,2,1,1,0,1,0,2
A-2023-08-131,2023-08-09,14:05,ATROPELLO,1,0,0,JUNIN,HUANCAYO,EL TAMBO,URBANA,AVENIDA,URBANO,NO CORRESPONDE,-12.06247,-75.226215,DESPEJADO,COMERCIAL,INTERSECCIÓN,PLANA ,ASFALTADA,SI,REGULADORA (R),,SI,IMPRUDENCIA DEL PEATÓN,DESACATO DE SEÑAL DE TRÁNSITO,14.0,0,55.0,55.0,25.0,85.0,1,1,1,0,1,0,2
A-2023-08-91,2023-08-09,16:15,CHOQUE,1,0,0,LIMA,LIMA,LA VICTORIA,URBANA,AVENIDA,URBANO,NO CORRESPONDE,-12.06591763587288,-77.0289471205931,DESPEJADO,COMERCIAL,INTERSECCIÓN,PLANA ,ASFALTADA,NO,,,SI,IMPRUDENCIA DEL CONDUCTOR,OTRO (IMPRUDENCIA DEL CONDUCTOR),16.0,0,58.0,58.0,48.0,68.0,2,2,1,0,1,0,2
A-2023-08-92,2023-08-09,19:10,ATROPELLO,1,0,0,LIMA,LIMA,CARABAYLLO,URBANA,AVENIDA,URBANO,NO CORRESPONDE,-11.88095939,-77.02393787,DESPEJADO,RESIDENCIAL,TRAMO RECTO,PLANA ,ASFALTADA,,,,,EN PROCESO DE INVESTIGACIÓN,NO CUENTA CON CAUSA ESPECIFICA,19.0,0,34.0,34.0,34.0,34.0,2,1,1,0,1,0,2
A-2023-08-82,2023-08-10,07:00,DESPISTE,1,0,0,PIURA,PIURA,PIURA,URBANA,AVENIDA,URBANO,NO CORRESPONDE,-5.149425,-80.661211,DESPEJADO,RURAL,TRAMO RECTO,PLANA ,ASFALTADA,,,,,IMPRUDENCIA DEL CONDUCTOR,EXCESO DE VELOCIDAD,7.0,0,25.0,25.0,25.0,25.0,1,1,1,0,0,1,1
A-2023-08-47,2023-08-10,11:00,DESPISTE,2,1,1,CUSCO,CHUMBIVILCAS,COLQUEMARCA,RURAL,CARRETERA,PROVINCIAL,CU-119B,-14.23558451152011,-72.01376105569636,DESPEJADO,RURAL,CURVA,PLANA ,AFIRMADO,,,,,IMPRUDENCIA DEL CONDUCTOR,EXCESO DE VELOCIDAD,11.0,1,33.666666666666664,35.0,29.0,37.0,3,1,2,1,1,0,3
A-2023-08-158,2023-08-10,13:30,DESPISTE,1,1,1,CAJAMARCA,CAJAMARCA,CAJAMARCA,URBANA,CARRETERA,NACIONAL,PE-3N,-6.948974,-78.587531,DESPEJADO,RESIDENCIAL,CURVA,INCLINADA,ASFALTADA,SI,PREVENTIVA (P),,SI,NEGLIGENCIA DEL CONDUCTOR,CONDUCIR CON FALLAS DE FRENOS,13.0,0,40.5,40.5,40.0,41.0,1,1,1,1,1,0,2
A-2023-08-51,2023-08-10,17:00,ATROPELLO,1,0,1,LA LIBERTAD,TRUJILLO,SALAVERRY,RURAL,CARRETERA,NACIONAL,PE-1N,-8.185764355887535,-78.98288525198979,DESPEJADO,RURAL,TRAMO RECTO,PLANA ,ASFALTADA,,,,,EN PROCESO DE INVESTIGACIÓN,NO CUENTA CON CAUSA ESPECIFICA,17.0,0,48.0,48.0,34.0,62.0,2,1,1,0,1,0,2
A-2023-08-19,2023-08-10,18:30,ATROPELLO FUGA,1,1,1,AREQUIPA,CAYLLOMA,MAJES,RURAL,CARRETERA,SIN CLASIFICAR,SIN CLASIFICAR,-16.32006,-72.226962,DESPEJADO,RURAL,TRAMO RECTO,PLANA ,ASFALTADA,,,,,EN PROCESO DE INVESTIGACIÓN,NO CUENTA CON CAUSA ESPECIFICA,18.0,0,54.0,54.0,53.0,55.0,1,0,1,1,0,0,3
A-2023-08-46,2023-08-10,19:13,ATROPELLO,1,0,0,TUMBES,ZARUMILLA,AGUAS VERDES,URBANA,CARRETERA,NACIONAL,PE-1N,-3.485689527449056,-80.26095216958024,DESPEJADO,RURAL,TRAMO RECTO,PLANA ,ASFALTADA,,,,,IMPRUDENCIA DEL PEATÓN,ESTADO DE EBRIEDAD Y/O DROGADICCIÓN,19.0,0,48.0,48.0,48.0,48.0,1,0,1,0,0,0,2
A-2023-08-34,2023-08-10,19:30,DESPISTE,1,0,1,ANCASH,RECUAY,CATAC,RURAL,CARRETERA,NACIONAL,PE-3N,-9.8028391,-77.434473,DESPEJADO,RURAL,TRAMO RECTO,PLANA ,CONCRETO,,,,,IMPERICIA DEL CONDUCTOR,,19.0,0,60.0,60.0,60.0,60.0,1,1,1,0,1,0,1
A-2023-08-93,2023-08-11,09:25,ATROPELLO,1,0,0,LIMA,LIMA,BREÑA,URBANA,AVENIDA,URBANO,NO CORRESPONDE,-12.06113015,-77.05892623,DESPEJADO,COMERCIAL,INTERSECCIÓN,PLANA ,ASFALTADA,SI,INFORMATIVA (I),,SI,EN PROCESO DE INVESTIGACIÓN,NO CUENTA CON CAUSA ESPECIFICA,9.0,0,75.0,75.0,55.0,95.0,2,1,1,0,1,0,2
A-2023-08-122,2023-08-11,13:00,DESPISTE,2,2,1,HUANCAVELICA,ANGARAES,SECCLLA,RURAL,CARRETERA,NACIONAL,PE-26B,-13.056297002408078,-74.4744832112558,DESPEJADO,RURAL,CURVA,PLANA ,ASFALTADA,,,,,EN PROCESO DE INVESTIGACIÓN,NO CUENTA CON CAUSA ESPECIFICA,13.0,1,48.75,46.0,13.0,90.0,2,1,2,2,0,0,4
A-2023-08-41,2023-08-11,18:41,ATROPELLO,1,1,1,CUSCO,QUISPICANCHI,HUARO,URBANA,CARRETERA,NACIONAL,PE-3S,-13.681952,-71.656624,DESPEJADO,COMERCIAL,TRAMO RECTO,INCLINADA,ASFALTADA,SI,PREVENTIVA (P),,SI,IMPRUDENCIA DEL CONDUCTOR,EXCESO DE VELOCIDAD,18.0,0,38.5,38.5,29.0,48.0,2,1,1,1,0,0,2
A-2023-08-16,2023-08-12,16:07,VOLCADURA,1,0,1,SAN MARTIN,MOYOBAMBA,MOYOBAMBA,RURAL,CARRETERA,NACIONAL,PE-5N,-6.048827,-77.041165,DESPEJADO,RURAL,TRAMO RECTO,PLANA ,ASFALTADA,NO,,,NO,IMPRUDENCIA DEL CONDUCTOR,OTRO (IMPRUDENCIA DEL CONDUCTOR),16.0,0,49.0,49.0,49.0,49.0,1,1,1,0,1,0,1
A-2023-08-123,2023-08-12,19:00,ATROPELLO,1,0,0,HUANCAVELICA,HUANCAVELICA,VILCA,RURAL,CARRETERA,DEPARTAMENTAL,HV-110,-12.512357,-75.196236,DESPEJADO,RURAL,CURVA,INCLINADA,TROCHA,,,,,IMPRUDENCIA DEL PEATÓN,ESTADO DE EBRIEDAD Y/O DROGADICCIÓN,19.0,0,50.0,50.0,50.0,50.0,2,1,1,0,0,0,2
A-2023-08-52,2023-08-12,22:30,DESPISTE,1,0,1,LIMA,HUAURA,HUACHO,RURAL,CARRETERA,NACIONAL,PE-1N,-11.1954,-77.56842,DESPEJADO,RURAL,TRAMO RECTO,PLANA ,ASFALTADA,,,,,IMPRUDENCIA DEL CONDUCTOR,CONDUCIR EN ESTADO DE EBRIEDAD Y/O DROGADICCIÓN,22.0,0,47.0,47.0,47.0,47.0,1,1,1,0,0,0,1
A-2023-08-28,2023-08-12,23:00,CHOQUE,1,0,2,ICA,NASCA,NASCA,URBANA,CARRETERA,NACIONAL,PE-1S,-14.8394228,-74.9423241,DESPEJADO,COMERCIAL,TRAMO RECTO,PLANA ,ASFALTADA,SI,INFORMATIVA (I),,NO,EN PROCESO DE INVESTIGACIÓN,NO CUENTA CON CAUSA ESPECIFICA,23.0,0,38.0,38.0,25.0,51.0,2,2,1,0,1,0,2
A-2023-08-53,2023-08-13,01:00,CHOQUE,1,0,2,LA LIBERTAD,TRUJILLO,HUANCHACO,URBANA,CARRETERA,NACIONAL,PE-1N,-8.0329711,-79.0804674,DESPEJADO,COMERCIAL,TRAMO RECTO,PLANA ,ASFALTADA,,,,,IMPRUDENCIA DEL CONDUCTOR,CONDUCIR EN ESTADO DE EBRIEDAD Y/O DROGADICCIÓN,1.0,0,36.5,36.5,34.0,39.0,2,2,1,0,1,0,2
A-2023-08-14,2023-08-13,02:00,DESPISTE,2,0,1,AREQUIPA,CAYLLOMA,YANQUE,RURAL,CARRETERA,DEPARTAMENTAL,AR-109,-15.6490883,-71.6446263,DESPEJADO,RURAL,CURVA,INCLINADA,ASFALTADA,NO,,,SI,EN PROCESO DE INVESTIGACIÓN,NO CUENTA CON CAUSA ESPECIFICA,2.0,1,45.5,45.5,42.0,49.0,1,1,2,0,1,0,2
A-2023-08-29,2023-08-13,02:00,DESPISTE,3,2,1,AYACUCHO,LUCANAS,OTOCA,RURAL,CARRETERA,DEPARTAMENTAL,AY-112,-14.518665844490448,-74.7519429356811,NUBLADO,RURAL,SINUOSA,PLANA ,TROCHA,,,,,EN PROCESO DE INVESTIGACIÓN,NO CUENTA CON CAUSA ESPECIFICA,2.0,2,44.4,58.0,12.0,63.0,4,1,3,2,0,0,5
A-2023-08-54,2023-08-13,04:40,ATROPELLO FUGA,1,0,0,LA LIBERTAD,PACASMAYO,GUADALUPE,RURAL,CARRETERA,NACIONAL,PE-1N,-7.310491,-79.480824,DESPEJADO,RURAL,TRAMO RECTO,PLANA ,ASFALTADA,,,,,EN PROCESO DE INVESTIGACIÓN,NO CUENTA CON CAUSA ESPECIFICA,4.0,0,64.0,64.0,64.0,64.0,1,0,1,0,0,0,2
A-2023-08-94,2023-08-13,05:00,CHOQUE,1,0,0,LIMA,LIMA,ATE,URBANA,CARRETERA,NACIONAL,PE-22,-12.011613,-76.876304,DESPEJADO,COMERCIAL,TRAMO RECTO,INCLINADA,ASFALTADA,,,,,EN PROCESO DE INVESTIGACIÓN,NO CUENTA CON CAUSA ESPECIFICA,5.0,0,39.5,39.5,32.0,47.0,1,2,1,0,1,0,2
A-2023-08-124,2023-08-13,08:50,ATROPELLO FUGA,1,0,0,HUANCAVELICA,HUANCAVELICA,HUANCAVELICA,URBANA,CARRETERA,NACIONAL,PE-26,-12.785869610041884,-74.9853052101463,SOLEADO,RESIDENCIAL,TRAMO RECTO,PLANA ,CONCRETO,,,,,EN PROCESO DE INVESTIGACIÓN,NO CUENTA CON CAUSA ESPECIFICA,8.0,0,20.0,20.0,20.0,20.0,2,0,1,0,0,0,2
A-2023-08-17,2023-08-13,20:50,ATROPELLO,1,0,1,SAN MARTIN,MOYOBAMBA,MOYOBAMBA,RURAL,CARRETERA,NACIONAL,PE-5N,-6.0456143,-76.9572332,DESPEJADO,RURAL,TRAMO RECTO,PLANA ,ASFALTADA,,,,,IMPRUDENCIA DEL PEATÓN,OTRO (IMPRUDENCIA DEL PEATÓN),20.0,0,51.5,51.5,25.0,78.0,2,1,1,0,1,0,2
A-2023-08-95,2023-08-14,06:00,ATROPELLO,1,0,0,LIMA,LIMA,LA VICTORIA,URBANA,JIRÓN,URBANO,NO CORRESPONDE,-12.06071248,-77.02647054,DESPEJADO,COMERCIAL,TRAMO RECTO,PLANA ,ASFALTADA,,,,,EN PROCESO DE INVESTIGACIÓN,NO CUENTA CON CAUSA ESPECIFICA,6.0,0,49.5,49.5,48.0,51.0,2,1,1,0,1,0,2
A-2023-08-76,2023-08-14,06:30,ATROPELLO FUGA,1,0,0,PUNO,LAMPA,CALAPUJA,RURAL,CARRETERA,NACIONAL,PE-3S,-15.2800847871392,-70.25835701403417,SOLEADO,RURAL,TRAMO RECTO,PLANA ,ASFALTADA,,,,,IMPRUDENCIA DEL CONDUCTOR,OTRO (IMPRUDENCIA DEL CONDUCTOR),6.0,0,55.0,55.0,55.0,55.0,1,0,1,0,0,0,2
A-2023-08-160,2023-08-14,11:10,ATROPELLO FUGA,1,0,1,CAJAMARCA,CAJAMARCA,CAJAMARCA,URBANA,AVENIDA,URBANO,NO CORRESPONDE,-7.171606175,-78.50113794,DESPEJADO,ESCOLAR,TRAMO RECTO,PLANA ,CONCRETO,,,,,EN PROCESO DE INVESTIGACIÓN,NO CUENTA CON CAUSA ESPECIFICA,11.0,0,72.0,72.0,72.0,72.0,0,0,1,0,0,0,2
A-2023-08-132,2023-08-14,12:00,ATROPELLO,2,0,0,JUNIN,HUANCAYO,HUANCAN,URBANA,PASAJE,URBANO,NO CORRESPONDE,-12.104998,-75.189626,DESPEJADO,RURAL,INTERSECCIÓN,PLANA ,TROCHA,,,,,IMPRUDENCIA DEL PEATÓN,OTRO (IMPRUDENCIA DEL PEATÓN),12.0,1,17.333333333333332,22.0,2.0,28.0,2,1,2,0,1,0,3
A-2023-08-96,2023-08-14,23:30,CHOQUE,1,0,0,LIMA,LIMA,VILLA MARIA DEL TRIUNFO,URBANA,AVENIDA,URBANO,NO CORRESPONDE,-12.19676413,-76.93102825,DESPEJADO,RESIDENCIAL,INTERSECCIÓN,INCLINADA,ASFALTADA,,,,,EN PROCESO DE INVESTIGACIÓN,NO CUENTA CON CAUSA ESPECIFICA,23.0,0,42.0,42.0,30.0,54.0,2,2,1,0,1,0,2
A-2023-08-55,2023-08-16,15:30,ATROPELLO,1,0,1,LA LIBERTAD,TRUJILLO,TRUJILLO,URBANA,AVENIDA,URBANO,NO CORRESPONDE,-8.088121750898472,-79.04217512570484,DESPEJADO,COMERCIAL,TRAMO RECTO,PLANA ,ASFALTADA,,,,,EN PROCESO DE INVESTIGACIÓN,NO CUENTA CON CAUSA ESPECIFICA,15.0,0,60.0,60.0,57.0,63.0,2,1,1,0,1,0,2
A-2023-08-97,2023-08-16,15:40,CHOQUE,1,0,0,LIMA,LIMA,EL AGUSTINO,URBANA,CARRETERA,NACIONAL,PE-1N,-12.03279648,-77.00686784,DESPEJADO,COMERCIAL,TRAMO RECTO,PLANA ,ASFALTADA,SI,PREVENTIVA (P),,NO,EN PROCESO DE INVESTIGACIÓN,NO CUENTA CON CAUSA ESPECIFICA,15.0,0,32.0,32.0,31.0,33.0,2,2,1,0,2,0,2
A-2023-08-42,2023-08-17,03:00,ATROPELLO FUGA,1,0,0,CUSCO,ANTA,ANTA,RURAL,CARRETERA,DEPARTAMENTAL,CU-110,-13.453967,-72.172408,DESPEJADO,RURAL,TRAMO RECTO,PLANA ,AFIRMADO,,,,,IMPRUDENCIA DEL PEATÓN,ESTADO DE EBRIEDAD Y/O DROGADICCIÓN,3.0,0,59.0,59.0,59.0,59.0,1,0,1,0,0,0,2
A-2023-08-98,2023-08-17,11:45,ATROPELLO,1,0,0,LIMA,LIMA,CHORRILLOS,URBANA,AVENIDA,URBANO,NO CORRESPONDE,-12.16908081,-77.02416704,DESPEJADO,COMERCIAL,TRAMO RECTO,PLANA ,ASFALTADA,SI,REGULADORA (R),,SI,EN PROCESO DE INVESTIGACIÓN,NO CUENTA CON CAUSA ESPECIFICA,11.0,0,58.5,58.5,56.0,61.0,1,1,1,0,1,0,2
A-2023-08-149,2023-08-17,16:55,CHOQUE,1,1,2,TACNA,TACNA,CORONEL GREGORIO ALBARRACIN LANCHIPA,URBANA,AVENIDA,URBANO,NO CORRESPONDE,-18.063487,-70.244533,DESPEJADO,RESIDENCIAL,TRAMO RECTO,PLANA ,ASFALTADA,,,,,IMPRUDENCIA DEL CONDUCTOR,DESACATO DE SEÑAL DE TRÁNSITO,16.0,0,36.0,35.0,28.0,45.0,3,2,1,1,2,0,3