CODIGO_SINIESTRO,FECHA_SINIESTRO,HORA_SINIESTRO,CLASE_SINIESTRO,CANTIDAD_FALLECIDOS,CANTIDAD_LESIONADOS,CANTIDAD_VEHICULOS,DEPARTAMENTO,PROVINCIA,DISTRITO,ZONA,TIPO_VIA,RED_VIAL,COD_CARRETERA,LATITUD,LONGITUD,CONDICION_CLIMATICA,ZONIFICACION,CARACTERISTICAS_VIA,PERFIL_VIA,SUPERFICIE_CALZADA,EXISTE_SENIAL_VERTICAL,CLASIFICACION_SENIAL_VERTICAL_1,CLASIFICACION_SENIAL_VERTICAL_2,EXISTE_SENIAL_HORIZONTAL,CAUSA_FACTOR_PRINCIPAL,CAUSA_ESPECIFICA,HORA,severidad,EDAD_PROMEDIO,EDAD_MEDIANA,EDAD_MIN,EDAD_MAX,TOTAL_MASCULINOS,TOTAL_CONDUCTORES,TOTAL_FALLECIDOS_AGG,TOTAL_LESIONADOS_AGG,TOTAL_LICENCIA,TOTAL_ALCOHOL_POSITIVO,TOTAL_PERSONAS
A-2023-08-35,2023-08-17,20:00,DESPISTE,1,0,1,ANCASH,ANTONIO RAYMONDI,LLAMELLIN,RURAL,CARRETERA,DEPARTAMENTAL,AN-108,-9.11631795749561,-77.0125629805175,DESPEJADO,RURAL,CURVA,INCLINADA,ASFALTADA,,,,,EN PROCESO DE INVESTIGACIÓN,NO CUENTA CON CAUSA ESPECIFICA,20.0,0,40.0,40.0,40.0,40.0,1,1,1,0,1,0,1
A-2023-08-138,2023-08-18,04:15,CHOQUE,1,0,2,AYACUCHO,HUAMANGA,SOCOS,RURAL,CARRETERA,NACIONAL,PE-3S,-13.2414766332626,-74.2421803968009,DESPEJADO,RURAL,CURVA,INCLINADA,ASFALTADA,SI,REGULADORA (R),,SI,IMPRUDENCIA DEL CONDUCTOR,CONDUCIR EN ESTADO DE EBRIEDAD Y/O DROGADICCIÓN,4.0,0,28.0,28.0,27.0,29.0,2,2,1,0,2,1,2
A-2023-08-118,2023-08-18,06:45,ATROPELLO,1,0,0,CALLAO,CALLAO,CALLAO,URBANA,AVENIDA,URBANO,NO CORRESPONDE,-12.0641523,-77.138997717,DESPEJADO,COMERCIAL,TRAMO RECTO,PLANA ,ASFALTADA,NO,,,SI,IMPRUDENCIA DEL CONDUCTOR,INVASIÓN DE CARRIL,6.0,0,27.0,27.0,2.0,52.0,2,1,1,0,1,0,2
A-2023-08-18,2023-08-18,07:45,CHOQUE,2,1,3,LIMA,HUAURA,HUACHO,RURAL,CARRETERA,NACIONAL,PE-1N,-11.13922,-77.59708,DESPEJADO,RURAL,TRAMO RECTO,INCLINADA,ASFALTADA,,,,,IMPRUDENCIA DEL CONDUCTOR,FATIGA Y/O CANSANCIO,7.0,1,37.2,30.0,27.0,62.0,2,2,2,1,2,0,5
A-2023-08-56,2023-08-18,09:00,ATROPELLO FUGA,1,0,0,LA LIBERTAD,CHEPEN,CHEPEN,RURAL,CARRETERA,NACIONAL,PE-1N,-7.2212559,-79.4367383,DESPEJADO,RURAL,TRAMO RECTO,PLANA ,ASFALTADA,,,,,EN PROCESO DE INVESTIGACIÓN,NO CUENTA CON CAUSA ESPECIFICA,9.0,0,,,,,1,0,1,0,0,0,2
A-2023-08-49,2023-08-18,15:20,CHOQUE,1,1,2,CUSCO,CUSCO,CCORCA,RURAL,CARRETERA,PROVINCIAL,CU-1259,-13.573730458131154,-72.0708120660588,DESPEJADO,RURAL,INTERSECCIÓN,PLANA ,ASFALTADA,,,,,IMPRUDENCIA DEL CONDUCTOR,EXCESO DE VELOCIDAD,15.0,0,14.5,14.5,14.0,15.0,2,2,1,1,0,0,2
A-2023-08-38,2023-08-18,18:30,CHOQUE FUGA,1,2,2,AMAZONAS,UTCUBAMBA,BAGUA GRANDE,RURAL,CARRETERA,NACIONAL,PE-5N,-5.738525,-78.46117,DESPEJADO,RURAL,TRAMO RECTO,PLANA ,ASFALTADA,,,,,EN PROCESO DE INVESTIGACIÓN,NO CUENTA CON CAUSA ESPECIFICA,18.0,0,35.0,38.0,9.0,58.0,1,1,1,2,0,0,4
A-2023-08-30,2023-08-18,20:30,ATROPELLO,1,0,1,ICA,PALPA,PALPA,URBANA,CARRETERA,NACIONAL,PE-1S,-14.531977,-75.190298,DESPEJADO,COMERCIAL,TRAMO RECTO,PLANA ,ASFALTADA,SI,REGULADORA (R),INFORMATIVA (I),SI,EN PROCESO DE INVESTIGACIÓN,NO CUENTA CON CAUSA ESPECIFICA,20.0,0,56.0,56.0,41.0,71.0,2,1,1,0,0,0,2
A-2023-08-127,2023-08-18,21:00,CHOQUE,1,0,2,UCAYALI,CORONEL PORTILLO,YARINACOCHA,URBANA,CARRETERA,DEPARTAMENTAL,UC-103,-8.358456,-74.572729,DESPEJADO,ESCOLAR,INTERSECCIÓN,PLANA ,CONCRETO,SI,PREVENTIVA (P),,SI,IMPRUDENCIA DEL CONDUCTOR,CONDUCIR EN ESTADO DE EBRIEDAD Y/O DROGADICCIÓN,21.0,0,43.0,43.0,37.0,49.0,2,2,1,0,1,0,2
A-2023-08-99,2023-08-18,21:30,DESPISTE,1,0,0,LIMA,LIMA,LURIN,URBANA,AVENIDA,URBANO,NO CORRESPONDE,-12.30408959,-76.84316617,DESPEJADO,RURAL,CURVA,PLANA ,ASFALTADA,,,,,EN PROCESO DE INVESTIGACIÓN,NO CUENTA CON CAUSA ESPECIFICA,21.0,0,35.0,35.0,35.0,35.0,1,1,1,0,0,0,1
A-2023-08-20,2023-08-19,00:03,DESPISTE,1,0,1,SAN MARTIN,MOYOBAMBA,SORITOR,RURAL,CARRETERA,NACIONAL,PE-08B,-6.186515,-77.115986,DESPEJADO,RURAL,TRAMO RECTO,PLANA ,AFIRMADO,,,,,IMPRUDENCIA DEL CONDUCTOR,OTRO (IMPRUDENCIA DEL CONDUCTOR),0.0,0,44.0,44.0,44.0,44.0,1,1,1,0,0,0,1
A-2023-08-31,2023-08-19,02:30,DESPISTE,13,5,1,HUANCAVELICA,HUAYTARA,HUAYTARA,RURAL,CARRETERA,NACIONAL,PE-28A,-13.607447,-75.322182,DESPEJADO,RURAL,CURVA,PLANA ,ASFALTADA,SI,REGULADORA (R),,SI,EN PROCESO DE INVESTIGACIÓN,NO CUENTA CON CAUSA ESPECIFICA,2.0,2,56.166666666666664,58.5,5.0,88.0,8,1,13,5,0,0,19
A-2023-08-80,2023-08-19,05:10,CHOQUE,2,6,2,ICA,CHINCHA,GROCIO PRADO,RURAL,CARRETERA,NACIONAL,PE-1S,-13.386086,-76.202713,DESPEJADO,RURAL,TRAMO RECTO,PLANA ,ASFALTADA,SI,REGULADORA (R),REGULADORA (R),NO,IMPRUDENCIA DEL CONDUCTOR,INVASIÓN DE CARRIL,5.0,1,31.666666666666668,25.0,7.0,66.0,5,2,2,6,1,0,9
A-2023-08-166,2023-08-19,07:00,CHOQUE,1,0,0,LIMA,LIMA,LOS OLIVOS,URBANA,AVENIDA,URBANO,NO CORRESPONDE,-11.98315509838056,-77.07966002674941,DESPEJADO,COMERCIAL,TRAMO RECTO,PLANA ,ASFALTADA,,,,,IMPRUDENCIA DEL CONDUCTOR,EXCESO DE VELOCIDAD,7.0,0,44.5,44.5,21.0,68.0,2,2,1,0,0,0,2
A-2023-08-57,2023-08-19,11:20,CHOQUE,1,6,2,LA LIBERTAD,SANTIAGO DE CHUCO,QUIRUVILCA,RURAL,CARRETERA,NACIONAL,PE-3N,-7.980411,-78.23678,DESPEJADO,RURAL,TRAMO RECTO,PLANA ,ASFALTADA,,,,,EN PROCESO DE INVESTIGACIÓN,NO CUENTA CON CAUSA ESPECIFICA,11.0,0,32.0,29.0,19.0,47.0,5,2,1,6,2,0,9
A-2023-08-161,2023-08-19,12:00,DESPISTE,2,0,1,CAJAMARCA,JAEN,CHONTALI,RURAL,CARRETERA,PROVINCIAL,CA-666,-5.665580413,-79.09165955,DESPEJADO,RURAL,CURVA,PLANA ,AFIRMADO,,,,,IMPRUDENCIA DEL CONDUCTOR,OTRO (IMPRUDENCIA DEL CONDUCTOR),12.0,1,71.5,71.5,71.0,72.0,1,1,2,0,0,0,2
A-2023-08-81,2023-08-19,15:20,ATROPELLO,1,0,0,LORETO,MAYNAS,PUNCHANA,URBANA,CALLE,URBANO,NO CORRESPONDE,-3.720048,-73.23984,SOLEADO,COMERCIAL,TRAMO RECTO,PLANA ,CONCRETO,,,,,EN PROCESO DE INVESTIGACIÓN,NO CUENTA CON CAUSA ESPECIFICA,15.0,0,25.5,25.5,3.0,48.0,1,1,1,0,1,1,2
A-2023-08-32,2023-08-20,14:00,DESPISTE,1,0,1,ICA,ICA,OCUCAJE,RURAL,CARRETERA,SIN CLASIFICAR,SIN CLASIFICAR,-14.352133,-75.703062,DESPEJADO,RURAL,OTRO,INCLINADA,TROCHA,,,,,EN PROCESO DE INVESTIGACIÓN,NO CUENTA CON CAUSA ESPECIFICA,14.0,0,45.0,45.0,31.0,59.0,2,1,1,0,1,0,2
A-2023-08-100,2023-08-20,15:30,ATROPELLO FUGA,1,0,0,LIMA,LIMA,ATE,URBANA,AVENIDA,URBANO,NO CORRESPONDE,-12.02564931,-76.90920613,DESPEJADO,ESCOLAR,INTERSECCIÓN,PLANA ,ASFALTADA,,,,,EN PROCESO DE INVESTIGACIÓN,NO CUENTA CON CAUSA ESPECIFICA,15.0,0,78.0,78.0,78.0,78.0,0,0,1,0,0,0,2
A-2023-08-77,2023-08-20,15:30,ATROPELLO FUGA,1,0,0,AMAZONAS,UTCUBAMBA,BAGUA GRANDE,RURAL,CARRETERA,NACIONAL,PE-5N,-5.816503,-78.312683,SOLEADO,RURAL,TRAMO RECTO,PLANA ,ASFALTADA,SI,REGULADORA (R),,SI,EN PROCESO DE INVESTIGACIÓN,NO CUENTA CON CAUSA ESPECIFICA,15.0,0,57.0,57.0,57.0,57.0,1,0,1,0,0,0,2
A-2023-08-167,2023-08-20,17:40,ATROPELLO,1,0,0,LIMA,LIMA,SAN JUAN DE LURIGANCHO,URBANA,AVENIDA,URBANO,NO CORRESPONDE,-12.001226580551332,-77.00844749726086,DESPEJADO,COMERCIAL,TRAMO RECTO,PLANA ,ASFALTADA,NO,,,SI,IMPRUDENCIA DEL CONDUCTOR,EXCESO DE VELOCIDAD,17.0,0,59.5,59.5,36.0,83.0,2,1,1,0,1,0,2
A-2023-08-43,2023-08-20,19:10,ATROPELLO,1,0,1,CUSCO,ANTA,ANTA,URBANA,CARRETERA,NACIONAL,PE-3S,-13.466273,-72.139682,DESPEJADO,COMERCIAL,CURVA,PLANA ,ASFALTADA,SI,PREVENTIVA (P),,SI,NEGLIGENCIA DEL CONDUCTOR,OTRO (NEGLIGENCIA DEL CONDUCTOR),19.0,0,41.0,41.0,29.0,53.0,2,1,1,0,1,0,2
A-2023-08-58,2023-08-20,22:30,ATROPELLO,1,0,1,LA LIBERTAD,VIRU,VIRU,RURAL,CARRETERA,NACIONAL,PE-1N,-8.381431,-78.857272,DESPEJADO,RURAL,TRAMO RECTO,PLANA ,ASFALTADA,,,,,EN PROCESO DE INVESTIGACIÓN,NO CUENTA CON CAUSA ESPECIFICA,22.0,0,39.0,39.0,38.0,40.0,2,1,1,0,1,0,2
A-2023-08-64,2023-08-21,02:20,CHOQUE,3,3,2,SAN MARTIN,MOYOBAMBA,HABANA,RURAL,CARRETERA,NACIONAL,PE-08B,-6.093996,-77.087282,DESPEJADO,RURAL,TRAMO RECTO,PLANA ,ASFALTADA,,,,,IMPRUDENCIA DEL CONDUCTOR,CONDUCIR EN ESTADO DE EBRIEDAD Y/O DROGADICCIÓN,2.0,2,25.0,24.5,19.0,32.0,6,2,3,3,1,0,6
A-2023-08-59,2023-08-21,13:00,ATROPELLO,1,0,1,LA LIBERTAD,TRUJILLO,TRUJILLO,URBANA,CARRETERA,NACIONAL,PE-1N,-8.138208,-79.015506,DESPEJADO,COMERCIAL,TRAMO RECTO,PLANA ,ASFALTADA,,,,,EN PROCESO DE INVESTIGACIÓN,NO CUENTA CON CAUSA ESPECIFICA,13.0,0,45.5,45.5,34.0,57.0,2,1,1,0,1,0,2
A-2023-08-162,2023-08-22,02:40,ATROPELLO,1,0,3,CAJAMARCA,CHOTA,LLAMA,RURAL,CARRETERA,NACIONAL,PE-06A,-6.530502,-79.07664,NUBLADO,RURAL,CURVA,INCLINADA,ASFALTADA,SI,PREVENTIVA (P),,SI,IMPRUDENCIA DEL CONDUCTOR,OTRO (IMPRUDENCIA DEL CONDUCTOR),2.0,0,48.5,48.5,45.0,52.0,2,1,1,0,1,0,4
A-2023-08-101,2023-08-22,15:40,ATROPELLO,1,0,0,LIMA,LIMA,CHORRILLOS,URBANA,AVENIDA,URBANO,NO CORRESPONDE,-12.18818487,-76.98271302,DESPEJADO,RESIDENCIAL,CURVA,INCLINADA,ASFALTADA,,,,,EN PROCESO DE INVESTIGACIÓN,NO CUENTA CON CAUSA ESPECIFICA,15.0,0,50.5,50.5,20.0,81.0,2,1,1,0,1,0,2
A-2023-08-102,2023-08-23,06:30,CHOQUE,1,0,0,LIMA,LIMA,CHORRILLOS,URBANA,AVENIDA,URBANO,NO CORRESPONDE,-12.18911486,-77.00724272,DESPEJADO,COMERCIAL,CURVA,PLANA ,ASFALTADA,,,,,EN PROCESO DE INVESTIGACIÓN,NO CUENTA CON CAUSA ESPECIFICA,6.0,0,38.5,38.5,24.0,53.0,2,2,1,0,2,0,2
A-2023-08-39,2023-08-23,17:40,DESPISTE,1,0,1,CUSCO,CANCHIS,SAN PABLO,RURAL,CARRETERA,PROVINCIAL,CU-1416,-14.113432,-71.144355,DESPEJADO,RURAL,TRAMO RECTO,INCLINADA,AFIRMADO,SI,PREVENTIVA (P),,NO,IMPRUDENCIA DEL CONDUCTOR,OTRO (IMPRUDENCIA DEL CONDUCTOR),17.0,0,31.0,31.0,31.0,31.0,1,1,1,0,1,0,1
A-2023-08-125,2023-08-23,18:30,ATROPELLO,1,1,1,HUANCAVELICA,ACOBAMBA,ANDABAMBA,RURAL,CARRETERA,DEPARTAMENTAL,HV-126,-12.690765788423562,-74.6148911327099,DESPEJADO,RURAL,TRAMO RECTO,PLANA ,ASFALTADA,,,,,EN PROCESO DE INVESTIGACIÓN,NO CUENTA CON CAUSA ESPECIFICA,18.0,0,38.5,38.5,27.0,50.0,1,1,1,1,0,0,2
A-2023-08-33,2023-08-23,19:45,CHOQUE,1,1,2,ICA,NASCA,VISTA ALEGRE,URBANA,CARRETERA,NACIONAL,PE-1S,-14.848469,-74.950771,DESPEJADO,COMERCIAL,TRAMO RECTO,PLANA ,ASFALTADA,SI,REGULADORA (R),,SI,IMPRUDENCIA DEL CONDUCTOR,INVASIÓN DE CARRIL,19.0,0,40.0,33.0,30.0,57.0,2,2,1,1,1,0,3
A-2023-08-103,2023-08-24,07:50,ATROPELLO,1,1,0,LIMA,LIMA,COMAS,URBANA,AVENIDA,URBANO,NO CORRESPONDE,-11.939304132426711,-77.05897165967541,DESPEJADO,COMERCIAL,TRAMO RECTO,PLANA ,ASFALTADA,,,,,EN PROCESO DE INVESTIGACIÓN,NO CUENTA CON CAUSA ESPECIFICA,7.0,0,30.5,30.5,25.0,36.0,1,1,1,1,1,0,2
A-2023-08-22,2023-08-24,14:30,CHOQUE,2,0,3,AREQUIPA,CAYLLOMA,YANQUE,RURAL,CARRETERA,DEPARTAMENTAL,AR-109,-15.8351167,-71.4697517,DESPEJADO,RURAL,TRAMO RECTO,PLANA ,ASFALTADA,NO,,,SI,EN PROCESO DE INVESTIGACIÓN,NO CUENTA CON CAUSA ESPECIFICA,14.0,1,58.0,58.5,38.0,77.0,4,3,2,0,2,0,4
A-2023-08-105,2023-08-24,15:00,ATROPELLO,1,0,0,LIMA,LIMA,RIMAC,URBANA,AVENIDA,URBANO,NO CORRESPONDE,-12.02700385,-77.03336397,DESPEJADO,COMERCIAL,INTERSECCIÓN,PLANA ,ASFALTADA,SI,REGULADORA (R),,NO,EN PROCESO DE INVESTIGACIÓN,NO CUENTA CON CAUSA ESPECIFICA,15.0,0,55.5,55.5,55.0,56.0,1,1,1,0,1,0,2
A-2023-08-147,2023-08-24,15:20,CHOQUE FUGA,1,0,1,TACNA,TACNA,TACNA,URBANA,CARRETERA,NACIONAL,PE-1S,-18.085671,-70.303507,DESPEJADO,RURAL,TRAMO RECTO,PLANA ,ASFALTADA,,,,,EN PROCESO DE INVESTIGACIÓN,NO CUENTA CON CAUSA ESPECIFICA,15.0,0,53.0,53.0,53.0,53.0,1,1,1,0,0,0,2
A-2023-08-119,2023-08-24,18:00,CHOQUE,1,1,0,PIURA,PIURA,CATACAOS,RURAL,CARRETERA,NACIONAL,PE-1N,-5.238906,-80.638431,DESPEJADO,RURAL,TRAMO RECTO,PLANA ,ASFALTADA,,,,,IMPRUDENCIA DEL CONDUCTOR,EXCESO DE VELOCIDAD,18.0,0,40.333333333333336,29.0,26.0,66.0,3,2,1,1,2,0,3
A-2023-08-60,2023-08-24,20:30,DESPISTE,1,3,1,LA LIBERTAD,OTUZCO,USQUIL,RURAL,CARRETERA,PROVINCIAL,LI-774,-7.814124697487608,-78.43235380456227,DESPEJADO,RURAL,TRAMO RECTO,PLANA ,AFIRMADO,,,,,EN PROCESO DE INVESTIGACIÓN,NO CUENTA CON CAUSA ESPECIFICA,20.0,0,27.25,25.5,23.0,35.0,4,1,1,3,0,0,4
A-2023-08-104,2023-08-24,23:00,DESPISTE,1,0,0,LIMA,LIMA,PUNTA HERMOSA,URBANA,AVENIDA,URBANO,NO CORRESPONDE,-12.30941225,-76.83738474,DESPEJADO,COMERCIAL,INTERSECCIÓN,PLANA ,ASFALTADA,SI,INFORMATIVA (I),,SI,IMPRUDENCIA DEL CONDUCTOR,OTRO (IMPRUDENCIA DEL CONDUCTOR),23.0,0,31.0,31.0,31.0,31.0,1,0,1,0,0,0,2
A-2023-08-78,2023-08-25,04:30,DESPISTE,1,0,1,AMAZONAS,UTCUBAMBA,JAMALCA,URBANA,CARRETERA,NACIONAL,PE-5N,-5.836981,-78.241441,DESPEJADO,RURAL,PASE A DESNIVEL,INCLINADA,TROCHA,,,,,EN PROCESO DE INVESTIGACIÓN,NO CUENTA CON CAUSA ESPECIFICA,4.0,0,19.0,19.0,1.0,37.0,1,1,1,0,1,0,2
A-2023-08-21,2023-08-25,08:30,ATROPELLO FUGA,1,0,0,PUNO,EL COLLAO,ILAVE,URBANA,CARRETERA,NACIONAL,PE-3S,-16.091553,-69.6397,DESPEJADO,RURAL,TRAMO RECTO,PLANA ,ASFALTADA,,,,,IMPRUDENCIA DEL CONDUCTOR,EXCESO DE VELOCIDAD,8.0,0,72.0,72.0,72.0,72.0,1,0,1,0,0,0,2
A-2023-08-133,2023-08-25,15:10,DESPISTE,2,1,0,JUNIN,JAUJA,PARCO,RURAL,CARRETERA,NACIONAL,PE-3S,-11.802171622235347,-75.52678936622151,DESPEJADO,RURAL,CURVA,PLANA ,ASFALTADA,NO,,,SI,IMPRUDENCIA DEL CONDUCTOR,ADELANTAR INDEBIDAMENTE,15.0,1,43.5,42.0,30.0,60.0,0,2,2,1,1,0,5
A-2023-08-165,2023-08-25,17:22,CHOQUE,1,2,2,CAJAMARCA,SAN IGNACIO,NAMBALLE,URBANA,CARRETERA,NACIONAL,PE-5N,-4.984032,-79.10115,DESPEJADO,RESIDENCIAL,CURVA,INCLINADA,ASFALTADA,SI,PREVENTIVA (P),,SI,IMPRUDENCIA DEL CONDUCTOR,CONDUCIR EN ESTADO DE EBRIEDAD Y/O DROGADICCIÓN,17.0,0,28.333333333333332,29.0,26.0,30.0,3,2,1,2,1,1,3
A-2023-08-134,2023-08-25,18:30,CHOQUE,1,1,0,JUNIN,HUANCAYO,SAN AGUSTIN,RURAL,CARRETERA,NACIONAL,PE-3S,-12.019282726209436,-75.24172418724427,DESPEJADO,RURAL,TRAMO RECTO,PLANA ,ASFALTADA,NO,,,SI,IMPRUDENCIA DEL CONDUCTOR,OTRO (IMPRUDENCIA DEL CONDUCTOR),18.0,0,36.666666666666664,41.0,21.0,48.0,2,2,1,1,2,0,3
A-2023-08-61,2023-08-25,22:15,CHOQUE,2,1,2,LA LIBERTAD,TRUJILLO,SALAVERRY,URBANA,CARRETERA,NACIONAL,PE-1N,-8.233038,-78.943466,DESPEJADO,COMERCIAL,TRAMO RECTO,PLANA ,ASFALTADA,,,,,IMPRUDENCIA DEL CONDUCTOR,OTRO (IMPRUDENCIA DEL CONDUCTOR),22.0,1,33.5,34.5,24.0,41.0,2,2,2,1,1,0,4
A-2023-08-143,2023-08-26,00:42,CHOQUE CON OBJETO FIJO,1,1,1,AYACUCHO,HUAMANGA,AYACUCHO,URBANA,AVENIDA,URBANO,NO CORRESPONDE,-13.14756333131887,-74.22366512852857,DESPEJADO,RESIDENCIAL,TRAMO RECTO,INCLINADA,ASFALTADA,,,,,IMPRUDENCIA DEL CONDUCTOR,CONDUCIR EN ESTADO DE EBRIEDAD Y/O DROGADICCIÓN,0.0,0,20.5,20.5,19.0,22.0,2,1,1,1,1,1,2
A-2023-08-152,2023-08-26,19:30,ATROPELLO,1,0,0,CALLAO,CALLAO,LA PERLA,URBANA,AVENIDA,URBANO,NO CORRESPONDE,-12.0641805125851,-77.1121754695252,DESPEJADO,RESIDENCIAL,TRAMO RECTO,PLANA ,ASFALTADA,SI,REGULADORA (R),,SI,IMPRUDENCIA DEL PEATÓN,CRUCE INDEBIDO POR LA CALZADA,19.0,0,56.5,56.5,52.0,61.0,1,1,1,0,1,0,2
A-2023-08-120,2023-08-27,01:20,DESPISTE,1,0,0,PIURA,PIURA,VEINTISEIS DE OCTUBRE,RURAL,CARRETERA,SIN CLASIFICAR,SIN CLASIFICAR,-5.1817,-80.6927,DESPEJADO,RURAL,TRAMO RECTO,PLANA ,ASFALTADA,,,,,EN PROCESO DE INVESTIGACIÓN,NO CUENTA CON CAUSA ESPECIFICA,1.0,0,30.0,30.0,30.0,30.0,1,1,1,0,0,1,1
A-2023-08-23,2023-08-27,02:00,CHOQUE,1,3,0,AREQUIPA,AREQUIPA,LA JOYA,RURAL,CARRETERA,DEPARTAMENTAL,AR-114,-16.4697919,-71.8444426,DESPEJADO,RURAL,TRAMO RECTO,PLANA ,ASFALTADA,,,,,EN PROCESO DE INVESTIGACIÓN,NO CUENTA CON CAUSA ESPECIFICA,2.0,0,24.75,24.5,21.0,29.0,4,2,1,3,2,1,4
A-2023-08-106,2023-08-27,02:30,CHOQUE,1,3,0,LIMA,LIMA,PUENTE PIEDRA,URBANA,AVENIDA,URBANO,NO CORRESPONDE,-11.85751839,-77.06821782,DESPEJADO,RESIDENCIAL,INTERSECCIÓN,PLANA ,AFIRMADO,,,,,EN PROCESO DE INVESTIGACIÓN,NO CUENTA CON CAUSA ESPECIFICA,2.0,0,31.4,30.0,27.0,41.0,4,2,1,3,2,0,6
A-2023-08-135,2023-08-27,06:40,ATROPELLO FUGA,1,0,0,JUNIN,JAUJA,LEONOR ORDOÑEZ,RURAL,CARRETERA,NACIONAL,PE-3SB,-11.85659295524933,-75.41706556471469,DESPEJADO,RURAL,TRAMO RECTO,PLANA ,ASFALTADA,NO,,,SI,EN PROCESO DE INVESTIGACIÓN,NO CUENTA CON CAUSA ESPECIFICA,6.0,0,46.0,46.0,46.0,46.0,1,0,1,0,0,0,2
A-2023-08-107,2023-08-27,07:46,DESPISTE,1,4,0,LIMA,LIMA,ATE,URBANA,CARRETERA,NACIONAL,PE-22,-12.010752,-76.873678,DESPEJADO,COMERCIAL,CURVA,PLANA ,ASFALTADA,,,,,EN PROCESO DE INVESTIGACIÓN,NO CUENTA CON CAUSA ESPECIFICA,7.0,0,43.333333333333336,53.5,4.0,55.0,4,2,1,4,2,0,6
A-2023-08-140,2023-08-27,15:30,CHOQUE,1,8,2,AYACUCHO,HUAMANGA,ACOCRO,RURAL,CARRETERA,NACIONAL,PE-3S,-13.3992320501638,-73.9600298718296,DESPEJADO,RURAL,CURVA,INCLINADA,ASFALTADA,SI,PREVENTIVA (P),,NO,IMPRUDENCIA DEL CONDUCTOR,INVASIÓN DE CARRIL,15.0,0,42.22222222222222,46.0,9.0,73.0,5,2,1,8,2,0,9
A-2023-08-45,2023-08-27,15:30,CHOQUE,1,0,0,AREQUIPA,CAMANA,QUILCA,RURAL,CARRETERA,NACIONAL,PE-3S,-16.700737,-72.455305,SOLEADO,RURAL,CURVA,INCLINADA,ASFALTADA,,,,,EN PROCESO DE INVESTIGACIÓN,NO CUENTA CON CAUSA ESPECIFICA,15.0,0,42.0,42.0,36.0,48.0,2,2,1,0,1,0,2
A-2023-08-142,2023-08-27,16:27,DESPISTE,1,0,1,AYACUCHO,HUAMANGA,AYACUCHO,URBANA,JIRÓN,URBANO,NO CORRESPONDE,-13.1502901413876,-74.22507578849195,DESPEJADO,RESIDENCIAL,TRAMO RECTO,PLANA ,ASFALTADA,,,,,IMPRUDENCIA DEL CONDUCTOR,CONDUCIR EN ESTADO DE EBRIEDAD Y/O DROGADICCIÓN,16.0,0,22.0,22.0,22.0,22.0,1,1,1,0,0,1,1
A-2023-08-44,2023-08-27,17:20,DESPISTE,1,0,1,ICA,NASCA,CHANGUILLO,RURAL,CARRETERA,PROVINCIAL,IC-782,-14.663484,-75.225382,DESPEJADO,RURAL,SINUOSA,INCLINADA,TROCHA,,,,,EN PROCESO DE INVESTIGACIÓN,NO CUENTA CON CAUSA ESPECIFICA,17.0,0,57.0,57.0,57.0,57.0,1,1,1,0,0,0,1
A-2023-08-108,2023-08-27,17:45,DESPISTE,1,3,0,LIMA,LIMA,ATE,URBANA,AVENIDA,URBANO,NO CORRESPONDE,-12.01482726,-76.83918934,DESPEJADO,RESIDENCIAL,TRAMO RECTO,INCLINADA,ASFALTADA,,,,,EN PROCESO DE INVESTIGACIÓN,NO CUENTA CON CAUSA ESPECIFICA,17.0,0,23.4,28.0,3.0,42.0,2,1,1,3,0,0,5
A-2023-08-141,2023-08-28,07:20,ATROPELLO,1,0,0,PUNO,SAN ROMAN,SAN MIGUEL,URBANA,CARRETERA,NACIONAL,PE-34H,-15.478719,-70.118576,DESPEJADO,COMERCIAL,TRAMO RECTO,PLANA ,ASFALTADA,,,,,IMPRUDENCIA DEL CONDUCTOR,EXCESO DE VELOCIDAD,7.0,0,72.5,72.5,58.0,87.0,2,1,1,0,1,0,2
A-2023-08-163,2023-08-28,07:55,CHOQUE,1,1,2,CAJAMARCA,JAEN,JAEN,URBANA,CARRETERA,NACIONAL,PE-5N,-5.706962,-78.803394,DESPEJADO,COMERCIAL,TRAMO RECTO,PLANA ,CONCRETO,,,,,IMPRUDENCIA DEL CONDUCTOR,ADELANTAR INDEBIDAMENTE,7.0,0,36.666666666666664,32.0,30.0,48.0,2,2,1,1,1,0,3
A-2023-08-110,2023-08-28,08:30,ATROPELLO,1,0,0,LIMA,LIMA,ATE,URBANA,AVENIDA,URBANO,NO CORRESPONDE,-12.06314424,-76.9827365,DESPEJADO,COMERCIAL,INTERSECCIÓN,PLANA ,ASFALTADA,,,,,EN PROCESO DE INVESTIGACIÓN,NO CUENTA CON CAUSA ESPECIFICA,8.0,0,55.5,55.5,31.0,80.0,2,1,1,0,1,0,2
A-2023-08-109,2023-08-28,08:40,ATROPELLO,1,0,0,LIMA,LIMA,SAN MARTIN DE PORRES,URBANA,AVENIDA,URBANO,NO CORRESPONDE,-12.03186558,-77.07592757,DESPEJADO,COMERCIAL,INTERSECCIÓN,PLANA ,ASFALTADA,,,,,EN PROCESO DE INVESTIGACIÓN,NO CUENTA CON CAUSA ESPECIFICA,8.0,0,34.0,34.0,26.0,42.0,2,1,1,0,0,0,2
A-2023-08-128,2023-08-28,13:05,ATROPELLO,1,0,1,UCAYALI,CORONEL PORTILLO,CALLERIA,RURAL,CARRETERA,NACIONAL,PE-18C,-8.396453,-74.597366,DESPEJADO,RURAL,TRAMO RECTO,PLANA ,ASFALTADA,,,,,IMPRUDENCIA DEL PEATÓN,CRUCE INDEBIDO POR LA CALZADA,13.0,0,52.5,52.5,38.0,67.0,2,1,1,0,1,0,2