CODIGO_SINIESTRO,FECHA_SINIESTRO,HORA_SINIESTRO,CLASE_SINIESTRO,CANTIDAD_FALLECIDOS,CANTIDAD_LESIONADOS,CANTIDAD_VEHICULOS,DEPARTAMENTO,PROVINCIA,DISTRITO,ZONA,TIPO_VIA,RED_VIAL,COD_CARRETERA,LATITUD,LONGITUD,CONDICION_CLIMATICA,ZONIFICACION,CARACTERISTICAS_VIA,PERFIL_VIA,SUPERFICIE_CALZADA,EXISTE_SENIAL_VERTICAL,CLASIFICACION_SENIAL_VERTICAL_1,CLASIFICACION_SENIAL_VERTICAL_2,EXISTE_SENIAL_HORIZONTAL,CAUSA_FACTOR_PRINCIPAL,CAUSA_ESPECIFICA,HORA,severidad,EDAD_PROMEDIO,EDAD_MEDIANA,EDAD_MIN,EDAD_MAX,TOTAL_MASCULINOS,TOTAL_CONDUCTORES,TOTAL_FALLECIDOS_AGG,TOTAL_LESIONADOS_AGG,TOTAL_LICENCIA,TOTAL_ALCOHOL_POSITIVO,TOTAL_PERSONAS
A-2023-08-144,2023-08-28,14:30,DESPISTE,1,0,1,AYACUCHO,CANGALLO,PARAS,RURAL,CARRETERA,NACIONAL,PE-28A,-13.35824135835442,-74.85072217671166,NUBLADO,RURAL,TRAMO RECTO,PLANA ,ASFALTADA,SI,PREVENTIVA (P),,NO,IMPRUDENCIA DEL CONDUCTOR,CONDUCIR EN ESTADO DE EBRIEDAD Y/O DROGADICCIÓN,14.0,0,52.0,52.0,52.0,52.0,1,1,1,0,1,1,1
A-2023-08-148,2023-08-28,14:30,CHOQUE,1,1,2,TACNA,TACNA,POCOLLAY,URBANA,CARRETERA,NACIONAL,PE-40,-17.99221,-70.21711,DESPEJADO,RESIDENCIAL,INTERSECCIÓN,INCLINADA,ASFALTADA,,,,,IMPRUDENCIA DEL CONDUCTOR,GIRAR IMPRUDENTEMENTE,14.0,0,39.333333333333336,38.0,34.0,46.0,2,2,1,1,2,0,3
A-2023-08-65,2023-08-28,19:15,CHOQUE,1,1,2,SAN MARTIN,RIOJA,AWAJUN,RURAL,CARRETERA,NACIONAL,PE-5N,-5.797532,-77.408875,DESPEJADO,RURAL,TRAMO RECTO,PLANA ,ASFALTADA,,,,,IMPERICIA DEL CONDUCTOR,,19.0,0,28.666666666666668,27.0,27.0,32.0,2,2,1,1,1,0,3
A-2023-08-111,2023-08-28,20:50,ATROPELLO FUGA,1,0,0,LIMA,LIMA,SAN MARTIN DE PORRES,URBANA,AVENIDA,URBANO,NO CORRESPONDE,-11.98617786,-77.08302674,DESPEJADO,RESIDENCIAL,INTERSECCIÓN,PLANA ,ASFALTADA,,,,,EN PROCESO DE INVESTIGACIÓN,NO CUENTA CON CAUSA ESPECIFICA,20.0,0,40.5,40.5,31.0,50.0,2,1,1,0,1,0,2
A-2023-08-112,2023-08-28,22:30,CHOQUE,1,1,0,LIMA,LIMA,PACHACAMAC,URBANA,AVENIDA,URBANO,NO CORRESPONDE,-12.12320828,-76.87235478,DESPEJADO,ESCOLAR,INTERSECCIÓN,PLANA ,ASFALTADA,,,,,EN PROCESO DE INVESTIGACIÓN,NO CUENTA CON CAUSA ESPECIFICA,22.0,0,49.666666666666664,59.0,31.0,59.0,3,2,1,1,2,0,3
A-2023-08-62,2023-08-29,01:00,CHOQUE,2,6,1,LA LIBERTAD,PACASMAYO,SAN PEDRO DE LLOC,RURAL,CARRETERA,NACIONAL,PE-1N,-7.511729,-79.403963,DESPEJADO,RURAL,TRAMO RECTO,PLANA ,ASFALTADA,,,,,IMPRUDENCIA DEL CONDUCTOR,FATIGA Y/O CANSANCIO,1.0,1,36.44444444444444,34.0,16.0,63.0,3,1,2,6,1,0,10
A-2023-08-150,2023-08-29,06:00,ATROPELLO FUGA,1,0,0,TACNA,TACNA,TACNA,RURAL,CARRETERA,NACIONAL,PE-1S,-18.108951,-70.320398,DESPEJADO,RURAL,TRAMO RECTO,PLANA ,ASFALTADA,,,,,EN PROCESO DE INVESTIGACIÓN,NO CUENTA CON CAUSA ESPECIFICA,6.0,0,85.0,85.0,85.0,85.0,1,0,1,0,0,0,2
A-2023-08-126,2023-08-29,14:20,ATROPELLO,1,0,0,HUANCAVELICA,TAYACAJA,ACOSTAMBO,RURAL,CARRETERA,NACIONAL,PE-3S,-12.375907162588804,-75.0473868606343,DESPEJADO,RURAL,TRAMO RECTO,PLANA ,ASFALTADA,,,,,EN PROCESO DE INVESTIGACIÓN,NO CUENTA CON CAUSA ESPECIFICA,14.0,0,72.0,72.0,66.0,78.0,2,1,1,0,1,0,2
A-2023-08-113,2023-08-29,19:30,ATROPELLO FUGA,1,0,0,LIMA,LIMA,VILLA EL SALVADOR,URBANA,CARRETERA,NACIONAL,PE-1S,-12.19290933,-76.97250582,DESPEJADO,COMERCIAL,CURVA,INCLINADA,ASFALTADA,,,,,EN PROCESO DE INVESTIGACIÓN,NO CUENTA CON CAUSA ESPECIFICA,19.0,0,,,,,1,0,1,0,0,0,2
A-2023-08-136,2023-08-30,11:30,ATROPELLO,1,0,1,TACNA,TACNA,TACNA,URBANA,AVENIDA,URBANO,NO CORRESPONDE,-18.000806,-70.260145,DESPEJADO,COMERCIAL,TRAMO RECTO,PLANA ,ASFALTADA,,,,,IMPRUDENCIA DEL PEATÓN,CRUCE INDEBIDO POR LA CALZADA,11.0,0,52.5,52.5,51.0,54.0,2,1,1,0,1,0,2
A-2023-08-114,2023-08-30,20:07,ATROPELLO,1,0,0,LIMA,LIMA,SAN BORJA,URBANA,AVENIDA,URBANO,NO CORRESPONDE,-12.08751717,-76.99655155,DESPEJADO,COMERCIAL,INTERSECCIÓN,PLANA ,ASFALTADA,,,,,EN PROCESO DE INVESTIGACIÓN,NO CUENTA CON CAUSA ESPECIFICA,20.0,0,47.5,47.5,25.0,70.0,2,1,1,0,1,0,2
A-2023-08-63,2023-08-30,22:30,CHOQUE,1,0,3,LA LIBERTAD,TRUJILLO,MOCHE,URBANA,CARRETERA,NACIONAL,PE-1N,-8.163953,-79.009976,DESPEJADO,RURAL,TRAMO RECTO,PLANA ,ASFALTADA,,,,,EN PROCESO DE INVESTIGACIÓN,NO CUENTA CON CAUSA ESPECIFICA,22.0,0,49.666666666666664,51.0,31.0,67.0,3,3,1,0,2,0,3
A-2023-08-115,2023-08-31,02:30,ATROPELLO,2,1,0,LIMA,LIMA,PUENTE PIEDRA,URBANA,CARRETERA,NACIONAL,PE-1N,-11.866991,-77.072848,DESPEJADO,COMERCIAL,TRAMO RECTO,PLANA ,ASFALTADA,SI,INFORMATIVA (I),,NO,EN PROCESO DE INVESTIGACIÓN,NO CUENTA CON CAUSA ESPECIFICA,2.0,1,28.0,28.0,28.0,28.0,3,1,2,1,1,0,3
A-2023-08-48,2023-08-31,03:00,DESPISTE,1,0,1,CUSCO,PAUCARTAMBO,HUANCARANI,RURAL,CARRETERA,SIN CLASIFICAR,SIN CLASIFICAR,-13.507493,-71.694943,DESPEJADO,RURAL,TRAMO RECTO,PLANA ,TROCHA,,,,,IMPRUDENCIA DEL CONDUCTOR,FATIGA Y/O CANSANCIO,3.0,0,,,,,1,1,1,0,0,0,1
A-2023-08-84,2023-08-31,04:00,VOLCADURA,1,0,0,PUNO,AZANGARO,ASILLO,RURAL,CARRETERA,NACIONAL,PE-34B,-14.7190732,-70.36096,DESPEJADO,RURAL,TRAMO RECTO,PLANA ,ASFALTADA,,,,,IMPRUDENCIA DEL CONDUCTOR,INVASIÓN DE CARRIL,4.0,0,40.0,40.0,40.0,40.0,1,1,1,0,0,0,1
A-2023-08-164,2023-08-31,11:00,DESPISTE,1,5,1,CAJAMARCA,CHOTA,CONCHAN,RURAL,CARRETERA,PROVINCIAL,CA-925,-6.488062,-78.579483,DESPEJADO,RURAL,TRAMO RECTO,INCLINADA,AFIRMADO,,,,,IMPRUDENCIA DEL CONDUCTOR,OTRO (IMPRUDENCIA DEL CONDUCTOR),11.0,0,29.666666666666668,28.5,24.0,39.0,5,1,1,5,1,0,6
A-2023-08-116,2023-08-31,18:30,ATROPELLO FUGA,1,0,0,LIMA,LIMA,COMAS,URBANA,AVENIDA,URBANO,NO CORRESPONDE,-11.9412863,-77.05019059,DESPEJADO,COMERCIAL,TRAMO RECTO,INCLINADA,ASFALTADA,SI,PREVENTIVA (P),,NO,EN PROCESO DE INVESTIGACIÓN,NO CUENTA CON CAUSA ESPECIFICA,18.0,0,75.0,75.0,75.0,75.0,1,0,1,0,0,0,2
A-2023-08-66,2023-08-31,19:10,ATROPELLO,1,0,1,SAN MARTIN,RIOJA,ELIAS SOPLIN VARGAS,URBANA,CARRETERA,NACIONAL,PE-5N,-5.992158,-77.278982,DESPEJADO,COMERCIAL,TRAMO RECTO,PLANA ,ASFALTADA,,,,,IMPRUDENCIA DEL PEATÓN,OTRO (IMPRUDENCIA DEL PEATÓN),19.0,0,59.0,59.0,50.0,68.0,1,1,1,0,1,0,2
A-2023-08-117,2023-08-31,23:20,DESPISTE,1,1,0,LIMA,LIMA,CHACLACAYO,URBANA,CARRETERA,NACIONAL,PE-22,-11.981428,-76.794622,DESPEJADO,COMERCIAL,TRAMO RECTO,INCLINADA,ASFALTADA,,,,,EN PROCESO DE INVESTIGACIÓN,NO CUENTA CON CAUSA ESPECIFICA,23.0,0,37.666666666666664,47.0,7.0,59.0,2,1,1,1,1,0,3
A-2023-09-66,2023-09-01,04:00,ATROPELLO FUGA,1,0,0,PUNO,HUANCANE,PUSI,RURAL,CARRETERA,NACIONAL,PE-34H,-15.357848270133491,-70.05109186182491,DESPEJADO,RURAL,TRAMO RECTO,PLANA ,ASFALTADA,,,,,EN PROCESO DE INVESTIGACIÓN,NO CUENTA CON CAUSA ESPECIFICA,4.0,0,54.0,54.0,54.0,54.0,0,0,1,0,0,0,2
A-2023-09-14,2023-09-01,05:30,ATROPELLO FUGA,1,0,0,AREQUIPA,AREQUIPA,CERRO COLORADO,URBANA,CARRETERA,DEPARTAMENTAL,AR-123,-16.362204,-71.624628,DESPEJADO,RESIDENCIAL,TRAMO RECTO,INCLINADA,ASFALTADA,,,,,EN PROCESO DE INVESTIGACIÓN,NO CUENTA CON CAUSA ESPECIFICA,5.0,0,55.0,55.0,55.0,55.0,0,0,1,0,0,0,2
A-2023-09-150,2023-09-01,13:00,DESPISTE,1,0,1,AYACUCHO,VILCAS HUAMAN,SAURAMA,RURAL,CARRETERA,SIN CLASIFICAR,SIN CLASIFICAR,-13.705622,-73.757363,DESPEJADO,RURAL,SINUOSA,INCLINADA,TROCHA,,,,,IMPRUDENCIA DEL CONDUCTOR,OTRO (IMPRUDENCIA DEL CONDUCTOR),13.0,0,61.0,61.0,61.0,61.0,1,1,1,0,0,1,1
A-2023-09-84,2023-09-02,01:45,DESPISTE,1,0,0,LIMA,LIMA,SAN BORJA,URBANA,AVENIDA,URBANO,NO CORRESPONDE,-12.0884082,-77.00519157,DESPEJADO,COMERCIAL,TRAMO RECTO,PLANA ,ASFALTADA,,,,,EN PROCESO DE INVESTIGACIÓN,NO CUENTA CON CAUSA ESPECIFICA,1.0,0,30.0,30.0,30.0,30.0,1,1,1,0,1,0,1
A-2023-09-151,2023-09-02,04:30,DESPISTE,1,0,1,CAJAMARCA,CAJAMARCA,CAJAMARCA,URBANA,CARRETERA,PROVINCIAL,CA-1107,-7.1456624,-78.4917039,DESPEJADO,RESIDENCIAL,CURVA,PLANA ,ASFALTADA,,,,,IMPRUDENCIA DEL CONDUCTOR,CONDUCIR EN ESTADO DE EBRIEDAD Y/O DROGADICCIÓN,4.0,0,33.0,33.0,33.0,33.0,1,1,1,0,0,1,1
A-2023-09-10,2023-09-02,06:15,CHOQUE,2,0,2,CUSCO,CUSCO,SAN SEBASTIAN,URBANA,CARRETERA,NACIONAL,PE-28G,-13.487310542325693,-71.9180115647935,DESPEJADO,COMERCIAL,TRAMO RECTO,INCLINADA,ASFALTADA,NO,,,SI,IMPRUDENCIA DEL CONDUCTOR,FATIGA Y/O CANSANCIO,6.0,1,43.666666666666664,38.0,36.0,57.0,2,2,2,0,1,0,3
A-2023-09-153,2023-09-02,06:30,DESPISTE,1,1,1,CAJAMARCA,CUTERVO,QUEROCOTILLO,RURAL,CARRETERA,PROVINCIAL,CA-826,-6.239888,-79.051608,DESPEJADO,RURAL,CURVA,INCLINADA,AFIRMADO,,,,,IMPERICIA DEL CONDUCTOR,,6.0,0,38.5,38.5,16.0,61.0,1,1,1,1,0,0,2
A-2023-09-21,2023-09-02,08:00,DESPISTE,1,0,0,PUNO,EL COLLAO,CAPAZO,RURAL,CARRETERA,NACIONAL,PE-38,-17.20364587525543,-69.76388548947651,DESPEJADO,RURAL,TRAMO RECTO,PLANA ,ASFALTADA,,,,,IMPRUDENCIA DEL CONDUCTOR,EXCESO DE VELOCIDAD,8.0,0,40.0,40.0,40.0,40.0,2,1,1,0,1,0,2
A-2023-09-64,2023-09-02,18:45,CHOQUE,1,0,0,PUNO,AZANGARO,MUÑANI,RURAL,CARRETERA,DEPARTAMENTAL,PU-111,-14.7467192421496,-69.9384659719067,DESPEJADO,RURAL,TRAMO RECTO,PLANA ,ASFALTADA,,,,,IMPRUDENCIA DEL CONDUCTOR,INVASIÓN DE CARRIL,18.0,0,43.5,43.5,30.0,57.0,2,2,1,0,1,0,2
A-2023-09-8,2023-09-02,19:30,CHOQUE,1,0,0,PUNO,EL COLLAO,ILAVE,RURAL,CARRETERA,NACIONAL,PE-3S,-16.096086,-69.620287,DESPEJADO,RURAL,TRAMO RECTO,PLANA ,ASFALTADA,,,,,IMPRUDENCIA DEL CONDUCTOR,OTRO (IMPRUDENCIA DEL CONDUCTOR),19.0,0,39.5,39.5,24.0,55.0,2,2,1,0,1,0,2
A-2023-09-85,2023-09-02,20:56,ATROPELLO,1,0,0,LIMA,LIMA,CARABAYLLO,URBANA,AVENIDA,URBANO,NO CORRESPONDE,-11.8645445,-77.01586153,DESPEJADO,RESIDENCIAL,INTERSECCIÓN,PLANA ,ASFALTADA,,,,,EN PROCESO DE INVESTIGACIÓN,NO CUENTA CON CAUSA ESPECIFICA,20.0,0,42.0,42.0,42.0,42.0,1,1,1,0,1,0,2
A-2023-09-58,2023-09-02,22:48,ATROPELLO,1,0,1,CUSCO,ANTA,ANCAHUASI,RURAL,CARRETERA,NACIONAL,PE-3S,-13.468504,-72.283308,DESPEJADO,RURAL,TRAMO RECTO,PLANA ,ASFALTADA,,,,,IMPRUDENCIA DEL PEATÓN,CRUCE INDEBIDO POR LA CALZADA,22.0,0,29.0,29.0,15.0,43.0,2,1,1,0,1,0,2
A-2023-09-118,2023-09-02,23:00,DESPISTE,1,0,0,PUNO,SAN ANTONIO DE PUTINA,SINA,RURAL,CARRETERA,DEPARTAMENTAL,PU-109,-14.498504,-69.281092,DESPEJADO,RURAL,CURVA,PLANA ,TROCHA,,,,,IMPRUDENCIA DEL CONDUCTOR,FATIGA Y/O CANSANCIO,23.0,0,50.0,50.0,50.0,50.0,1,1,1,0,1,1,1
A-2023-09-15,2023-09-03,08:00,ATROPELLO,1,0,0,AREQUIPA,AREQUIPA,CERRO COLORADO,URBANA,CALLE,URBANO,NO CORRESPONDE,-16.331323,-71.590875,SOLEADO,RESIDENCIAL,TRAMO RECTO,PLANA ,ASFALTADA,NO,,,SI,EN PROCESO DE INVESTIGACIÓN,NO CUENTA CON CAUSA ESPECIFICA,8.0,0,57.0,57.0,31.0,83.0,2,1,1,0,1,0,2
A-2023-09-1,2023-09-03,14:30,CHOQUE FUGA,1,1,1,ANCASH,YUNGAY,MANCOS,RURAL,CARRETERA,NACIONAL,PE-3N,-9.2086436,-77.6912474,DESPEJADO,RURAL,CURVA,PLANA ,ASFALTADA,SI,PREVENTIVA (P),,SI,EN PROCESO DE INVESTIGACIÓN,NO CUENTA CON CAUSA ESPECIFICA,14.0,0,34.0,34.0,32.0,36.0,1,1,1,1,1,0,3
A-2023-09-59,2023-09-03,20:00,DESPISTE,2,0,1,LA LIBERTAD,BOLIVAR,BOLIVAR,RURAL,CARRETERA,SIN CLASIFICAR,SIN CLASIFICAR,-7.160296646886007,-77.69923457189383,DESPEJADO,RURAL,TRAMO RECTO,PLANA ,TROCHA,,,,,EN PROCESO DE INVESTIGACIÓN,NO CUENTA CON CAUSA ESPECIFICA,20.0,1,45.0,45.0,35.0,55.0,2,1,2,0,0,0,2
A-2023-09-90,2023-09-03,21:30,DESPISTE,1,0,1,PIURA,PIURA,CASTILLA,RURAL,CALLE,URBANO,NO CORRESPONDE,-5.193018,-80.6073,DESPEJADO,RURAL,TRAMO RECTO,PLANA ,TROCHA,,,,,IMPRUDENCIA DEL CONDUCTOR,OTRO (IMPRUDENCIA DEL CONDUCTOR),21.0,0,40.0,40.0,40.0,40.0,1,0,1,0,0,1,2
A-2023-09-60,2023-09-03,22:00,CHOQUE,1,0,2,LA LIBERTAD,SANTIAGO DE CHUCO,SANTIAGO DE CHUCO,URBANA,CALLE,URBANO,NO CORRESPONDE,-8.145349,-78.1717949,DESPEJADO,COMERCIAL,TRAMO RECTO,PLANA ,ASFALTADA,,,,,EN PROCESO DE INVESTIGACIÓN,NO CUENTA CON CAUSA ESPECIFICA,22.0,0,36.5,36.5,29.0,44.0,2,2,1,0,1,0,2
A-2023-09-57,2023-09-03,22:30,CHOQUE,1,0,2,LA LIBERTAD,TRUJILLO,VICTOR LARCO HERRERA,URBANA,CARRETERA,NACIONAL,PE-1N,-8.1466663,-79.0302184,DESPEJADO,COMERCIAL,TRAMO RECTO,PLANA ,ASFALTADA,,,,,EN PROCESO DE INVESTIGACIÓN,NO CUENTA CON CAUSA ESPECIFICA,22.0,0,41.5,41.5,35.0,48.0,2,2,1,0,1,0,2
A-2023-09-62,2023-09-04,07:40,ATROPELLO,1,0,0,PUNO,SAN ROMAN,JULIACA,URBANA,AVENIDA,URBANO,NO CORRESPONDE,-15.482187285737623,-70.12115114504586,DESPEJADO,RESIDENCIAL,INTERSECCIÓN,PLANA ,ASFALTADA,,,,,IMPRUDENCIA DEL PEATÓN,CRUCE INDEBIDO POR LA CALZADA,7.0,0,55.5,55.5,34.0,77.0,1,1,1,0,1,0,2
A-2023-09-61,2023-09-04,15:20,ATROPELLO,1,0,1,LA LIBERTAD,SANCHEZ CARRION,HUAMACHUCO,URBANA,PASAJE,URBANO,NO CORRESPONDE,-7.821764251921266,-78.03807443047148,DESPEJADO,RURAL,INTERSECCIÓN,PLANA ,ASFALTADA,,,,,IMPRUDENCIA DEL CONDUCTOR,OTRO (IMPRUDENCIA DEL CONDUCTOR),15.0,0,21.0,21.0,5.0,37.0,2,1,1,0,1,0,2
A-2023-09-2,2023-09-04,20:00,CHOQUE,1,0,2,ICA,NASCA,EL INGENIO,URBANA,CARRETERA,NACIONAL,PE-1S,-14.702352133349349,-75.105315495226,DESPEJADO,RURAL,TRAMO RECTO,PLANA ,ASFALTADA,,,,,EN PROCESO DE INVESTIGACIÓN,NO CUENTA CON CAUSA ESPECIFICA,20.0,0,64.0,64.0,59.0,69.0,2,2,1,0,1,1,2
A-2023-09-91,2023-09-04,20:50,ATROPELLO,1,0,0,PIURA,PIURA,VEINTISEIS DE OCTUBRE,RURAL,CARRETERA,NACIONAL,PE-1N,-5.153668,-80.695158,DESPEJADO,RURAL,TRAMO RECTO,PLANA ,ASFALTADA,,,,,EN PROCESO DE INVESTIGACIÓN,NO CUENTA CON CAUSA ESPECIFICA,20.0,0,32.5,32.5,28.0,37.0,2,1,1,0,1,1,2
A-2023-09-34,2023-09-05,05:00,DESPISTE,1,0,1,APURIMAC,AYMARAES,LUCRE,RURAL,CARRETERA,DEPARTAMENTAL,AP-107,-13.916403,-73.241813,LLUVIOSO,RURAL,CURVA,PLANA ,ASFALTADA,,,,,IMPRUDENCIA DEL CONDUCTOR,EXCESO DE VELOCIDAD,5.0,0,20.0,20.0,20.0,20.0,1,1,1,0,0,0,1
A-2023-09-16,2023-09-05,08:15,ATROPELLO,1,1,0,AREQUIPA,AREQUIPA,PAUCARPATA,URBANA,CALLE,URBANO,NO CORRESPONDE,-16.40645,-71.478831,DESPEJADO,RESIDENCIAL,TRAMO RECTO,PLANA ,ASFALTADA,,,,,EN PROCESO DE INVESTIGACIÓN,NO CUENTA CON CAUSA ESPECIFICA,8.0,0,28.5,28.5,21.0,36.0,2,1,1,1,1,0,2
A-2023-09-152,2023-09-05,11:30,INCENDIO,1,8,1,CAJAMARCA,CELENDIN,CELENDIN,,CARRETERA,PROVINCIAL,CA-1000,-6.875006447,-78.17478259,DESPEJADO,RESIDENCIAL,CURVA,INCLINADA,AFIRMADO,,,,,EN PROCESO DE INVESTIGACIÓN,NO CUENTA CON CAUSA ESPECIFICA,11.0,0,25.88888888888889,26.0,0.0,45.0,6,1,1,8,1,0,9
A-2023-09-92,2023-09-05,19:10,DESPISTE,1,0,0,PIURA,SECHURA,BELLAVISTA DE LA UNION,RURAL,CARRETERA,PROVINCIAL,PI-1040,-5.438252,-80.737267,DESPEJADO,RURAL,TRAMO RECTO,PLANA ,AFIRMADO,,,,,EN PROCESO DE INVESTIGACIÓN,NO CUENTA CON CAUSA ESPECIFICA,19.0,0,38.0,38.0,38.0,38.0,1,1,1,0,1,0,1
A-2023-09-3,2023-09-05,20:30,ATROPELLO FUGA,1,0,0,ICA,ICA,SALAS,URBANA,CARRETERA,NACIONAL,PE-1S,-13.916091380116908,-76.00936130489674,DESPEJADO,COMERCIAL,TRAMO RECTO,PLANA ,ASFALTADA,,,,,EN PROCESO DE INVESTIGACIÓN,NO CUENTA CON CAUSA ESPECIFICA,20.0,0,29.0,29.0,29.0,29.0,1,0,1,0,0,0,2
A-2023-09-154,2023-09-06,05:40,CHOQUE,1,2,1,CAJAMARCA,JAEN,BELLAVISTA,RURAL,CARRETERA,NACIONAL,PE-5N,-5.780258437,-78.70606548,DESPEJADO,RURAL,TRAMO RECTO,INCLINADA,ASFALTADA,SI,PREVENTIVA (P),,SI,IMPRUDENCIA DEL CONDUCTOR,EXCESO DE VELOCIDAD,5.0,0,37.0,30.0,24.0,57.0,2,2,1,2,0,0,3
A-2023-09-63,2023-09-06,17:10,DESPISTE,1,0,1,LA LIBERTAD,ASCOPE,CHOCOPE,RURAL,CARRETERA,DEPARTAMENTAL,LI-102,-7.795505,-79.219141,DESPEJADO,RURAL,TRAMO RECTO,PLANA ,ASFALTADA,,,,,IMPRUDENCIA DEL CONDUCTOR,CONDUCIR EN ESTADO DE EBRIEDAD Y/O DROGADICCIÓN,17.0,0,43.0,43.0,43.0,43.0,1,1,1,0,0,0,1
A-2023-09-17,2023-09-07,12:20,ATROPELLO FUGA,1,0,0,AREQUIPA,AREQUIPA,AREQUIPA,URBANA,AVENIDA,URBANO,NO CORRESPONDE,-16.41013373,-71.5510387,DESPEJADO,INDUSTRIAL,TRAMO RECTO,INCLINADA,ASFALTADA,,,,,EN PROCESO DE INVESTIGACIÓN,NO CUENTA CON CAUSA ESPECIFICA,12.0,0,66.0,66.0,66.0,66.0,2,1,1,0,1,0,2
A-2023-09-106,2023-09-07,16:20,DESPISTE,1,1,0,JUNIN,JAUJA,JULCAN,RURAL,CARRETERA,SIN CLASIFICAR,SIN CLASIFICAR,-11.74488,-75.41777,SOLEADO,RURAL,TRAMO RECTO,INCLINADA,TROCHA,,,,,IMPRUDENCIA DEL CONDUCTOR,OTRO (IMPRUDENCIA DEL CONDUCTOR),16.0,0,48.333333333333336,42.0,40.0,63.0,1,1,1,1,1,0,3
A-2023-09-113,2023-09-08,06:30,ESPECIAL,1,0,0,JUNIN,HUANCAYO,INGENIO,RURAL,CARRETERA,SIN CLASIFICAR,SIN CLASIFICAR,-11.923284,-75.273948,DESPEJADO,RURAL,OTRO,INCLINADA,TROCHA,,,,,IMPRUDENCIA DEL CONDUCTOR,CONDUCIR EN ESTADO DE EBRIEDAD Y/O DROGADICCIÓN,6.0,0,35.0,35.0,35.0,35.0,1,1,1,0,0,0,1
A-2023-09-120,2023-09-08,11:00,CHOQUE,1,0,0,LIMA,LIMA,SAN MARTIN DE PORRES,URBANA,AVENIDA,URBANO,NO CORRESPONDE,-12.03111589,-77.08406933,DESPEJADO,RESIDENCIAL,TRAMO RECTO,PLANA ,ASFALTADA,,,,,EN PROCESO DE INVESTIGACIÓN,NO CUENTA CON CAUSA ESPECIFICA,11.0,0,44.0,44.0,41.0,47.0,2,2,1,0,1,0,2
A-2023-09-105,2023-09-08,14:40,CHOQUE,6,14,0,JUNIN,TARMA,SAN PEDRO DE CAJAS,RURAL,CARRETERA,NACIONAL,PE-3N,-11.295471036196531,-75.9110748227024,DESPEJADO,RURAL,CURVA,INCLINADA,ASFALTADA,,,,,IMPRUDENCIA DEL CONDUCTOR,ADELANTAR INDEBIDAMENTE,14.0,2,41.476190476190474,42.0,4.0,79.0,12,2,6,14,0,0,21
A-2023-09-5,2023-09-08,15:20,ATROPELLO,1,0,1,ICA,NASCA,NASCA,URBANA,CARRETERA,NACIONAL,PE-1S,-14.83116,-74.943432,DESPEJADO,COMERCIAL,TRAMO RECTO,PLANA ,ASFALTADA,,,,,EN PROCESO DE INVESTIGACIÓN,NO CUENTA CON CAUSA ESPECIFICA,15.0,0,54.0,54.0,48.0,60.0,2,1,1,0,0,0,2
A-2023-09-49,2023-09-08,17:00,CHOQUE,1,0,2,CUSCO,URUBAMBA,URUBAMBA,URBANA,CARRETERA,NACIONAL,PE-28B,-13.31145,-72.10592,DESPEJADO,RURAL,TRAMO RECTO,PLANA ,ASFALTADA,SI,PREVENTIVA (P),,SI,IMPRUDENCIA DEL CONDUCTOR,FATIGA Y/O CANSANCIO,17.0,0,55.5,55.5,45.0,66.0,2,2,1,0,1,0,2
A-2023-09-121,2023-09-08,18:00,CHOQUE,1,0,0,LIMA,LIMA,VILLA EL SALVADOR,URBANA,AVENIDA,URBANO,NO CORRESPONDE,-12.21545873,-76.92889863,DESPEJADO,RESIDENCIAL,INTERSECCIÓN,PLANA ,ASFALTADA,,,,,IMPRUDENCIA DEL CONDUCTOR,OTRO (IMPRUDENCIA DEL CONDUCTOR),18.0,0,35.5,35.5,17.0,54.0,2,2,1,0,0,0,2
A-2023-09-122,2023-09-08,23:50,ATROPELLO,1,0,0,LIMA,LIMA,MIRAFLORES,URBANA,AVENIDA,URBANO,NO CORRESPONDE,-12.12627945,-77.01810026,DESPEJADO,COMERCIAL,INTERSECCIÓN,PLANA ,ASFALTADA,NO,,,NO,IMPRUDENCIA DEL PEATÓN,OTRO (IMPRUDENCIA DEL PEATÓN),23.0,0,71.0,71.0,71.0,71.0,2,1,1,0,1,0,2
A-2023-09-31,2023-09-09,02:30,ESPECIAL,1,1,1,CUSCO,URUBAMBA,OLLANTAYTAMBO,RURAL,CARRETERA,PROVINCIAL,CU-917,-13.218509,-72.354399,DESPEJADO,RURAL,CURVA,INCLINADA,TROCHA,,,,,INFRAESTRUCTURA Y ENTORNO VIAL,OTRO (INFRAESTRUCTURA Y ENTORNO VIAL),2.0,0,40.0,40.0,39.0,41.0,2,1,1,1,1,0,2
A-2023-09-22,2023-09-09,03:10,DESPISTE,3,2,0,AREQUIPA,CAYLLOMA,SAN ANTONIO DE CHUCA,RURAL,CARRETERA,NACIONAL,PE-34J,-15.734174,-71.031393,DESPEJADO,RURAL,TRAMO RECTO,PLANA ,ASFALTADA,,,,,EN PROCESO DE INVESTIGACIÓN,NO CUENTA CON CAUSA ESPECIFICA,3.0,2,40.75,40.0,32.0,51.0,3,1,3,2,1,0,5