CODIGO_SINIESTRO,FECHA_SINIESTRO,HORA_SINIESTRO,CLASE_SINIESTRO,CANTIDAD_FALLECIDOS,CANTIDAD_LESIONADOS,CANTIDAD_VEHICULOS,DEPARTAMENTO,PROVINCIA,DISTRITO,ZONA,TIPO_VIA,RED_VIAL,COD_CARRETERA,LATITUD,LONGITUD,CONDICION_CLIMATICA,ZONIFICACION,CARACTERISTICAS_VIA,PERFIL_VIA,SUPERFICIE_CALZADA,EXISTE_SENIAL_VERTICAL,CLASIFICACION_SENIAL_VERTICAL_1,CLASIFICACION_SENIAL_VERTICAL_2,EXISTE_SENIAL_HORIZONTAL,CAUSA_FACTOR_PRINCIPAL,CAUSA_ESPECIFICA,HORA,severidad,EDAD_PROMEDIO,EDAD_MEDIANA,EDAD_MIN,EDAD_MAX,TOTAL_MASCULINOS,TOTAL_CONDUCTORES,TOTAL_FALLECIDOS_AGG,TOTAL_LESIONADOS_AGG,TOTAL_LICENCIA,TOTAL_ALCOHOL_POSITIVO,TOTAL_PERSONAS
A-2023-10-55,2023-10-14,02:00,CHOQUE,2,1,2,CUSCO,ESPINAR,CONDOROMA,RURAL,CARRETERA,NACIONAL,PE-34J,-15.40549552,-71.07847991,DESPEJADO,RURAL,CURVA,PLANA ,ASFALTADA,NO,,,SI,IMPRUDENCIA DEL CONDUCTOR,INVASIÓN DE CARRIL,2.0,1,23.0,28.5,1.0,34.0,2,2,2,1,2,0,4
A-2023-10-11,2023-10-14,04:20,ATROPELLO,1,0,0,CALLAO,CALLAO,CALLAO,URBANA,CARRETERA,NACIONAL,PE-20,-11.9507783,-77.13154311775,DESPEJADO,COMERCIAL,TRAMO RECTO,PLANA ,ASFALTADA,NO,,,SI,IMPRUDENCIA DEL PEATÓN,CRUCE INDEBIDO POR LA CALZADA,4.0,0,65.66666666666667,71.0,53.0,73.0,3,2,1,0,2,0,3
A-2023-10-150,2023-10-14,04:30,ATROPELLO FUGA,1,0,0,PUNO,AZANGARO,AZANGARO,RURAL,CARRETERA,NACIONAL,PE-34B,-14.90198413,-70.20091507,DESPEJADO,RURAL,TRAMO RECTO,PLANA ,CONCRETO,,,,,EN PROCESO DE INVESTIGACIÓN,NO CUENTA CON CAUSA ESPECIFICA,4.0,0,34.0,34.0,34.0,34.0,1,0,1,0,0,0,2
A-2023-10-74,2023-10-14,05:00,ATROPELLO,1,0,0,PIURA,PIURA,CASTILLA,RURAL,CARRETERA,DEPARTAMENTAL,PI-126,-5.1424783,-80.6080116,DESPEJADO,RURAL,TRAMO RECTO,PLANA ,ASFALTADA,,,,,EN PROCESO DE INVESTIGACIÓN,NO CUENTA CON CAUSA ESPECIFICA,5.0,0,54.5,54.5,48.0,61.0,1,1,1,0,0,0,2
A-2023-10-21,2023-10-14,06:00,ATROPELLO,1,0,0,ICA,NASCA,EL INGENIO,URBANA,CARRETERA,DEPARTAMENTAL,IC-113,-14.660909,-75.115472,DESPEJADO,RURAL,TRAMO RECTO,PLANA ,ASFALTADA,SI,REGULADORA (R),PREVENTIVA (P),SI,EN PROCESO DE INVESTIGACIÓN,NO CUENTA CON CAUSA ESPECIFICA,6.0,0,51.0,51.0,32.0,70.0,1,1,1,0,0,0,2
A-2023-10-14,2023-10-14,09:40,DESPISTE,1,0,0,AREQUIPA,AREQUIPA,YURA,RURAL,CARRETERA,PROVINCIAL,AR-706,-16.231648,-71.819151,DESPEJADO,RURAL,CURVA,PLANA ,TROCHA,,,,,EN PROCESO DE INVESTIGACIÓN,NO CUENTA CON CAUSA ESPECIFICA,9.0,0,35.0,35.0,35.0,35.0,1,1,1,0,1,0,1
A-2023-10-22,2023-10-14,11:00,DESPISTE,1,0,1,ICA,ICA,LOS AQUIJES,RURAL,CARRETERA,PROVINCIAL,IC-653,-14.093817095505702,-75.68518220651333,DESPEJADO,RURAL,TRAMO RECTO,PLANA ,ASFALTADA,,,,,EN PROCESO DE INVESTIGACIÓN,NO CUENTA CON CAUSA ESPECIFICA,11.0,0,58.0,58.0,46.0,70.0,2,1,1,0,0,0,2
A-2023-10-18,2023-10-14,13:05,ATROPELLO,1,0,0,PUNO,PUNO,PUNO,RURAL,CARRETERA,DEPARTAMENTAL,PU-122,-15.81854,-70.038923,DESPEJADO,RURAL,TRAMO RECTO,PLANA ,ASFALTADA,,,,,IMPRUDENCIA DEL PEATÓN,CRUCE INDEBIDO POR LA CALZADA,13.0,0,56.0,56.0,34.0,78.0,1,1,1,0,0,0,2
A-2023-10-27,2023-10-14,17:30,ATROPELLO,1,0,1,CUSCO,QUISPICANCHI,OCONGATE,RURAL,CARRETERA,NACIONAL,PE-30C,-13.647913,-71.291826,DESPEJADO,RURAL,CURVA,PLANA ,ASFALTADA,SI,PREVENTIVA (P),,SI,EN PROCESO DE INVESTIGACIÓN,NO CUENTA CON CAUSA ESPECIFICA,17.0,0,22.0,22.0,6.0,38.0,2,1,1,0,0,0,2
A-2023-10-29,2023-10-14,17:50,CHOQUE,1,0,0,AREQUIPA,CAYLLOMA,SAN ANTONIO DE CHUCA,RURAL,CARRETERA,NACIONAL,PE-34A,-15.927939,-71.191227,DESPEJADO,RURAL,TRAMO RECTO,PLANA ,ASFALTADA,SI,REGULADORA (R),,NO,EN PROCESO DE INVESTIGACIÓN,NO CUENTA CON CAUSA ESPECIFICA,17.0,0,31.333333333333332,31.0,25.0,38.0,3,3,1,0,2,0,3
A-2023-10-40,2023-10-15,01:00,CHOQUE,1,0,2,LA LIBERTAD,VIRU,VIRU,RURAL,CARRETERA,NACIONAL,PE-1N,-8.409816,-78.809919,DESPEJADO,RURAL,TRAMO RECTO,PLANA ,ASFALTADA,,,,,EN PROCESO DE INVESTIGACIÓN,NO CUENTA CON CAUSA ESPECIFICA,1.0,0,23.0,23.0,16.0,30.0,2,2,1,0,1,0,2
A-2023-10-165,2023-10-15,04:00,VOLCADURA,1,1,1,CAJAMARCA,CAJAMARCA,CAJAMARCA,URBANA,CARRETERA,NACIONAL,PE-3N,-7.145209,-78.509326,DESPEJADO,INDUSTRIAL,CURVA,PLANA ,CONCRETO,,,,,IMPRUDENCIA DEL CONDUCTOR,CONDUCIR EN ESTADO DE EBRIEDAD Y/O DROGADICCIÓN,4.0,0,31.0,31.0,30.0,32.0,2,1,1,1,1,1,2
A-2023-10-108,2023-10-15,07:50,ATROPELLO,1,1,0,LIMA,LIMA,VILLA MARIA DEL TRIUNFO,URBANA,AVENIDA,URBANO,NO CORRESPONDE,-12.22760672,-76.90909286,DESPEJADO,INDUSTRIAL,TRAMO RECTO,PLANA ,ASFALTADA,,,,,IMPRUDENCIA DEL CONDUCTOR,OTRO (IMPRUDENCIA DEL CONDUCTOR),7.0,0,,,,,0,1,1,1,0,0,3
A-2023-10-109,2023-10-15,11:00,ATROPELLO,1,0,0,LIMA,LIMA,LINCE,URBANA,AVENIDA,URBANO,NO CORRESPONDE,-12.08776286,-77.03198609,DESPEJADO,RESIDENCIAL,INTERSECCIÓN,PLANA ,ASFALTADA,,,,,IMPRUDENCIA DEL CONDUCTOR,OTRO (IMPRUDENCIA DEL CONDUCTOR),11.0,0,87.0,87.0,87.0,87.0,1,1,1,0,1,0,2
A-2023-10-146,2023-10-15,11:38,DESPISTE,1,0,1,PUNO,AZANGARO,SAN ANTON,RURAL,CARRETERA,NACIONAL,PE-34B,-14.41511738,-70.26822084,DESPEJADO,RURAL,TRAMO RECTO,PLANA ,ASFALTADA,,,,,IMPRUDENCIA DEL CONDUCTOR,EXCESO DE VELOCIDAD,11.0,0,22.0,22.0,22.0,22.0,1,1,1,0,1,0,1
A-2023-10-138,2023-10-15,14:30,ATROPELLO,1,0,0,TACNA,TACNA,CORONEL GREGORIO ALBARRACIN LANCHIPA,URBANA,CARRETERA,PROVINCIAL,TA-632,-18.034512,-70.244819,DESPEJADO,RESIDENCIAL,INTERSECCIÓN,PLANA ,ASFALTADA,,,,,IMPRUDENCIA DEL PEATÓN,OTRO (IMPRUDENCIA DEL PEATÓN),14.0,0,18.5,18.5,2.0,35.0,2,1,1,0,1,0,2
A-2023-10-35,2023-10-15,15:00,DESPISTE,1,31,1,CUSCO,QUISPICANCHI,CUSIPATA,RURAL,CARRETERA,PROVINCIAL,CU-1467,-13.877322,-71.452612,SOLEADO,RURAL,TRAMO RECTO,INCLINADA,TROCHA,,,,,IMPRUDENCIA DEL CONDUCTOR,OTRO (IMPRUDENCIA DEL CONDUCTOR),15.0,0,37.0,37.0,36.0,38.0,16,1,1,31,1,0,32
A-2023-10-166,2023-10-15,16:30,ATROPELLO,1,0,1,CAJAMARCA,CAJAMARCA,LLACANORA,RURAL,CARRETERA,PROVINCIAL,CA-1459,-7.217339,-78.432768,DESPEJADO,RURAL,TRAMO RECTO,PLANA ,ASFALTADA,NO,,,SI,IMPRUDENCIA DEL CONDUCTOR,FATIGA Y/O CANSANCIO,16.0,0,19.0,19.0,3.0,35.0,1,1,1,0,0,0,2
A-2023-10-152,2023-10-15,19:30,ATROPELLO,1,0,1,PUNO,SAN ANTONIO DE PUTINA,ANANEA,URBANA,CALLE,URBANO,NO CORRESPONDE,-14.631376200948706,-69.44577367658343,LLUVIOSO,COMERCIAL,INTERSECCIÓN,PLANA ,TROCHA,,,,,IMPRUDENCIA DEL CONDUCTOR,VEHÍCULO MAL ESTACIONADO,19.0,0,28.5,28.5,20.0,37.0,2,1,1,0,1,0,2
A-2023-10-71,2023-10-15,19:45,CHOQUE,1,1,2,LIMA,HUAURA,SAYAN,RURAL,CARRETERA,NACIONAL,PE-18,-11.134274,-77.198307,DESPEJADO,RURAL,TRAMO RECTO,PLANA ,ASFALTADA,SI,PREVENTIVA (P),,NO,IMPRUDENCIA DEL CONDUCTOR,OTRO (IMPRUDENCIA DEL CONDUCTOR),19.0,0,63.333333333333336,74.0,37.0,79.0,2,2,1,1,2,0,3
A-2023-10-8,2023-10-15,19:50,CHOQUE,1,0,0,AREQUIPA,ISLAY,MOLLENDO,RURAL,CARRETERA,NACIONAL,PE-34,-16.730864,-71.947974,SOLEADO,RURAL,TRAMO RECTO,PLANA ,ASFALTADA,NO,,,NO,EN PROCESO DE INVESTIGACIÓN,NO CUENTA CON CAUSA ESPECIFICA,19.0,0,35.5,35.5,30.0,41.0,2,2,1,0,1,0,2
A-2023-10-112,2023-10-15,20:05,CHOQUE,1,0,0,LIMA,LIMA,SANTIAGO DE SURCO,URBANA,AVENIDA,URBANO,NO CORRESPONDE,-12.09859749,-76.97776456,DESPEJADO,RESIDENCIAL,TRAMO RECTO,PLANA ,ASFALTADA,,,,,IMPRUDENCIA DEL CONDUCTOR,OTRO (IMPRUDENCIA DEL CONDUCTOR),20.0,0,37.5,37.5,25.0,50.0,2,2,1,0,2,0,2
A-2023-10-111,2023-10-15,21:45,DESPISTE,1,0,0,LIMA,LIMA,CHACLACAYO,URBANA,AVENIDA,URBANO,NO CORRESPONDE,-11.97987364,-76.77468805,DESPEJADO,RESIDENCIAL,TRAMO RECTO,PLANA ,ASFALTADA,,,,,EN PROCESO DE INVESTIGACIÓN,NO CUENTA CON CAUSA ESPECIFICA,21.0,0,42.0,42.0,42.0,42.0,1,1,1,0,0,0,1
A-2023-10-69,2023-10-16,01:00,ATROPELLO,1,0,0,PIURA,HUANCABAMBA,HUANCABAMBA,RURAL,CARRETERA,NACIONAL,PE-02A,-5.279396,-79.47701,DESPEJADO,RURAL,CURVA,INCLINADA,TROCHA,,,,,EN PROCESO DE INVESTIGACIÓN,NO CUENTA CON CAUSA ESPECIFICA,1.0,0,25.0,25.0,16.0,34.0,2,1,1,0,0,0,2
A-2023-10-113,2023-10-16,10:20,ATROPELLO,1,0,0,LIMA,LIMA,ANCON,RURAL,CARRETERA,NACIONAL,PE-1N,-11.771752,-77.159192,DESPEJADO,RURAL,TRAMO RECTO,PLANA ,ASFALTADA,,,,,EN PROCESO DE INVESTIGACIÓN,NO CUENTA CON CAUSA ESPECIFICA,10.0,0,42.0,42.0,42.0,42.0,2,1,1,0,1,0,2
A-2023-10-114,2023-10-16,12:00,ATROPELLO,1,0,0,LIMA,LIMA,VILLA EL SALVADOR,URBANA,CALLE,URBANO,NO CORRESPONDE,-12.19457061,-76.96104695,DESPEJADO,RESIDENCIAL,TRAMO RECTO,PLANA ,AFIRMADO,,,,,IMPRUDENCIA DEL CONDUCTOR,OTRO (IMPRUDENCIA DEL CONDUCTOR),12.0,0,30.0,30.0,30.0,30.0,1,1,1,0,0,0,2
A-2023-10-20,2023-10-16,20:30,CHOQUE FUGA,1,0,0,PUNO,EL COLLAO,ILAVE,RURAL,CARRETERA,NACIONAL,PE-38A,-16.127999,-69.641889,DESPEJADO,RURAL,TRAMO RECTO,PLANA ,ASFALTADA,,,,,IMPRUDENCIA DEL CONDUCTOR,EXCESO DE VELOCIDAD,20.0,0,60.0,60.0,60.0,60.0,1,1,1,0,0,0,2
A-2023-10-157,2023-10-17,05:30,DESPISTE,1,0,1,CAJAMARCA,CHOTA,TACABAMBA,RURAL,CARRETERA,PROVINCIAL,CA-915,-6.422162,-78.632533,DESPEJADO,COMERCIAL,CURVA,INCLINADA,ASFALTADA,SI,PREVENTIVA (P),,SI,IMPRUDENCIA DEL CONDUCTOR,EXCESO DE VELOCIDAD,5.0,0,31.0,31.0,26.0,36.0,2,1,1,0,1,0,2
A-2023-10-80,2023-10-17,05:30,DESPISTE,1,5,1,LIMA,HUAURA,HUACHO,RURAL,CARRETERA,NACIONAL,PE-1N,-11.33571,-77.46727,DESPEJADO,RURAL,TRAMO RECTO,PLANA ,ASFALTADA,,,,,IMPRUDENCIA DEL CONDUCTOR,FATIGA Y/O CANSANCIO,5.0,0,27.666666666666668,33.5,2.0,45.0,2,1,1,5,1,0,6
A-2023-10-159,2023-10-17,06:30,DESPISTE,1,0,1,CAJAMARCA,CHOTA,CHOROPAMPA,RURAL,CARRETERA,SIN CLASIFICAR,SIN CLASIFICAR,-6.381552,-78.404302,DESPEJADO,RURAL,CURVA,INCLINADA,AFIRMADO,,,,,IMPRUDENCIA DEL CONDUCTOR,OTRO (IMPRUDENCIA DEL CONDUCTOR),6.0,0,16.5,16.5,16.0,17.0,2,1,1,0,0,0,2
A-2023-10-79,2023-10-17,16:40,DESPISTE,1,3,1,LIMA,OYON,OYON,RURAL,CARRETERA,PROVINCIAL,LM-599,-10.508070729406093,-76.74588572107888,NIEBLA,RURAL,CURVA,INCLINADA,AFIRMADO,,,,,IMPRUDENCIA DEL CONDUCTOR,OTRO (IMPRUDENCIA DEL CONDUCTOR),16.0,0,34.8,37.0,21.0,45.0,5,1,1,3,1,0,5
A-2023-10-41,2023-10-17,16:50,ATROPELLO,1,0,1,LA LIBERTAD,ASCOPE,CASA GRANDE,RURAL,CARRETERA,PROVINCIAL,LI-621,-7.658556,-79.243271,DESPEJADO,RURAL,TRAMO RECTO,PLANA ,TROCHA,,,,,IMPRUDENCIA DEL CONDUCTOR,OTRO (IMPRUDENCIA DEL CONDUCTOR),16.0,0,45.0,45.0,45.0,45.0,1,1,1,0,1,0,2
A-2023-10-88,2023-10-17,19:15,ATROPELLO,1,0,0,JUNIN,HUANCAYO,SAN AGUSTIN,URBANA,CARRETERA,NACIONAL,PE-3S,-12.017494,-75.242797,DESPEJADO,COMERCIAL,TRAMO RECTO,PLANA ,ASFALTADA,NO,,,SI,IMPRUDENCIA DEL PEATÓN,CRUCE INDEBIDO POR LA CALZADA,19.0,0,56.0,56.0,44.0,68.0,2,1,1,0,1,0,2
A-2023-10-170,2023-10-17,20:30,ATROPELLO,1,0,1,CAJAMARCA,SAN MIGUEL,UNION AGUA BLANCA,RURAL,CARRETERA,PROVINCIAL,CA-1219,-7.043479,-79.058026,LLUVIOSO,RESIDENCIAL,TRAMO RECTO,PLANA ,AFIRMADO,,,,,IMPRUDENCIA DEL CONDUCTOR,NO DAR PASO PREFERENTE AL PEATÓN,20.0,0,42.5,42.5,21.0,64.0,2,1,1,0,1,0,2
A-2023-10-81,2023-10-17,23:20,DESPISTE,2,7,1,LIMA,HUAURA,HUAURA,RURAL,CARRETERA,NACIONAL,PE-1NE,-11.101413968669668,-77.40114921141894,DESPEJADO,RURAL,TRAMO RECTO,PLANA ,ASFALTADA,,,,,IMPRUDENCIA DEL CONDUCTOR,FATIGA Y/O CANSANCIO,23.0,1,48.4,46.0,36.0,67.0,1,1,2,7,1,0,10
A-2023-10-16,2023-10-18,05:10,CHOQUE,1,1,2,ICA,CHINCHA,GROCIO PRADO,RURAL,CARRETERA,NACIONAL,PE-1S,-13.33906,-76.2317293,DESPEJADO,RURAL,TRAMO RECTO,PLANA ,ASFALTADA,,,,,EN PROCESO DE INVESTIGACIÓN,NO CUENTA CON CAUSA ESPECIFICA,5.0,0,35.666666666666664,29.0,25.0,53.0,3,2,1,1,2,0,3
A-2023-10-23,2023-10-18,06:40,ESPECIAL,1,0,1,ICA,ICA,SUBTANJALLA,RURAL,CALLE,URBANO,NO CORRESPONDE,-14.0193240625753,-75.7503560174169,DESPEJADO,RURAL,TRAMO RECTO,INCLINADA,TROCHA,,,,,IMPRUDENCIA DEL PEATÓN,OTRO (IMPRUDENCIA DEL PEATÓN),6.0,0,52.0,52.0,52.0,52.0,1,0,1,0,0,0,2
A-2023-10-115,2023-10-18,07:40,DESPISTE,1,8,0,LIMA,LIMA,SAN JUAN DE LURIGANCHO,URBANA,AVENIDA,URBANO,NO CORRESPONDE,-11.97214164,-76.99659911,DESPEJADO,COMERCIAL,INTERSECCIÓN,PLANA ,ASFALTADA,,,,,IMPRUDENCIA DEL CONDUCTOR,OTRO (IMPRUDENCIA DEL CONDUCTOR),7.0,0,40.0,40.0,40.0,40.0,6,1,1,8,0,0,10
A-2023-10-148,2023-10-18,09:50,DESPISTE,1,0,1,PUNO,MELGAR,ANTAUTA,RURAL,CARRETERA,SIN CLASIFICAR,SIN CLASIFICAR,-14.260264444840638,-70.41806095649035,NUBLADO,RURAL,TRAMO RECTO,PLANA ,ASFALTADA,,,,,IMPRUDENCIA DEL CONDUCTOR,EXCESO DE VELOCIDAD,9.0,0,51.0,51.0,51.0,51.0,1,1,1,0,0,0,1
A-2023-10-42,2023-10-18,13:00,CHOQUE,1,0,2,LA LIBERTAD,PACASMAYO,GUADALUPE,RURAL,CARRETERA,NACIONAL,PE-1N,-7.323775,-79.4810385,DESPEJADO,RURAL,TRAMO RECTO,PLANA ,ASFALTADA,,,,,EN PROCESO DE INVESTIGACIÓN,NO CUENTA CON CAUSA ESPECIFICA,13.0,0,37.0,37.0,23.0,51.0,2,2,1,0,1,0,2
A-2023-10-43,2023-10-18,19:15,DESPISTE,1,2,1,LA LIBERTAD,SANTIAGO DE CHUCO,QUIRUVILCA,RURAL,CARRETERA,PROVINCIAL,LI-810,-7.997279654339144,-78.31764369228196,DESPEJADO,RURAL,TRAMO RECTO,PLANA ,TROCHA,,,,,EN PROCESO DE INVESTIGACIÓN,NO CUENTA CON CAUSA ESPECIFICA,19.0,0,30.0,28.0,23.0,39.0,3,1,1,2,1,0,3
A-2023-10-116,2023-10-18,19:40,ATROPELLO FUGA,1,0,0,LIMA,LIMA,LA MOLINA,URBANA,CARRETERA,NACIONAL,PE-1S,-12.07414826,-76.97435069,DESPEJADO,RESIDENCIAL,TRAMO RECTO,PLANA ,ASFALTADA,,,,,EN PROCESO DE INVESTIGACIÓN,NO CUENTA CON CAUSA ESPECIFICA,19.0,0,,,,,1,0,1,0,0,0,2
A-2023-10-139,2023-10-18,20:15,CHOQUE,1,0,0,CALLAO,CALLAO,CALLAO,URBANA,AVENIDA,URBANO,NO CORRESPONDE,-11.9823370203939,-77.1177450785481,DESPEJADO,INDUSTRIAL,TRAMO RECTO,PLANA ,TROCHA,,,,,IMPRUDENCIA DEL CONDUCTOR,OTRO (IMPRUDENCIA DEL CONDUCTOR),20.0,0,39.0,39.0,39.0,39.0,1,1,1,0,0,0,2
A-2023-10-133,2023-10-19,05:50,DESPISTE,2,12,1,AYACUCHO,VILCAS HUAMAN,VISCHONGO,RURAL,CARRETERA,SIN CLASIFICAR,SIN CLASIFICAR,-13.569775267636992,-74.0076451725366,DESPEJADO,RURAL,SINUOSA,INCLINADA,AFIRMADO,,,,,INFRAESTRUCTURA Y ENTORNO VIAL,SUPERFICIE DETERIORADA,5.0,1,37.92857142857143,40.5,18.0,54.0,9,1,2,12,0,0,14
A-2023-10-117,2023-10-19,06:00,DESPISTE,1,0,0,LIMA,LIMA,INDEPENDENCIA,URBANA,CARRETERA,NACIONAL,PE-1N,-11.993519,-77.063545,DESPEJADO,COMERCIAL,TRAMO RECTO,PLANA ,ASFALTADA,,,,,EN PROCESO DE INVESTIGACIÓN,NO CUENTA CON CAUSA ESPECIFICA,6.0,0,26.0,26.0,26.0,26.0,1,1,1,0,0,0,1
A-2023-10-158,2023-10-19,07:50,DESPISTE,1,2,1,CAJAMARCA,CAJAMARCA,CAJAMARCA,URBANA,CARRETERA,NACIONAL,PE-3N,-7.103537,-78.549797,DESPEJADO,INDUSTRIAL,CURVA,INCLINADA,ASFALTADA,SI,PREVENTIVA (P),,SI,IMPRUDENCIA DEL CONDUCTOR,EXCESO DE VELOCIDAD,7.0,0,34.0,25.5,17.0,68.0,4,1,1,2,1,0,4
A-2023-10-68,2023-10-19,19:00,CHOQUE,1,1,0,PIURA,MORROPON,LA MATANZA,RURAL,CARRETERA,NACIONAL,PE-1NJ,-5.41045,-80.03939,DESPEJADO,RURAL,TRAMO RECTO,PLANA ,ASFALTADA,,,,,EN PROCESO DE INVESTIGACIÓN,NO CUENTA CON CAUSA ESPECIFICA,19.0,0,37.0,32.0,29.0,50.0,3,2,1,1,2,0,3
A-2023-10-44,2023-10-20,04:30,ATROPELLO,1,0,1,LA LIBERTAD,ASCOPE,CHICAMA,RURAL,CARRETERA,NACIONAL,PE-1N,-7.92058,-79.11048,DESPEJADO,RURAL,TRAMO RECTO,PLANA ,ASFALTADA,,,,,EN PROCESO DE INVESTIGACIÓN,NO CUENTA CON CAUSA ESPECIFICA,4.0,0,25.0,25.0,21.0,29.0,1,1,1,0,1,0,2
A-2023-10-45,2023-10-20,05:00,CHOQUE,1,0,2,LA LIBERTAD,PACASMAYO,SAN PEDRO DE LLOC,RURAL,CARRETERA,NACIONAL,PE-1N,-7.574162,-79.370599,DESPEJADO,RURAL,TRAMO RECTO,PLANA ,ASFALTADA,,,,,IMPRUDENCIA DEL CONDUCTOR,OTRO (IMPRUDENCIA DEL CONDUCTOR),5.0,0,46.0,46.0,34.0,58.0,2,2,1,0,1,0,2
A-2023-10-82,2023-10-20,09:30,DESPISTE,1,5,1,LIMA,HUAURA,HUACHO,RURAL,CARRETERA,NACIONAL,PE-1N,-11.3287,-77.4721,DESPEJADO,RURAL,TRAMO RECTO,PLANA ,ASFALTADA,,,,,IMPRUDENCIA DEL CONDUCTOR,FATIGA Y/O CANSANCIO,9.0,0,34.42857142857143,36.0,1.0,78.0,1,1,1,5,1,0,7
A-2023-10-28,2023-10-20,20:32,CHOQUE,1,0,0,AREQUIPA,AREQUIPA,LA JOYA,RURAL,CARRETERA,PROVINCIAL,AR-798,-16.6878486,-71.8914404,DESPEJADO,RURAL,TRAMO RECTO,PLANA ,ASFALTADA,,,,,EN PROCESO DE INVESTIGACIÓN,NO CUENTA CON CAUSA ESPECIFICA,20.0,0,18.0,18.0,18.0,18.0,1,1,1,0,0,0,2
A-2023-10-168,2023-10-20,23:50,DESPISTE,1,0,1,CAJAMARCA,SAN MARCOS,ICHOCAN,RURAL,CARRETERA,NACIONAL,PE-3N,-7.37952,-78.125574,DESPEJADO,RURAL,TRAMO RECTO,INCLINADA,ASFALTADA,SI,PREVENTIVA (P),,SI,IMPRUDENCIA DEL CONDUCTOR,CONDUCIR EN ESTADO DE EBRIEDAD Y/O DROGADICCIÓN,23.0,0,41.0,41.0,41.0,41.0,1,1,1,0,0,1,1
A-2023-10-47,2023-10-21,10:00,ATROPELLO,1,0,1,LA LIBERTAD,PATAZ,CHILLIA,URBANA,JIRÓN,URBANO,NO CORRESPONDE,-8.124813,-77.51463,DESPEJADO,COMERCIAL,TRAMO RECTO,PLANA ,ASFALTADA,,,,,IMPRUDENCIA DEL PEATÓN,OTRO (IMPRUDENCIA DEL PEATÓN),10.0,0,24.5,24.5,2.0,47.0,1,1,1,0,1,0,2
A-2023-10-50,2023-10-21,13:00,DESPISTE,1,0,1,CUSCO,QUISPICANCHI,LUCRE,RURAL,CARRETERA,NACIONAL,PE-3S,-13.613521496903386,-71.72405856994195,DESPEJADO,RURAL,CURVA,INCLINADA,ASFALTADA,SI,PREVENTIVA (P),,SI,IMPRUDENCIA DEL CONDUCTOR,FATIGA Y/O CANSANCIO,13.0,0,20.0,20.0,20.0,20.0,1,1,1,0,1,0,1
A-2023-10-118,2023-10-21,17:35,VOLCADURA,1,0,0,LIMA,LIMA,COMAS,URBANA,AVENIDA,URBANO,NO CORRESPONDE,-11.94234917,-77.06034459,DESPEJADO,COMERCIAL,INTERSECCIÓN,PLANA ,ASFALTADA,,,,,EN PROCESO DE INVESTIGACIÓN,NO CUENTA CON CAUSA ESPECIFICA,17.0,0,30.0,30.0,30.0,30.0,0,1,1,0,0,0,1
A-2023-10-24,2023-10-21,18:40,CHOQUE,1,4,2,ICA,NASCA,NASCA,URBANA,CARRETERA,NACIONAL,PE-1S,-14.968164,-74.985823,DESPEJADO,RESIDENCIAL,TRAMO RECTO,PLANA ,ASFALTADA,,,,,EN PROCESO DE INVESTIGACIÓN,NO CUENTA CON CAUSA ESPECIFICA,18.0,0,49.0,53.0,34.0,56.0,5,2,1,4,2,0,5
A-2023-10-141,2023-10-21,20:05,ATROPELLO FUGA,1,0,0,PUNO,SAN ROMAN,CARACOTO,RURAL,CARRETERA,NACIONAL,PE-3S,-15.552110584431,-70.1077107742993,DESPEJADO,RURAL,TRAMO RECTO,PLANA ,ASFALTADA,,,,,IMPRUDENCIA DEL CONDUCTOR,OTRO (IMPRUDENCIA DEL CONDUCTOR),20.0,0,54.0,54.0,54.0,54.0,1,0,1,0,0,0,2
A-2023-10-46,2023-10-21,23:00,CHOQUE,1,0,2,LA LIBERTAD,TRUJILLO,TRUJILLO,URBANA,AVENIDA,URBANO,NO CORRESPONDE,-8.092607,-79.018043,DESPEJADO,COMERCIAL,INTERSECCIÓN,PLANA ,ASFALTADA,,,,,IMPRUDENCIA DEL CONDUCTOR,CONDUCIR EN ESTADO DE EBRIEDAD Y/O DROGADICCIÓN,23.0,0,27.333333333333332,25.0,22.0,35.0,2,2,1,0,1,0,3
A-2023-10-119,2023-10-22,02:10,DESPISTE,1,0,0,LIMA,LIMA,SAN MARTIN DE PORRES,URBANA,AVENIDA,URBANO,NO CORRESPONDE,-11.99458396,-77.10969428,DESPEJADO,RESIDENCIAL,INTERSECCIÓN,PLANA ,ASFALTADA,,,,,EN PROCESO DE INVESTIGACIÓN,NO CUENTA CON CAUSA ESPECIFICA,2.0,0,,,,,0,1,1,0,0,0,1
A-2023-10-167,2023-10-22,05:00,DESPISTE,1,1,1,CAJAMARCA,CAJAMARCA,ENCAÑADA,RURAL,CARRETERA,NACIONAL,PE-08B,-7.115858,-78.330569,DESPEJADO,RURAL,CURVA,INCLINADA,ASFALTADA,NO,,,SI,IMPRUDENCIA DEL CONDUCTOR,CONDUCIR EN ESTADO DE EBRIEDAD Y/O DROGADICCIÓN,5.0,0,33.5,33.5,18.0,49.0,2,1,1,1,0,1,2
A-2023-10-120,2023-10-22,05:50,DESPISTE,1,0,0,LIMA,LIMA,PUNTA NEGRA,RURAL,CARRETERA,NACIONAL,PE-1S,-12.349599,-76.807167,DESPEJADO,RURAL,TRAMO RECTO,PLANA ,ASFALTADA,,,,,EN PROCESO DE INVESTIGACIÓN,NO CUENTA CON CAUSA ESPECIFICA,5.0,0,25.0,25.0,25.0,25.0,1,1,1,0,0,0,1