CODIGO_SINIESTRO,FECHA_SINIESTRO,HORA_SINIESTRO,CLASE_SINIESTRO,CANTIDAD_FALLECIDOS,CANTIDAD_LESIONADOS,CANTIDAD_VEHICULOS,DEPARTAMENTO,PROVINCIA,DISTRITO,ZONA,TIPO_VIA,RED_VIAL,COD_CARRETERA,LATITUD,LONGITUD,CONDICION_CLIMATICA,ZONIFICACION,CARACTERISTICAS_VIA,PERFIL_VIA,SUPERFICIE_CALZADA,EXISTE_SENIAL_VERTICAL,CLASIFICACION_SENIAL_VERTICAL_1,CLASIFICACION_SENIAL_VERTICAL_2,EXISTE_SENIAL_HORIZONTAL,CAUSA_FACTOR_PRINCIPAL,CAUSA_ESPECIFICA,HORA,severidad,EDAD_PROMEDIO,EDAD_MEDIANA,EDAD_MIN,EDAD_MAX,TOTAL_MASCULINOS,TOTAL_CONDUCTORES,TOTAL_FALLECIDOS_AGG,TOTAL_LESIONADOS_AGG,TOTAL_LICENCIA,TOTAL_ALCOHOL_POSITIVO,TOTAL_PERSONAS
A-2023-10-169,2023-10-22,07:26,DESPISTE,1,0,1,CAJAMARCA,SAN MARCOS,PEDRO GALVEZ,URBANA,CARRETERA,NACIONAL,PE-3N,-7.324751,-78.170838,DESPEJADO,RESIDENCIAL,TRAMO RECTO,INCLINADA,ASFALTADA,NO,,,SI,IMPRUDENCIA DEL CONDUCTOR,EXCESO DE VELOCIDAD,7.0,0,26.0,26.0,26.0,26.0,1,1,1,0,1,1,1
A-2023-10-161,2023-10-22,07:30,DESPISTE,5,0,1,CAJAMARCA,CONTUMAZA,CHILETE,RURAL,CARRETERA,NACIONAL,PE-1NF,-7.298050298,-78.80646329,DESPEJADO,RURAL,CURVA,INCLINADA,ASFALTADA,SI,PREVENTIVA (P),,SI,IMPRUDENCIA DEL CONDUCTOR,OTRO (IMPRUDENCIA DEL CONDUCTOR),7.0,2,57.4,55.0,48.0,68.0,4,1,5,0,1,0,5
A-2023-10-89,2023-10-22,11:00,CHOQUE CON OBJETO FIJO,1,0,0,JUNIN,JAUJA,RICRAN,RURAL,CARRETERA,DEPARTAMENTAL,JU-103,-11.555447660836156,-75.51647355135484,DESPEJADO,RURAL,TRAMO RECTO,PLANA ,TROCHA,,,,,EN PROCESO DE INVESTIGACIÓN,NO CUENTA CON CAUSA ESPECIFICA,11.0,0,45.0,45.0,45.0,45.0,1,1,1,0,1,0,1
A-2023-10-121,2023-10-22,12:40,CHOQUE,2,0,0,LIMA,LIMA,CHORRILLOS,URBANA,CARRETERA,NACIONAL,PE-1S,-12.209975373625198,-76.97553830208496,DESPEJADO,INDUSTRIAL,TRAMO RECTO,PLANA ,ASFALTADA,,,,,EN PROCESO DE INVESTIGACIÓN,NO CUENTA CON CAUSA ESPECIFICA,12.0,1,40.0,40.0,36.0,44.0,2,4,2,0,2,0,4
A-2023-10-30,2023-10-22,17:40,DESPISTE,1,11,0,AREQUIPA,AREQUIPA,CAYMA,URBANA,CALLE,URBANO,NO CORRESPONDE,-16.2952277,-71.5448658,DESPEJADO,COMERCIAL,TRAMO RECTO,INCLINADA,TROCHA,,,,,EN PROCESO DE INVESTIGACIÓN,NO CUENTA CON CAUSA ESPECIFICA,17.0,0,22.0,19.0,1.0,47.0,5,1,1,11,0,0,13
A-2023-10-134,2023-10-22,19:00,ATROPELLO,1,0,1,AYACUCHO,HUANTA,HUANTA,URBANA,CARRETERA,PROVINCIAL,AY-619,-12.9384113,-74.25021219999999,DESPEJADO,RESIDENCIAL,TRAMO RECTO,INCLINADA,ASFALTADA,SI,PREVENTIVA (P),,NO,IMPRUDENCIA DEL PEATÓN,CRUCE INDEBIDO POR LA CALZADA,19.0,0,53.5,53.5,35.0,72.0,1,1,1,0,1,0,2
A-2023-10-135,2023-10-22,19:00,ATROPELLO FUGA,1,0,2,TACNA,TACNA,LA YARADA LOS PALOS,RURAL,CARRETERA,NACIONAL,PE-1SD,-18.150442,-70.444978,DESPEJADO,RURAL,TRAMO RECTO,PLANA ,ASFALTADA,,,,,IMPRUDENCIA DEL PEATÓN,CRUCE INDEBIDO POR LA CALZADA,19.0,0,50.0,50.0,31.0,69.0,2,1,1,0,1,0,3
A-2023-10-78,2023-10-22,23:00,CHOQUE,1,9,2,ICA,CHINCHA,CHINCHA BAJA,RURAL,CARRETERA,NACIONAL,PE-1S,-13.490222,-76.139538,DESPEJADO,RURAL,TRAMO RECTO,PLANA ,ASFALTADA,,,,,EN PROCESO DE INVESTIGACIÓN,NO CUENTA CON CAUSA ESPECIFICA,23.0,0,31.5,31.5,4.0,57.0,7,2,1,9,2,0,10
A-2023-10-52,2023-10-23,01:50,CHOQUE CON OBJETO FIJO,1,0,1,PUNO,YUNGUYO,YUNGUYO,URBANA,CARRETERA,PROVINCIAL,PU-1309,-16.241691,-69.092277,DESPEJADO,COMERCIAL,TRAMO RECTO,PLANA ,ASFALTADA,,,,,INFRAESTRUCTURA Y ENTORNO VIAL,OBRAS TEMPORALES,1.0,0,26.0,26.0,26.0,26.0,1,1,1,0,0,0,1
A-2023-10-137,2023-10-23,04:10,CHOQUE CON OBJETO FIJO,1,0,1,TACNA,TACNA,TACNA,URBANA,AVENIDA,URBANO,NO CORRESPONDE,-18.0102861,-70.24608055555555,DESPEJADO,COMERCIAL,TRAMO RECTO,PLANA ,ASFALTADA,,,,,IMPRUDENCIA DEL CONDUCTOR,CONDUCIR EN ESTADO DE EBRIEDAD Y/O DROGADICCIÓN,4.0,0,43.0,43.0,43.0,43.0,1,1,1,0,1,0,1
A-2023-10-124,2023-10-23,07:00,CHOQUE,1,0,0,LIMA,LIMA,LURIN,RURAL,CARRETERA,NACIONAL,PE-1S,-12.27658158,-76.88905695,DESPEJADO,RURAL,TRAMO RECTO,PLANA ,ASFALTADA,,,,,EN PROCESO DE INVESTIGACIÓN,NO CUENTA CON CAUSA ESPECIFICA,7.0,0,49.0,49.0,41.0,57.0,2,2,1,0,2,0,2
A-2023-10-173,2023-10-23,10:30,DESPISTE,1,0,1,CAJAMARCA,CAJAMARCA,COSPAN,RURAL,CARRETERA,PROVINCIAL,CA-1421,-7.477163,-78.426502,DESPEJADO,RESIDENCIAL,CURVA,INCLINADA,ASFALTADA,,,,,IMPRUDENCIA DEL CONDUCTOR,OTRO (IMPRUDENCIA DEL CONDUCTOR),10.0,0,30.0,30.0,30.0,30.0,1,1,1,0,0,1,1
A-2023-10-160,2023-10-23,15:20,DESPISTE,2,7,8,CAJAMARCA,CUTERVO,SOCOTA,RURAL,CARRETERA,PROVINCIAL,CA-789,-6.294487,-78.662876,DESPEJADO,RURAL,TRAMO RECTO,INCLINADA,AFIRMADO,,,,,IMPRUDENCIA DEL CONDUCTOR,NO DAR PASO PREFERENTE AL PEATÓN,15.0,1,53.111111111111114,54.0,34.0,72.0,6,1,2,7,1,0,9
A-2023-10-72,2023-10-24,03:50,DESPISTE,1,0,0,PIURA,MORROPON,LA MATANZA,RURAL,CARRETERA,NACIONAL,PE-02A,-5.239378,-80.080188,DESPEJADO,RURAL,TRAMO RECTO,PLANA ,ASFALTADA,,,,,EN PROCESO DE INVESTIGACIÓN,NO CUENTA CON CAUSA ESPECIFICA,3.0,0,27.0,27.0,27.0,27.0,1,1,1,0,1,0,1
A-2023-10-125,2023-10-24,07:00,CHOQUE,2,0,0,LIMA,LIMA,LURIN,RURAL,CARRETERA,NACIONAL,PE-1S,-12.262158,-76.912015,DESPEJADO,RURAL,TRAMO RECTO,PLANA ,ASFALTADA,,,,,EN PROCESO DE INVESTIGACIÓN,NO CUENTA CON CAUSA ESPECIFICA,7.0,1,31.0,31.0,31.0,31.0,2,1,2,0,1,0,4
A-2023-10-128,2023-10-25,00:23,ATROPELLO,1,0,0,LIMA,LIMA,SURQUILLO,URBANA,AVENIDA,URBANO,NO CORRESPONDE,-12.11273705,-77.01369594,DESPEJADO,RESIDENCIAL,TRAMO RECTO,PLANA ,ASFALTADA,,,,,EN PROCESO DE INVESTIGACIÓN,NO CUENTA CON CAUSA ESPECIFICA,0.0,0,34.0,34.0,34.0,34.0,2,1,1,0,1,0,2
A-2023-10-62,2023-10-25,02:00,CHOQUE,5,47,2,CUSCO,ESPINAR,OCORURO,RURAL,CARRETERA,NACIONAL,PE-34J,-15.142256,-71.122031,DESPEJADO,RURAL,CURVA,PLANA ,ASFALTADA,SI,PREVENTIVA (P),REGULADORA (R),SI,IMPRUDENCIA DEL CONDUCTOR,INVASIÓN DE CARRIL,2.0,2,48.16326530612245,50.0,19.0,90.0,28,2,5,47,2,0,52
A-2023-10-122,2023-10-25,02:40,ATROPELLO FUGA,1,0,0,LIMA,LIMA,LOS OLIVOS,URBANA,CARRETERA,NACIONAL,PE-1N,-11.9438279,-77.07116192,DESPEJADO,COMERCIAL,TRAMO RECTO,PLANA ,ASFALTADA,,,,,EN PROCESO DE INVESTIGACIÓN,NO CUENTA CON CAUSA ESPECIFICA,2.0,0,,,,,1,0,1,0,0,0,2
A-2023-10-56,2023-10-25,12:10,DESPISTE,1,0,1,LA LIBERTAD,PACASMAYO,JEQUETEPEQUE,RURAL,CARRETERA,PROVINCIAL,LI-561,-7.345671,-79.52181,DESPEJADO,RURAL,TRAMO RECTO,PLANA ,AFIRMADO,,,,,IMPRUDENCIA DEL CONDUCTOR,OTRO (IMPRUDENCIA DEL CONDUCTOR),12.0,0,32.0,32.0,32.0,32.0,1,1,1,0,0,0,1
A-2023-10-127,2023-10-26,05:45,ATROPELLO,1,0,0,LIMA,LIMA,SAN LUIS,URBANA,AVENIDA,URBANO,NO CORRESPONDE,-12.07004287,-76.99492787,DESPEJADO,COMERCIAL,TRAMO RECTO,PLANA ,ASFALTADA,,,,,EN PROCESO DE INVESTIGACIÓN,NO CUENTA CON CAUSA ESPECIFICA,5.0,0,29.0,29.0,29.0,29.0,2,1,1,0,0,0,2
A-2023-10-54,2023-10-26,06:00,CHOQUE,1,1,2,PUNO,PUNO,COATA,RURAL,CARRETERA,DEPARTAMENTAL,PU-118,-15.5658622428654,-69.9565131310587,DESPEJADO,RURAL,TRAMO RECTO,PLANA ,ASFALTADA,,,,,IMPRUDENCIA DEL CONDUCTOR,GIRAR IMPRUDENTEMENTE,6.0,0,49.333333333333336,51.0,36.0,61.0,3,2,1,1,1,0,3
A-2023-10-123,2023-10-27,01:30,ATROPELLO FUGA,1,0,0,LIMA,LIMA,LOS OLIVOS,URBANA,CARRETERA,NACIONAL,PE-1N,-11.93712142,-77.07179395,DESPEJADO,COMERCIAL,TRAMO RECTO,PLANA ,ASFALTADA,,,,,EN PROCESO DE INVESTIGACIÓN,NO CUENTA CON CAUSA ESPECIFICA,1.0,0,,,,,1,0,1,0,0,0,2
A-2023-10-126,2023-10-27,06:30,ATROPELLO,1,0,0,LIMA,LIMA,SAN MARTIN DE PORRES,URBANA,AVENIDA,URBANO,NO CORRESPONDE,-11.99380244,-77.08386695,DESPEJADO,COMERCIAL,TRAMO RECTO,PLANA ,ASFALTADA,,,,,EN PROCESO DE INVESTIGACIÓN,NO CUENTA CON CAUSA ESPECIFICA,6.0,0,,,,,1,1,1,0,0,0,2
A-2023-10-33,2023-10-27,12:00,ATROPELLO,1,0,0,AREQUIPA,AREQUIPA,AREQUIPA,URBANA,CALLE,URBANO,NO CORRESPONDE,-16.39808,-71.54057,DESPEJADO,COMERCIAL,TRAMO RECTO,INCLINADA,ADOQUINADO,,,,,EN PROCESO DE INVESTIGACIÓN,NO CUENTA CON CAUSA ESPECIFICA,12.0,0,66.0,66.0,45.0,87.0,2,1,1,0,1,0,2
A-2023-10-143,2023-10-27,15:00,ATROPELLO,1,0,1,PUNO,SAN ROMAN,JULIACA,URBANA,JIRÓN,URBANO,NO CORRESPONDE,-15.476914061278007,-70.11482919129101,DESPEJADO,COMERCIAL,INTERSECCIÓN,PLANA ,ASFALTADA,,,,,IMPRUDENCIA DEL CONDUCTOR,NO DAR PASO PREFERENTE AL PEATÓN,15.0,0,47.5,47.5,40.0,55.0,2,1,1,0,0,0,2
A-2023-10-142,2023-10-27,16:30,ATROPELLO,1,0,1,PUNO,SAN ROMAN,JULIACA,RURAL,CARRETERA,DEPARTAMENTAL,PU-124,-15.436153,-70.243903,DESPEJADO,RURAL,TRAMO RECTO,PLANA ,ASFALTADA,,,,,IMPRUDENCIA DEL PEATÓN,CRUCE INDEBIDO POR LA CALZADA,16.0,0,22.5,22.5,15.0,30.0,1,1,1,0,1,0,2
A-2023-10-57,2023-10-27,19:40,DESPISTE,1,1,1,LA LIBERTAD,CHEPEN,PACANGA,RURAL,CARRETERA,NACIONAL,PE-1N,-7.131068,-79.473718,DESPEJADO,RURAL,TRAMO RECTO,PLANA ,ASFALTADA,,,,,EN PROCESO DE INVESTIGACIÓN,NO CUENTA CON CAUSA ESPECIFICA,19.0,0,16.0,16.0,16.0,16.0,2,1,1,1,0,0,2
A-2023-10-31,2023-10-27,21:45,ATROPELLO,2,0,0,ICA,ICA,SANTIAGO,URBANA,CARRETERA,NACIONAL,PE-1S,-14.2639002,-75.68571,DESPEJADO,RESIDENCIAL,TRAMO RECTO,PLANA ,ASFALTADA,SI,PREVENTIVA (P),,SI,EN PROCESO DE INVESTIGACIÓN,NO CUENTA CON CAUSA ESPECIFICA,21.0,1,37.333333333333336,26.0,9.0,77.0,2,1,2,0,1,0,3
A-2023-10-129,2023-10-28,02:00,ATROPELLO,1,2,0,LIMA,LIMA,LURIGANCHO,URBANA,CARRETERA,NACIONAL,PE-22,-12.021163150147276,-76.92976775024461,DESPEJADO,INDUSTRIAL,TRAMO RECTO,PLANA ,ASFALTADA,,,,,EN PROCESO DE INVESTIGACIÓN,NO CUENTA CON CAUSA ESPECIFICA,2.0,0,31.0,31.0,31.0,31.0,2,1,1,2,0,0,4
A-2023-10-130,2023-10-28,04:30,ATROPELLO FUGA,1,0,0,LIMA,LIMA,EL AGUSTINO,URBANA,AVENIDA,URBANO,NO CORRESPONDE,-12.04343902,-76.98602879,DESPEJADO,RESIDENCIAL,TRAMO RECTO,PLANA ,ASFALTADA,,,,,EN PROCESO DE INVESTIGACIÓN,NO CUENTA CON CAUSA ESPECIFICA,4.0,0,,,,,1,0,1,0,0,0,2
A-2023-10-73,2023-10-28,07:10,CHOQUE FUGA,1,0,0,PIURA,PIURA,CASTILLA,RURAL,CARRETERA,NACIONAL,PE-1NJ,-5.191842,-80.608285,DESPEJADO,RURAL,TRAMO RECTO,PLANA ,ASFALTADA,,,,,EN PROCESO DE INVESTIGACIÓN,NO CUENTA CON CAUSA ESPECIFICA,7.0,0,43.0,43.0,30.0,56.0,2,2,1,0,1,0,2
A-2023-10-174,2023-10-28,17:50,ATROPELLO,1,0,1,CAJAMARCA,JAEN,JAEN,URBANA,JIRÓN,URBANO,NO CORRESPONDE,-5.719661653,-78.80206699,DESPEJADO,RESIDENCIAL,TRAMO RECTO,INCLINADA,CONCRETO,,,,,IMPRUDENCIA DEL CONDUCTOR,EXCESO DE VELOCIDAD,17.0,0,61.5,61.5,60.0,63.0,2,1,1,0,0,0,2
A-2023-10-131,2023-10-29,00:40,ATROPELLO,1,0,0,LIMA,LIMA,ATE,URBANA,CARRETERA,NACIONAL,PE-22,-12.00698,-76.853398,DESPEJADO,COMERCIAL,TRAMO RECTO,PLANA ,ASFALTADA,,,,,EN PROCESO DE INVESTIGACIÓN,NO CUENTA CON CAUSA ESPECIFICA,0.0,0,,,,,1,0,1,0,0,0,2
A-2023-10-48,2023-10-29,04:40,CHOQUE,1,4,3,ICA,NASCA,NASCA,RURAL,CARRETERA,NACIONAL,PE-1S,-14.803779,-75.000062,DESPEJADO,RURAL,TRAMO RECTO,PLANA ,ASFALTADA,,,,,EN PROCESO DE INVESTIGACIÓN,NO CUENTA CON CAUSA ESPECIFICA,4.0,0,35.285714285714285,29.0,23.0,62.0,6,3,1,4,3,0,7
A-2023-10-84,2023-10-29,05:20,DESPISTE,1,0,1,PUNO,HUANCANE,TARACO,RURAL,CARRETERA,SIN CLASIFICAR,SIN CLASIFICAR,-15.293861,-69.977401,DESPEJADO,RURAL,TRAMO RECTO,PLANA ,TROCHA,,,,,IMPRUDENCIA DEL CONDUCTOR,EXCESO DE VELOCIDAD,5.0,0,41.0,41.0,41.0,41.0,1,1,1,0,0,0,1
A-2023-10-132,2023-10-29,06:10,CHOQUE,1,0,0,LIMA,LIMA,RIMAC,URBANA,CARRETERA,NACIONAL,PE-1N,-12.03665,-77.043149,DESPEJADO,COMERCIAL,TRAMO RECTO,PLANA ,ASFALTADA,,,,,EN PROCESO DE INVESTIGACIÓN,NO CUENTA CON CAUSA ESPECIFICA,6.0,0,35.5,35.5,21.0,50.0,2,2,1,0,1,0,2
A-2023-10-149,2023-10-29,06:30,CHOQUE,1,0,2,PUNO,SAN ROMAN,SAN MIGUEL,URBANA,CARRETERA,NACIONAL,PE-3S,-15.480436,-70.130458,DESPEJADO,COMERCIAL,INTERSECCIÓN,PLANA ,ASFALTADA,,,,,IMPRUDENCIA DEL CONDUCTOR,INVASIÓN DE CARRIL,6.0,0,24.0,24.0,19.0,29.0,1,2,1,0,2,0,2
A-2023-10-93,2023-10-29,12:10,ATROPELLO,1,0,0,LIMA,LIMA,CARABAYLLO,URBANA,AVENIDA,URBANO,NO CORRESPONDE,-11.8922989,-77.02813565,DESPEJADO,COMERCIAL,TRAMO RECTO,INCLINADA,ASFALTADA,,,,,EN PROCESO DE INVESTIGACIÓN,NO CUENTA CON CAUSA ESPECIFICA,12.0,0,53.5,53.5,41.0,66.0,1,1,1,0,0,0,2
A-2023-10-60,2023-10-29,18:30,CHOQUE FUGA,1,0,0,PUNO,EL COLLAO,PILCUYO,RURAL,CARRETERA,DEPARTAMENTAL,PU-127,-16.106972210562557,-69.55916854146624,DESPEJADO,RURAL,TRAMO RECTO,PLANA ,ASFALTADA,,,,,IMPRUDENCIA DEL CONDUCTOR,EXCESO DE VELOCIDAD,18.0,0,80.0,80.0,80.0,80.0,1,2,1,0,0,0,2
A-2023-10-83,2023-10-29,18:30,DESPISTE,1,0,0,PIURA,PIURA,LA ARENA,RURAL,CARRETERA,SIN CLASIFICAR,SIN CLASIFICAR,-5.35234692,-80.72421371,DESPEJADO,RURAL,CURVA,PLANA ,TROCHA,,,,,EN PROCESO DE INVESTIGACIÓN,NO CUENTA CON CAUSA ESPECIFICA,18.0,0,62.0,62.0,62.0,62.0,1,1,1,0,0,0,1
A-2023-10-75,2023-10-29,22:00,CHOQUE,1,0,0,PIURA,PIURA,VEINTISEIS DE OCTUBRE,URBANA,CARRETERA,NACIONAL,PE-1N,-5.1339,-80.699741,DESPEJADO,RURAL,TRAMO RECTO,PLANA ,ASFALTADA,,,,,EN PROCESO DE INVESTIGACIÓN,NO CUENTA CON CAUSA ESPECIFICA,22.0,0,29.0,29.0,24.0,34.0,2,2,1,0,1,0,2
A-2023-10-94,2023-10-30,05:40,DESPISTE,1,8,1,AYACUCHO,HUAMANGA,CHIARA,URBANA,CARRETERA,NACIONAL,PE-3S,-13.278107874413228,-74.23038639661108,DESPEJADO,RURAL,CURVA,INCLINADA,ASFALTADA,,,,,IMPRUDENCIA DEL CONDUCTOR,EXCESO DE VELOCIDAD,5.0,0,45.4,47.0,18.0,74.0,5,1,1,8,0,0,10
A-2023-10-58,2023-10-30,18:20,CHOQUE,1,2,2,LA LIBERTAD,CHEPEN,PACANGA,RURAL,CARRETERA,NACIONAL,PE-1N,-7.122333313929911,-79.4840239937687,DESPEJADO,RURAL,TRAMO RECTO,PLANA ,ASFALTADA,,,,,IMPRUDENCIA DEL CONDUCTOR,ADELANTAR INDEBIDAMENTE,18.0,0,25.0,19.0,16.0,40.0,3,2,1,2,0,0,3
A-2023-10-64,2023-10-30,19:10,ATROPELLO,1,3,1,TUMBES,ZARUMILLA,PAPAYAL,RURAL,CARRETERA,DEPARTAMENTAL,TU-101,-3.5492023771904098,-80.22660463446178,DESPEJADO,RURAL,TRAMO RECTO,PLANA ,ASFALTADA,,,,,IMPRUDENCIA DEL CONDUCTOR,CONDUCIR EN ESTADO DE EBRIEDAD Y/O DROGADICCIÓN,19.0,0,30.25,34.5,10.0,42.0,3,1,1,3,0,0,4
A-2023-10-85,2023-10-30,23:50,DESPISTE,1,0,1,PUNO,AZANGARO,SAN ANTON,RURAL,CARRETERA,NACIONAL,PE-34B,-14.539008229102206,-70.28918346384991,DESPEJADO,RURAL,TRAMO RECTO,PLANA ,ASFALTADA,,,,,INFRAESTRUCTURA Y ENTORNO VIAL,OTRO (INFRAESTRUCTURA Y ENTORNO VIAL),23.0,0,33.0,33.0,26.0,40.0,2,1,1,0,1,0,2
A-2023-10-144,2023-10-31,08:30,CHOQUE,1,0,2,PUNO,SAN ROMAN,CARACOTO,RURAL,CARRETERA,NACIONAL,PE-3S,-15.545217,-70.110825,DESPEJADO,INDUSTRIAL,TRAMO RECTO,PLANA ,ASFALTADA,,,,,IMPRUDENCIA DEL CONDUCTOR,EXCESO DE VELOCIDAD,8.0,0,39.0,39.0,38.0,40.0,2,2,1,0,1,0,2
A-2023-10-65,2023-10-31,09:00,DESPISTE,1,0,1,PUNO,EL COLLAO,SANTA ROSA,RURAL,CARRETERA,NACIONAL,PE-36A,-16.801885124618327,-70.03709084660409,DESPEJADO,RURAL,CURVA,INCLINADA,ASFALTADA,,,,,IMPRUDENCIA DEL CONDUCTOR,OTRO (IMPRUDENCIA DEL CONDUCTOR),9.0,0,41.0,41.0,41.0,41.0,1,1,1,0,1,0,1
A-2023-10-86,2023-10-31,20:30,DESPISTE,1,1,1,PUNO,SAN ANTONIO DE PUTINA,PUTINA,RURAL,CARRETERA,NACIONAL,PE-34H,-14.937619,-69.867581,DESPEJADO,RURAL,TRAMO RECTO,PLANA ,ASFALTADA,,,,,IMPRUDENCIA DEL CONDUCTOR,EXCESO DE VELOCIDAD,20.0,0,28.5,28.5,28.0,29.0,2,1,1,1,1,0,2
A-2023-10-63,2023-10-31,23:30,CHOQUE,2,1,2,LA LIBERTAD,PACASMAYO,SAN JOSE,RURAL,CARRETERA,NACIONAL,PE-1N,-7.3389259,-79.5007404,DESPEJADO,RURAL,TRAMO RECTO,PLANA ,ASFALTADA,,,,,EN PROCESO DE INVESTIGACIÓN,NO CUENTA CON CAUSA ESPECIFICA,23.0,1,33.333333333333336,31.0,27.0,42.0,3,2,2,1,1,0,3
A-2023-11-105,2023-11-01,05:20,ATROPELLO,1,0,0,LIMA,LIMA,LOS OLIVOS,URBANA,AVENIDA,URBANO,NO CORRESPONDE,-11.96297688,-77.0632051,DESPEJADO,RESIDENCIAL,TRAMO RECTO,PLANA ,ASFALTADA,,,,,EN PROCESO DE INVESTIGACIÓN,NO CUENTA CON CAUSA ESPECIFICA,5.0,0,33.0,33.0,26.0,40.0,2,1,1,0,1,0,2
A-2023-11-57,2023-11-01,07:45,CHOQUE,1,0,2,AMAZONAS,UTCUBAMBA,BAGUA GRANDE,RURAL,CARRETERA,NACIONAL,PE-5N,-5.723041,-78.477425,DESPEJADO,RURAL,TRAMO RECTO,PLANA ,ASFALTADA,NO,,,SI,EN PROCESO DE INVESTIGACIÓN,NO CUENTA CON CAUSA ESPECIFICA,7.0,0,37.5,37.5,35.0,40.0,2,2,1,0,0,0,2
A-2023-11-78,2023-11-01,14:30,DESPISTE,1,0,0,JUNIN,CONCEPCION,SAN JOSE DE QUERO,RURAL,CARRETERA,NACIONAL,PE-24,-12.094406,-75.546458,DESPEJADO,RURAL,SINUOSA,PLANA ,ASFALTADA,SI,PREVENTIVA (P),,SI,IMPRUDENCIA DEL CONDUCTOR,OTRO (IMPRUDENCIA DEL CONDUCTOR),14.0,0,50.0,50.0,50.0,50.0,1,1,1,0,0,0,1
A-2023-11-64,2023-11-01,16:50,DESPISTE,1,0,1,PUNO,MELGAR,UMACHIRI,RURAL,CARRETERA,NACIONAL,PE-3SG,-14.869368897990238,-70.67279845512074,DESPEJADO,RURAL,TRAMO RECTO,PLANA ,ASFALTADA,,,,,IMPRUDENCIA DEL CONDUCTOR,OTRO (IMPRUDENCIA DEL CONDUCTOR),16.0,0,29.5,29.5,27.0,32.0,1,1,1,0,1,0,2
A-2023-11-2,2023-11-01,17:00,ATROPELLO,1,0,0,PUNO,CHUCUITO,ZEPITA,RURAL,CARRETERA,SIN CLASIFICAR,SIN CLASIFICAR,-16.414853,-69.088975,DESPEJADO,RURAL,TRAMO RECTO,PLANA ,ASFALTADA,,,,,IMPRUDENCIA DEL CONDUCTOR,NO ENCENDER LAS LUCES,17.0,0,31.0,31.0,31.0,31.0,1,1,1,0,1,0,2
A-2023-11-1,2023-11-01,18:44,CHOQUE,3,3,2,PUNO,PUNO,PAUCARCOLLA,RURAL,CARRETERA,SIN CLASIFICAR,SIN CLASIFICAR,-15.787059627319664,-70.03850691114089,DESPEJADO,RURAL,CURVA,PLANA ,ASFALTADA,,,,,IMPRUDENCIA DEL CONDUCTOR,CONDUCIR EN ESTADO DE EBRIEDAD Y/O DROGADICCIÓN,18.0,2,52.25,57.0,36.0,59.0,4,2,3,3,2,0,6
A-2023-11-106,2023-11-01,19:00,ESPECIAL,1,0,0,LIMA,LIMA,CHORRILLOS,URBANA,VIA EXPRESA,URBANO,NO CORRESPONDE,-12.16949027,-77.03635813,DESPEJADO,RURAL,CURVA,INCLINADA,ASFALTADA,SI,PREVENTIVA (P),,SI,EN PROCESO DE INVESTIGACIÓN,NO CUENTA CON CAUSA ESPECIFICA,19.0,0,56.0,56.0,56.0,56.0,1,1,1,0,1,0,1
A-2023-11-107,2023-11-02,04:40,ATROPELLO,1,0,0,LIMA,LIMA,SAN MARTIN DE PORRES,URBANA,AVENIDA,URBANO,NO CORRESPONDE,-12.03225906,-77.06423077,DESPEJADO,COMERCIAL,TRAMO RECTO,PLANA ,ASFALTADA,,,,,EN PROCESO DE INVESTIGACIÓN,NO CUENTA CON CAUSA ESPECIFICA,4.0,0,43.5,43.5,37.0,50.0,2,1,1,0,1,0,2
A-2023-11-108,2023-11-02,05:00,ATROPELLO,1,0,0,LIMA,LIMA,SAN JUAN DE LURIGANCHO,URBANA,AVENIDA,URBANO,NO CORRESPONDE,-12.02576411,-77.01010623,DESPEJADO,COMERCIAL,CURVA,PLANA ,ASFALTADA,,,,,EN PROCESO DE INVESTIGACIÓN,NO CUENTA CON CAUSA ESPECIFICA,5.0,0,53.0,53.0,31.0,75.0,2,1,1,0,1,0,2
A-2023-11-109,2023-11-02,11:45,ATROPELLO FUGA,1,0,0,LIMA,LIMA,SAN BARTOLO,URBANA,CARRETERA,NACIONAL,PE-1S,-12.381164,-76.774431,DESPEJADO,RURAL,TRAMO RECTO,PLANA ,ASFALTADA,,,,,EN PROCESO DE INVESTIGACIÓN,NO CUENTA CON CAUSA ESPECIFICA,11.0,0,50.0,50.0,50.0,50.0,1,0,1,0,0,0,2
A-2023-11-65,2023-11-02,11:50,DESPISTE,1,0,1,PUNO,AZANGARO,SANTIAGO DE PUPUJA,RURAL,CARRETERA,NACIONAL,PE-34B,-15.0007276,-70.1823811,DESPEJADO,RURAL,TRAMO RECTO,PLANA ,ASFALTADA,,,,,IMPRUDENCIA DEL CONDUCTOR,EXCESO DE VELOCIDAD,11.0,0,34.0,34.0,34.0,34.0,1,1,1,0,0,0,1
A-2023-11-4,2023-11-02,12:04,ATROPELLO,1,0,0,APURIMAC,ANDAHUAYLAS,SAN JERONIMO,URBANA,JIRÓN,URBANO,NO CORRESPONDE,-13.649608,-73.363528,SOLEADO,RESIDENCIAL,OTRO,PLANA ,ASFALTADA,,,,,IMPRUDENCIA DEL PEATÓN,CRUCE INDEBIDO POR LA CALZADA,12.0,0,22.0,22.0,6.0,38.0,2,1,1,0,1,0,2