CODIGO_SINIESTRO,FECHA_SINIESTRO,HORA_SINIESTRO,CLASE_SINIESTRO,CANTIDAD_FALLECIDOS,CANTIDAD_LESIONADOS,CANTIDAD_VEHICULOS,DEPARTAMENTO,PROVINCIA,DISTRITO,ZONA,TIPO_VIA,RED_VIAL,COD_CARRETERA,LATITUD,LONGITUD,CONDICION_CLIMATICA,ZONIFICACION,CARACTERISTICAS_VIA,PERFIL_VIA,SUPERFICIE_CALZADA,EXISTE_SENIAL_VERTICAL,CLASIFICACION_SENIAL_VERTICAL_1,CLASIFICACION_SENIAL_VERTICAL_2,EXISTE_SENIAL_HORIZONTAL,CAUSA_FACTOR_PRINCIPAL,CAUSA_ESPECIFICA,HORA,severidad,EDAD_PROMEDIO,EDAD_MEDIANA,EDAD_MIN,EDAD_MAX,TOTAL_MASCULINOS,TOTAL_CONDUCTORES,TOTAL_FALLECIDOS_AGG,TOTAL_LESIONADOS_AGG,TOTAL_LICENCIA,TOTAL_ALCOHOL_POSITIVO,TOTAL_PERSONAS
A-2023-11-19,2023-11-02,14:30,DESPISTE,1,2,1,APURIMAC,ANDAHUAYLAS,PACUCHA,RURAL,CARRETERA,PROVINCIAL,AP-576,-13.569,-73.289505,DESPEJADO,RURAL,CURVA,INCLINADA,AFIRMADO,,,,,EN PROCESO DE INVESTIGACIÓN,NO CUENTA CON CAUSA ESPECIFICA,14.0,0,40.75,45.0,0.0,73.0,2,1,1,2,1,0,4
A-2023-11-157,2023-11-02,15:30,DESPISTE,1,3,1,CAJAMARCA,HUALGAYOC,BAMBAMARCA,RURAL,CARRETERA,SIN CLASIFICAR,SIN CLASIFICAR,-6.686448,-78.454184,LLUVIOSO,RURAL,TRAMO RECTO,INCLINADA,AFIRMADO,,,,,IMPRUDENCIA DEL CONDUCTOR,OTRO (IMPRUDENCIA DEL CONDUCTOR),15.0,0,39.4,44.0,22.0,49.0,3,1,1,3,1,0,5
A-2023-11-155,2023-11-02,16:00,DESPISTE,1,0,1,CAJAMARCA,SAN IGNACIO,CHIRINOS,RURAL,CARRETERA,PROVINCIAL,CA-549,-5.221688,-78.933737,LLUVIOSO,RURAL,CURVA,PLANA ,AFIRMADO,,,,,IMPRUDENCIA DEL CONDUCTOR,OTRO (IMPRUDENCIA DEL CONDUCTOR),16.0,0,28.0,28.0,28.0,28.0,1,1,1,0,0,0,1
A-2023-11-111,2023-11-02,17:40,CHOQUE,1,0,0,LIMA,LIMA,SAN JUAN DE LURIGANCHO,URBANA,AVENIDA,URBANO,NO CORRESPONDE,-12.01796391,-77.00180065,DESPEJADO,COMERCIAL,TRAMO RECTO,PLANA ,ASFALTADA,,,,,EN PROCESO DE INVESTIGACIÓN,NO CUENTA CON CAUSA ESPECIFICA,17.0,0,34.0,34.0,27.0,41.0,2,2,1,0,1,0,2
A-2023-11-79,2023-11-02,19:15,ATROPELLO FUGA,1,0,0,JUNIN,CONCEPCION,CHAMBARA,RURAL,CARRETERA,NACIONAL,PE-24,-12.026391,-75.411418,DESPEJADO,RURAL,TRAMO RECTO,PLANA ,ASFALTADA,SI,PREVENTIVA (P),,SI,IMPRUDENCIA DEL CONDUCTOR,OTRO (IMPRUDENCIA DEL CONDUCTOR),19.0,0,37.5,37.5,26.0,49.0,2,1,1,0,1,0,2
A-2023-11-110,2023-11-02,19:45,ATROPELLO,1,0,0,LIMA,LIMA,ATE,URBANA,CARRETERA,NACIONAL,PE-22,-12.009693,-76.868245,DESPEJADO,INDUSTRIAL,TRAMO RECTO,PLANA ,ASFALTADA,SI,PREVENTIVA (P),PREVENTIVA (P),SI,EN PROCESO DE INVESTIGACIÓN,NO CUENTA CON CAUSA ESPECIFICA,19.0,0,24.0,24.0,12.0,36.0,2,1,1,0,1,0,2
A-2023-11-13,2023-11-02,23:10,CHOQUE,1,1,0,PIURA,PIURA,CASTILLA,RURAL,CARRETERA,DEPARTAMENTAL,PI-126,-4.982013,-80.56318,DESPEJADO,RURAL,TRAMO RECTO,PLANA ,ASFALTADA,,,,,EN PROCESO DE INVESTIGACIÓN,NO CUENTA CON CAUSA ESPECIFICA,23.0,0,34.0,20.0,18.0,64.0,3,2,1,1,0,1,3
A-2023-11-24,2023-11-03,00:20,CHOQUE CON OBJETO FIJO,1,1,1,CUSCO,LA CONVENCION,SANTA ANA,RURAL,CARRETERA,NACIONAL,PE-28B,-12.943439,-72.67007,NUBLADO,RURAL,SINUOSA,PLANA ,ASFALTADA,SI,PREVENTIVA (P),,SI,IMPRUDENCIA DEL CONDUCTOR,CONDUCIR EN ESTADO DE EBRIEDAD Y/O DROGADICCIÓN,0.0,0,29.0,29.0,29.0,29.0,1,1,1,1,0,0,2
A-2023-11-112,2023-11-03,03:06,ATROPELLO,1,0,0,LIMA,LIMA,RIMAC,URBANA,CARRETERA,NACIONAL,PE-1N,-12.04125586,-77.03303703,DESPEJADO,COMERCIAL,TRAMO RECTO,PLANA ,ASFALTADA,SI,INFORMATIVA (I),,SI,EN PROCESO DE INVESTIGACIÓN,NO CUENTA CON CAUSA ESPECIFICA,3.0,0,36.0,36.0,22.0,50.0,2,1,1,0,1,0,2
A-2023-11-9,2023-11-03,20:15,CHOQUE,1,4,2,JUNIN,HUANCAYO,SAN AGUSTIN,RURAL,CARRETERA,NACIONAL,PE-3S,-12.00325,-75.250725,DESPEJADO,RURAL,TRAMO RECTO,PLANA ,ASFALTADA,NO,,,SI,IMPRUDENCIA DEL CONDUCTOR,OTRO (IMPRUDENCIA DEL CONDUCTOR),20.0,0,39.285714285714285,45.0,15.0,53.0,4,2,1,4,2,0,7
A-2023-11-3,2023-11-04,02:10,CHOQUE,1,1,2,ICA,ICA,ICA,URBANA,CARRETERA,NACIONAL,PE-1S,-14.090215,-75.71941,DESPEJADO,COMERCIAL,TRAMO RECTO,PLANA ,ASFALTADA,SI,PREVENTIVA (P),INFORMATIVA (I),NO,EN PROCESO DE INVESTIGACIÓN,NO CUENTA CON CAUSA ESPECIFICA,2.0,0,28.0,21.0,21.0,42.0,2,2,1,1,2,0,3
A-2023-11-80,2023-11-04,05:30,DESPISTE,1,5,0,JUNIN,YAULI,LA OROYA,RURAL,CARRETERA,NACIONAL,PE-3S,-11.586712004795071,-75.84584888500075,LLUVIOSO,RURAL,TRAMO RECTO,PLANA ,ASFALTADA,SI,PREVENTIVA (P),,SI,IMPRUDENCIA DEL CONDUCTOR,OTRO (IMPRUDENCIA DEL CONDUCTOR),5.0,0,13.333333333333334,13.5,0.0,27.0,2,1,1,5,1,0,6
A-2023-11-45,2023-11-04,09:30,DESPISTE,1,4,1,LA LIBERTAD,PATAZ,PATAZ,RURAL,CARRETERA,PROVINCIAL,LI-860,-7.758597200141111,-77.56816824320808,DESPEJADO,RURAL,TRAMO RECTO,PLANA ,TROCHA,,,,,EN PROCESO DE INVESTIGACIÓN,NO CUENTA CON CAUSA ESPECIFICA,9.0,0,28.0,27.5,19.0,38.0,6,1,1,4,1,0,6
A-2023-11-152,2023-11-04,12:00,CHOQUE,1,1,2,CAJAMARCA,CELENDIN,CELENDIN,RURAL,CARRETERA,NACIONAL,PE-08B,-6.891779228,-78.11679699,DESPEJADO,RESIDENCIAL,CURVA,INCLINADA,ASFALTADA,,,,,IMPRUDENCIA DEL CONDUCTOR,EXCESO DE VELOCIDAD,12.0,0,22.0,16.0,15.0,35.0,3,2,1,1,1,0,3
A-2023-11-10,2023-11-04,18:00,CHOQUE,1,0,0,PIURA,PIURA,CASTILLA,URBANA,AVENIDA,URBANO,NO CORRESPONDE,-5.183442,-80.61185,DESPEJADO,RURAL,TRAMO RECTO,PLANA ,ASFALTADA,,,,,EN PROCESO DE INVESTIGACIÓN,NO CUENTA CON CAUSA ESPECIFICA,18.0,0,31.5,31.5,27.0,36.0,2,2,1,0,0,0,2
A-2023-11-25,2023-11-04,19:30,DESPISTE,1,0,1,CUSCO,CHUMBIVILCAS,COLQUEMARCA,RURAL,CARRETERA,PROVINCIAL,CU-1536,-14.174067,-72.005272,DESPEJADO,RURAL,CURVA,INCLINADA,TROCHA,,,,,IMPRUDENCIA DEL CONDUCTOR,EXCESO DE VELOCIDAD,19.0,0,19.0,19.0,19.0,19.0,1,1,1,0,0,0,1
A-2023-11-22,2023-11-05,04:30,ATROPELLO,1,0,1,CUSCO,QUISPICANCHI,ANDAHUAYLILLAS,RURAL,CARRETERA,PROVINCIAL,CU-1321,-13.696585,-71.720025,DESPEJADO,RURAL,TRAMO RECTO,INCLINADA,AFIRMADO,,,,,IMPRUDENCIA DEL CONDUCTOR,CONDUCIR EN ESTADO DE EBRIEDAD Y/O DROGADICCIÓN,4.0,0,51.0,51.0,28.0,74.0,2,1,1,0,1,1,2
A-2023-11-113,2023-11-05,06:30,CHOQUE,1,0,0,LIMA,LIMA,COMAS,URBANA,AVENIDA,URBANO,NO CORRESPONDE,-11.92577677,-77.05206846,DESPEJADO,COMERCIAL,INTERSECCIÓN,PLANA ,ASFALTADA,SI,REGULADORA (R),,NO,EN PROCESO DE INVESTIGACIÓN,NO CUENTA CON CAUSA ESPECIFICA,6.0,0,37.0,37.0,28.0,46.0,2,2,1,0,2,0,2
A-2023-11-141,2023-11-05,18:00,CHOQUE,1,0,2,AYACUCHO,HUAMANGA,ANDRES AVELINO CACERES DORREGARAY,URBANA,AVENIDA,URBANO,NO CORRESPONDE,-13.16384962905658,-74.20762316868363,NUBLADO,RESIDENCIAL,TRAMO RECTO,PLANA ,ASFALTADA,,,,,IMPRUDENCIA DEL CONDUCTOR,CONDUCIR EN ESTADO DE EBRIEDAD Y/O DROGADICCIÓN,18.0,0,31.5,31.5,31.0,32.0,2,2,1,0,0,1,2
A-2023-11-81,2023-11-05,21:30,CHOQUE CON OBJETO FIJO,1,0,0,JUNIN,JAUJA,CANCHAYLLO,URBANA,AVENIDA,URBANO,NO CORRESPONDE,-11.80235,-75.71653,DESPEJADO,RURAL,TRAMO RECTO,PLANA ,CONCRETO,,,,,IMPRUDENCIA DEL CONDUCTOR,CONDUCIR EN ESTADO DE EBRIEDAD Y/O DROGADICCIÓN,21.0,0,38.0,38.0,38.0,38.0,1,1,1,0,0,0,1
A-2023-11-62,2023-11-06,05:00,DESPISTE,1,4,1,HUANCAVELICA,TAYACAJA,PAMPAS,RURAL,CARRETERA,NACIONAL,PE-3S,-12.49823110463927,-74.82433490056125,DESPEJADO,RURAL,TRAMO RECTO,PLANA ,ASFALTADA,,,,,EN PROCESO DE INVESTIGACIÓN,NO CUENTA CON CAUSA ESPECIFICA,5.0,0,36.2,34.0,23.0,55.0,5,1,1,4,1,0,5
A-2023-11-114,2023-11-06,05:40,ATROPELLO,1,0,0,LIMA,LIMA,SAN MARTIN DE PORRES,URBANA,AVENIDA,URBANO,NO CORRESPONDE,-12.02683672,-77.0552162,DESPEJADO,COMERCIAL,TRAMO RECTO,PLANA ,ASFALTADA,,,,,EN PROCESO DE INVESTIGACIÓN,NO CUENTA CON CAUSA ESPECIFICA,5.0,0,34.0,34.0,28.0,40.0,2,1,1,0,1,0,2
A-2023-11-82,2023-11-06,11:30,ATROPELLO,1,0,0,JUNIN,HUANCAYO,VIQUES,RURAL,CARRETERA,NACIONAL,PE-3S,-12.151213,-75.218905,SOLEADO,RURAL,TRAMO RECTO,PLANA ,ASFALTADA,NO,,,SI,IMPRUDENCIA DEL CONDUCTOR,OTRO (IMPRUDENCIA DEL CONDUCTOR),11.0,0,70.0,70.0,55.0,85.0,1,1,1,0,1,0,3
A-2023-11-66,2023-11-06,18:00,CHOQUE,1,0,2,PUNO,SAN ROMAN,CARACOTO,RURAL,CARRETERA,NACIONAL,PE-3S,-15.552096,-70.107664,DESPEJADO,RURAL,TRAMO RECTO,PLANA ,ASFALTADA,,,,,IMPRUDENCIA DEL CONDUCTOR,CONDUCIR EN ESTADO DE EBRIEDAD Y/O DROGADICCIÓN,18.0,0,47.0,47.0,43.0,51.0,2,2,1,0,1,0,2
A-2023-11-42,2023-11-06,20:30,DESPISTE,1,0,1,TUMBES,ZARUMILLA,AGUAS VERDES,URBANA,AVENIDA,URBANO,NO CORRESPONDE,-3.4851540779029397,-80.26634545858244,DESPEJADO,RURAL,TRAMO RECTO,PLANA ,ASFALTADA,,,,,IMPRUDENCIA DEL CONDUCTOR,OTRO (IMPRUDENCIA DEL CONDUCTOR),20.0,0,63.0,63.0,63.0,63.0,1,1,1,0,1,0,1
A-2023-11-67,2023-11-06,20:40,ATROPELLO,1,0,1,PUNO,SAN ROMAN,CARACOTO,RURAL,CARRETERA,NACIONAL,PE-3S,-15.550033,-70.108568,DESPEJADO,RURAL,TRAMO RECTO,PLANA ,ASFALTADA,,,,,IMPRUDENCIA DEL PEATÓN,CRUCE INDEBIDO POR LA CALZADA,20.0,0,43.0,43.0,25.0,61.0,2,1,1,0,0,0,2
A-2023-11-32,2023-11-07,08:00,CHOQUE,1,0,2,CUSCO,URUBAMBA,HUAYLLABAMBA,RURAL,CARRETERA,NACIONAL,PE-28B,-13.329566,-72.05532,DESPEJADO,RURAL,TRAMO RECTO,PLANA ,ASFALTADA,NO,,,SI,IMPRUDENCIA DEL CONDUCTOR,EXCESO DE VELOCIDAD,8.0,0,21.5,21.5,14.0,29.0,2,2,1,0,1,0,2
A-2023-11-140,2023-11-07,10:30,DESPISTE,3,0,1,AYACUCHO,VILCAS HUAMAN,CONCEPCION,RURAL,CARRETERA,PROVINCIAL,AY-953,-13.599089,-73.85935,DESPEJADO,RURAL,CURVA,PLANA ,TROCHA,,,,,IMPRUDENCIA DEL CONDUCTOR,EXCESO DE VELOCIDAD,10.0,2,50.333333333333336,48.0,48.0,55.0,1,1,3,0,0,0,3
A-2023-11-46,2023-11-07,19:15,ATROPELLO,1,0,1,LA LIBERTAD,PACASMAYO,GUADALUPE,URBANA,AVENIDA,URBANO,NO CORRESPONDE,-7.309388415851915,-79.48448321442999,DESPEJADO,COMERCIAL,TRAMO RECTO,PLANA ,ASFALTADA,,,,,EN PROCESO DE INVESTIGACIÓN,NO CUENTA CON CAUSA ESPECIFICA,19.0,0,47.0,47.0,27.0,67.0,2,1,1,0,0,0,2
A-2023-11-115,2023-11-08,12:00,ATROPELLO,1,0,0,LIMA,LIMA,LA VICTORIA,URBANA,JIRÓN,URBANO,NO CORRESPONDE,-12.06099302,-77.02302769,DESPEJADO,COMERCIAL,INTERSECCIÓN,PLANA ,ASFALTADA,SI,PREVENTIVA (P),,SI,EN PROCESO DE INVESTIGACIÓN,NO CUENTA CON CAUSA ESPECIFICA,12.0,0,43.0,43.0,41.0,45.0,1,1,1,0,1,0,2
A-2023-11-116,2023-11-09,17:40,CHOQUE FUGA,1,0,0,LIMA,LIMA,CARABAYLLO,URBANA,CARRETERA,NACIONAL,PE-20A,-11.83463782,-76.99971482,DESPEJADO,COMERCIAL,CURVA,INCLINADA,ASFALTADA,SI,PREVENTIVA (P),,SI,EN PROCESO DE INVESTIGACIÓN,NO CUENTA CON CAUSA ESPECIFICA,17.0,0,54.0,54.0,46.0,62.0,2,1,1,0,1,0,2
A-2023-11-139,2023-11-09,18:00,DESPISTE,1,12,1,AYACUCHO,VILCAS HUAMAN,CONCEPCION,RURAL,CARRETERA,NACIONAL,PE-32A,-13.58085987,-73.82843947,DESPEJADO,RURAL,CURVA,INCLINADA,CASCAJO/RIPIO,,,,,IMPRUDENCIA DEL CONDUCTOR,EXCESO DE VELOCIDAD,18.0,0,32.0,32.0,1.0,81.0,6,1,1,12,1,0,13
A-2023-11-68,2023-11-10,02:30,DESPISTE,3,0,1,PUNO,LAMPA,SANTA LUCIA,RURAL,CARRETERA,NACIONAL,PE-34A,-15.6619293,-70.6614533,DESPEJADO,RURAL,TRAMO RECTO,PLANA ,ASFALTADA,,,,,IMPRUDENCIA DEL CONDUCTOR,EXCESO DE VELOCIDAD,2.0,2,38.5,39.5,14.0,61.0,4,1,3,0,1,0,4
A-2023-11-5,2023-11-10,06:40,DESPISTE,2,1,1,PUNO,CHUCUITO,DESAGUADERO,RURAL,CARRETERA,NACIONAL,PE-3S,-16.545718,-69.052722,DESPEJADO,RURAL,TRAMO RECTO,PLANA ,ASFALTADA,,,,,IMPRUDENCIA DEL CONDUCTOR,OTRO (IMPRUDENCIA DEL CONDUCTOR),6.0,1,35.666666666666664,33.0,26.0,48.0,0,1,2,1,1,0,3
A-2023-11-6,2023-11-10,13:00,CHOQUE,1,1,2,PUNO,EL COLLAO,SANTA ROSA,RURAL,CARRETERA,NACIONAL,PE-36A,-16.842473314572764,-70.08972600893924,DESPEJADO,RURAL,TRAMO RECTO,PLANA ,ASFALTADA,,,,,IMPRUDENCIA DEL CONDUCTOR,ADELANTAR INDEBIDAMENTE,13.0,0,39.5,39.5,31.0,48.0,2,2,1,1,2,0,2
A-2023-11-69,2023-11-10,21:30,ATROPELLO FUGA,1,0,0,PUNO,SAN ROMAN,JULIACA,URBANA,AVENIDA,URBANO,NO CORRESPONDE,-15.525459,-70.118926,DESPEJADO,INDUSTRIAL,TRAMO RECTO,PLANA ,ASFALTADA,,,,,EN PROCESO DE INVESTIGACIÓN,NO CUENTA CON CAUSA ESPECIFICA,21.0,0,14.0,14.0,14.0,14.0,0,0,1,0,0,0,2
A-2023-11-23,2023-11-11,05:40,ATROPELLO,1,0,1,CUSCO,CANCHIS,SICUANI,URBANA,CARRETERA,NACIONAL,PE-3S,-14.2881316058993,-71.2230098708344,NUBLADO,RESIDENCIAL,INTERSECCIÓN,PLANA ,ASFALTADA,SI,REGULADORA (R),,NO,IMPRUDENCIA DEL CONDUCTOR,OTRO (IMPRUDENCIA DEL CONDUCTOR),5.0,0,76.0,76.0,73.0,79.0,2,1,1,0,1,0,2
A-2023-11-28,2023-11-11,15:15,CHOQUE,1,0,2,ICA,CHINCHA,PUEBLO NUEVO,URBANA,CARRETERA,PROVINCIAL,IC-505,-13.396273,-76.139316,DESPEJADO,RESIDENCIAL,INTERSECCIÓN,PLANA ,ASFALTADA,,,,,EN PROCESO DE INVESTIGACIÓN,NO CUENTA CON CAUSA ESPECIFICA,15.0,0,44.0,44.0,29.0,59.0,1,2,1,0,2,0,2
A-2023-11-70,2023-11-11,15:20,DESPISTE,1,0,1,PUNO,MELGAR,AYAVIRI,RURAL,CARRETERA,NACIONAL,PE-3SG,-14.893966,-70.614402,DESPEJADO,RURAL,TRAMO RECTO,PLANA ,ASFALTADA,,,,,IMPRUDENCIA DEL CONDUCTOR,EXCESO DE VELOCIDAD,15.0,0,47.5,47.5,35.0,60.0,1,1,1,0,0,0,2
A-2023-11-87,2023-11-11,16:49,CAÍDA DE PASAJERO,1,0,0,AREQUIPA,AREQUIPA,AREQUIPA,URBANA,AVENIDA,URBANO,NO CORRESPONDE,-16.415154,-71.534074,DESPEJADO,COMERCIAL,TRAMO RECTO,PLANA ,ASFALTADA,NO,,,SI,EN PROCESO DE INVESTIGACIÓN,NO CUENTA CON CAUSA ESPECIFICA,16.0,0,52.5,52.5,45.0,60.0,1,1,1,0,1,0,2
A-2023-11-7,2023-11-11,22:00,ATROPELLO,1,0,0,PUNO,PUNO,PLATERIA,RURAL,CARRETERA,NACIONAL,PE-3S,-15.941882,-69.857224,DESPEJADO,RURAL,TRAMO RECTO,PLANA ,ASFALTADA,,,,,IMPRUDENCIA DEL PEATÓN,CRUCE INDEBIDO POR LA CALZADA,22.0,0,49.0,49.0,43.0,55.0,2,1,1,0,1,0,2
A-2023-11-117,2023-11-11,22:10,CHOQUE,1,0,0,LIMA,LIMA,CARABAYLLO,RURAL,CARRETERA,NACIONAL,PE-20A,-11.793955,-76.982986,DESPEJADO,RURAL,CURVA,INCLINADA,ASFALTADA,SI,PREVENTIVA (P),,SI,EN PROCESO DE INVESTIGACIÓN,NO CUENTA CON CAUSA ESPECIFICA,22.0,0,40.5,40.5,34.0,47.0,2,2,1,0,1,0,2
A-2023-11-88,2023-11-12,06:40,CHOQUE FUGA,1,0,1,UCAYALI,CORONEL PORTILLO,CALLERIA,URBANA,CARRETERA,NACIONAL,PE-18C,-8.397929,-74.603119,DESPEJADO,RURAL,TRAMO RECTO,PLANA ,ASFALTADA,,,,,EN PROCESO DE INVESTIGACIÓN,NO CUENTA CON CAUSA ESPECIFICA,6.0,0,26.0,26.0,26.0,26.0,1,1,1,0,0,0,2
A-2023-11-118,2023-11-12,10:20,ATROPELLO,1,0,0,LIMA,LIMA,SANTIAGO DE SURCO,URBANA,AVENIDA,URBANO,NO CORRESPONDE,-12.14921673,-76.98387065,DESPEJADO,COMERCIAL,TRAMO RECTO,INCLINADA,ASFALTADA,,,,,EN PROCESO DE INVESTIGACIÓN,NO CUENTA CON CAUSA ESPECIFICA,10.0,0,46.0,46.0,32.0,60.0,2,1,1,0,0,0,2
A-2023-11-76,2023-11-12,18:30,ATROPELLO FUGA,1,0,0,PUNO,AZANGARO,ARAPA,RURAL,CARRETERA,DEPARTAMENTAL,PU-114,-15.1639781989052,-69.99935205155246,LLUVIOSO,RURAL,TRAMO RECTO,PLANA ,ASFALTADA,,,,,IMPRUDENCIA DEL CONDUCTOR,OTRO (IMPRUDENCIA DEL CONDUCTOR),18.0,0,85.0,85.0,85.0,85.0,1,0,1,0,0,0,2
A-2023-11-119,2023-11-12,20:20,ATROPELLO FUGA,1,0,0,LIMA,LIMA,LURIN,RURAL,CARRETERA,NACIONAL,PE-1S,-12.30567,-76.838985,DESPEJADO,INDUSTRIAL,CURVA,PLANA ,ASFALTADA,,,,,EN PROCESO DE INVESTIGACIÓN,NO CUENTA CON CAUSA ESPECIFICA,20.0,0,30.0,30.0,30.0,30.0,1,0,1,0,0,0,2
A-2023-11-71,2023-11-12,23:10,ATROPELLO FUGA,1,0,1,PUNO,SAN ROMAN,JULIACA,RURAL,CARRETERA,NACIONAL,PE-34A,-15.5247418,-70.1823241,DESPEJADO,RURAL,TRAMO RECTO,PLANA ,ASFALTADA,,,,,EN PROCESO DE INVESTIGACIÓN,NO CUENTA CON CAUSA ESPECIFICA,23.0,0,53.0,53.0,53.0,53.0,1,0,1,0,0,0,2
A-2023-11-47,2023-11-12,23:25,DESPISTE,1,0,1,LA LIBERTAD,PACASMAYO,SAN PEDRO DE LLOC,RURAL,CARRETERA,PROVINCIAL,LI-602,-7.45037106654107,-79.50387555052012,DESPEJADO,RURAL,TRAMO RECTO,PLANA ,AFIRMADO,,,,,IMPRUDENCIA DEL CONDUCTOR,CONDUCIR EN ESTADO DE EBRIEDAD Y/O DROGADICCIÓN,23.0,0,55.0,55.0,55.0,55.0,1,1,1,0,1,0,1
A-2023-11-99,2023-11-13,04:00,ATROPELLO,1,0,1,AREQUIPA,AREQUIPA,UCHUMAYO,URBANA,CARRETERA,NACIONAL,PE-34A,-16.408196,-71.6101992,DESPEJADO,RESIDENCIAL,TRAMO RECTO,INCLINADA,ASFALTADA,,,,,EN PROCESO DE INVESTIGACIÓN,NO CUENTA CON CAUSA ESPECIFICA,4.0,0,58.5,58.5,58.0,59.0,2,1,1,0,1,0,2
A-2023-11-154,2023-11-13,04:10,DESPISTE,2,0,1,CAJAMARCA,SAN IGNACIO,CHIRINOS,URBANA,CARRETERA,PROVINCIAL,CA-549,-5.221654,-78.933761,DESPEJADO,RESIDENCIAL,TRAMO RECTO,INCLINADA,CASCAJO/RIPIO,,,,,NEGLIGENCIA DEL CONDUCTOR,OTRO (NEGLIGENCIA DEL CONDUCTOR),4.0,1,50.666666666666664,48.0,27.0,77.0,3,1,2,0,1,0,3
A-2023-11-48,2023-11-13,04:30,ATROPELLO FUGA,1,0,0,LA LIBERTAD,TRUJILLO,SIMBAL,RURAL,CARRETERA,NACIONAL,PE-10A,-8.011188,-78.795686,DESPEJADO,RURAL,TRAMO RECTO,PLANA ,ASFALTADA,,,,,EN PROCESO DE INVESTIGACIÓN,NO CUENTA CON CAUSA ESPECIFICA,4.0,0,18.0,18.0,18.0,18.0,1,0,1,0,0,0,2
A-2023-11-160,2023-11-13,08:00,ESPECIAL,1,0,0,CAJAMARCA,CUTERVO,SOCOTA,RURAL,CARRETERA,PROVINCIAL,CA-787,-6.263568,-78.660124,DESPEJADO,RURAL,TRAMO RECTO,INCLINADA,AFIRMADO,,,,,EN PROCESO DE INVESTIGACIÓN,NO CUENTA CON CAUSA ESPECIFICA,8.0,0,30.0,30.0,30.0,30.0,0,1,1,0,1,0,1
A-2023-11-98,2023-11-13,09:45,DESPISTE,1,0,1,AREQUIPA,AREQUIPA,CERRO COLORADO,URBANA,JIRÓN,URBANO,NO CORRESPONDE,-16.401474,-71.577233,DESPEJADO,RESIDENCIAL,INTERSECCIÓN,INCLINADA,ASFALTADA,,,,,EN PROCESO DE INVESTIGACIÓN,NO CUENTA CON CAUSA ESPECIFICA,9.0,0,63.0,63.0,63.0,63.0,1,1,1,0,0,0,1
A-2023-11-142,2023-11-13,13:30,DESPISTE,1,0,1,TACNA,TARATA,TARUCACHI,RURAL,CARRETERA,NACIONAL,PE-38,-17.525325915244892,-70.03849085687142,DESPEJADO,RURAL,CURVA,INCLINADA,ASFALTADA,,,,,IMPRUDENCIA DEL CONDUCTOR,CONDUCIR EN ESTADO DE EBRIEDAD Y/O DROGADICCIÓN,13.0,0,41.0,41.0,41.0,41.0,1,1,1,0,0,0,1
A-2023-11-59,2023-11-13,13:30,DESPISTE,1,1,1,LIMA,HUAURA,SAYAN,RURAL,CARRETERA,NACIONAL,PE-18,-11.30426,-77.32223,DESPEJADO,RURAL,TRAMO RECTO,PLANA ,ASFALTADA,,,,,IMPRUDENCIA DEL CONDUCTOR,EXCESO DE VELOCIDAD,13.0,0,39.5,39.5,32.0,47.0,1,1,1,1,1,0,2
A-2023-11-20,2023-11-14,13:40,DESPISTE,1,0,1,CUSCO,QUISPICANCHI,OCONGATE,RURAL,CARRETERA,SIN CLASIFICAR,SIN CLASIFICAR,-13.631193,-71.317345,LLUVIOSO,RURAL,SINUOSA,INCLINADA,TROCHA,,,,,EN PROCESO DE INVESTIGACIÓN,NO CUENTA CON CAUSA ESPECIFICA,13.0,0,29.0,29.0,29.0,29.0,1,1,1,0,0,0,1
A-2023-11-29,2023-11-14,14:10,DESPISTE,1,0,1,CUSCO,URUBAMBA,CHINCHERO,RURAL,CARRETERA,PROVINCIAL,CU-1155,-13.424269,-72.02432569,DESPEJADO,RURAL,CURVA,INCLINADA,AFIRMADO,,,,,EN PROCESO DE INVESTIGACIÓN,NO CUENTA CON CAUSA ESPECIFICA,14.0,0,30.0,30.0,30.0,30.0,0,1,1,0,0,0,1
A-2023-11-61,2023-11-14,16:05,DESPISTE,1,4,1,LIMA,HUAURA,HUAURA,RURAL,CARRETERA,NACIONAL,PE-1NE,-11.088769474361936,-77.46909763804207,DESPEJADO,RURAL,TRAMO RECTO,PLANA ,ASFALTADA,,,,,IMPRUDENCIA DEL CONDUCTOR,EXCESO DE VELOCIDAD,16.0,0,64.83333333333333,64.0,60.0,70.0,6,1,1,4,1,0,6
A-2023-11-177,2023-11-14,20:45,CHOQUE,1,0,0,LIMA,LIMA,SAN MARTIN DE PORRES,URBANA,CARRETERA,NACIONAL,PE-1N,-12.035383,-77.047746,DESPEJADO,RESIDENCIAL,TRAMO RECTO,PLANA ,ASFALTADA,,,,,EN PROCESO DE INVESTIGACIÓN,NO CUENTA CON CAUSA ESPECIFICA,20.0,0,45.0,51.0,29.0,55.0,3,3,1,0,3,0,3
A-2023-11-120,2023-11-15,06:15,ATROPELLO,1,0,0,LIMA,LIMA,LOS OLIVOS,URBANA,AVENIDA,URBANO,NO CORRESPONDE,-11.97078095,-77.0725454,DESPEJADO,COMERCIAL,CURVA,PLANA ,ASFALTADA,,,,,EN PROCESO DE INVESTIGACIÓN,NO CUENTA CON CAUSA ESPECIFICA,6.0,0,48.0,48.0,31.0,65.0,1,1,1,0,1,0,2