CODIGO_SINIESTRO,FECHA_SINIESTRO,HORA_SINIESTRO,CLASE_SINIESTRO,CANTIDAD_FALLECIDOS,CANTIDAD_LESIONADOS,CANTIDAD_VEHICULOS,DEPARTAMENTO,PROVINCIA,DISTRITO,ZONA,TIPO_VIA,RED_VIAL,COD_CARRETERA,LATITUD,LONGITUD,CONDICION_CLIMATICA,ZONIFICACION,CARACTERISTICAS_VIA,PERFIL_VIA,SUPERFICIE_CALZADA,EXISTE_SENIAL_VERTICAL,CLASIFICACION_SENIAL_VERTICAL_1,CLASIFICACION_SENIAL_VERTICAL_2,EXISTE_SENIAL_HORIZONTAL,CAUSA_FACTOR_PRINCIPAL,CAUSA_ESPECIFICA,HORA,severidad,EDAD_PROMEDIO,EDAD_MEDIANA,EDAD_MIN,EDAD_MAX,TOTAL_MASCULINOS,TOTAL_CONDUCTORES,TOTAL_FALLECIDOS_AGG,TOTAL_LESIONADOS_AGG,TOTAL_LICENCIA,TOTAL_ALCOHOL_POSITIVO,TOTAL_PERSONAS
A-2023-11-137,2023-11-27,20:20,CHOQUE,1,0,0,LIMA,LIMA,CHORRILLOS,URBANA,CARRETERA,NACIONAL,PE-1S,-12.222561,-76.974531,DESPEJADO,INDUSTRIAL,TRAMO RECTO,PLANA ,ASFALTADA,,,,,EN PROCESO DE INVESTIGACIÓN,NO CUENTA CON CAUSA ESPECIFICA,20.0,0,40.0,40.0,40.0,40.0,1,1,1,0,1,0,2
A-2023-11-136,2023-11-27,20:30,DESPISTE,1,6,0,LIMA,LIMA,COMAS,URBANA,AVENIDA,URBANO,NO CORRESPONDE,-11.92831933,-77.05579317,DESPEJADO,COMERCIAL,TRAMO RECTO,PLANA ,ASFALTADA,,,,,EN PROCESO DE INVESTIGACIÓN,NO CUENTA CON CAUSA ESPECIFICA,20.0,0,30.5,30.5,26.0,35.0,1,1,1,6,0,0,8
A-2023-11-134,2023-11-27,21:10,ATROPELLO FUGA,1,0,0,LIMA,LIMA,PUNTA NEGRA,RURAL,CARRETERA,NACIONAL,PE-1S,-12.368539,-76.787526,DESPEJADO,RURAL,TRAMO RECTO,PLANA ,ASFALTADA,SI,INFORMATIVA (I),,SI,EN PROCESO DE INVESTIGACIÓN,NO CUENTA CON CAUSA ESPECIFICA,21.0,0,60.0,60.0,60.0,60.0,1,0,1,0,0,0,2
A-2023-11-138,2023-11-28,04:40,ATROPELLO FUGA,1,0,0,LIMA,LIMA,RIMAC,URBANA,CARRETERA,NACIONAL,PE-1N,-12.04196646,-77.01998696,DESPEJADO,COMERCIAL,TRAMO RECTO,INCLINADA,ASFALTADA,,,,,EN PROCESO DE INVESTIGACIÓN,NO CUENTA CON CAUSA ESPECIFICA,4.0,0,25.0,25.0,25.0,25.0,1,0,1,0,0,0,2
A-2023-11-60,2023-11-28,09:15,ATROPELLO,1,0,1,LIMA,HUAURA,SANTA MARIA,URBANA,CALLE,URBANO,NO CORRESPONDE,-11.109567850540602,-77.58845593015225,DESPEJADO,RESIDENCIAL,INTERSECCIÓN,PLANA ,ASFALTADA,,,,,IMPRUDENCIA DEL PEATÓN,CRUCE INDEBIDO POR LA CALZADA,9.0,0,55.5,55.5,30.0,81.0,1,1,1,0,1,0,2
A-2023-11-104,2023-11-28,11:45,CHOQUE,1,0,0,PIURA,PIURA,VEINTISEIS DE OCTUBRE,URBANA,AVENIDA,URBANO,NO CORRESPONDE,-5.17956956966073,-80.6778761225774,DESPEJADO,RURAL,INTERSECCIÓN,PLANA ,ASFALTADA,,,,,IMPRUDENCIA DEL CONDUCTOR,OTRO (IMPRUDENCIA DEL CONDUCTOR),11.0,0,53.5,53.5,45.0,62.0,2,2,1,0,1,0,2
A-2023-11-52,2023-11-28,13:20,CHOQUE,1,0,2,LA LIBERTAD,VIRU,VIRU,RURAL,CARRETERA,PROVINCIAL,LI-1154,-8.444481465302472,-78.81420865324863,DESPEJADO,RURAL,TRAMO RECTO,PLANA ,AFIRMADO,,,,,IMPRUDENCIA DEL CONDUCTOR,GIRAR IMPRUDENTEMENTE,13.0,0,29.0,29.0,17.0,41.0,2,2,1,0,1,0,2
A-2023-11-144,2023-11-28,15:50,ATROPELLO,1,0,1,TACNA,CANDARAVE,CAMILACA,RURAL,CARRETERA,PROVINCIAL,TA-515,-17.320923,-70.433619,DESPEJADO,RURAL,TRAMO RECTO,PLANA ,ASFALTADA,,,,,IMPRUDENCIA DEL PEATÓN,CRUCE INDEBIDO POR LA CALZADA,15.0,0,49.0,49.0,36.0,62.0,1,1,1,0,1,0,2
A-2023-11-77,2023-11-28,19:00,CHOQUE,1,1,2,LA LIBERTAD,SANTIAGO DE CHUCO,QUIRUVILCA,RURAL,CARRETERA,NACIONAL,PE-3N,-7.993094,-78.293283,LLUVIOSO,RURAL,TRAMO RECTO,PLANA ,ASFALTADA,,,,,EN PROCESO DE INVESTIGACIÓN,NO CUENTA CON CAUSA ESPECIFICA,19.0,0,22.666666666666668,22.0,19.0,27.0,3,2,1,1,1,0,3
A-2023-11-90,2023-11-29,04:30,CHOQUE,1,2,2,AREQUIPA,CAYLLOMA,MAJES,RURAL,CARRETERA,DEPARTAMENTAL,AR-109,-16.332863,-72.166079,DESPEJADO,RURAL,TRAMO RECTO,PLANA ,ASFALTADA,NO,,,SI,EN PROCESO DE INVESTIGACIÓN,NO CUENTA CON CAUSA ESPECIFICA,4.0,0,38.0,44.0,23.0,47.0,2,2,1,2,0,0,3
A-2023-11-146,2023-11-29,04:47,ATROPELLO,1,0,1,TACNA,TACNA,SAMA,RURAL,CARRETERA,NACIONAL,PE-1S,-17.833542,-70.536717,DESPEJADO,RURAL,TRAMO RECTO,PLANA ,ASFALTADA,,,,,IMPRUDENCIA DEL PEATÓN,ESTADO DE EBRIEDAD Y/O DROGADICCIÓN,4.0,0,36.5,36.5,29.0,44.0,2,1,1,0,1,0,2
A-2023-11-150,2023-11-29,10:30,CHOQUE,1,0,0,CALLAO,CALLAO,VENTANILLA,URBANA,CARRETERA,NACIONAL,PE-1N,-11.8250424,-77.1229566205,DESPEJADO,INDUSTRIAL,TRAMO RECTO,PLANA ,ASFALTADA,,,,,IMPERICIA DEL CONDUCTOR,,10.0,0,44.0,44.0,38.0,50.0,1,2,1,0,2,0,2
A-2023-11-151,2023-11-29,12:30,CHOQUE,1,2,2,PUNO,HUANCANE,PUSI,RURAL,CARRETERA,NACIONAL,PE-34H,-15.3610386,-70.0521189,DESPEJADO,RURAL,TRAMO RECTO,PLANA ,ASFALTADA,,,,,IMPRUDENCIA DEL CONDUCTOR,CONDUCIR EN SENTIDO CONTRARIO,12.0,0,59.333333333333336,66.0,37.0,75.0,2,2,1,2,1,0,3
A-2023-11-145,2023-11-29,19:30,ATROPELLO FUGA,1,0,0,JUNIN,HUANCAYO,SAN JERONIMO DE TUNAN,URBANA,CARRETERA,NACIONAL,PE-3S,-11.957444,-75.276379,DESPEJADO,RURAL,TRAMO RECTO,PLANA ,ASFALTADA,NO,,,SI,EN PROCESO DE INVESTIGACIÓN,NO CUENTA CON CAUSA ESPECIFICA,19.0,0,53.0,53.0,50.0,56.0,2,1,1,0,1,0,3
A-2023-11-89,2023-11-29,21:40,DESPISTE,1,0,1,AREQUIPA,AREQUIPA,LA JOYA,URBANA,CARRETERA,NACIONAL,PE-1S,-16.5050105,-71.8224081,DESPEJADO,RESIDENCIAL,TRAMO RECTO,PLANA ,ASFALTADA,NO,,,SI,EN PROCESO DE INVESTIGACIÓN,NO CUENTA CON CAUSA ESPECIFICA,21.0,0,21.0,21.0,21.0,21.0,1,1,1,0,0,0,1
A-2023-11-54,2023-11-30,04:50,CHOQUE,1,0,2,LA LIBERTAD,VIRU,GUADALUPITO,RURAL,CARRETERA,NACIONAL,PE-1N,-8.71773,-78.636349,DESPEJADO,RURAL,TRAMO RECTO,PLANA ,ASFALTADA,,,,,IMPRUDENCIA DEL CONDUCTOR,FATIGA Y/O CANSANCIO,4.0,0,38.5,38.5,38.0,39.0,2,2,1,0,2,0,2
A-2023-11-86,2023-11-30,09:00,ATROPELLO,1,0,0,JUNIN,HUANCAYO,HUAYUCACHI,URBANA,CARRETERA,NACIONAL,PE-3S,-12.122053433707189,-75.21870014405582,DESPEJADO,RESIDENCIAL,TRAMO RECTO,PLANA ,ASFALTADA,NO,,,SI,IMPRUDENCIA DEL CONDUCTOR,OTRO (IMPRUDENCIA DEL CONDUCTOR),9.0,0,63.5,63.5,37.0,90.0,1,1,1,0,1,0,2
A-2023-11-53,2023-11-30,12:40,CHOQUE,1,0,2,LA LIBERTAD,TRUJILLO,VICTOR LARCO HERRERA,URBANA,CARRETERA,NACIONAL,PE-1N,-8.142941314344641,-79.02747500593753,DESPEJADO,INDUSTRIAL,CURVA,PLANA ,ASFALTADA,,,,,IMPRUDENCIA DEL CONDUCTOR,CONDUCIR EN ESTADO DE EBRIEDAD Y/O DROGADICCIÓN,12.0,0,47.0,47.0,38.0,56.0,1,2,1,0,2,0,2
A-2023-11-55,2023-11-30,19:30,CHOQUE,1,1,2,LA LIBERTAD,CHEPEN,CHEPEN,RURAL,CARRETERA,NACIONAL,PE-08,-7.284048866827425,-79.31384107523171,DESPEJADO,RURAL,TRAMO RECTO,PLANA ,ASFALTADA,,,,,IMPRUDENCIA DEL CONDUCTOR,DESACATO DE SEÑAL DE TRÁNSITO,19.0,0,34.5,34.5,23.0,46.0,2,2,1,1,1,0,2
A-2023-11-56,2023-11-30,19:35,ATROPELLO FUGA,1,0,0,PUNO,CHUCUITO,POMATA,RURAL,CARRETERA,DEPARTAMENTAL,PU-130,-16.2931678,-69.2315312,DESPEJADO,RURAL,TRAMO RECTO,PLANA ,ASFALTADA,,,,,EN PROCESO DE INVESTIGACIÓN,NO CUENTA CON CAUSA ESPECIFICA,19.0,0,65.0,65.0,65.0,65.0,1,0,1,0,0,0,2
A-2023-12-56,2023-12-01,05:55,CHOQUE,1,0,0,PASCO,PASCO,NINACACA,,CARRETERA,NACIONAL,PE-3N,-10.8936,-76.08042,,,,,,,,,,EN PROCESO DE INVESTIGACIÓN,NO CUENTA CON CAUSA ESPECIFICA,5.0,0,32.0,32.0,30.0,34.0,2,2,1,0,0,0,2
A-2023-12-163,2023-12-01,11:30,CHOQUE CON OBJETO FIJO,1,1,1,PUNO,SANDIA,SANDIA,URBANA,JIRÓN,URBANO,NO CORRESPONDE,-14.321107,-69.465885,DESPEJADO,RESIDENCIAL,TRAMO RECTO,PLANA ,ASFALTADA,,,,,IMPRUDENCIA DEL CONDUCTOR,CONDUCIR EN ESTADO DE EBRIEDAD Y/O DROGADICCIÓN,11.0,0,71.5,71.5,55.0,88.0,1,1,1,1,1,1,2
A-2023-12-28,2023-12-01,12:00,DESPISTE,1,0,0,CUSCO,PAUCARTAMBO,PAUCARTAMBO,RURAL,CARRETERA,PROVINCIAL,CU-981,-13.269451,-71.619832,NUBLADO,RURAL,CURVA,PLANA ,AFIRMADO,,,,,IMPRUDENCIA DEL CONDUCTOR,OTRO (IMPRUDENCIA DEL CONDUCTOR),12.0,0,27.0,27.0,27.0,27.0,1,1,1,0,0,0,1
A-2023-12-12,2023-12-01,19:50,CHOQUE FUGA,2,0,1,CUSCO,CALCA,LAMAY,RURAL,CARRETERA,NACIONAL,PE-28B,-13.377747,-71.916198,LLUVIOSO,RURAL,TRAMO RECTO,PLANA ,CONCRETO,NO,,,SI,IMPRUDENCIA DEL CONDUCTOR,CONDUCIR EN ESTADO DE EBRIEDAD Y/O DROGADICCIÓN,19.0,1,36.5,36.5,31.0,42.0,2,1,2,0,1,0,3
A-2023-12-36,2023-12-01,21:13,DESPISTE,1,0,1,LA LIBERTAD,PACASMAYO,GUADALUPE,RURAL,CARRETERA,NACIONAL,PE-1N,-7.259385,-79.489973,DESPEJADO,RURAL,TRAMO RECTO,PLANA ,ASFALTADA,,,,,EN PROCESO DE INVESTIGACIÓN,NO CUENTA CON CAUSA ESPECIFICA,21.0,0,39.0,39.0,29.0,49.0,2,1,1,0,0,0,2
A-2023-12-166,2023-12-02,02:30,DESPISTE,1,2,1,CAJAMARCA,CHOTA,CHOTA,RURAL,CARRETERA,NACIONAL,PE-3N,-6.6076301596672815,-78.62210422754289,DESPEJADO,RURAL,TRAMO RECTO,INCLINADA,ASFALTADA,NO,,,SI,IMPRUDENCIA DEL CONDUCTOR,OTRO (IMPRUDENCIA DEL CONDUCTOR),2.0,0,19.333333333333332,19.0,18.0,21.0,1,1,1,2,0,0,3
A-2023-12-57,2023-12-02,07:28,ATROPELLO,1,0,0,JUNIN,HUANCAYO,HUANCAYO,URBANA,CALLE,URBANO,NO CORRESPONDE,-12.071005,-75.20299,DESPEJADO,COMERCIAL,INTERSECCIÓN,PLANA ,ASFALTADA,,,,,IMPRUDENCIA DEL PEATÓN,OTRO (IMPRUDENCIA DEL PEATÓN),7.0,0,45.5,45.5,29.0,62.0,2,1,1,0,1,0,2
A-2023-12-88,2023-12-02,16:30,DESPISTE,1,0,0,LIMA,LIMA,PUENTE PIEDRA,URBANA,AVENIDA,URBANO,NO CORRESPONDE,-11.82183549,-77.10313954,DESPEJADO,RESIDENCIAL,TRAMO RECTO,INCLINADA,TROCHA,,,,,EN PROCESO DE INVESTIGACIÓN,NO CUENTA CON CAUSA ESPECIFICA,16.0,0,13.0,13.0,13.0,13.0,1,1,1,0,0,0,1
A-2023-12-37,2023-12-02,19:00,ATROPELLO,1,0,1,LA LIBERTAD,TRUJILLO,LA ESPERANZA,URBANA,AVENIDA,URBANO,NO CORRESPONDE,-8.06603606,-79.05134333,DESPEJADO,ESCOLAR,TRAMO RECTO,PLANA ,ASFALTADA,,,,,EN PROCESO DE INVESTIGACIÓN,NO CUENTA CON CAUSA ESPECIFICA,19.0,0,56.0,56.0,49.0,63.0,2,1,1,0,1,0,2
A-2023-12-89,2023-12-02,19:20,ATROPELLO,1,0,0,LIMA,LIMA,CARABAYLLO,URBANA,CARRETERA,NACIONAL,PE-20A,-11.89026193,-77.04416421,DESPEJADO,COMERCIAL,INTERSECCIÓN,PLANA ,ASFALTADA,,,,,EN PROCESO DE INVESTIGACIÓN,NO CUENTA CON CAUSA ESPECIFICA,19.0,0,67.0,67.0,60.0,74.0,2,1,1,0,0,0,2
A-2023-12-162,2023-12-03,04:20,CHOQUE,1,0,2,PUNO,AZANGARO,ASILLO,RURAL,CARRETERA,NACIONAL,PE-34B,-14.66751,-70.368807,DESPEJADO,RURAL,TRAMO RECTO,PLANA ,ASFALTADA,,,,,IMPRUDENCIA DEL CONDUCTOR,CONDUCIR EN ESTADO DE EBRIEDAD Y/O DROGADICCIÓN,4.0,0,32.5,32.5,30.0,35.0,2,2,1,0,1,1,2
A-2023-12-165,2023-12-03,05:00,CHOQUE FUGA,1,3,1,LIMA,HUARAL,AUCALLAMA,RURAL,CARRETERA,NACIONAL,PE-1N,-11.6287267,-77.2074235,DESPEJADO,RURAL,OTRO,INCLINADA,ASFALTADA,SI,PREVENTIVA (P),REGULADORA (R),NO,EN PROCESO DE INVESTIGACIÓN,NO CUENTA CON CAUSA ESPECIFICA,5.0,0,41.666666666666664,43.0,36.0,46.0,4,1,1,3,0,1,5
A-2023-12-38,2023-12-03,12:00,DESPISTE,1,3,1,LA LIBERTAD,SANCHEZ CARRION,CHUGAY,RURAL,CARRETERA,NACIONAL,PE-10C,-7.792644634373535,-77.77555664256874,DESPEJADO,RURAL,TRAMO RECTO,PLANA ,ASFALTADA,,,,,EN PROCESO DE INVESTIGACIÓN,NO CUENTA CON CAUSA ESPECIFICA,12.0,0,30.0,26.5,22.0,45.0,4,1,1,3,1,0,4
A-2023-12-8,2023-12-03,14:20,VOLCADURA,1,0,0,ICA,CHINCHA,EL CARMEN,RURAL,CARRETERA,SIN CLASIFICAR,SIN CLASIFICAR,-13.506284,-76.0856,DESPEJADO,RURAL,TRAMO RECTO,PLANA ,TROCHA,,,,,EN PROCESO DE INVESTIGACIÓN,NO CUENTA CON CAUSA ESPECIFICA,14.0,0,20.0,20.0,20.0,20.0,1,1,1,0,0,0,1
A-2023-12-132,2023-12-03,18:20,ATROPELLO,1,0,1,TACNA,TACNA,CIUDAD NUEVA,URBANA,AVENIDA,URBANO,NO CORRESPONDE,-17.9738389,-70.23355555555555,DESPEJADO,RESIDENCIAL,TRAMO RECTO,PLANA ,ASFALTADA,,,,,IMPRUDENCIA DEL CONDUCTOR,OTRO (IMPRUDENCIA DEL CONDUCTOR),18.0,0,48.5,48.5,35.0,62.0,1,1,1,0,0,0,2
A-2023-12-3,2023-12-03,22:00,ATROPELLO FUGA,1,0,0,SAN MARTIN,RIOJA,NUEVA CAJAMARCA,URBANA,CARRETERA,NACIONAL,PE-5N,-5.8048352,-77.3996292,DESPEJADO,COMERCIAL,TRAMO RECTO,PLANA ,ASFALTADA,,,,,EN PROCESO DE INVESTIGACIÓN,NO CUENTA CON CAUSA ESPECIFICA,22.0,0,43.0,43.0,43.0,43.0,1,0,1,0,0,0,2
A-2023-12-7,2023-12-03,23:00,DESPISTE,1,1,1,AMAZONAS,BAGUA,BAGUA,RURAL,CARRETERA,DEPARTAMENTAL,AM-101,-5.636136233,-78.51941,DESPEJADO,RURAL,TRAMO RECTO,PLANA ,ASFALTADA,,,,,EN PROCESO DE INVESTIGACIÓN,NO CUENTA CON CAUSA ESPECIFICA,23.0,0,43.0,43.0,41.0,45.0,1,1,1,1,1,0,2
A-2023-12-84,2023-12-03,23:30,CHOQUE,1,0,0,PIURA,HUANCABAMBA,HUANCABAMBA,RURAL,CARRETERA,NACIONAL,PE-02A,-5.2469066,-79.454381,DESPEJADO,RURAL,TRAMO RECTO,PLANA ,ASFALTADA,,,,,EN PROCESO DE INVESTIGACIÓN,NO CUENTA CON CAUSA ESPECIFICA,23.0,0,36.5,36.5,29.0,44.0,2,2,1,0,1,0,2
A-2023-12-39,2023-12-04,00:10,DESPISTE,1,0,1,LA LIBERTAD,TRUJILLO,HUANCHACO,RURAL,CARRETERA,NACIONAL,PE-1N,-8.047964,-79.0859653,DESPEJADO,RURAL,TRAMO RECTO,PLANA ,ASFALTADA,,,,,IMPRUDENCIA DEL CONDUCTOR,CONDUCIR EN ESTADO DE EBRIEDAD Y/O DROGADICCIÓN,0.0,0,27.0,27.0,27.0,27.0,1,1,1,0,1,0,1
A-2023-12-90,2023-12-04,00:23,DESPISTE,1,0,0,LIMA,LIMA,COMAS,URBANA,AVENIDA,URBANO,NO CORRESPONDE,-11.90797158,-77.04385492,DESPEJADO,ESCOLAR,TRAMO RECTO,PLANA ,ASFALTADA,SI,REGULADORA (R),,SI,EN PROCESO DE INVESTIGACIÓN,NO CUENTA CON CAUSA ESPECIFICA,0.0,0,31.0,31.0,31.0,31.0,1,1,1,0,1,0,2
A-2023-12-91,2023-12-04,02:30,ATROPELLO,1,0,0,LIMA,LIMA,LOS OLIVOS,URBANA,CARRETERA,NACIONAL,PE-1N,-11.96652,-77.067755,DESPEJADO,COMERCIAL,TRAMO RECTO,PLANA ,ASFALTADA,NO,,,SI,EN PROCESO DE INVESTIGACIÓN,NO CUENTA CON CAUSA ESPECIFICA,2.0,0,39.0,39.0,30.0,48.0,2,1,1,0,1,0,2
A-2023-12-123,2023-12-04,04:30,DESPISTE,1,0,1,AYACUCHO,HUANTA,HUAMANGUILLA,RURAL,CARRETERA,PROVINCIAL,AY-646,-13.007279930018624,-74.15014007542754,DESPEJADO,RURAL,CURVA,INCLINADA,ASFALTADA,SI,PREVENTIVA (P),,NO,IMPRUDENCIA DEL CONDUCTOR,CONDUCIR EN ESTADO DE EBRIEDAD Y/O DROGADICCIÓN,4.0,0,32.0,32.0,29.0,35.0,2,1,1,0,1,1,2
A-2023-12-1,2023-12-04,10:30,CHOQUE,1,0,2,PUNO,EL COLLAO,ILAVE,RURAL,CARRETERA,NACIONAL,PE-3S,-16.134258,-69.579571,DESPEJADO,RURAL,CURVA,PLANA ,ASFALTADA,,,,,NEGLIGENCIA DEL CONDUCTOR,CONDUCIR CON FALLAS DE NEUMÁTICOS,10.0,0,31.5,31.5,28.0,35.0,1,2,1,0,2,0,3
A-2023-12-58,2023-12-04,15:10,ATROPELLO FUGA,1,0,0,JUNIN,CHUPACA,CHUPACA,RURAL,CARRETERA,PROVINCIAL,JU-931,-12.064318,-75.300338,DESPEJADO,RURAL,TRAMO RECTO,PLANA ,ASFALTADA,,,,,EN PROCESO DE INVESTIGACIÓN,NO CUENTA CON CAUSA ESPECIFICA,15.0,0,24.0,24.0,24.0,24.0,0,0,1,0,0,0,2
A-2023-12-92,2023-12-04,18:30,ATROPELLO,1,0,0,LIMA,LIMA,ATE,URBANA,CARRETERA,NACIONAL,PE-22,-12.006244,-76.848847,DESPEJADO,COMERCIAL,CURVA,PLANA ,ASFALTADA,,,,,EN PROCESO DE INVESTIGACIÓN,NO CUENTA CON CAUSA ESPECIFICA,18.0,0,47.5,47.5,23.0,72.0,2,1,1,0,1,0,2
A-2023-12-169,2023-12-04,20:00,DESPISTE,1,6,1,CAJAMARCA,SAN IGNACIO,LA COIPA,RURAL,CARRETERA,NACIONAL,PE-02B,-5.469562,-78.97762,DESPEJADO,RURAL,CURVA,INCLINADA,AFIRMADO,,,,,IMPRUDENCIA DEL CONDUCTOR,OTRO (IMPRUDENCIA DEL CONDUCTOR),20.0,0,52.0,51.0,39.0,69.0,3,1,1,6,1,0,7
A-2023-12-59,2023-12-04,23:58,ATROPELLO FUGA,1,0,0,JUNIN,YAULI,LA OROYA,URBANA,CARRETERA,NACIONAL,PE-22,-11.524779043009966,-75.9124270200028,DESPEJADO,RESIDENCIAL,TRAMO RECTO,PLANA ,ASFALTADA,SI,PREVENTIVA (P),,SI,EN PROCESO DE INVESTIGACIÓN,NO CUENTA CON CAUSA ESPECIFICA,23.0,0,47.0,47.0,35.0,59.0,2,1,1,0,0,0,2
A-2023-12-77,2023-12-05,07:15,ATROPELLO,1,2,2,AREQUIPA,AREQUIPA,CERRO COLORADO,URBANA,CARRETERA,NACIONAL,PE-34A,-16.382663,-71.577492,DESPEJADO,INDUSTRIAL,TRAMO RECTO,INCLINADA,ASFALTADA,,,,,EN PROCESO DE INVESTIGACIÓN,NO CUENTA CON CAUSA ESPECIFICA,7.0,0,43.5,43.5,29.0,58.0,4,1,1,2,1,0,6
A-2023-12-160,2023-12-05,08:45,CHOQUE,1,0,2,PUNO,HUANCANE,TARACO,RURAL,CARRETERA,NACIONAL,PE-34H,-15.289029,-69.947184,DESPEJADO,RURAL,TRAMO RECTO,PLANA ,ASFALTADA,,,,,IMPRUDENCIA DEL CONDUCTOR,INVASIÓN DE CARRIL,8.0,0,42.0,42.0,33.0,51.0,2,2,1,0,2,0,2
A-2023-12-82,2023-12-05,15:40,CHOQUE,1,0,0,PIURA,PIURA,VEINTISEIS DE OCTUBRE,URBANA,CARRETERA,NACIONAL,PE-1N,-5.21434154339334,-80.6530346532596,DESPEJADO,RURAL,TRAMO RECTO,PLANA ,ASFALTADA,,,,,EN PROCESO DE INVESTIGACIÓN,NO CUENTA CON CAUSA ESPECIFICA,15.0,0,39.0,39.0,20.0,58.0,2,2,1,0,2,0,2
A-2023-12-153,2023-12-05,17:15,ATROPELLO,1,0,1,PUNO,AZANGARO,AZANGARO,RURAL,CARRETERA,SIN CLASIFICAR,SIN CLASIFICAR,-14.922138333048496,-70.14353690304377,DESPEJADO,RURAL,TRAMO RECTO,PLANA ,ASFALTADA,,,,,IMPRUDENCIA DEL CONDUCTOR,EXCESO DE VELOCIDAD,17.0,0,62.5,62.5,51.0,74.0,2,1,1,0,0,0,2
A-2023-12-22,2023-12-05,19:31,ATROPELLO,1,0,0,CUSCO,CANCHIS,SAN PEDRO,URBANA,CARRETERA,PROVINCIAL,CU-1443,-14.188014987241557,-71.34049527285484,DESPEJADO,RESIDENCIAL,TRAMO RECTO,PLANA ,CONCRETO,,,,,IMPRUDENCIA DEL CONDUCTOR,CONDUCIR EN ESTADO DE EBRIEDAD Y/O DROGADICCIÓN,19.0,0,58.5,58.5,56.0,61.0,2,1,1,0,1,0,2
A-2023-12-60,2023-12-05,22:30,DESPISTE,1,0,0,JUNIN,YAULI,LA OROYA,RURAL,CARRETERA,NACIONAL,PE-22,-11.617519,-75.983458,,,,,,,,,,EN PROCESO DE INVESTIGACIÓN,NO CUENTA CON CAUSA ESPECIFICA,22.0,0,27.0,27.0,27.0,27.0,1,1,1,0,0,0,1
A-2023-12-146,2023-12-06,12:30,ATROPELLO,1,0,0,CALLAO,CALLAO,BELLAVISTA,URBANA,AVENIDA,URBANO,NO CORRESPONDE,-12.0549712002599,-77.1046262993682,DESPEJADO,COMERCIAL,TRAMO RECTO,INCLINADA,ASFALTADA,NO,,,SI,IMPRUDENCIA DEL CONDUCTOR,OTRO (IMPRUDENCIA DEL CONDUCTOR),12.0,0,72.5,72.5,55.0,90.0,2,1,1,0,1,0,2
A-2023-12-95,2023-12-06,17:00,ATROPELLO FUGA,1,0,0,LIMA,LIMA,ATE,URBANA,OTRO,URBANO,NO CORRESPONDE,-12.014912092187346,-76.88664516127183,DESPEJADO,INDUSTRIAL,INTERSECCIÓN,PLANA ,CASCAJO/RIPIO,SI,INFORMATIVA (I),,NO,EN PROCESO DE INVESTIGACIÓN,NO CUENTA CON CAUSA ESPECIFICA,17.0,0,66.0,66.0,66.0,66.0,1,0,1,0,0,0,2
A-2023-12-171,2023-12-06,23:00,VOLCADURA,2,0,1,CAJAMARCA,CONTUMAZA,CUPISNIQUE,RURAL,CARRETERA,PROVINCIAL,CA-1373,-7.348748,-79.029944,DESPEJADO,RURAL,CURVA,PLANA ,AFIRMADO,,,,,IMPRUDENCIA DEL CONDUCTOR,OTRO (IMPRUDENCIA DEL CONDUCTOR),23.0,1,41.0,41.0,40.0,42.0,1,1,2,0,1,0,2
A-2023-12-2,2023-12-07,04:00,CHOQUE FUGA,1,0,0,PUNO,PUNO,MAÑAZO,RURAL,CARRETERA,DEPARTAMENTAL,PU-122,-15.790874360629934,-70.32061636634705,DESPEJADO,RURAL,TRAMO RECTO,PLANA ,ASFALTADA,,,,,IMPRUDENCIA DEL CONDUCTOR,CONDUCIR EN ESTADO DE EBRIEDAD Y/O DROGADICCIÓN,4.0,0,42.0,42.0,42.0,42.0,1,1,1,0,1,0,2
A-2023-12-23,2023-12-07,05:10,DESPISTE,1,0,1,CUSCO,CANCHIS,PITUMARCA,RURAL,CARRETERA,DEPARTAMENTAL,CU-124,-13.965871,-71.408326,NUBLADO,RURAL,TRAMO RECTO,PLANA ,TROCHA,,,,,IMPRUDENCIA DEL CONDUCTOR,FATIGA Y/O CANSANCIO,5.0,0,35.0,35.0,35.0,35.0,1,1,1,0,1,0,1
A-2023-12-40,2023-12-07,06:00,DESPISTE,1,0,1,LA LIBERTAD,ASCOPE,CHOCOPE,RURAL,CARRETERA,NACIONAL,PE-1N,-7.786496,-79.239554,DESPEJADO,RURAL,TRAMO RECTO,PLANA ,ASFALTADA,,,,,NEGLIGENCIA DEL CONDUCTOR,OTRO (NEGLIGENCIA DEL CONDUCTOR),6.0,0,21.0,21.0,19.0,23.0,1,1,1,0,1,0,2
A-2023-12-76,2023-12-07,07:10,CHOQUE,1,0,2,AREQUIPA,ISLAY,MOLLENDO,RURAL,CARRETERA,NACIONAL,PE-1SD,-17.030132,-71.992784,DESPEJADO,RURAL,TRAMO RECTO,INCLINADA,ASFALTADA,SI,REGULADORA (R),,SI,EN PROCESO DE INVESTIGACIÓN,NO CUENTA CON CAUSA ESPECIFICA,7.0,0,56.5,56.5,45.0,68.0,2,2,1,0,1,0,2
A-2023-12-161,2023-12-07,08:30,DESPISTE,1,2,1,PUNO,LAMPA,CALAPUJA,RURAL,CARRETERA,NACIONAL,PE-34B,-15.2945642943843,-70.22315020084868,DESPEJADO,RURAL,TRAMO RECTO,PLANA ,ASFALTADA,,,,,IMPRUDENCIA DEL CONDUCTOR,EXCESO DE VELOCIDAD,8.0,0,25.333333333333332,25.0,18.0,33.0,3,1,1,2,1,0,3