CODIGO_SINIESTRO,FECHA_SINIESTRO,HORA_SINIESTRO,CLASE_SINIESTRO,CANTIDAD_FALLECIDOS,CANTIDAD_LESIONADOS,CANTIDAD_VEHICULOS,DEPARTAMENTO,PROVINCIA,DISTRITO,ZONA,TIPO_VIA,RED_VIAL,COD_CARRETERA,LATITUD,LONGITUD,CONDICION_CLIMATICA,ZONIFICACION,CARACTERISTICAS_VIA,PERFIL_VIA,SUPERFICIE_CALZADA,EXISTE_SENIAL_VERTICAL,CLASIFICACION_SENIAL_VERTICAL_1,CLASIFICACION_SENIAL_VERTICAL_2,EXISTE_SENIAL_HORIZONTAL,CAUSA_FACTOR_PRINCIPAL,CAUSA_ESPECIFICA,HORA,severidad,EDAD_PROMEDIO,EDAD_MEDIANA,EDAD_MIN,EDAD_MAX,TOTAL_MASCULINOS,TOTAL_CONDUCTORES,TOTAL_FALLECIDOS_AGG,TOTAL_LESIONADOS_AGG,TOTAL_LICENCIA,TOTAL_ALCOHOL_POSITIVO,TOTAL_PERSONAS
A-2023-12-167,2023-12-07,10:30,VOLCADURA,1,1,1,CAJAMARCA,SAN PABLO,SAN BERNARDINO,RURAL,CARRETERA,NACIONAL,PE-08A,-7.161975,-78.838138,DESPEJADO,RURAL,TRAMO RECTO,PLANA ,ASFALTADA,NO,,,SI,IMPRUDENCIA DEL CONDUCTOR,OTRO (IMPRUDENCIA DEL CONDUCTOR),10.0,0,6.0,6.0,0.0,12.0,0,0,1,1,0,0,3
A-2023-12-17,2023-12-07,13:50,DESPISTE,2,0,1,PASCO,PASCO,NINACACA,RURAL,CARRETERA,DEPARTAMENTAL,PA-106,-10.6355129803478,-75.9096359778084,DESPEJADO,RURAL,TRAMO RECTO,PLANA ,TROCHA,,,,,IMPRUDENCIA DEL CONDUCTOR,FATIGA Y/O CANSANCIO,13.0,1,62.0,62.0,61.0,63.0,1,1,2,0,1,0,2
A-2023-12-158,2023-12-07,19:00,DESPISTE,1,0,1,PUNO,HUANCANE,VILQUE CHICO,RURAL,CARRETERA,SIN CLASIFICAR,SIN CLASIFICAR,-15.110003,-69.682049,DESPEJADO,RURAL,TRAMO RECTO,INCLINADA,TROCHA,,,,,IMPRUDENCIA DEL CONDUCTOR,EXCESO DE VELOCIDAD,19.0,0,65.0,65.0,62.0,68.0,1,1,1,0,0,0,2
A-2023-12-32,2023-12-07,19:10,DESPISTE,1,1,1,CUSCO,CALCA,YANATILE,RURAL,CARRETERA,PROVINCIAL,CU-750,-12.687034,-72.294879,DESPEJADO,RURAL,CURVA,INCLINADA,AFIRMADO,,,,,INFRAESTRUCTURA Y ENTORNO VIAL,OTRO (INFRAESTRUCTURA Y ENTORNO VIAL),19.0,0,48.0,48.0,42.0,54.0,2,1,1,1,1,0,2
A-2023-12-168,2023-12-07,21:00,DESPISTE,1,2,1,CAJAMARCA,CAJAMARCA,NAMORA,RURAL,CARRETERA,NACIONAL,PE-3N,-7.187174,-78.356803,DESPEJADO,RURAL,TRAMO RECTO,INCLINADA,ASFALTADA,,,,,IMPRUDENCIA DEL CONDUCTOR,EXCESO DE VELOCIDAD,21.0,0,36.666666666666664,30.0,22.0,58.0,0,0,1,2,0,0,4
A-2023-12-93,2023-12-07,23:50,ATROPELLO,1,1,0,LIMA,LIMA,VILLA EL SALVADOR,RURAL,CARRETERA,NACIONAL,PE-1S,-12.229058,-76.968159,DESPEJADO,INDUSTRIAL,TRAMO RECTO,PLANA ,ASFALTADA,NO,,,SI,EN PROCESO DE INVESTIGACIÓN,NO CUENTA CON CAUSA ESPECIFICA,23.0,0,31.5,31.5,28.0,35.0,2,1,1,1,1,0,2
A-2023-12-10,2023-12-08,05:30,CHOQUE,1,1,3,ICA,ICA,LOS AQUIJES,RURAL,CARRETERA,PROVINCIAL,IC-653,-14.09797832,-75.68375776,DESPEJADO,RURAL,TRAMO RECTO,PLANA ,ASFALTADA,,,,,EN PROCESO DE INVESTIGACIÓN,NO CUENTA CON CAUSA ESPECIFICA,5.0,0,44.0,39.0,27.0,66.0,3,3,1,1,1,0,3
A-2023-12-54,2023-12-08,17:04,ATROPELLO,1,0,1,TACNA,TACNA,CORONEL GREGORIO ALBARRACIN LANCHIPA,URBANA,AVENIDA,URBANO,NO CORRESPONDE,-18.05367,-70.242646,DESPEJADO,RESIDENCIAL,TRAMO RECTO,PLANA ,ASFALTADA,,,,,IMPRUDENCIA DEL CONDUCTOR,CONDUCIR EN ESTADO DE EBRIEDAD Y/O DROGADICCIÓN,17.0,0,30.0,30.0,25.0,35.0,2,1,1,0,0,1,2
A-2023-12-94,2023-12-08,19:15,CHOQUE,1,0,0,LIMA,LIMA,LOS OLIVOS,URBANA,CARRETERA,NACIONAL,PE-1N,-11.97016,-77.067188,DESPEJADO,INDUSTRIAL,TRAMO RECTO,PLANA ,ASFALTADA,,,,,EN PROCESO DE INVESTIGACIÓN,NO CUENTA CON CAUSA ESPECIFICA,19.0,0,48.5,48.5,48.0,49.0,2,2,1,0,2,0,2
A-2023-12-75,2023-12-08,22:00,DESPISTE,5,1,1,AREQUIPA,CAYLLOMA,YANQUE,RURAL,CARRETERA,DEPARTAMENTAL,AR-109,-15.650821,-71.641526,DESPEJADO,RURAL,TRAMO RECTO,INCLINADA,ASFALTADA,NO,,,SI,EN PROCESO DE INVESTIGACIÓN,NO CUENTA CON CAUSA ESPECIFICA,22.0,2,45.166666666666664,42.5,27.0,76.0,2,1,5,1,1,0,6
A-2023-12-96,2023-12-09,04:20,ATROPELLO FUGA,1,0,0,LIMA,LIMA,CARABAYLLO,URBANA,AVENIDA,URBANO,NO CORRESPONDE,-11.8753391,-77.02459206,DESPEJADO,COMERCIAL,TRAMO RECTO,PLANA ,ASFALTADA,,,,,EN PROCESO DE INVESTIGACIÓN,NO CUENTA CON CAUSA ESPECIFICA,4.0,0,33.0,33.0,33.0,33.0,1,0,1,0,0,0,2
A-2023-12-159,2023-12-09,04:30,CHOQUE,1,0,2,PUNO,LAMPA,PUCARA,RURAL,CARRETERA,NACIONAL,PE-3S,-15.096223181605325,-70.35588195391449,DESPEJADO,RURAL,TRAMO RECTO,PLANA ,ASFALTADA,,,,,IMPRUDENCIA DEL CONDUCTOR,CONDUCIR EN ESTADO DE EBRIEDAD Y/O DROGADICCIÓN,4.0,0,38.5,38.5,33.0,44.0,2,2,1,0,2,0,2
A-2023-12-14,2023-12-09,06:05,CHOQUE,1,0,2,AMAZONAS,RODRIGUEZ DE MENDOZA,SAN NICOLAS,RURAL,CARRETERA,NACIONAL,PE-08B,-6.395578,-77.479176,DESPEJADO,RURAL,INTERSECCIÓN,INCLINADA,CONCRETO,NO,,,SI,EN PROCESO DE INVESTIGACIÓN,NO CUENTA CON CAUSA ESPECIFICA,6.0,0,57.0,57.0,42.0,72.0,2,2,1,0,1,0,2
A-2023-12-85,2023-12-09,15:35,CHOQUE,1,1,0,PIURA,HUANCABAMBA,CANCHAQUE,RURAL,CARRETERA,NACIONAL,PE-02A,-5.389598,-79.609396,DESPEJADO,RURAL,TRAMO RECTO,PLANA ,ASFALTADA,,,,,EN PROCESO DE INVESTIGACIÓN,NO CUENTA CON CAUSA ESPECIFICA,15.0,0,22.666666666666668,18.0,15.0,35.0,3,2,1,1,1,0,3
A-2023-12-133,2023-12-09,18:20,CHOQUE,2,17,2,TACNA,TACNA,SAMA,RURAL,CARRETERA,NACIONAL,PE-1S,-17.7888694,-70.666925,DESPEJADO,RURAL,TRAMO RECTO,PLANA ,ASFALTADA,,,,,IMPRUDENCIA DEL CONDUCTOR,CONDUCIR EN ESTADO DE EBRIEDAD Y/O DROGADICCIÓN,18.0,1,40.05263157894737,42.0,2.0,73.0,8,2,2,17,1,0,19
A-2023-12-154,2023-12-09,19:40,CHOQUE,1,0,2,PUNO,AZANGARO,AZANGARO,RURAL,CARRETERA,DEPARTAMENTAL,PU-113,-14.92251,-70.183183,DESPEJADO,RURAL,TRAMO RECTO,PLANA ,ASFALTADA,,,,,IMPRUDENCIA DEL CONDUCTOR,EXCESO DE VELOCIDAD,19.0,0,71.5,71.5,71.0,72.0,1,1,1,0,1,0,3
A-2023-12-97,2023-12-09,20:55,ATROPELLO,1,0,0,LIMA,LIMA,LOS OLIVOS,URBANA,AVENIDA,URBANO,NO CORRESPONDE,-11.99063659,-77.07175319,DESPEJADO,COMERCIAL,TRAMO RECTO,PLANA ,ASFALTADA,,,,,EN PROCESO DE INVESTIGACIÓN,NO CUENTA CON CAUSA ESPECIFICA,20.0,0,57.0,57.0,24.0,90.0,2,1,1,0,0,0,2
A-2023-12-83,2023-12-10,02:20,CHOQUE,1,1,0,PIURA,HUANCABAMBA,CANCHAQUE,RURAL,CARRETERA,NACIONAL,PE-02A,-5.38985374388101,-79.5994902271649,DESPEJADO,RURAL,TRAMO RECTO,PLANA ,ASFALTADA,,,,,IMPRUDENCIA DEL CONDUCTOR,INVASIÓN DE CARRIL,2.0,0,38.333333333333336,40.0,27.0,48.0,3,2,1,1,1,1,3
A-2023-12-61,2023-12-10,13:00,CHOQUE,1,0,0,JUNIN,YAULI,MOROCOCHA,RURAL,CARRETERA,NACIONAL,PE-22,-11.594118,-76.092812,LLUVIOSO,RURAL,CURVA,PLANA ,ASFALTADA,NO,,,SI,EN PROCESO DE INVESTIGACIÓN,NO CUENTA CON CAUSA ESPECIFICA,13.0,0,32.5,32.5,24.0,41.0,2,2,1,0,0,0,2
A-2023-12-41,2023-12-10,14:00,CHOQUE,1,1,2,LA LIBERTAD,VIRU,GUADALUPITO,RURAL,CARRETERA,NACIONAL,PE-1N,-8.69736,-78.638,DESPEJADO,RURAL,TRAMO RECTO,PLANA ,ASFALTADA,,,,,IMPRUDENCIA DEL CONDUCTOR,OTRO (IMPRUDENCIA DEL CONDUCTOR),14.0,0,50.333333333333336,54.0,40.0,57.0,2,2,1,1,2,0,3
A-2023-12-19,2023-12-10,16:30,CHOQUE,1,1,2,CUSCO,CHUMBIVILCAS,QUIÑOTA,RURAL,CARRETERA,NACIONAL,PE-3SG,-14.298914,-72.139453,LLUVIOSO,RURAL,CURVA,INCLINADA,ASFALTADA,SI,PREVENTIVA (P),,SI,NEGLIGENCIA DEL CONDUCTOR,OTRO (NEGLIGENCIA DEL CONDUCTOR),16.0,0,23.5,23.5,18.0,29.0,3,2,1,1,0,0,3
A-2023-12-131,2023-12-10,21:00,DESPISTE,1,2,1,TACNA,TACNA,CORONEL GREGORIO ALBARRACIN LANCHIPA,RURAL,CARRETERA,SIN CLASIFICAR,SIN CLASIFICAR,-18.103728,-70.257703,DESPEJADO,RURAL,CURVA,INCLINADA,TROCHA,,,,,IMPRUDENCIA DEL CONDUCTOR,CONDUCIR EN ESTADO DE EBRIEDAD Y/O DROGADICCIÓN,21.0,0,49.666666666666664,53.0,43.0,53.0,2,1,1,2,0,0,3
A-2023-12-98,2023-12-10,22:40,ATROPELLO,1,0,0,LIMA,LIMA,LIMA,URBANA,AVENIDA,URBANO,NO CORRESPONDE,-12.03636784,-77.05954158,DESPEJADO,COMERCIAL,INTERSECCIÓN,PLANA ,ASFALTADA,NO,,,SI,EN PROCESO DE INVESTIGACIÓN,NO CUENTA CON CAUSA ESPECIFICA,22.0,0,36.0,36.0,34.0,38.0,2,1,1,0,0,0,2
A-2023-12-20,2023-12-10,23:20,CAÍDA DE PASAJERO,1,0,0,CUSCO,ANTA,ANTA,URBANA,CARRETERA,NACIONAL,PE-3S,-13.462805127658916,-72.14815721872162,DESPEJADO,COMERCIAL,TRAMO RECTO,PLANA ,ASFALTADA,SI,REGULADORA (R),,SI,IMPRUDENCIA DEL CONDUCTOR,CONDUCIR EN ESTADO DE EBRIEDAD Y/O DROGADICCIÓN,23.0,0,19.0,19.0,19.0,19.0,2,1,1,0,1,1,2
A-2023-12-170,2023-12-11,05:30,CHOQUE CON OBJETO FIJO,1,1,1,CAJAMARCA,JAEN,JAEN,RURAL,CARRETERA,NACIONAL,PE-04C,-5.887664,-78.82835,DESPEJADO,RURAL,CURVA,PLANA ,ASFALTADA,,,,,IMPRUDENCIA DEL CONDUCTOR,EXCESO DE VELOCIDAD,5.0,0,25.0,25.0,21.0,29.0,2,1,1,1,0,0,2
A-2023-12-99,2023-12-11,10:30,ATROPELLO,1,0,0,LIMA,LIMA,LOS OLIVOS,URBANA,AVENIDA,URBANO,NO CORRESPONDE,-11.96125055,-77.07634762,DESPEJADO,COMERCIAL,CURVA,PLANA ,ASFALTADA,,,,,EN PROCESO DE INVESTIGACIÓN,NO CUENTA CON CAUSA ESPECIFICA,10.0,0,47.5,47.5,26.0,69.0,2,1,1,0,0,0,2
A-2023-12-141,2023-12-11,12:30,DESPISTE,1,0,1,PUNO,SAN ANTONIO DE PUTINA,SINA,RURAL,CARRETERA,PROVINCIAL,PU-597,-14.598300129735971,-69.2753080579089,DESPEJADO,RURAL,TRAMO RECTO,PLANA ,TROCHA,,,,,IMPRUDENCIA DEL CONDUCTOR,OTRO (IMPRUDENCIA DEL CONDUCTOR),12.0,0,37.0,37.0,37.0,37.0,1,1,1,0,1,0,1
A-2023-12-74,2023-12-11,14:00,DESPISTE,1,1,1,AREQUIPA,AREQUIPA,YURA,RURAL,CARRETERA,PROVINCIAL,AR-706,-16.24224,-71.738126,DESPEJADO,RURAL,TRAMO RECTO,INCLINADA,TROCHA,,,,,EN PROCESO DE INVESTIGACIÓN,NO CUENTA CON CAUSA ESPECIFICA,14.0,0,30.5,30.5,11.0,50.0,1,1,1,1,1,0,2
A-2023-12-100,2023-12-11,18:20,ATROPELLO,1,0,0,LIMA,LIMA,COMAS,URBANA,AVENIDA,URBANO,NO CORRESPONDE,-11.94011587,-77.05954281,DESPEJADO,COMERCIAL,INTERSECCIÓN,PLANA ,ASFALTADA,SI,PREVENTIVA (P),INFORMATIVA (I),NO,EN PROCESO DE INVESTIGACIÓN,NO CUENTA CON CAUSA ESPECIFICA,18.0,0,50.5,50.5,34.0,67.0,2,1,1,0,1,0,2
A-2023-12-155,2023-12-12,03:00,VOLCADURA,1,1,1,PUNO,CARABAYA,MACUSANI,RURAL,CARRETERA,NACIONAL,PE-34B,-14.0553679,-70.43943277,DESPEJADO,RURAL,TRAMO RECTO,PLANA ,ASFALTADA,,,,,IMPRUDENCIA DEL CONDUCTOR,EXCESO DE VELOCIDAD,3.0,0,22.5,22.5,20.0,25.0,2,1,1,1,1,0,2
A-2023-12-24,2023-12-12,07:30,FERROVIARIO,1,0,0,CUSCO,CUSCO,CUSCO,URBANA,OTRO,URBANO,NO CORRESPONDE,-13.50347775095295,-72.02330530357915,LLUVIOSO,RESIDENCIAL,TRAMO RECTO,PLANA ,CASCAJO/RIPIO,,,,,IMPRUDENCIA DEL PEATÓN,CRUCE INDEBIDO POR LA CALZADA,7.0,0,54.0,54.0,44.0,64.0,2,1,1,0,1,0,2
A-2023-12-78,2023-12-12,08:00,DESPISTE,1,1,1,LIMA,HUAURA,SAYAN,RURAL,CARRETERA,NACIONAL,PE-18,-11.16081,-77.30128,SOLEADO,RURAL,TRAMO RECTO,PLANA ,ASFALTADA,,,,,EN PROCESO DE INVESTIGACIÓN,NO CUENTA CON CAUSA ESPECIFICA,8.0,0,38.5,38.5,24.0,53.0,2,1,1,1,0,0,2
A-2023-12-101,2023-12-12,10:00,ATROPELLO,1,0,0,LIMA,LIMA,VILLA MARIA DEL TRIUNFO,URBANA,AVENIDA,URBANO,NO CORRESPONDE,-12.14289611,-76.95388416,DESPEJADO,RESIDENCIAL,TRAMO RECTO,INCLINADA,ASFALTADA,,,,,EN PROCESO DE INVESTIGACIÓN,NO CUENTA CON CAUSA ESPECIFICA,10.0,0,53.0,53.0,21.0,85.0,2,1,1,0,0,0,2
A-2023-12-42,2023-12-12,15:00,CHOQUE,1,1,2,LA LIBERTAD,VIRU,CHAO,RURAL,CARRETERA,NACIONAL,PE-1N,-8.540948,-78.675924,DESPEJADO,RURAL,TRAMO RECTO,PLANA ,ASFALTADA,,,,,IMPRUDENCIA DEL CONDUCTOR,OTRO (IMPRUDENCIA DEL CONDUCTOR),15.0,0,26.0,27.0,22.0,29.0,2,2,1,1,1,0,3
A-2023-12-134,2023-12-12,19:10,ATROPELLO FUGA,1,0,0,TACNA,TACNA,SAMA,RURAL,CARRETERA,NACIONAL,PE-1S,-17.878577835166208,-70.44786570530901,DESPEJADO,RURAL,TRAMO RECTO,PLANA ,ASFALTADA,,,,,EN PROCESO DE INVESTIGACIÓN,NO CUENTA CON CAUSA ESPECIFICA,19.0,0,67.0,67.0,67.0,67.0,1,0,1,0,0,0,2
A-2023-12-152,2023-12-13,10:10,DESPISTE,1,1,1,PUNO,CARABAYA,CRUCERO,RURAL,CARRETERA,NACIONAL,PE-34K,-14.352796,-70.081775,DESPEJADO,RURAL,TRAMO RECTO,PLANA ,ASFALTADA,,,,,IMPRUDENCIA DEL CONDUCTOR,EXCESO DE VELOCIDAD,10.0,0,38.5,38.5,28.0,49.0,2,1,1,1,0,0,2
A-2023-12-129,2023-12-13,18:30,CHOQUE,3,0,2,TACNA,JORGE BASADRE,ITE,RURAL,CARRETERA,NACIONAL,PE-1SD,-17.877327,-71.020774,DESPEJADO,RURAL,TRAMO RECTO,PLANA ,ASFALTADA,,,,,IMPRUDENCIA DEL CONDUCTOR,OTRO (IMPRUDENCIA DEL CONDUCTOR),18.0,2,49.5,47.0,40.0,64.0,2,2,3,0,2,0,4
A-2023-12-62,2023-12-14,04:00,CHOQUE,1,2,0,JUNIN,JUNIN,JUNIN,RURAL,CARRETERA,NACIONAL,PE-3N,-11.2148215,-75.9486199,,,,,,,,,,EN PROCESO DE INVESTIGACIÓN,NO CUENTA CON CAUSA ESPECIFICA,4.0,0,34.333333333333336,27.0,25.0,51.0,3,2,1,2,0,0,3
A-2023-12-103,2023-12-14,05:45,CHOQUE,2,1,0,LIMA,LIMA,SAN BARTOLO,RURAL,CARRETERA,NACIONAL,PE-1S,-12.393781,-76.761351,DESPEJADO,RURAL,TRAMO RECTO,INCLINADA,ASFALTADA,,,,,EN PROCESO DE INVESTIGACIÓN,NO CUENTA CON CAUSA ESPECIFICA,5.0,1,38.75,35.5,22.0,62.0,3,2,2,1,2,0,4
A-2023-12-102,2023-12-14,06:30,DESPISTE,3,8,0,LIMA,LIMA,LURIN,RURAL,CARRETERA,NACIONAL,PE-1S,-12.251733,-76.92881,DESPEJADO,INDUSTRIAL,TRAMO RECTO,PLANA ,ASFALTADA,,,,,EN PROCESO DE INVESTIGACIÓN,NO CUENTA CON CAUSA ESPECIFICA,6.0,2,34.75,32.5,26.0,48.0,2,1,3,8,1,0,12
A-2023-12-124,2023-12-14,12:43,CHOQUE,1,0,2,AYACUCHO,HUAMANGA,SAN JUAN BAUTISTA,URBANA,AVENIDA,URBANO,NO CORRESPONDE,-13.174876,-74.196616,DESPEJADO,RESIDENCIAL,TRAMO RECTO,INCLINADA,ASFALTADA,,,,,IMPRUDENCIA DEL CONDUCTOR,CONDUCIR EN ESTADO DE EBRIEDAD Y/O DROGADICCIÓN,12.0,0,37.0,37.0,21.0,53.0,2,2,1,0,1,1,2
A-2023-12-73,2023-12-14,13:30,CHOQUE,6,0,2,AREQUIPA,CAYLLOMA,SAN ANTONIO DE CHUCA,RURAL,CARRETERA,NACIONAL,PE-34A,-15.811953,-71.063505,DESPEJADO,RURAL,TRAMO RECTO,PLANA ,ASFALTADA,NO,,,SI,EN PROCESO DE INVESTIGACIÓN,NO CUENTA CON CAUSA ESPECIFICA,13.0,2,35.57142857142857,40.0,6.0,51.0,4,2,6,0,1,0,7
A-2023-12-63,2023-12-14,18:30,DESPISTE,1,0,0,JUNIN,CHUPACA,TRES DE DICIEMBRE,URBANA,AVENIDA,URBANO,NO CORRESPONDE,-12.113453,-75.245291,LLUVIOSO,RESIDENCIAL,TRAMO RECTO,PLANA ,ASFALTADA,,,,,EN PROCESO DE INVESTIGACIÓN,NO CUENTA CON CAUSA ESPECIFICA,18.0,0,26.0,26.0,26.0,26.0,1,1,1,0,0,0,1
A-2023-12-125,2023-12-15,13:30,VOLCADURA,1,0,1,AYACUCHO,HUAMANGA,AYACUCHO,RURAL,CARRETERA,PROVINCIAL,AY-780,-13.110492426014163,-74.22651350289297,DESPEJADO,RURAL,SINUOSA,INCLINADA,AFIRMADO,,,,,IMPRUDENCIA DEL CONDUCTOR,OTRO (IMPRUDENCIA DEL CONDUCTOR),13.0,0,50.0,50.0,50.0,50.0,1,1,1,0,0,0,1
A-2023-12-27,2023-12-15,21:00,DESPISTE,1,0,0,APURIMAC,COTABAMBAS,COTABAMBAS,RURAL,CARRETERA,NACIONAL,PE-3SF,-13.690021679739743,-72.33568609883423,DESPEJADO,RURAL,SINUOSA,INCLINADA,AFIRMADO,,,,,IMPRUDENCIA DEL CONDUCTOR,CONDUCIR EN ESTADO DE EBRIEDAD Y/O DROGADICCIÓN,21.0,0,62.0,62.0,62.0,62.0,1,1,1,0,0,0,1
A-2023-12-5,2023-12-16,04:30,CHOQUE FUGA,1,1,1,SAN MARTIN,RIOJA,AWAJUN,URBANA,CARRETERA,NACIONAL,PE-5N,-5.815621,-77.386,LLUVIOSO,COMERCIAL,TRAMO RECTO,PLANA ,ASFALTADA,,,,,EN PROCESO DE INVESTIGACIÓN,NO CUENTA CON CAUSA ESPECIFICA,4.0,0,48.0,48.0,35.0,61.0,1,1,1,1,1,0,3
A-2023-12-64,2023-12-16,16:20,ATROPELLO,1,0,0,JUNIN,JUNIN,JUNIN,RURAL,CARRETERA,NACIONAL,PE-3N,-11.182071,-75.975263,DESPEJADO,RURAL,TRAMO RECTO,PLANA ,ASFALTADA,NO,,,SI,EN PROCESO DE INVESTIGACIÓN,NO CUENTA CON CAUSA ESPECIFICA,16.0,0,49.5,49.5,28.0,71.0,2,1,1,0,0,0,2
A-2023-12-72,2023-12-17,03:00,VOLCADURA,1,0,1,AREQUIPA,CAYLLOMA,MAJES,RURAL,CALLE,URBANO,NO CORRESPONDE,-16.356588,-72.197789,DESPEJADO,RESIDENCIAL,CURVA,PLANA ,ASFALTADA,,,,,EN PROCESO DE INVESTIGACIÓN,NO CUENTA CON CAUSA ESPECIFICA,3.0,0,42.0,42.0,42.0,42.0,1,1,1,0,1,0,1
A-2023-12-4,2023-12-17,05:00,DESPISTE,1,0,1,TUMBES,ZARUMILLA,AGUAS VERDES,URBANA,CARRETERA,NACIONAL,PE-1NO,-3.487611788808024,-80.262036290587,DESPEJADO,RURAL,TRAMO RECTO,PLANA ,CONCRETO,,,,,IMPRUDENCIA DEL CONDUCTOR,CONDUCIR EN ESTADO DE EBRIEDAD Y/O DROGADICCIÓN,5.0,0,36.0,36.0,36.0,36.0,1,1,1,0,0,0,1
A-2023-12-104,2023-12-17,07:00,DESPISTE,1,0,0,LIMA,LIMA,SAN JUAN DE LURIGANCHO,URBANA,AUTOPISTA,URBANO,NO CORRESPONDE,-12.02057149,-76.95790562,DESPEJADO,COMERCIAL,INTERSECCIÓN,INCLINADA,ASFALTADA,,,,,EN PROCESO DE INVESTIGACIÓN,NO CUENTA CON CAUSA ESPECIFICA,7.0,0,30.0,30.0,30.0,30.0,1,1,1,0,0,0,1
A-2023-12-79,2023-12-17,10:30,ATROPELLO FUGA,1,0,1,LIMA,HUAURA,HUACHO,RURAL,CARRETERA,NACIONAL,PE-1N,-11.390197134798148,-77.4275368674903,DESPEJADO,RURAL,TRAMO RECTO,PLANA ,ASFALTADA,,,,,EN PROCESO DE INVESTIGACIÓN,NO CUENTA CON CAUSA ESPECIFICA,10.0,0,,,,,1,0,1,0,0,0,2
A-2023-12-43,2023-12-17,16:10,DESPISTE,1,0,1,LA LIBERTAD,TRUJILLO,EL PORVENIR,URBANA,CARRETERA,PROVINCIAL,LI-733,-8.0870723,-78.991273,DESPEJADO,RURAL,TRAMO RECTO,PLANA ,ASFALTADA,,,,,EN PROCESO DE INVESTIGACIÓN,NO CUENTA CON CAUSA ESPECIFICA,16.0,0,43.0,43.0,43.0,43.0,1,1,1,0,0,0,1
A-2023-12-126,2023-12-17,18:20,ATROPELLO,1,0,0,AYACUCHO,HUANTA,HUANTA,URBANA,OTRO,URBANO,NO CORRESPONDE,-12.9357256,-74.2607587,DESPEJADO,RESIDENCIAL,OTRO,PLANA ,EMPEDRADO,,,,,IMPRUDENCIA DEL CONDUCTOR,OTRO (IMPRUDENCIA DEL CONDUCTOR),18.0,0,19.0,19.0,2.0,36.0,1,1,1,0,1,0,2
A-2023-12-9,2023-12-17,20:30,CHOQUE,1,0,2,ICA,CHINCHA,CHINCHA BAJA,URBANA,CARRETERA,DEPARTAMENTAL,IC-102,-13.45991,-76.170285,DESPEJADO,RESIDENCIAL,TRAMO RECTO,PLANA ,ASFALTADA,,,,,EN PROCESO DE INVESTIGACIÓN,NO CUENTA CON CAUSA ESPECIFICA,20.0,0,33.0,33.0,29.0,37.0,2,2,1,0,2,0,2
A-2023-12-26,2023-12-17,21:40,DESPISTE,1,0,0,CUSCO,CALCA,LARES,RURAL,CARRETERA,DEPARTAMENTAL,CU-105,-13.02482,-71.98756,DESPEJADO,RURAL,CURVA,PLANA ,AFIRMADO,,,,,IMPRUDENCIA DEL CONDUCTOR,FATIGA Y/O CANSANCIO,21.0,0,44.0,44.0,44.0,44.0,1,1,1,0,0,0,1
A-2023-12-173,2023-12-18,07:00,DESPISTE,1,0,1,CAJAMARCA,CELENDIN,SUCRE,RURAL,CARRETERA,PROVINCIAL,CA-1537,-7.024679,-78.187867,DESPEJADO,RESIDENCIAL,CURVA,INCLINADA,AFIRMADO,,,,,IMPRUDENCIA DEL CONDUCTOR,OTRO (IMPRUDENCIA DEL CONDUCTOR),7.0,0,20.0,20.0,20.0,20.0,1,1,1,0,0,0,1
A-2023-12-105,2023-12-18,08:30,CHOQUE,2,0,0,LIMA,LIMA,LIMA,URBANA,JIRÓN,URBANO,NO CORRESPONDE,-12.07937206,-77.03324363,DESPEJADO,RESIDENCIAL,INTERSECCIÓN,PLANA ,ASFALTADA,NO,,,SI,EN PROCESO DE INVESTIGACIÓN,NO CUENTA CON CAUSA ESPECIFICA,8.0,1,62.25,60.5,44.0,84.0,3,2,2,0,2,0,4
A-2023-12-157,2023-12-18,11:00,ATROPELLO,1,0,1,PUNO,AZANGARO,ASILLO,RURAL,CARRETERA,NACIONAL,PE-34B,-14.64756463358904,-70.36885057179829,DESPEJADO,RURAL,TRAMO RECTO,PLANA ,ASFALTADA,,,,,IMPRUDENCIA DEL CONDUCTOR,EXCESO DE VELOCIDAD,11.0,0,76.0,76.0,75.0,77.0,1,1,1,0,1,0,2
A-2023-12-107,2023-12-18,16:00,CHOQUE,1,0,0,LIMA,LIMA,PUEBLO LIBRE,URBANA,AVENIDA,URBANO,NO CORRESPONDE,-12.08308744,-77.06718489,DESPEJADO,COMERCIAL,INTERSECCIÓN,PLANA ,ASFALTADA,SI,REGULADORA (R),INFORMATIVA (I),SI,EN PROCESO DE INVESTIGACIÓN,NO CUENTA CON CAUSA ESPECIFICA,16.0,0,53.5,53.5,47.0,60.0,2,2,1,0,1,0,2
A-2023-12-6,2023-12-18,18:30,CAÍDA DE PASAJERO,1,0,0,APURIMAC,ANDAHUAYLAS,SANTA MARIA DE CHICMO,RURAL,CARRETERA,NACIONAL,PE-3S,-13.60984006482,-73.5743559429463,NUBLADO,RURAL,TRAMO RECTO,PLANA ,TROCHA,,,,,IMPRUDENCIA DEL PASAJERO/OCUPANTE,PASAJEROS FUERA DE LA CARROCERÍA,18.0,0,33.0,33.0,27.0,39.0,2,1,1,0,0,0,2
A-2023-12-106,2023-12-18,22:15,ATROPELLO,1,0,0,LIMA,LIMA,SAN MARTIN DE PORRES,URBANA,AVENIDA,URBANO,NO CORRESPONDE,-12.00390755,-77.08317803,DESPEJADO,COMERCIAL,TRAMO RECTO,PLANA ,ASFALTADA,SI,PREVENTIVA (P),,NO,EN PROCESO DE INVESTIGACIÓN,NO CUENTA CON CAUSA ESPECIFICA,22.0,0,52.0,52.0,29.0,75.0,2,1,1,0,0,0,2