CODIGO_SINIESTRO,FECHA_SINIESTRO,HORA_SINIESTRO,CLASE_SINIESTRO,CANTIDAD_FALLECIDOS,CANTIDAD_LESIONADOS,CANTIDAD_VEHICULOS,DEPARTAMENTO,PROVINCIA,DISTRITO,ZONA,TIPO_VIA,RED_VIAL,COD_CARRETERA,LATITUD,LONGITUD,CONDICION_CLIMATICA,ZONIFICACION,CARACTERISTICAS_VIA,PERFIL_VIA,SUPERFICIE_CALZADA,EXISTE_SENIAL_VERTICAL,CLASIFICACION_SENIAL_VERTICAL_1,CLASIFICACION_SENIAL_VERTICAL_2,EXISTE_SENIAL_HORIZONTAL,CAUSA_FACTOR_PRINCIPAL,CAUSA_ESPECIFICA,HORA,severidad,EDAD_PROMEDIO,EDAD_MEDIANA,EDAD_MIN,EDAD_MAX,TOTAL_MASCULINOS,TOTAL_CONDUCTORES,TOTAL_FALLECIDOS_AGG,TOTAL_LESIONADOS_AGG,TOTAL_LICENCIA,TOTAL_ALCOHOL_POSITIVO,TOTAL_PERSONAS
A-2023-12-80,2023-12-19,05:45,CHOQUE,1,0,2,LIMA,HUAURA,VEGUETA,URBANA,CARRETERA,PROVINCIAL,LM-551,-11.010621549294225,-77.57984335595006,DESPEJADO,RESIDENCIAL,INTERSECCIÓN,PLANA ,AFIRMADO,,,,,IMPRUDENCIA DEL CONDUCTOR,NO ESTABLECER EL DERECHO DE PASO,5.0,0,44.5,44.5,31.0,58.0,2,2,1,0,1,0,2
A-2023-12-108,2023-12-19,18:00,ATROPELLO,1,0,0,LIMA,LIMA,SAN JUAN DE MIRAFLORES,URBANA,AVENIDA,URBANO,NO CORRESPONDE,-12.16465691,-76.96921895,DESPEJADO,COMERCIAL,INTERSECCIÓN,PLANA ,ASFALTADA,,,,,EN PROCESO DE INVESTIGACIÓN,NO CUENTA CON CAUSA ESPECIFICA,18.0,0,34.0,34.0,34.0,34.0,2,1,1,0,0,0,2
A-2023-12-15,2023-12-21,13:50,DESPISTE,1,1,1,HUANCAVELICA,HUANCAVELICA,HUANCAVELICA,RURAL,CARRETERA,NACIONAL,PE-26,-12.831734369066428,-75.08390838623534,LLUVIOSO,RURAL,TRAMO RECTO,PLANA ,ASFALTADA,,,,,EN PROCESO DE INVESTIGACIÓN,NO CUENTA CON CAUSA ESPECIFICA,13.0,0,50.0,50.0,31.0,69.0,2,1,1,1,1,0,2
A-2023-12-31,2023-12-21,14:47,ATROPELLO,1,1,1,CUSCO,CUSCO,SANTIAGO,URBANA,CARRETERA,DEPARTAMENTAL,CU-117,-13.55038694136356,-71.98662865934945,SOLEADO,RURAL,TRAMO RECTO,INCLINADA,AFIRMADO,,,,,EN PROCESO DE INVESTIGACIÓN,NO CUENTA CON CAUSA ESPECIFICA,14.0,0,52.5,52.5,47.0,58.0,1,1,1,1,1,0,2
A-2023-12-151,2023-12-22,01:35,CHOQUE,3,1,2,PUNO,LAMPA,SANTA LUCIA,RURAL,CARRETERA,NACIONAL,PE-34A,-15.693221,-70.813807,DESPEJADO,RURAL,TRAMO RECTO,INCLINADA,ASFALTADA,,,,,IMPRUDENCIA DEL CONDUCTOR,INVASIÓN DE CARRIL,1.0,2,26.4,19.0,19.0,41.0,3,2,3,1,2,0,5
A-2023-12-189,2023-12-22,13:20,ATROPELLO,1,0,0,MOQUEGUA,ILO,ILO,URBANA,CARRETERA,NACIONAL,PE-1SD,-17.6421361,-71.338513,,,,,,,,,,EN PROCESO DE INVESTIGACIÓN,NO CUENTA CON CAUSA ESPECIFICA,13.0,0,77.0,77.0,76.0,78.0,2,1,1,0,0,0,2
A-2023-12-109,2023-12-22,17:45,ATROPELLO,1,0,0,LIMA,LIMA,LIMA,URBANA,AVENIDA,URBANO,NO CORRESPONDE,-12.05552699,-77.08157899,DESPEJADO,RESIDENCIAL,TRAMO RECTO,PLANA ,ASFALTADA,SI,REGULADORA (R),,NO,EN PROCESO DE INVESTIGACIÓN,NO CUENTA CON CAUSA ESPECIFICA,17.0,0,52.5,52.5,49.0,56.0,2,1,1,0,1,0,2
A-2023-12-172,2023-12-22,20:15,ATROPELLO FUGA,1,0,1,CAJAMARCA,CHOTA,CHOTA,RURAL,CARRETERA,NACIONAL,PE-3N,-6.54677903,-78.67892783,DESPEJADO,RURAL,TRAMO RECTO,PLANA ,ASFALTADA,,,,,IMPRUDENCIA DEL CONDUCTOR,OTRO (IMPRUDENCIA DEL CONDUCTOR),20.0,0,53.0,53.0,28.0,78.0,2,1,1,0,1,0,2
A-2023-12-190,2023-12-22,21:00,DESPISTE,1,1,0,MOQUEGUA,MARISCAL NIETO,MOQUEGUA,RURAL,CARRETERA,DEPARTAMENTAL,MO-107,-17.4848099,-70.84169263,,,,,,,,,,EN PROCESO DE INVESTIGACIÓN,NO CUENTA CON CAUSA ESPECIFICA,21.0,0,43.5,43.5,30.0,57.0,2,1,1,1,0,0,2
A-2023-12-156,2023-12-22,21:30,ATROPELLO FUGA,1,0,0,PUNO,HUANCANE,HUANCANE,RURAL,CARRETERA,NACIONAL,PE-34H,-15.201595545830134,-69.82884143686498,DESPEJADO,RURAL,TRAMO RECTO,PLANA ,ASFALTADA,,,,,EN PROCESO DE INVESTIGACIÓN,NO CUENTA CON CAUSA ESPECIFICA,21.0,0,53.0,53.0,53.0,53.0,1,0,1,0,0,0,2
A-2023-12-110,2023-12-23,04:30,ATROPELLO FUGA,1,0,0,LIMA,LIMA,INDEPENDENCIA,URBANA,CARRETERA,NACIONAL,PE-1N,-11.998718,-77.062731,DESPEJADO,COMERCIAL,TRAMO RECTO,PLANA ,ASFALTADA,SI,INFORMATIVA (I),,SI,EN PROCESO DE INVESTIGACIÓN,NO CUENTA CON CAUSA ESPECIFICA,4.0,0,38.0,38.0,38.0,38.0,1,0,1,0,0,0,2
A-2023-12-174,2023-12-23,06:21,DESPISTE,1,0,1,CAJAMARCA,CAJAMARCA,ENCAÑADA,RURAL,CARRETERA,NACIONAL,PE-08B,-7.109593,-78.327777,DESPEJADO,RURAL,TRAMO RECTO,PLANA ,ASFALTADA,NO,,,SI,IMPRUDENCIA DEL CONDUCTOR,CONDUCIR EN ESTADO DE EBRIEDAD Y/O DROGADICCIÓN,6.0,0,31.0,31.0,31.0,31.0,1,1,1,0,1,1,1
A-2023-12-65,2023-12-23,13:45,ATROPELLO,1,0,0,JUNIN,HUANCAYO,EL TAMBO,URBANA,AVENIDA,URBANO,NO CORRESPONDE,-12.062483,-75.226161,DESPEJADO,RESIDENCIAL,INTERSECCIÓN,PLANA ,ASFALTADA,SI,PREVENTIVA (P),,SI,EN PROCESO DE INVESTIGACIÓN,NO CUENTA CON CAUSA ESPECIFICA,13.0,0,57.5,57.5,43.0,72.0,2,1,1,0,0,0,2
A-2023-12-111,2023-12-23,17:30,ATROPELLO,1,0,0,LIMA,LIMA,SANTA ANITA,URBANA,AVENIDA,URBANO,NO CORRESPONDE,-12.04496998,-76.97418154,DESPEJADO,COMERCIAL,INTERSECCIÓN,PLANA ,ASFALTADA,NO,,,SI,EN PROCESO DE INVESTIGACIÓN,NO CUENTA CON CAUSA ESPECIFICA,17.0,0,53.5,53.5,36.0,71.0,2,1,1,0,1,0,2
A-2023-12-71,2023-12-23,19:50,CHOQUE,1,1,2,AREQUIPA,AREQUIPA,CERRO COLORADO,URBANA,CALLE,URBANO,NO CORRESPONDE,-16.320154115538,-71.5915550012864,DESPEJADO,RESIDENCIAL,INTERSECCIÓN,INCLINADA,ASFALTADA,,,,,EN PROCESO DE INVESTIGACIÓN,NO CUENTA CON CAUSA ESPECIFICA,19.0,0,28.0,25.0,21.0,38.0,2,2,1,1,1,0,3
A-2023-12-21,2023-12-23,21:00,DESPISTE,1,0,1,CUSCO,CANCHIS,PITUMARCA,RURAL,CARRETERA,SIN CLASIFICAR,SIN CLASIFICAR,-13.978510949534074,-71.30501492111347,DESPEJADO,RURAL,CURVA,PLANA ,AFIRMADO,,,,,IMPRUDENCIA DEL CONDUCTOR,CONDUCIR EN ESTADO DE EBRIEDAD Y/O DROGADICCIÓN,21.0,0,36.0,36.0,36.0,36.0,1,1,1,0,0,0,1
A-2023-12-112,2023-12-23,22:00,CHOQUE,1,0,0,LIMA,LIMA,LURIN,RURAL,CARRETERA,NACIONAL,PE-1S,-12.266209,-76.905593,DESPEJADO,INDUSTRIAL,TRAMO RECTO,PLANA ,ASFALTADA,,,,,EN PROCESO DE INVESTIGACIÓN,NO CUENTA CON CAUSA ESPECIFICA,22.0,0,34.0,34.0,34.0,34.0,1,2,1,0,0,0,2
A-2023-12-147,2023-12-24,02:30,DESPISTE,1,1,0,CALLAO,CALLAO,LA PERLA,URBANA,CARRETERA,DEPARTAMENTAL,CL-100,-12.0740293,-77.122524217,DESPEJADO,COMERCIAL,TRAMO RECTO,PLANA ,ASFALTADA,SI,REGULADORA (R),,SI,IMPRUDENCIA DEL CONDUCTOR,CONDUCIR EN ESTADO DE EBRIEDAD Y/O DROGADICCIÓN,2.0,0,30.0,30.0,25.0,35.0,2,1,1,1,0,0,2
A-2023-12-55,2023-12-24,02:50,CHOQUE FUGA,1,1,2,TACNA,TACNA,TACNA,RURAL,CARRETERA,NACIONAL,PE-1SD,-18.101873147100203,-70.3391611262834,DESPEJADO,RURAL,TRAMO RECTO,PLANA ,ASFALTADA,,,,,IMPRUDENCIA DEL CONDUCTOR,CONDUCIR EN ESTADO DE EBRIEDAD Y/O DROGADICCIÓN,2.0,0,51.5,51.5,47.0,56.0,2,1,1,1,2,1,2
A-2023-12-177,2023-12-24,11:38,ATROPELLO,1,0,1,CAJAMARCA,JAEN,JAEN,URBANA,CARRETERA,NACIONAL,PE-5N,-5.697833023,-78.80674342,DESPEJADO,COMERCIAL,TRAMO RECTO,PLANA ,CONCRETO,,,,,IMPRUDENCIA DEL CONDUCTOR,EXCESO DE VELOCIDAD,11.0,0,73.5,73.5,68.0,79.0,2,1,1,0,1,0,2
A-2023-12-70,2023-12-24,13:00,DESPISTE,1,1,1,AREQUIPA,ISLAY,MEJIA,RURAL,CARRETERA,PROVINCIAL,AR-815,-17.090562,-71.899891,DESPEJADO,RURAL,CURVA,PLANA ,ASFALTADA,SI,PREVENTIVA (P),REGULADORA (R),SI,EN PROCESO DE INVESTIGACIÓN,NO CUENTA CON CAUSA ESPECIFICA,13.0,0,23.0,23.0,20.0,26.0,1,1,1,1,0,0,2
A-2023-12-44,2023-12-24,23:30,CHOQUE,1,0,2,LA LIBERTAD,VIRU,VIRU,RURAL,CARRETERA,PROVINCIAL,LI-1122,-8.409477664072075,-78.82451730642427,DESPEJADO,RURAL,TRAMO RECTO,PLANA ,CONCRETO,,,,,EN PROCESO DE INVESTIGACIÓN,NO CUENTA CON CAUSA ESPECIFICA,23.0,0,20.5,20.5,15.0,26.0,2,2,1,0,0,0,2
A-2023-12-66,2023-12-25,05:30,ATROPELLO FUGA,1,0,0,JUNIN,CHUPACA,HUACHAC,RURAL,CARRETERA,PROVINCIAL,JU-877,-12.043074546334696,-75.31396169737516,NUBLADO,RURAL,TRAMO RECTO,PLANA ,ASFALTADA,NO,,,SI,EN PROCESO DE INVESTIGACIÓN,NO CUENTA CON CAUSA ESPECIFICA,5.0,0,57.0,57.0,57.0,57.0,0,0,1,0,0,0,2
A-2023-12-113,2023-12-25,05:45,DESPISTE,1,0,0,LIMA,LIMA,SANTIAGO DE SURCO,URBANA,JIRÓN,URBANO,NO CORRESPONDE,-12.11164265,-76.97831698,DESPEJADO,RESIDENCIAL,CURVA,PLANA ,ASFALTADA,,,,,EN PROCESO DE INVESTIGACIÓN,NO CUENTA CON CAUSA ESPECIFICA,5.0,0,26.0,26.0,26.0,26.0,1,1,1,0,0,0,1
A-2023-12-16,2023-12-25,06:00,DESPISTE,2,0,1,HUANCAVELICA,TAYACAJA,PAZOS,RURAL,CARRETERA,NACIONAL,PE-3SC,-12.25171435148508,-75.08043804415979,NUBLADO,RURAL,TRAMO RECTO,PLANA ,ASFALTADA,,,,,EN PROCESO DE INVESTIGACIÓN,NO CUENTA CON CAUSA ESPECIFICA,6.0,1,40.0,40.0,23.0,57.0,2,1,2,0,1,0,2
A-2023-12-45,2023-12-25,10:30,DESPISTE,1,0,1,LA LIBERTAD,TRUJILLO,TRUJILLO,URBANA,CARRETERA,NACIONAL,PE-1N,-8.138102230312912,-79.01567181001322,DESPEJADO,INDUSTRIAL,TRAMO RECTO,PLANA ,ASFALTADA,,,,,IMPRUDENCIA DEL CONDUCTOR,CONDUCIR EN ESTADO DE EBRIEDAD Y/O DROGADICCIÓN,10.0,0,47.0,47.0,47.0,47.0,1,1,1,0,0,0,1
A-2023-12-149,2023-12-25,11:50,DESPISTE,1,0,1,PUNO,SANDIA,SAN PEDRO DE PUTINA PUNCO,RURAL,CARRETERA,NACIONAL,PE-34H,-14.121790215217096,-69.06377609506747,DESPEJADO,RURAL,TRAMO RECTO,PLANA ,ASFALTADA,,,,,IMPRUDENCIA DEL CONDUCTOR,EXCESO DE VELOCIDAD,11.0,0,41.0,41.0,41.0,41.0,1,1,1,0,0,0,1
A-2023-12-164,2023-12-25,14:00,DESPISTE,1,1,1,LIMA,LIMA,ANCON,RURAL,CARRETERA,NACIONAL,PE-1N,-11.6910913,-77.1813526,DESPEJADO,RURAL,OTRO,PLANA ,ASFALTADA,,,,,EN PROCESO DE INVESTIGACIÓN,NO CUENTA CON CAUSA ESPECIFICA,14.0,0,64.0,64.0,64.0,64.0,1,1,1,1,1,1,2
A-2023-12-46,2023-12-25,20:15,CHOQUE,1,0,2,LA LIBERTAD,ASCOPE,CHICAMA,RURAL,CARRETERA,NACIONAL,PE-1N,-7.8605314,-79.1406393,DESPEJADO,RURAL,ÓVALO,INCLINADA,ASFALTADA,,,,,IMPRUDENCIA DEL CONDUCTOR,CONDUCIR EN ESTADO DE EBRIEDAD Y/O DROGADICCIÓN,20.0,0,53.5,53.5,51.0,56.0,2,2,1,0,1,0,2
A-2023-12-34,2023-12-25,20:40,CHOQUE,1,2,3,TUMBES,CONTRALMIRANTE VILLAR,CANOAS DE PUNTA SAL,URBANA,CARRETERA,NACIONAL,PE-1N,-3.947829765679749,-80.94430414407145,DESPEJADO,COMERCIAL,TRAMO RECTO,PLANA ,ASFALTADA,,,,,IMPRUDENCIA DEL CONDUCTOR,OTRO (IMPRUDENCIA DEL CONDUCTOR),20.0,0,40.0,40.5,29.0,50.0,4,3,1,2,1,0,4
A-2023-12-25,2023-12-25,21:30,ATROPELLO FUGA,1,0,0,CUSCO,CANCHIS,MARANGANI,RURAL,CARRETERA,NACIONAL,PE-3S,-14.372931589022834,-71.14914119457288,DESPEJADO,RURAL,TRAMO RECTO,PLANA ,ASFALTADA,,,,,EN PROCESO DE INVESTIGACIÓN,NO CUENTA CON CAUSA ESPECIFICA,21.0,0,51.0,51.0,51.0,51.0,1,0,1,0,0,0,2
A-2023-12-150,2023-12-25,21:35,CHOQUE,1,0,2,PUNO,LAMPA,LAMPA,RURAL,CARRETERA,DEPARTAMENTAL,PU-123,-15.3733736,-70.3673645,DESPEJADO,RURAL,TRAMO RECTO,PLANA ,ASFALTADA,,,,,IMPRUDENCIA DEL CONDUCTOR,INVASIÓN DE CARRIL,21.0,0,51.0,51.0,51.0,51.0,1,1,1,0,0,0,2
A-2023-12-114,2023-12-26,06:00,DESPISTE,1,1,0,LIMA,LIMA,CHORRILLOS,URBANA,VIA EXPRESA,URBANO,NO CORRESPONDE,-12.16205808,-77.0258943,DESPEJADO,COMERCIAL,TRAMO RECTO,PLANA ,ASFALTADA,SI,PREVENTIVA (P),,NO,EN PROCESO DE INVESTIGACIÓN,NO CUENTA CON CAUSA ESPECIFICA,6.0,0,33.5,33.5,30.0,37.0,2,1,1,1,1,0,2
A-2023-12-87,2023-12-26,16:10,DESPISTE,1,0,0,PIURA,PIURA,PIURA,URBANA,AVENIDA,URBANO,NO CORRESPONDE,-5.192199,-80.631063,DESPEJADO,ESCOLAR,CURVA,PLANA ,ASFALTADA,,,,,EN PROCESO DE INVESTIGACIÓN,NO CUENTA CON CAUSA ESPECIFICA,16.0,0,21.0,21.0,21.0,21.0,1,1,1,0,0,1,1
A-2023-12-35,2023-12-26,17:15,CHOQUE,1,1,2,PUNO,PUNO,PUNO,RURAL,CARRETERA,NACIONAL,PE-3S,-15.86372675,-69.98775771,DESPEJADO,RURAL,CURVA,INCLINADA,ASFALTADA,,,,,IMPRUDENCIA DEL CONDUCTOR,INVASIÓN DE CARRIL,17.0,0,55.0,55.0,52.0,58.0,2,2,1,1,2,0,2
A-2023-12-30,2023-12-26,19:00,CHOQUE,1,1,3,CUSCO,ACOMAYO,SANGARARA,RURAL,CARRETERA,DEPARTAMENTAL,CU-117,-13.956021,-71.588207,NUBLADO,RURAL,TRAMO RECTO,PLANA ,ASFALTADA,,,,,IMPRUDENCIA DEL CONDUCTOR,EXCESO DE VELOCIDAD,19.0,0,36.333333333333336,43.0,23.0,43.0,2,3,1,1,1,0,4
A-2023-12-11,2023-12-26,19:30,ATROPELLO FUGA,1,0,0,PUNO,CHUCUITO,ZEPITA,RURAL,CARRETERA,NACIONAL,PE-36A,-16.61062347869506,-69.17170818280924,DESPEJADO,RURAL,TRAMO RECTO,PLANA ,ASFALTADA,,,,,IMPRUDENCIA DEL PEATÓN,CRUCE INDEBIDO POR LA CALZADA,19.0,0,67.0,67.0,67.0,67.0,1,0,1,0,0,0,2
A-2023-12-148,2023-12-26,19:40,CAÍDA DE PASAJERO,1,0,0,PUNO,AZANGARO,AZANGARO,RURAL,CARRETERA,SIN CLASIFICAR,SIN CLASIFICAR,-14.85748505063668,-70.29490435768139,DESPEJADO,RURAL,TRAMO RECTO,PLANA ,TROCHA,,,,,IMPRUDENCIA DEL PASAJERO/OCUPANTE,OTRO (IMPRUDENCIA DEL PASAJERO/OCUPANTE),19.0,0,52.5,52.5,48.0,57.0,1,1,1,0,0,0,2
A-2023-12-53,2023-12-26,22:00,DESPISTE,1,23,1,LA LIBERTAD,PATAZ,PARCOY,RURAL,CARRETERA,SIN CLASIFICAR,SIN CLASIFICAR,-7.977535819843551,-77.52872581979386,DESPEJADO,RURAL,CURVA,PLANA ,TROCHA,,,,,IMPRUDENCIA DEL CONDUCTOR,OTRO (IMPRUDENCIA DEL CONDUCTOR),22.0,0,41.041666666666664,41.0,17.0,63.0,18,0,1,23,0,0,25
A-2023-12-47,2023-12-26,22:30,DESPISTE,1,0,1,LA LIBERTAD,VIRU,CHAO,RURAL,CARRETERA,PROVINCIAL,LI-1208,-8.60177564528355,-78.72191186286202,DESPEJADO,RURAL,TRAMO RECTO,PLANA ,ASFALTADA,,,,,EN PROCESO DE INVESTIGACIÓN,NO CUENTA CON CAUSA ESPECIFICA,22.0,0,35.0,35.0,35.0,35.0,1,1,1,0,0,0,1
A-2023-12-69,2023-12-27,06:58,ATROPELLO,1,0,1,AREQUIPA,AREQUIPA,CERRO COLORADO,URBANA,CALLE,URBANO,NO CORRESPONDE,-16.333175,-71.586086,DESPEJADO,RESIDENCIAL,INTERSECCIÓN,PLANA ,ASFALTADA,NO,,,SI,EN PROCESO DE INVESTIGACIÓN,NO CUENTA CON CAUSA ESPECIFICA,6.0,0,53.5,53.5,29.0,78.0,1,1,1,0,1,0,2
A-2023-12-127,2023-12-27,14:42,FERROVIARIO,1,0,0,JUNIN,HUANCAYO,CHILCA,URBANA,AVENIDA,URBANO,NO CORRESPONDE,-12.090553,-75.21517,LLUVIOSO,RURAL,TRAMO RECTO,PLANA ,ASFALTADA,SI,PREVENTIVA (P),,NO,IMPRUDENCIA DEL PEATÓN,ESTADO DE EBRIEDAD Y/O DROGADICCIÓN,14.0,0,59.0,59.0,53.0,65.0,2,1,1,0,1,0,2
A-2023-12-48,2023-12-27,15:00,CHOQUE,1,0,4,LA LIBERTAD,OTUZCO,OTUZCO,RURAL,CARRETERA,NACIONAL,PE-10A,-7.956949348274883,-78.62499827373745,LLUVIOSO,RURAL,CURVA,PLANA ,ASFALTADA,,,,,IMPRUDENCIA DEL CONDUCTOR,OTRO (IMPRUDENCIA DEL CONDUCTOR),15.0,0,34.0,40.0,8.0,49.0,4,4,1,0,3,0,5
A-2023-12-115,2023-12-27,16:40,CHOQUE,1,1,0,LIMA,LIMA,LOS OLIVOS,URBANA,AVENIDA,URBANO,NO CORRESPONDE,-11.97705171,-77.06361958,DESPEJADO,COMERCIAL,TRAMO RECTO,PLANA ,ASFALTADA,,,,,EN PROCESO DE INVESTIGACIÓN,NO CUENTA CON CAUSA ESPECIFICA,16.0,0,45.75,44.0,31.0,64.0,4,2,1,1,1,0,4
A-2023-12-33,2023-12-27,17:00,ATROPELLO,1,0,0,CUSCO,CHUMBIVILCAS,COLQUEMARCA,URBANA,CARRETERA,PROVINCIAL,CU-1538,-14.24355444970659,-72.03712904981707,DESPEJADO,RURAL,TRAMO RECTO,INCLINADA,AFIRMADO,,,,,IMPRUDENCIA DEL PEATÓN,CRUCE INDEBIDO POR LA CALZADA,17.0,0,3.0,3.0,3.0,3.0,1,1,1,0,1,0,2
A-2023-12-116,2023-12-27,19:30,DESPISTE,1,0,0,LIMA,LIMA,PUNTA HERMOSA,RURAL,CARRETERA,NACIONAL,PE-1S,-12.316706,-76.831093,DESPEJADO,INDUSTRIAL,TRAMO RECTO,PLANA ,ASFALTADA,,,,,EN PROCESO DE INVESTIGACIÓN,NO CUENTA CON CAUSA ESPECIFICA,19.0,0,48.0,48.0,40.0,56.0,2,2,1,0,2,0,2
A-2023-12-13,2023-12-28,01:30,DESPISTE,1,0,1,PASCO,PASCO,SIMON BOLIVAR,RURAL,CARRETERA,DEPARTAMENTAL,PA-102,-10.602638680610726,-76.33222433217885,DESPEJADO,RURAL,TRAMO RECTO,PLANA ,ASFALTADA,,,,,IMPRUDENCIA DEL CONDUCTOR,EXCESO DE VELOCIDAD,1.0,0,29.0,29.0,29.0,29.0,1,1,1,0,1,0,1
A-2023-12-49,2023-12-28,17:00,CHOQUE,1,1,2,LA LIBERTAD,SANTIAGO DE CHUCO,QUIRUVILCA,RURAL,CARRETERA,PROVINCIAL,LI-931,-8.0029553613037,-78.28939473539764,DESPEJADO,RURAL,TRAMO RECTO,PLANA ,ASFALTADA,,,,,IMPRUDENCIA DEL CONDUCTOR,INVASIÓN DE CARRIL,17.0,0,26.0,22.0,20.0,36.0,2,2,1,1,1,0,3
A-2023-12-29,2023-12-28,18:50,DESPISTE,1,5,15,CUSCO,CUSCO,SANTIAGO,RURAL,CARRETERA,DEPARTAMENTAL,CU-117,-13.588124,-71.977648,LLUVIOSO,RURAL,CURVA,INCLINADA,ASFALTADA,SI,PREVENTIVA (P),,SI,IMPRUDENCIA DEL CONDUCTOR,EXCESO DE VELOCIDAD,18.0,0,26.166666666666668,24.5,8.0,47.0,6,1,1,5,1,0,6
A-2023-12-117,2023-12-28,21:10,ATROPELLO,1,0,0,LIMA,LIMA,SAN BARTOLO,RURAL,CARRETERA,NACIONAL,PE-1S,-12.387481,-76.767881,DESPEJADO,RURAL,TRAMO RECTO,PLANA ,ASFALTADA,,,,,EN PROCESO DE INVESTIGACIÓN,NO CUENTA CON CAUSA ESPECIFICA,21.0,0,48.0,48.0,40.0,56.0,2,1,1,0,1,0,2
A-2023-12-130,2023-12-28,23:30,ATROPELLO,1,0,1,TACNA,TACNA,PALCA,RURAL,CARRETERA,SIN CLASIFICAR,SIN CLASIFICAR,-17.548349,-69.535402,DESPEJADO,RURAL,OTRO,PLANA ,TROCHA,,,,,IMPRUDENCIA DEL CONDUCTOR,OTRO (IMPRUDENCIA DEL CONDUCTOR),23.0,0,31.5,31.5,22.0,41.0,2,1,1,0,1,0,2
A-2023-12-50,2023-12-29,20:30,CHOQUE,1,0,1,LA LIBERTAD,PACASMAYO,PACASMAYO,RURAL,CALLE,URBANO,NO CORRESPONDE,-7.42177411,-79.55591726,DESPEJADO,RURAL,TRAMO RECTO,PLANA ,CONCRETO,,,,,EN PROCESO DE INVESTIGACIÓN,NO CUENTA CON CAUSA ESPECIFICA,20.0,0,46.5,46.5,40.0,53.0,2,2,1,0,1,0,2
A-2023-12-118,2023-12-29,21:10,ATROPELLO,1,0,0,LIMA,LIMA,SURQUILLO,URBANA,CALLE,URBANO,NO CORRESPONDE,-12.11137253,-77.01930247,DESPEJADO,RESIDENCIAL,TRAMO RECTO,PLANA ,ASFALTADA,NO,,,SI,EN PROCESO DE INVESTIGACIÓN,NO CUENTA CON CAUSA ESPECIFICA,21.0,0,51.5,51.5,30.0,73.0,2,1,1,0,1,0,2
A-2023-12-136,2023-12-30,05:00,ATROPELLO FUGA,1,0,0,TACNA,TACNA,CORONEL GREGORIO ALBARRACIN LANCHIPA,URBANA,CALLE,URBANO,NO CORRESPONDE,-18.04527,-70.25699,DESPEJADO,COMERCIAL,TRAMO RECTO,PLANA ,ASFALTADA,,,,,IMPRUDENCIA DEL CONDUCTOR,OTRO (IMPRUDENCIA DEL CONDUCTOR),5.0,0,32.0,32.0,32.0,32.0,1,0,1,0,0,0,2
A-2023-12-120,2023-12-30,08:30,ATROPELLO,1,0,0,LIMA,LIMA,LA VICTORIA,URBANA,AVENIDA,URBANO,NO CORRESPONDE,-12.06107519,-77.02373421,DESPEJADO,RESIDENCIAL,INTERSECCIÓN,PLANA ,ASFALTADA,,,,,EN PROCESO DE INVESTIGACIÓN,NO CUENTA CON CAUSA ESPECIFICA,8.0,0,54.0,54.0,38.0,70.0,2,1,1,0,1,0,2
A-2023-12-119,2023-12-30,11:52,CHOQUE,1,0,0,LIMA,LIMA,SAN MIGUEL,URBANA,AVENIDA,URBANO,NO CORRESPONDE,-12.07471664,-77.0989776,DESPEJADO,COMERCIAL,INTERSECCIÓN,PLANA ,ASFALTADA,SI,INFORMATIVA (I),,SI,EN PROCESO DE INVESTIGACIÓN,NO CUENTA CON CAUSA ESPECIFICA,11.0,0,32.0,32.0,27.0,37.0,1,2,1,0,2,0,2
A-2023-12-68,2023-12-30,14:15,CHOQUE,1,3,2,AREQUIPA,AREQUIPA,LA JOYA,RURAL,CARRETERA,NACIONAL,PE-1S,-16.600953,-71.855038,DESPEJADO,RURAL,TRAMO RECTO,PLANA ,ASFALTADA,NO,,,SI,EN PROCESO DE INVESTIGACIÓN,NO CUENTA CON CAUSA ESPECIFICA,14.0,0,26.4,21.0,20.0,50.0,5,2,1,3,2,0,5
A-2023-12-144,2023-12-30,18:50,CHOQUE,1,0,2,PUNO,LAMPA,SANTA LUCIA,RURAL,CARRETERA,NACIONAL,PE-34A,-15.6931912,-70.5982846,DESPEJADO,RURAL,TRAMO RECTO,PLANA ,ASFALTADA,,,,,IMPRUDENCIA DEL CONDUCTOR,INVASIÓN DE CARRIL,18.0,0,40.0,40.0,39.0,41.0,2,2,1,0,1,0,2
A-2023-12-51,2023-12-30,19:40,CHOQUE FUGA,1,2,1,LA LIBERTAD,VIRU,CHAO,RURAL,CARRETERA,NACIONAL,PE-1N,-8.524511100100609,-78.68306559031146,DESPEJADO,RURAL,TRAMO RECTO,PLANA ,ASFALTADA,,,,,EN PROCESO DE INVESTIGACIÓN,NO CUENTA CON CAUSA ESPECIFICA,19.0,0,30.0,34.0,13.0,43.0,1,1,1,2,0,0,4