CODIGO_SINIESTRO,FECHA_SINIESTRO,HORA_SINIESTRO,CLASE_SINIESTRO,CANTIDAD_FALLECIDOS,CANTIDAD_LESIONADOS,CANTIDAD_VEHICULOS,DEPARTAMENTO,PROVINCIA,DISTRITO,ZONA,TIPO_VIA,RED_VIAL,COD_CARRETERA,LATITUD,LONGITUD,CONDICION_CLIMATICA,ZONIFICACION,CARACTERISTICAS_VIA,PERFIL_VIA,SUPERFICIE_CALZADA,EXISTE_SENIAL_VERTICAL,CLASIFICACION_SENIAL_VERTICAL_1,CLASIFICACION_SENIAL_VERTICAL_2,EXISTE_SENIAL_HORIZONTAL,CAUSA_FACTOR_PRINCIPAL,CAUSA_ESPECIFICA,HORA,severidad,EDAD_PROMEDIO,EDAD_MEDIANA,EDAD_MIN,EDAD_MAX,TOTAL_MASCULINOS,TOTAL_CONDUCTORES,TOTAL_FALLECIDOS_AGG,TOTAL_LESIONADOS_AGG,TOTAL_LICENCIA,TOTAL_ALCOHOL_POSITIVO,TOTAL_PERSONAS
A-2023-12-122,2023-12-30,22:30,CHOQUE,1,0,1,SAN MARTIN,RIOJA,NUEVA CAJAMARCA,URBANA,CARRETERA,NACIONAL,PE-5N,-5.90816563543019,-77.3238866475747,DESPEJADO,ESCOLAR,TRAMO RECTO,PLANA ,ASFALTADA,SI,PREVENTIVA (P),REGULADORA (R),NO,IMPRUDENCIA DEL CONDUCTOR,OTRO (IMPRUDENCIA DEL CONDUCTOR),22.0,0,41.0,41.0,25.0,57.0,2,2,1,0,2,0,2
A-2023-12-176,2023-12-31,11:00,CHOQUE,1,1,1,CAJAMARCA,HUALGAYOC,BAMBAMARCA,RURAL,CARRETERA,NACIONAL,PE-3N,-6.710869,-78.546986,LLUVIOSO,RURAL,TRAMO RECTO,INCLINADA,ASFALTADA,SI,PREVENTIVA (P),,SI,IMPRUDENCIA DEL CONDUCTOR,OTRO (IMPRUDENCIA DEL CONDUCTOR),11.0,0,45.5,45.5,43.0,48.0,2,2,1,1,1,0,2
A-2023-12-128,2023-12-31,11:57,ATROPELLO,1,0,0,JUNIN,HUANCAYO,SAN JERONIMO DE TUNAN,URBANA,CARRETERA,NACIONAL,PE-3S,-11.938189,-75.309347,DESPEJADO,RURAL,TRAMO RECTO,PLANA ,ASFALTADA,NO,,,SI,IMPRUDENCIA DEL PEATÓN,OTRO (IMPRUDENCIA DEL PEATÓN),11.0,0,23.0,23.0,10.0,36.0,2,1,1,0,1,0,2
A-2023-12-52,2023-12-31,17:00,ATROPELLO,1,0,1,LA LIBERTAD,VIRU,CHAO,RURAL,CARRETERA,NACIONAL,PE-1N,-8.53974,-78.676508,DESPEJADO,RURAL,TRAMO RECTO,PLANA ,ASFALTADA,,,,,EN PROCESO DE INVESTIGACIÓN,NO CUENTA CON CAUSA ESPECIFICA,17.0,0,52.5,52.5,48.0,57.0,2,1,1,0,1,0,2
A-2023-12-142,2023-12-31,18:50,ATROPELLO,1,0,0,PUNO,SAN ROMAN,JULIACA,URBANA,JIRÓN,URBANO,NO CORRESPONDE,-15.492683,-70.130365,DESPEJADO,COMERCIAL,INTERSECCIÓN,PLANA ,ASFALTADA,,,,,IMPRUDENCIA DEL PEATÓN,CRUCE INDEBIDO POR LA CALZADA,18.0,0,49.5,49.5,33.0,66.0,1,1,1,0,1,0,2
A-2023-12-143,2023-12-31,19:15,DESPISTE,1,3,0,PUNO,MELGAR,AYAVIRI,RURAL,CARRETERA,NACIONAL,PE-3S,-14.8261374,-70.6743896,DESPEJADO,RURAL,TRAMO RECTO,PLANA ,ASFALTADA,,,,,IMPRUDENCIA DEL CONDUCTOR,EXCESO DE VELOCIDAD,19.0,0,37.4,29.0,20.0,62.0,2,1,1,3,1,0,5
A-2023-12-135,2023-12-31,21:25,ATROPELLO,1,0,0,TACNA,TACNA,TACNA,URBANA,CARRETERA,SIN CLASIFICAR,SIN CLASIFICAR,-18.033175,-70.277754,DESPEJADO,RESIDENCIAL,TRAMO RECTO,PLANA ,ASFALTADA,,,,,IMPRUDENCIA DEL PEATÓN,CRUCE INDEBIDO POR LA CALZADA,21.0,0,40.0,40.0,23.0,57.0,2,1,1,0,1,0,2
A-2024-01-64,2024-01-01,00:29,ATROPELLO,1,1,1,ICA,ICA,ICA,URBANA,AVENIDA,URBANO,NO CORRESPONDE,-14.0595505,-75.7372631,DESPEJADO,ESCOLAR,TRAMO RECTO,PLANA ,ASFALTADA,,,,,IMPRUDENCIA DEL PEATÓN,CRUCE INDEBIDO POR LA CALZADA,0.0,0,37.0,37.0,22.0,52.0,1,1,1,1,1,0,2
A-2024-01-1,2024-01-01,01:30,ATROPELLO FUGA,1,0,0,APURIMAC,ANDAHUAYLAS,KISHUARA,URBANA,CARRETERA,NACIONAL,PE-3S,-13.693044,-73.113426,DESPEJADO,RURAL,CURVA,PLANA ,ASFALTADA,SI,PREVENTIVA (P),,SI,IMPRUDENCIA DEL PEATÓN,ESTADO DE EBRIEDAD Y/O DROGADICCIÓN,1.0,0,13.0,13.0,13.0,13.0,1,0,1,0,0,0,2
A-2024-01-139,2024-01-01,02:00,CHOQUE,1,2,0,LIMA,LIMA,PUNTA NEGRA,URBANA,CARRETERA,NACIONAL,PE-1S,-12.370873,-76.785224,DESPEJADO,INDUSTRIAL,TRAMO RECTO,PLANA ,ASFALTADA,,,,,EN PROCESO DE INVESTIGACIÓN,NO CUENTA CON CAUSA ESPECIFICA,2.0,0,27.333333333333332,21.0,10.0,51.0,3,2,1,2,1,0,4
A-2024-01-141,2024-01-01,06:58,DESPISTE,1,0,0,LIMA,LIMA,SAN MIGUEL,URBANA,VIA EXPRESA,URBANO,NO CORRESPONDE,-12.081205518288693,-77.10803472707839,DESPEJADO,COMERCIAL,TRAMO RECTO,PLANA ,ASFALTADA,,,,,IMPRUDENCIA DEL CONDUCTOR,CONDUCIR EN ESTADO DE EBRIEDAD Y/O DROGADICCIÓN,6.0,0,27.0,27.0,27.0,27.0,1,1,1,0,1,0,1
A-2024-01-39,2024-01-01,08:30,DESPISTE,1,0,1,CUSCO,CALCA,CALCA,URBANA,CARRETERA,NACIONAL,PE-28B,-13.338803,-71.951487,DESPEJADO,RESIDENCIAL,CURVA,PLANA ,ASFALTADA,SI,PREVENTIVA (P),,SI,IMPRUDENCIA DEL CONDUCTOR,CONDUCIR EN ESTADO DE EBRIEDAD Y/O DROGADICCIÓN,8.0,0,24.0,24.0,24.0,24.0,1,1,1,0,0,0,1
A-2024-01-2,2024-01-01,09:30,DESPISTE,1,0,1,APURIMAC,ANDAHUAYLAS,KAQUIABAMBA,RURAL,CARRETERA,PROVINCIAL,AP-576,-13.557894,-73.276306,NUBLADO,RURAL,CURVA,INCLINADA,AFIRMADO,,,,,IMPRUDENCIA DEL CONDUCTOR,CONDUCIR EN ESTADO DE EBRIEDAD Y/O DROGADICCIÓN,9.0,0,24.0,24.0,24.0,24.0,1,1,1,0,0,0,1
A-2024-01-111,2024-01-01,13:00,DESPISTE,1,3,1,CAJAMARCA,CELENDIN,UTCO,RURAL,CARRETERA,SIN CLASIFICAR,SIN CLASIFICAR,-6.894347193,-78.0908866,DESPEJADO,RURAL,CURVA,INCLINADA,ASFALTADA,SI,PREVENTIVA (P),,NO,IMPRUDENCIA DEL CONDUCTOR,OTRO (IMPRUDENCIA DEL CONDUCTOR),13.0,0,45.0,34.0,22.0,90.0,1,1,1,3,1,0,4
A-2024-01-107,2024-01-01,23:58,VOLCADURA,1,1,2,LIMA,HUARAL,AUCALLAMA,RURAL,CARRETERA,NACIONAL,PE-1N,-11.6088642,-77.1985057,DESPEJADO,RURAL,OTRO,INCLINADA,ASFALTADA,SI,REGULADORA (R),,NO,EN PROCESO DE INVESTIGACIÓN,NO CUENTA CON CAUSA ESPECIFICA,23.0,0,28.0,28.0,26.0,30.0,2,2,1,1,2,0,2
A-2024-01-66,2024-01-02,01:00,DESPISTE,1,5,1,ICA,ICA,SALAS,RURAL,CARRETERA,NACIONAL,PE-1S,-13.93429,-75.8748407,DESPEJADO,RURAL,TRAMO RECTO,PLANA ,ASFALTADA,,,,,IMPRUDENCIA DEL CONDUCTOR,FATIGA Y/O CANSANCIO,1.0,0,27.666666666666668,24.5,3.0,65.0,3,1,1,5,0,0,6
A-2024-01-122,2024-01-02,03:20,ATROPELLO FUGA,1,0,0,LIMA,LIMA,ATE,URBANA,CARRETERA,NACIONAL,PE-22,-12.002245,-76.841545,DESPEJADO,COMERCIAL,TRAMO RECTO,PLANA ,ASFALTADA,,,,,IMPRUDENCIA DEL PEATÓN,ESTADO DE EBRIEDAD Y/O DROGADICCIÓN,3.0,0,46.0,46.0,32.0,60.0,2,1,1,0,1,0,2
A-2024-01-140,2024-01-02,08:45,DESPISTE,1,0,0,LIMA,LIMA,SAN MARTIN DE PORRES,URBANA,AVENIDA,URBANO,NO CORRESPONDE,-12.013290984806098,-77.05262391547176,DESPEJADO,RESIDENCIAL,TRAMO RECTO,PLANA ,ASFALTADA,,,,,IMPRUDENCIA DEL CONDUCTOR,CONDUCIR EN ESTADO DE EBRIEDAD Y/O DROGADICCIÓN,8.0,0,29.0,29.0,29.0,29.0,1,1,1,0,1,0,1
A-2024-01-3,2024-01-02,11:30,ATROPELLO,1,0,0,AREQUIPA,AREQUIPA,JACOBO HUNTER,URBANA,PASAJE,URBANO,NO CORRESPONDE,-16.448458,-71.565911,DESPEJADO,RESIDENCIAL,TRAMO RECTO,PLANA ,CONCRETO,,,,,EN PROCESO DE INVESTIGACIÓN,NO CUENTA CON CAUSA ESPECIFICA,11.0,0,70.0,70.0,61.0,79.0,2,1,1,0,1,0,2
A-2024-01-4,2024-01-03,02:00,DESPISTE,1,0,1,AREQUIPA,AREQUIPA,LA JOYA,RURAL,CARRETERA,PROVINCIAL,AR-720,-16.41918,-71.82605,DESPEJADO,RURAL,TRAMO RECTO,PLANA ,ASFALTADA,NO,,,SI,EN PROCESO DE INVESTIGACIÓN,NO CUENTA CON CAUSA ESPECIFICA,2.0,0,28.0,28.0,28.0,28.0,1,1,1,0,0,0,1
A-2024-01-160,2024-01-03,16:20,DESPISTE,1,1,0,MOQUEGUA,MARISCAL NIETO,CARUMAS,RURAL,CARRETERA,NACIONAL,PE-36A,-16.8732611,-70.6061388,,,,,,,,,,EN PROCESO DE INVESTIGACIÓN,NO CUENTA CON CAUSA ESPECIFICA,16.0,0,59.5,59.5,56.0,63.0,2,1,1,1,0,0,2
A-2024-01-18,2024-01-03,17:00,CHOQUE FUGA,1,0,1,LA LIBERTAD,TRUJILLO,HUANCHACO,URBANA,CARRETERA,NACIONAL,PE-1N,-8.04705989803064,-79.08575599323305,DESPEJADO,INDUSTRIAL,TRAMO RECTO,PLANA ,ASFALTADA,,,,,IMPRUDENCIA DEL CONDUCTOR,CONDUCIR EN ESTADO DE EBRIEDAD Y/O DROGADICCIÓN,17.0,0,22.0,22.0,22.0,22.0,1,1,1,0,1,0,2
A-2024-01-20,2024-01-03,23:00,CHOQUE CON OBJETO FIJO,1,1,1,AMAZONAS,BAGUA,BAGUA,URBANA,CARRETERA,DEPARTAMENTAL,AM-101,-5.683117,-78.483259,DESPEJADO,RURAL,INTERSECCIÓN,PLANA ,ASFALTADA,,,,,EN PROCESO DE INVESTIGACIÓN,NO CUENTA CON CAUSA ESPECIFICA,23.0,0,42.5,42.5,26.0,59.0,1,1,1,1,0,0,2
A-2024-01-30,2024-01-04,11:00,CHOQUE,1,5,2,CUSCO,CANCHIS,SICUANI,RURAL,CARRETERA,NACIONAL,PE-3S,-14.293865525830997,-71.21766143678256,DESPEJADO,RURAL,TRAMO RECTO,PLANA ,ASFALTADA,SI,PREVENTIVA (P),,SI,IMPRUDENCIA DEL CONDUCTOR,INVASIÓN DE CARRIL,11.0,0,56.25,60.5,41.0,63.0,4,2,1,5,2,0,7
A-2024-01-42,2024-01-04,12:00,CHOQUE,1,1,2,TUMBES,CONTRALMIRANTE VILLAR,ZORRITOS,RURAL,CARRETERA,NACIONAL,PE-1N,-3.711744570937884,-80.72526452116942,SOLEADO,RURAL,TRAMO RECTO,PLANA ,ASFALTADA,,,,,IMPRUDENCIA DEL CONDUCTOR,OTRO (IMPRUDENCIA DEL CONDUCTOR),12.0,0,36.666666666666664,36.0,35.0,39.0,2,2,1,1,1,0,3
A-2024-01-65,2024-01-04,15:45,CHOQUE,5,3,2,ICA,PISCO,INDEPENDENCIA,RURAL,CARRETERA,NACIONAL,PE-28A,-13.6928243,-76.0222522,DESPEJADO,RURAL,TRAMO RECTO,PLANA ,ASFALTADA,,,,,EN PROCESO DE INVESTIGACIÓN,NO CUENTA CON CAUSA ESPECIFICA,15.0,2,53.125,54.0,18.0,82.0,6,2,5,3,2,0,8
A-2024-01-96,2024-01-04,16:50,VOLCADURA,1,0,1,AYACUCHO,HUAMANGA,QUINUA,RURAL,CARRETERA,NACIONAL,PE-28B,-13.0115568993304,-74.1223643561845,LLUVIOSO,RURAL,CURVA,INCLINADA,ASFALTADA,SI,PREVENTIVA (P),,NO,IMPRUDENCIA DEL CONDUCTOR,OTRO (IMPRUDENCIA DEL CONDUCTOR),16.0,0,32.0,32.0,31.0,33.0,1,1,1,0,1,0,2
A-2024-01-82,2024-01-04,17:00,CHOQUE,1,0,1,PUNO,SAN ROMAN,SAN MIGUEL,RURAL,CARRETERA,NACIONAL,PE-3S,-15.4239746,-70.1448474,DESPEJADO,RURAL,TRAMO RECTO,PLANA ,ASFALTADA,,,,,IMPRUDENCIA DEL CONDUCTOR,CONDUCIR EN ESTADO DE EBRIEDAD Y/O DROGADICCIÓN,17.0,0,37.5,37.5,34.0,41.0,2,2,1,0,1,0,2
A-2024-01-62,2024-01-05,12:15,CHOQUE,1,8,0,JUNIN,HUANCAYO,PILCOMAYO,URBANA,CARRETERA,NACIONAL,PE-3SB,-12.035144,-75.261397,DESPEJADO,RURAL,TRAMO RECTO,PLANA ,ASFALTADA,NO,,,SI,IMPRUDENCIA DEL CONDUCTOR,INVASIÓN DE CARRIL,12.0,0,29.555555555555557,30.0,1.0,65.0,3,2,1,8,1,0,9
A-2024-01-5,2024-01-05,14:50,CHOQUE,1,0,2,AREQUIPA,AREQUIPA,UCHUMAYO,RURAL,CARRETERA,NACIONAL,PE-34A,-16.470623,-71.694365,DESPEJADO,RURAL,OTRO,PLANA ,ASFALTADA,NO,,,SI,EN PROCESO DE INVESTIGACIÓN,NO CUENTA CON CAUSA ESPECIFICA,14.0,0,51.0,51.0,41.0,61.0,2,2,1,0,2,0,2
A-2024-01-60,2024-01-05,15:40,DESPISTE,2,3,1,TACNA,TARATA,TARATA,RURAL,CARRETERA,NACIONAL,PE-38,-17.437390990135217,-69.97383887291441,NUBLADO,RURAL,CURVA,PLANA ,ASFALTADA,,,,,IMPRUDENCIA DEL CONDUCTOR,EXCESO DE VELOCIDAD,15.0,1,20.6,24.0,6.0,34.0,2,1,2,3,1,0,5
A-2024-01-27,2024-01-05,18:30,ESPECIAL,1,1,1,CUSCO,CHUMBIVILCAS,SANTO TOMAS,RURAL,CARRETERA,NACIONAL,PE-3SG,-14.515837,-72.036882,NUBLADO,RURAL,CURVA,INCLINADA,ASFALTADA,SI,PREVENTIVA (P),,NO,IMPRUDENCIA DEL CONDUCTOR,EXCESO DE VELOCIDAD,18.0,0,19.0,19.0,18.0,20.0,1,1,1,1,0,0,2
A-2024-01-37,2024-01-05,20:00,DESPISTE,1,0,1,CUSCO,ANTA,CHINCHAYPUJIO,RURAL,CARRETERA,NACIONAL,PE-3SF,-13.633740337236652,-72.23675544699353,DESPEJADO,RURAL,CURVA,INCLINADA,CONCRETO,SI,PREVENTIVA (P),,NO,IMPRUDENCIA DEL CONDUCTOR,FATIGA Y/O CANSANCIO,20.0,0,51.5,51.5,35.0,68.0,2,1,1,0,1,0,2
A-2024-01-36,2024-01-06,07:52,ATROPELLO FUGA,1,0,0,CUSCO,CANCHIS,SICUANI,RURAL,CARRETERA,DEPARTAMENTAL,CU-125,-14.224506447388,-71.2596676030477,DESPEJADO,RURAL,TRAMO RECTO,PLANA ,ASFALTADA,SI,PREVENTIVA (P),,SI,EN PROCESO DE INVESTIGACIÓN,NO CUENTA CON CAUSA ESPECIFICA,7.0,0,47.0,47.0,47.0,47.0,1,0,1,0,0,0,2
A-2024-01-108,2024-01-06,09:40,ATROPELLO,1,0,1,LIMA,HUARAL,HUARAL,URBANA,CALLE,URBANO,NO CORRESPONDE,-11.4888391,-77.2029653,DESPEJADO,INDUSTRIAL,OTRO,PLANA ,TROCHA,,,,,EN PROCESO DE INVESTIGACIÓN,NO CUENTA CON CAUSA ESPECIFICA,9.0,0,24.5,24.5,1.0,48.0,1,1,1,0,1,1,2
A-2024-01-41,2024-01-06,10:00,CHOQUE,1,1,2,CUSCO,ESPINAR,COPORAQUE,RURAL,CARRETERA,NACIONAL,PE-3SG,-14.608693,-71.671846,DESPEJADO,RURAL,TRAMO RECTO,PLANA ,ASFALTADA,NO,,,SI,IMPRUDENCIA DEL CONDUCTOR,INVASIÓN DE CARRIL,10.0,0,27.666666666666668,26.0,24.0,33.0,3,2,1,1,0,0,3
A-2024-01-113,2024-01-06,13:00,ATROPELLO,1,0,1,CAJAMARCA,CUTERVO,CUTERVO,RURAL,CARRETERA,DEPARTAMENTAL,CA-105,-6.405112,-78.7398,DESPEJADO,INDUSTRIAL,TRAMO RECTO,INCLINADA,ASFALTADA,NO,,,SI,IMPRUDENCIA DEL CONDUCTOR,EXCESO DE VELOCIDAD,13.0,0,64.0,64.0,40.0,88.0,1,1,1,0,0,0,2
A-2024-01-102-B,2024-01-06,20:50,CHOQUE,1,0,0,PASCO,PASCO,YANACANCHA,RURAL,CARRETERA,NACIONAL,PE-3N,-10.56308671,-76.19286605,,,,,,,,,,EN PROCESO DE INVESTIGACIÓN,NO CUENTA CON CAUSA ESPECIFICA,20.0,0,49.0,49.0,49.0,49.0,1,1,1,0,0,0,1
A-2024-01-83,2024-01-07,06:40,ATROPELLO,1,0,0,PUNO,SAN ROMAN,JULIACA,URBANA,AVENIDA,URBANO,NO CORRESPONDE,-15.492295,-70.147604,DESPEJADO,RESIDENCIAL,TRAMO RECTO,PLANA ,ASFALTADA,,,,,IMPRUDENCIA DEL CONDUCTOR,EXCESO DE VELOCIDAD,6.0,0,38.5,38.5,27.0,50.0,1,1,1,0,0,0,2
A-2024-01-123,2024-01-07,12:40,ATROPELLO,1,0,0,LIMA,LIMA,LURIGANCHO,URBANA,AVENIDA,URBANO,NO CORRESPONDE,-11.932458689402498,-76.69278927045862,DESPEJADO,RESIDENCIAL,INTERSECCIÓN,PLANA ,ASFALTADA,,,,,IMPRUDENCIA DEL CONDUCTOR,ADELANTAR INDEBIDAMENTE,12.0,0,23.0,23.0,17.0,29.0,1,1,1,0,0,0,2
A-2024-01-7,2024-01-07,13:50,DESPISTE,1,0,1,AREQUIPA,AREQUIPA,UCHUMAYO,URBANA,CARRETERA,NACIONAL,PE-34A,-16.425136,-71.662889,SOLEADO,RURAL,TRAMO RECTO,INCLINADA,ASFALTADA,NO,,,SI,EN PROCESO DE INVESTIGACIÓN,NO CUENTA CON CAUSA ESPECIFICA,13.0,0,51.0,51.0,51.0,51.0,1,1,1,0,1,0,1
A-2024-01-93,2024-01-07,15:50,DESPISTE,1,3,2,AYACUCHO,CANGALLO,MARIA PARADO DE BELLIDO,RURAL,CARRETERA,NACIONAL,PE-30D,-13.61998,-74.261692,DESPEJADO,RURAL,CURVA,INCLINADA,ASFALTADA,SI,PREVENTIVA (P),,NO,IMPRUDENCIA DEL CONDUCTOR,EXCESO DE VELOCIDAD,15.0,0,38.0,35.0,10.0,71.0,4,2,1,3,2,1,5
A-2024-01-88,2024-01-07,18:20,DESPISTE,1,0,1,PUNO,CARABAYA,MACUSANI,URBANA,AVENIDA,URBANO,NO CORRESPONDE,-14.073512948609627,-70.42898559229926,LLUVIOSO,ESCOLAR,TRAMO RECTO,PLANA ,TROCHA,,,,,IMPRUDENCIA DEL CONDUCTOR,CONDUCIR EN ESTADO DE EBRIEDAD Y/O DROGADICCIÓN,18.0,0,37.0,37.0,37.0,37.0,1,1,1,0,0,1,1
A-2024-01-142,2024-01-08,04:45,CHOQUE FUGA,1,0,0,LIMA,LIMA,VILLA EL SALVADOR,URBANA,CARRETERA,NACIONAL,PE-1S,-12.232089,-76.963748,DESPEJADO,INDUSTRIAL,TRAMO RECTO,PLANA ,ASFALTADA,,,,,EN PROCESO DE INVESTIGACIÓN,NO CUENTA CON CAUSA ESPECIFICA,4.0,0,19.0,19.0,19.0,19.0,1,1,1,0,0,0,2
A-2024-01-19,2024-01-08,20:20,DESPISTE,7,8,1,LA LIBERTAD,ASCOPE,CHICAMA,RURAL,CARRETERA,NACIONAL,PE-1N,-7.957124,-79.088982,DESPEJADO,RURAL,TRAMO RECTO,PLANA ,ASFALTADA,,,,,IMPRUDENCIA DEL CONDUCTOR,OTRO (IMPRUDENCIA DEL CONDUCTOR),20.0,2,40.1875,41.0,12.0,63.0,9,1,7,8,1,0,16
A-2024-01-21,2024-01-09,00:55,CHOQUE,1,0,2,LA LIBERTAD,VIRU,GUADALUPITO,RURAL,CARRETERA,NACIONAL,PE-1N,-8.71681945078552,-78.63644593856343,DESPEJADO,RURAL,TRAMO RECTO,PLANA ,ASFALTADA,,,,,IMPRUDENCIA DEL CONDUCTOR,OTRO (IMPRUDENCIA DEL CONDUCTOR),0.0,0,36.0,38.0,31.0,39.0,3,2,1,0,2,0,3
A-2024-01-143,2024-01-09,12:30,CHOQUE,1,0,0,LIMA,LIMA,LURIGANCHO,URBANA,AVENIDA,URBANO,NO CORRESPONDE,-11.938854521481424,-76.6929789798185,DESPEJADO,RESIDENCIAL,INTERSECCIÓN,PLANA ,ASFALTADA,,,,,IMPRUDENCIA DEL CONDUCTOR,OTRO (IMPRUDENCIA DEL CONDUCTOR),12.0,0,43.5,43.5,38.0,49.0,2,2,1,0,2,0,2
A-2024-01-144,2024-01-10,08:50,CHOQUE,1,0,0,LIMA,LIMA,SAN MIGUEL,URBANA,AVENIDA,URBANO,NO CORRESPONDE,-12.069580184148702,-77.08203696851281,DESPEJADO,COMERCIAL,TRAMO RECTO,PLANA ,ASFALTADA,,,,,IMPRUDENCIA DEL CONDUCTOR,NO ESTABLECER EL DERECHO DE PASO,8.0,0,55.5,55.5,33.0,78.0,2,2,1,0,0,0,2
A-2024-01-145,2024-01-10,13:00,CHOQUE,1,0,0,LIMA,LIMA,COMAS,URBANA,AVENIDA,URBANO,NO CORRESPONDE,-11.974824,-77.058419,DESPEJADO,RESIDENCIAL,TRAMO RECTO,PLANA ,ASFALTADA,,,,,IMPRUDENCIA DEL CONDUCTOR,NO ENCENDER LAS LUCES,13.0,0,45.0,45.0,25.0,65.0,2,2,1,0,0,0,2
A-2024-01-67,2024-01-10,14:30,CHOQUE,2,2,2,ICA,ICA,SANTIAGO,RURAL,CARRETERA,NACIONAL,PE-1S,-14.3350689,-75.6615314,SOLEADO,RURAL,TRAMO RECTO,PLANA ,ASFALTADA,,,,,EN PROCESO DE INVESTIGACIÓN,NO CUENTA CON CAUSA ESPECIFICA,14.0,1,42.25,42.5,30.0,54.0,4,2,2,2,2,0,4
A-2024-01-103,2024-01-11,07:46,DESPISTE,1,2,1,PASCO,PASCO,YANACANCHA,RURAL,CARRETERA,PROVINCIAL,PA-559,-10.654741669026311,-76.23984076254537,DESPEJADO,RURAL,TRAMO RECTO,PLANA ,TROCHA,,,,,IMPRUDENCIA DEL CONDUCTOR,FATIGA Y/O CANSANCIO,7.0,0,37.333333333333336,33.0,15.0,64.0,2,1,1,2,0,0,3
A-2024-01-59,2024-01-11,12:50,DESPISTE,1,3,1,TACNA,CANDARAVE,CAIRANI,RURAL,CARRETERA,PROVINCIAL,TA-524,-17.247328,-70.337243,DESPEJADO,RURAL,TRAMO RECTO,PLANA ,TROCHA,,,,,INFRAESTRUCTURA Y ENTORNO VIAL,FACTOR AMBIENTAL,12.0,0,58.75,64.0,38.0,69.0,3,1,1,3,1,0,4
A-2024-01-29,2024-01-11,17:00,DESPISTE,1,1,1,CUSCO,ANTA,ANTA,RURAL,CARRETERA,PROVINCIAL,CU-1247,-13.555065368515,-72.1724414712503,DESPEJADO,RURAL,SINUOSA,INCLINADA,TROCHA,,,,,EN PROCESO DE INVESTIGACIÓN,NO CUENTA CON CAUSA ESPECIFICA,17.0,0,41.5,41.5,40.0,43.0,2,1,1,1,1,0,2
A-2024-01-99,2024-01-11,20:30,ATROPELLO,1,0,0,CALLAO,CALLAO,VENTANILLA,URBANA,CARRETERA,NACIONAL,PE-20,-11.8693538236127,-77.1277735826605,DESPEJADO,INDUSTRIAL,TRAMO RECTO,INCLINADA,ASFALTADA,NO,,,SI,NEGLIGENCIA DEL CONDUCTOR,OTRO (NEGLIGENCIA DEL CONDUCTOR),20.0,0,60.0,60.0,52.0,68.0,2,1,1,0,1,0,2
A-2024-01-146,2024-01-11,22:30,DESPISTE,2,0,0,LIMA,LIMA,SAN JUAN DE LURIGANCHO,URBANA,JIRÓN,URBANO,NO CORRESPONDE,-11.95567088322478,-76.98983207317977,DESPEJADO,RESIDENCIAL,INTERSECCIÓN,PLANA ,ASFALTADA,,,,,IMPRUDENCIA DEL CONDUCTOR,EXCESO DE VELOCIDAD,22.0,1,36.5,36.5,30.0,43.0,2,1,2,0,0,0,2
A-2024-01-74,2024-01-12,19:00,CHOQUE,2,0,0,PIURA,PIURA,LA UNION,RURAL,CARRETERA,NACIONAL,PE-1NK,-5.3674,-80.73084,DESPEJADO,RURAL,TRAMO RECTO,PLANA ,ASFALTADA,,,,,EN PROCESO DE INVESTIGACIÓN,NO CUENTA CON CAUSA ESPECIFICA,19.0,1,22.5,22.5,21.0,24.0,1,1,2,0,0,0,3
A-2024-01-124,2024-01-12,21:45,ATROPELLO,1,0,0,LIMA,LIMA,BARRANCO,URBANA,AVENIDA,URBANO,NO CORRESPONDE,-12.142745876897738,-77.02203523036745,DESPEJADO,COMERCIAL,TRAMO RECTO,PLANA ,ASFALTADA,,,,,IMPRUDENCIA DEL PEATÓN,ESTADO DE EBRIEDAD Y/O DROGADICCIÓN,21.0,0,59.0,59.0,54.0,64.0,2,1,1,0,1,0,2
A-2024-01-63,2024-01-13,07:03,DESPISTE,1,0,0,JUNIN,JAUJA,CURICACA,URBANA,CARRETERA,NACIONAL,PE-3S,-11.81468,-75.620389,DESPEJADO,RURAL,CURVA,PLANA ,ASFALTADA,NO,,,SI,IMPRUDENCIA DEL CONDUCTOR,OTRO (IMPRUDENCIA DEL CONDUCTOR),7.0,0,37.0,37.0,37.0,37.0,1,1,1,0,1,0,1
A-2024-01-8,2024-01-13,07:10,VOLCADURA,1,0,1,AREQUIPA,AREQUIPA,AREQUIPA,URBANA,AVENIDA,URBANO,NO CORRESPONDE,-16.397392,-71.541465,DESPEJADO,COMERCIAL,TRAMO RECTO,PLANA ,ASFALTADA,,,,,EN PROCESO DE INVESTIGACIÓN,NO CUENTA CON CAUSA ESPECIFICA,7.0,0,20.0,20.0,20.0,20.0,1,1,1,0,0,0,1
A-2024-01-109,2024-01-13,09:40,CHOQUE FUGA,1,0,1,LIMA,HUARAL,CHANCAY,RURAL,CARRETERA,NACIONAL,PE-1N,-11.573817,-77.2631322,DESPEJADO,RURAL,TRAMO RECTO,PLANA ,ASFALTADA,SI,PREVENTIVA (P),,NO,EN PROCESO DE INVESTIGACIÓN,NO CUENTA CON CAUSA ESPECIFICA,9.0,0,27.0,27.0,27.0,27.0,1,1,1,0,1,0,2
A-2024-01-104,2024-01-13,15:00,CHOQUE,2,1,2,PASCO,PASCO,SIMON BOLIVAR,RURAL,CARRETERA,DEPARTAMENTAL,PA-103,-10.5907969921831,-76.33560766605758,DESPEJADO,RURAL,TRAMO RECTO,PLANA ,ASFALTADA,,,,,IMPRUDENCIA DEL CONDUCTOR,EXCESO DE VELOCIDAD,15.0,1,43.75,39.0,36.0,61.0,2,1,2,1,2,0,4