CODIGO_SINIESTRO,FECHA_SINIESTRO,HORA_SINIESTRO,CLASE_SINIESTRO,CANTIDAD_FALLECIDOS,CANTIDAD_LESIONADOS,CANTIDAD_VEHICULOS,DEPARTAMENTO,PROVINCIA,DISTRITO,ZONA,TIPO_VIA,RED_VIAL,COD_CARRETERA,LATITUD,LONGITUD,CONDICION_CLIMATICA,ZONIFICACION,CARACTERISTICAS_VIA,PERFIL_VIA,SUPERFICIE_CALZADA,EXISTE_SENIAL_VERTICAL,CLASIFICACION_SENIAL_VERTICAL_1,CLASIFICACION_SENIAL_VERTICAL_2,EXISTE_SENIAL_HORIZONTAL,CAUSA_FACTOR_PRINCIPAL,CAUSA_ESPECIFICA,HORA,severidad,EDAD_PROMEDIO,EDAD_MEDIANA,EDAD_MIN,EDAD_MAX,TOTAL_MASCULINOS,TOTAL_CONDUCTORES,TOTAL_FALLECIDOS_AGG,TOTAL_LESIONADOS_AGG,TOTAL_LICENCIA,TOTAL_ALCOHOL_POSITIVO,TOTAL_PERSONAS
A-2024-01-9,2024-01-13,15:30,DESPISTE,2,2,1,AREQUIPA,AREQUIPA,LA JOYA,RURAL,CARRETERA,DEPARTAMENTAL,AR-115,-16.542312,-71.707481,DESPEJADO,RURAL,TRAMO RECTO,INCLINADA,ASFALTADA,NO,,,SI,EN PROCESO DE INVESTIGACIÓN,NO CUENTA CON CAUSA ESPECIFICA,15.0,1,33.25,31.0,22.0,49.0,4,1,2,2,0,0,4
A-2024-01-10,2024-01-13,19:30,ATROPELLO,1,0,1,AREQUIPA,AREQUIPA,CERRO COLORADO,URBANA,CARRETERA,NACIONAL,PE-34A,-16.407098,-71.603607,DESPEJADO,COMERCIAL,TRAMO RECTO,INCLINADA,ASFALTADA,NO,,,SI,EN PROCESO DE INVESTIGACIÓN,NO CUENTA CON CAUSA ESPECIFICA,19.0,0,60.5,60.5,60.0,61.0,2,1,1,0,1,0,2
A-2024-01-125,2024-01-14,02:00,ATROPELLO,1,0,0,LIMA,LIMA,SAN MARTIN DE PORRES,URBANA,AVENIDA,URBANO,NO CORRESPONDE,-11.987163877543772,-77.10339021699738,DESPEJADO,COMERCIAL,TRAMO RECTO,PLANA ,ASFALTADA,,,,,EN PROCESO DE INVESTIGACIÓN,NO CUENTA CON CAUSA ESPECIFICA,2.0,0,56.0,56.0,52.0,60.0,2,1,1,0,1,0,2
A-2024-01-112,2024-01-14,02:10,CHOQUE,1,3,3,CAJAMARCA,JAEN,JAEN,RURAL,CARRETERA,NACIONAL,PE-5N,-5.655685,-78.754393,DESPEJADO,RURAL,TRAMO RECTO,PLANA ,ASFALTADA,NO,,,SI,IMPRUDENCIA DEL CONDUCTOR,CONDUCIR EN ESTADO DE EBRIEDAD Y/O DROGADICCIÓN,2.0,0,47.0,42.5,35.0,68.0,3,2,1,3,1,1,5
A-2024-01-22,2024-01-14,05:20,CHOQUE,4,0,2,LA LIBERTAD,TRUJILLO,VICTOR LARCO HERRERA,URBANA,CARRETERA,NACIONAL,PE-1N,-8.142941,-79.027475,DESPEJADO,RESIDENCIAL,TRAMO RECTO,PLANA ,ASFALTADA,,,,,IMPRUDENCIA DEL CONDUCTOR,CONDUCIR EN ESTADO DE EBRIEDAD Y/O DROGADICCIÓN,5.0,2,24.8,21.0,16.0,43.0,3,2,4,0,1,0,5
A-2024-01-126,2024-01-14,05:30,CHOQUE,1,0,0,LIMA,LIMA,PUENTE PIEDRA,URBANA,CARRETERA,NACIONAL,PE-1N,-11.841075,-77.104197,DESPEJADO,COMERCIAL,TRAMO RECTO,PLANA ,ASFALTADA,,,,,IMPRUDENCIA DEL CONDUCTOR,INVASIÓN DE CARRIL,5.0,0,25.5,25.5,24.0,27.0,2,2,1,0,0,0,3
A-2024-01-119,2024-01-14,08:00,ATROPELLO FUGA,1,0,0,PIURA,SECHURA,VICE,RURAL,CARRETERA,PROVINCIAL,PI-1061,-5.45133,-80.815121,DESPEJADO,RURAL,TRAMO RECTO,PLANA ,TROCHA,,,,,EN PROCESO DE INVESTIGACIÓN,NO CUENTA CON CAUSA ESPECIFICA,8.0,0,23.0,23.0,23.0,23.0,1,0,1,0,0,0,2
A-2024-01-127,2024-01-14,11:40,ATROPELLO FUGA,1,0,0,LIMA,LIMA,VILLA EL SALVADOR,URBANA,AVENIDA,URBANO,NO CORRESPONDE,-12.220862595284473,-76.94377197644376,DESPEJADO,COMERCIAL,INTERSECCIÓN,PLANA ,ASFALTADA,,,,,EN PROCESO DE INVESTIGACIÓN,NO CUENTA CON CAUSA ESPECIFICA,11.0,0,77.0,77.0,77.0,77.0,0,0,1,0,0,0,2
A-2024-01-92,2024-01-14,16:00,CHOQUE,1,0,2,AYACUCHO,LUCANAS,PUQUIO,URBANA,CARRETERA,NACIONAL,PE-30A,-14.69072,-74.121177,NUBLADO,RESIDENCIAL,TRAMO RECTO,INCLINADA,ASFALTADA,,,,,IMPRUDENCIA DEL CONDUCTOR,ADELANTAR INDEBIDAMENTE,16.0,0,38.333333333333336,26.0,17.0,72.0,2,2,1,0,1,0,3
A-2024-01-68,2024-01-14,16:15,ATROPELLO,1,0,1,ICA,PISCO,SAN ANDRES,URBANA,AVENIDA,URBANO,NO CORRESPONDE,-13.7122905689337,-76.16830907213804,DESPEJADO,INDUSTRIAL,TRAMO RECTO,PLANA ,ASFALTADA,,,,,EN PROCESO DE INVESTIGACIÓN,NO CUENTA CON CAUSA ESPECIFICA,16.0,0,52.0,52.0,31.0,73.0,2,1,1,0,1,0,2
A-2024-01-95,2024-01-14,17:00,DESPISTE,3,17,1,AYACUCHO,VILCAS HUAMAN,VISCHONGO,RURAL,CARRETERA,PROVINCIAL,AY-995,-13.645463,-73.980771,DESPEJADO,RURAL,SINUOSA,INCLINADA,AFIRMADO,,,,,NEGLIGENCIA DEL CONDUCTOR,CONDUCIR CON FALLAS DE DIRECCIÓN,17.0,2,31.55,32.0,1.0,81.0,9,1,3,17,0,0,20
A-2024-01-13,2024-01-14,23:40,DESPISTE,1,1,1,APURIMAC,ANDAHUAYLAS,ANDAHUAYLAS,URBANA,CARRETERA,PROVINCIAL,AP-560,-13.657647,-73.390972,LLUVIOSO,COMERCIAL,CURVA,INCLINADA,ASFALTADA,,,,,IMPRUDENCIA DEL CONDUCTOR,CONDUCIR EN ESTADO DE EBRIEDAD Y/O DROGADICCIÓN,23.0,0,18.5,18.5,18.0,19.0,2,1,1,1,0,0,2
A-2024-01-89,2024-01-15,06:00,DESPISTE,1,0,1,PUNO,SANDIA,QUIACA,RURAL,CARRETERA,PROVINCIAL,PU-593,-14.546854158236757,-69.41843646651559,NUBLADO,RURAL,CURVA,PLANA ,TROCHA,,,,,IMPRUDENCIA DEL CONDUCTOR,FATIGA Y/O CANSANCIO,6.0,0,52.0,52.0,37.0,67.0,2,1,1,0,1,0,2
A-2024-01-129,2024-01-15,09:30,ATROPELLO,1,0,0,LIMA,LIMA,SAN MIGUEL,URBANA,AVENIDA,URBANO,NO CORRESPONDE,-12.08688556219166,-77.08382684494106,DESPEJADO,RESIDENCIAL,INTERSECCIÓN,PLANA ,ASFALTADA,,,,,IMPRUDENCIA DEL CONDUCTOR,GIRAR IMPRUDENTEMENTE,9.0,0,30.5,30.5,21.0,40.0,1,1,1,0,1,0,2
A-2024-01-128,2024-01-15,11:30,DESPISTE,1,2,0,LIMA,LIMA,SAN JUAN DE LURIGANCHO,URBANA,AVENIDA,URBANO,NO CORRESPONDE,-11.9358891128,-76.9593308809,DESPEJADO,RESIDENCIAL,TRAMO RECTO,PLANA ,ASFALTADA,,,,,IMPRUDENCIA DEL CONDUCTOR,OTRO (IMPRUDENCIA DEL CONDUCTOR),11.0,0,26.0,25.5,8.0,45.0,4,1,1,2,1,0,4
A-2024-01-43,2024-01-15,14:05,CHOQUE,1,0,2,TUMBES,TUMBES,TUMBES,URBANA,CARRETERA,DEPARTAMENTAL,TU-104,-3.579795362841696,-80.44893260337105,SOLEADO,COMERCIAL,TRAMO RECTO,PLANA ,ASFALTADA,,,,,IMPRUDENCIA DEL CONDUCTOR,OTRO (IMPRUDENCIA DEL CONDUCTOR),14.0,0,52.0,52.0,42.0,62.0,2,2,1,0,0,0,2
A-2024-01-58,2024-01-15,14:30,CHOQUE,1,0,2,AMAZONAS,UTCUBAMBA,EL MILAGRO,RURAL,CARRETERA,NACIONAL,PE-5NC,-5.711679,-78.614155,SOLEADO,RURAL,TRAMO RECTO,PLANA ,ASFALTADA,SI,REGULADORA (R),,SI,EN PROCESO DE INVESTIGACIÓN,NO CUENTA CON CAUSA ESPECIFICA,14.0,0,58.5,58.5,56.0,61.0,2,2,1,0,1,0,2
A-2024-01-50,2024-01-15,17:30,DESPISTE,4,0,1,HUANCAVELICA,HUANCAVELICA,HUANCAVELICA,RURAL,CARRETERA,NACIONAL,PE-26,-12.779638933721444,-75.02764086671536,DESPEJADO,RURAL,CURVA,PLANA ,ASFALTADA,,,,,EN PROCESO DE INVESTIGACIÓN,NO CUENTA CON CAUSA ESPECIFICA,17.0,2,45.25,46.5,38.0,50.0,1,1,4,0,0,0,4
A-2024-01-23,2024-01-15,20:15,CHOQUE,1,0,2,LA LIBERTAD,TRUJILLO,TRUJILLO,URBANA,CARRETERA,NACIONAL,PE-10A,-8.108898137812147,-78.9962266928641,DESPEJADO,INDUSTRIAL,INTERSECCIÓN,PLANA ,ASFALTADA,,,,,EN PROCESO DE INVESTIGACIÓN,NO CUENTA CON CAUSA ESPECIFICA,20.0,0,46.0,46.0,38.0,54.0,2,2,1,0,1,0,2
A-2024-01-69,2024-01-16,19:15,ATROPELLO,1,0,1,ICA,PISCO,SAN CLEMENTE,RURAL,CARRETERA,NACIONAL,PE-1S,-13.6702363,-76.1543612,DESPEJADO,RURAL,TRAMO RECTO,PLANA ,ASFALTADA,,,,,EN PROCESO DE INVESTIGACIÓN,NO CUENTA CON CAUSA ESPECIFICA,19.0,0,42.5,42.5,32.0,53.0,2,1,1,0,1,0,2
A-2024-01-76,2024-01-17,02:00,DESPISTE,1,0,0,JUNIN,HUANCAYO,SICAYA,RURAL,CARRETERA,PROVINCIAL,JU-877,-12.046583,-75.305283,DESPEJADO,RURAL,TRAMO RECTO,INCLINADA,ASFALTADA,NO,,,SI,IMPRUDENCIA DEL CONDUCTOR,CONDUCIR EN ESTADO DE EBRIEDAD Y/O DROGADICCIÓN,2.0,0,44.0,44.0,44.0,44.0,0,1,1,0,1,0,1
A-2024-01-130,2024-01-17,07:20,ATROPELLO,1,0,0,LIMA,LIMA,VILLA EL SALVADOR,URBANA,AVENIDA,URBANO,NO CORRESPONDE,-12.23626556918445,-76.91630281426208,DESPEJADO,COMERCIAL,INTERSECCIÓN,PLANA ,ASFALTADA,,,,,EN PROCESO DE INVESTIGACIÓN,NO CUENTA CON CAUSA ESPECIFICA,7.0,0,48.0,48.0,46.0,50.0,2,1,1,0,1,0,2
A-2024-01-12,2024-01-17,14:30,DESPISTE,1,0,1,PUNO,CHUCUITO,POMATA,RURAL,CARRETERA,NACIONAL,PE-3S,-16.275652406868424,-69.28982171871066,DESPEJADO,RURAL,TRAMO RECTO,PLANA ,ASFALTADA,SI,REGULADORA (R),,NO,IMPRUDENCIA DEL CONDUCTOR,EXCESO DE VELOCIDAD,14.0,0,46.0,46.0,46.0,46.0,1,1,1,0,0,0,1
A-2024-01-26,2024-01-17,17:10,ATROPELLO,1,2,1,CUSCO,CUSCO,SAN SEBASTIAN,URBANA,AVENIDA,URBANO,NO CORRESPONDE,-13.530218,-71.938333,DESPEJADO,ESCOLAR,CURVA,PLANA ,CONCRETO,SI,PREVENTIVA (P),,NO,IMPRUDENCIA DEL CONDUCTOR,EXCESO DE VELOCIDAD,17.0,0,21.0,20.0,18.0,25.0,3,1,1,2,1,0,3
A-2024-01-44,2024-01-17,21:00,CHOQUE FUGA,1,0,2,TUMBES,TUMBES,SAN JACINTO,RURAL,CARRETERA,DEPARTAMENTAL,TU-105,-3.715058174141169,-80.45305257065677,DESPEJADO,RURAL,CURVA,INCLINADA,ASFALTADA,,,,,IMPRUDENCIA DEL CONDUCTOR,INVASIÓN DE CARRIL,21.0,0,15.0,15.0,15.0,15.0,1,1,1,0,0,0,2
A-2024-01-114,2024-01-18,06:00,DESPISTE,1,1,1,CAJAMARCA,CUTERVO,LA RAMADA,RURAL,CARRETERA,SIN CLASIFICAR,SIN CLASIFICAR,-6.243248754,-78.5524646,DESPEJADO,RURAL,CURVA,PLANA ,AFIRMADO,,,,,IMPRUDENCIA DEL CONDUCTOR,OTRO (IMPRUDENCIA DEL CONDUCTOR),6.0,0,43.5,43.5,35.0,52.0,2,1,1,1,1,0,2
A-2024-01-51,2024-01-18,06:00,DESPISTE,6,0,6,HUANCAVELICA,TAYACAJA,ACOSTAMBO,RURAL,CARRETERA,NACIONAL,PE-3S,-12.510753175346013,-74.96593179652756,DESPEJADO,RURAL,TRAMO RECTO,PLANA ,ASFALTADA,,,,,EN PROCESO DE INVESTIGACIÓN,NO CUENTA CON CAUSA ESPECIFICA,6.0,2,26.0,26.5,6.0,45.0,3,1,6,0,1,0,6
A-2024-01-79,2024-01-18,17:31,CHOQUE,1,3,0,PIURA,PIURA,LA UNION,RURAL,CARRETERA,NACIONAL,PE-1NK,-5.37521,-80.73528,DESPEJADO,RURAL,TRAMO RECTO,PLANA ,ASFALTADA,,,,,EN PROCESO DE INVESTIGACIÓN,NO CUENTA CON CAUSA ESPECIFICA,17.0,0,22.0,12.0,6.0,44.0,2,2,1,3,0,0,5
A-2024-01-131,2024-01-18,17:40,ATROPELLO,1,0,0,LIMA,LIMA,LURIGANCHO,URBANA,CARRETERA,NACIONAL,PE-22,-11.965511815118944,-76.74331488726784,DESPEJADO,COMERCIAL,TRAMO RECTO,PLANA ,ASFALTADA,,,,,IMPRUDENCIA DEL PEATÓN,CRUCE INDEBIDO POR LA CALZADA,17.0,0,49.5,49.5,30.0,69.0,2,1,1,0,1,0,2
A-2024-01-132,2024-01-18,20:20,ATROPELLO,1,0,0,LIMA,LIMA,CIENEGUILLA,URBANA,AVENIDA,URBANO,NO CORRESPONDE,-12.1316414773373,-76.81870127468785,DESPEJADO,INDUSTRIAL,TRAMO RECTO,PLANA ,ASFALTADA,,,,,IMPRUDENCIA DEL PEATÓN,ESTADO DE EBRIEDAD Y/O DROGADICCIÓN,20.0,0,43.0,43.0,36.0,50.0,2,1,1,0,0,0,2
A-2024-01-98,2024-01-19,16:00,CHOQUE,3,3,0,JUNIN,YAULI,LA OROYA,RURAL,CARRETERA,NACIONAL,PE-3S,-11.678067474093126,-75.77899216746763,DESPEJADO,RURAL,OTRO,PLANA ,ASFALTADA,SI,PREVENTIVA (P),PREVENTIVA (P),SI,IMPRUDENCIA DEL CONDUCTOR,INVASIÓN DE CARRIL,16.0,2,44.166666666666664,48.0,3.0,62.0,3,2,3,3,1,0,6
A-2024-01-90,2024-01-19,19:30,DESPISTE,1,1,1,PUNO,CARABAYA,AYAPATA,RURAL,CARRETERA,NACIONAL,PE-34B,-13.2086247,-70.3664761,DESPEJADO,RURAL,TRAMO RECTO,PLANA ,ASFALTADA,,,,,IMPRUDENCIA DEL CONDUCTOR,EXCESO DE VELOCIDAD,19.0,0,24.5,24.5,24.0,25.0,2,1,1,1,0,0,2
A-2024-01-147,2024-01-20,20:30,CHOQUE,1,0,0,LIMA,LIMA,SAN BORJA,URBANA,AVENIDA,URBANO,NO CORRESPONDE,-12.0838647309721,-76.98433887076354,DESPEJADO,COMERCIAL,TRAMO RECTO,PLANA ,ASFALTADA,,,,,IMPRUDENCIA DEL CONDUCTOR,CONDUCIR EN ESTADO DE EBRIEDAD Y/O DROGADICCIÓN,20.0,0,41.0,41.0,39.0,43.0,2,2,1,0,1,0,2
A-2024-01-84,2024-01-20,20:40,VOLCADURA,1,0,1,PUNO,LAMPA,CALAPUJA,RURAL,CARRETERA,NACIONAL,PE-3S,-15.314595,-70.205073,DESPEJADO,RURAL,INTERSECCIÓN,PLANA ,ASFALTADA,,,,,IMPRUDENCIA DEL CONDUCTOR,CONDUCIR EN ESTADO DE EBRIEDAD Y/O DROGADICCIÓN,20.0,0,54.0,54.0,54.0,54.0,1,1,1,0,0,1,1
A-2024-01-24,2024-01-21,01:00,ATROPELLO FUGA,1,1,0,LA LIBERTAD,TRUJILLO,LA ESPERANZA,URBANA,AVENIDA,URBANO,NO CORRESPONDE,-8.062266762020558,-79.05231172886009,DESPEJADO,COMERCIAL,INTERSECCIÓN,PLANA ,ASFALTADA,,,,,IMPRUDENCIA DEL PEATÓN,OTRO (IMPRUDENCIA DEL PEATÓN),1.0,0,53.5,53.5,49.0,58.0,1,0,1,1,0,0,3
A-2024-01-105,2024-01-21,03:00,DESPISTE,1,0,1,PASCO,DANIEL ALCIDES CARRION,SAN PEDRO DE PILLAO,RURAL,CARRETERA,PROVINCIAL,PA-504,-10.4385373311166,-76.5229298237029,NUBLADO,RURAL,TRAMO RECTO,PLANA ,TROCHA,,,,,IMPRUDENCIA DEL CONDUCTOR,FATIGA Y/O CANSANCIO,3.0,0,23.0,23.0,23.0,23.0,1,1,1,0,1,0,1
A-2024-01-115,2024-01-21,06:30,DESPISTE,1,5,1,CAJAMARCA,CUTERVO,CUTERVO,URBANA,CARRETERA,SIN CLASIFICAR,SIN CLASIFICAR,-6.476581,-78.769667,DESPEJADO,RESIDENCIAL,TRAMO RECTO,PLANA ,AFIRMADO,,,,,IMPRUDENCIA DEL CONDUCTOR,EXCESO DE VELOCIDAD,6.0,0,43.5,44.0,10.0,70.0,3,1,1,5,0,0,6
A-2024-01-80,2024-01-21,17:40,DESPISTE,1,0,0,PIURA,PIURA,PIURA,URBANA,CARRETERA,NACIONAL,PE-1N,-5.10959,-80.70302,DESPEJADO,RURAL,TRAMO RECTO,PLANA ,ASFALTADA,,,,,EN PROCESO DE INVESTIGACIÓN,NO CUENTA CON CAUSA ESPECIFICA,17.0,0,39.0,39.0,39.0,39.0,1,1,1,0,1,0,1
A-2024-01-14-B,2024-01-21,18:20,DESPISTE,1,0,1,AREQUIPA,AREQUIPA,QUEQUEÑA,URBANA,CARRETERA,DEPARTAMENTAL,AR-117,-16.527119,-71.483392,DESPEJADO,RESIDENCIAL,TRAMO RECTO,INCLINADA,ASFALTADA,NO,,,SI,EN PROCESO DE INVESTIGACIÓN,NO CUENTA CON CAUSA ESPECIFICA,18.0,0,29.0,29.0,29.0,29.0,1,1,1,0,1,0,1
A-2024-01-28,2024-01-21,19:00,CHOQUE,1,0,2,LA LIBERTAD,TRUJILLO,LAREDO,RURAL,CARRETERA,PROVINCIAL,LI-1078,-8.068459803953903,-78.82128769711494,DESPEJADO,RURAL,TRAMO RECTO,PLANA ,CONCRETO,,,,,IMPRUDENCIA DEL CONDUCTOR,CONDUCIR EN ESTADO DE EBRIEDAD Y/O DROGADICCIÓN,19.0,0,26.5,26.5,18.0,35.0,2,2,1,0,0,0,2
A-2024-01-134,2024-01-22,08:00,ATROPELLO FUGA,1,0,0,LIMA,LIMA,LA VICTORIA,URBANA,AVENIDA,URBANO,NO CORRESPONDE,-12.059578248293343,-77.03489691480442,DESPEJADO,COMERCIAL,TRAMO RECTO,PLANA ,ASFALTADA,,,,,EN PROCESO DE INVESTIGACIÓN,NO CUENTA CON CAUSA ESPECIFICA,8.0,0,,,,,1,0,1,0,0,0,2
A-2024-01-133,2024-01-22,12:20,ATROPELLO,1,0,0,LIMA,LIMA,SAN JUAN DE MIRAFLORES,URBANA,AVENIDA,URBANO,NO CORRESPONDE,-12.158505450698426,-76.9583225023919,DESPEJADO,RESIDENCIAL,TRAMO RECTO,PLANA ,ASFALTADA,,,,,EN PROCESO DE INVESTIGACIÓN,NO CUENTA CON CAUSA ESPECIFICA,12.0,0,73.0,73.0,55.0,91.0,2,1,1,0,1,0,2
A-2024-01-31,2024-01-22,18:25,ESPECIAL,1,0,0,LA LIBERTAD,CHEPEN,PACANGA,RURAL,CARRETERA,SIN CLASIFICAR,SIN CLASIFICAR,-7.147052772545051,-79.41986076164667,DESPEJADO,RURAL,TRAMO RECTO,PLANA ,AFIRMADO,,,,,EN PROCESO DE INVESTIGACIÓN,NO CUENTA CON CAUSA ESPECIFICA,18.0,0,51.0,51.0,51.0,51.0,0,0,1,0,0,0,2
A-2024-01-116,2024-01-22,22:00,CAÍDA DE PASAJERO,1,0,1,CAJAMARCA,SAN MIGUEL,CALQUIS,RURAL,CARRETERA,PROVINCIAL,CA-1217,-6.936034002,-78.98634244,DESPEJADO,RURAL,CURVA,INCLINADA,AFIRMADO,,,,,NEGLIGENCIA DEL CONDUCTOR,OTRO (NEGLIGENCIA DEL CONDUCTOR),22.0,0,47.5,47.5,41.0,54.0,2,1,1,0,1,0,2
A-2024-01-77,2024-01-23,00:10,DESPISTE,1,2,0,JUNIN,JUNIN,CARHUAMAYO,RURAL,CARRETERA,NACIONAL,PE-3N,-10.9724482455096,-76.03874266751114,DESPEJADO,RURAL,TRAMO RECTO,PLANA ,ASFALTADA,NO,,,SI,IMPRUDENCIA DEL CONDUCTOR,OTRO (IMPRUDENCIA DEL CONDUCTOR),0.0,0,52.25,47.0,33.0,82.0,1,1,1,2,1,0,4
A-2024-01-45,2024-01-23,05:10,DESPISTE,1,0,1,TUMBES,ZARUMILLA,PAPAYAL,RURAL,CARRETERA,DEPARTAMENTAL,TU-101,-3.5353029536023084,-80.23492817048577,DESPEJADO,RURAL,TRAMO RECTO,PLANA ,ASFALTADA,,,,,IMPRUDENCIA DEL CONDUCTOR,OTRO (IMPRUDENCIA DEL CONDUCTOR),5.0,0,64.0,64.0,64.0,64.0,1,1,1,0,0,0,1
A-2024-01-100,2024-01-23,18:20,DESPISTE,3,3,1,AYACUCHO,PAUCAR DEL SARA SARA,COLTA,RURAL,CARRETERA,SIN CLASIFICAR,SIN CLASIFICAR,-15.206664,-73.286689,LLUVIOSO,RURAL,CURVA,INCLINADA,AFIRMADO,,,,,IMPRUDENCIA DEL CONDUCTOR,OTRO (IMPRUDENCIA DEL CONDUCTOR),18.0,2,57.142857142857146,61.0,38.0,64.0,7,1,3,3,1,0,7
A-2024-01-32,2024-01-23,19:40,DESPISTE,1,3,1,LA LIBERTAD,CHEPEN,PACANGA,RURAL,CARRETERA,NACIONAL,PE-1N,-7.155462619631218,-79.44490654375898,DESPEJADO,RURAL,TRAMO RECTO,PLANA ,ASFALTADA,,,,,EN PROCESO DE INVESTIGACIÓN,NO CUENTA CON CAUSA ESPECIFICA,19.0,0,16.6,12.0,1.0,38.0,4,1,1,3,0,0,5
A-2024-01-81,2024-01-24,02:10,DESPISTE,1,0,0,PIURA,PIURA,CASTILLA,URBANA,AVENIDA,URBANO,NO CORRESPONDE,-5.18044,-80.598875,DESPEJADO,ESCOLAR,TRAMO RECTO,PLANA ,ASFALTADA,,,,,EN PROCESO DE INVESTIGACIÓN,NO CUENTA CON CAUSA ESPECIFICA,2.0,0,20.0,20.0,20.0,20.0,0,1,1,0,0,1,1
A-2024-01-85,2024-01-24,14:30,DESPISTE,2,3,1,PUNO,CARABAYA,USICAYOS,RURAL,CARRETERA,PROVINCIAL,PU-552,-14.116957225811891,-69.88846676825034,NUBLADO,RURAL,CURVA,INCLINADA,TROCHA,,,,,IMPRUDENCIA DEL CONDUCTOR,CONDUCIR EN ESTADO DE EBRIEDAD Y/O DROGADICCIÓN,14.0,1,31.8,36.0,9.0,41.0,2,1,2,3,1,1,5
A-2024-01-94,2024-01-24,14:40,DESPISTE,1,2,1,AYACUCHO,HUAMANGA,SAN JUAN BAUTISTA,URBANA,AVENIDA,URBANO,NO CORRESPONDE,-13.1682625313772,-74.2217132817071,DESPEJADO,RESIDENCIAL,TRAMO RECTO,INCLINADA,ASFALTADA,,,,,IMPRUDENCIA DEL CONDUCTOR,CONDUCIR EN ESTADO DE EBRIEDAD Y/O DROGADICCIÓN,14.0,0,20.333333333333332,20.0,20.0,21.0,3,1,1,2,0,1,3
A-2024-01-33,2024-01-24,17:00,DESPISTE,1,1,1,LA LIBERTAD,PATAZ,PIAS,RURAL,CARRETERA,NACIONAL,PE-10C,-7.8781268327924305,-77.62553922514466,DESPEJADO,RURAL,TRAMO RECTO,PLANA ,AFIRMADO,,,,,EN PROCESO DE INVESTIGACIÓN,NO CUENTA CON CAUSA ESPECIFICA,17.0,0,46.5,46.5,45.0,48.0,2,1,1,1,1,0,2
A-2024-01-118,2024-01-24,20:00,ATROPELLO,1,0,0,CAJAMARCA,CHOTA,CHALAMARCA,URBANA,OTRO,URBANO,NO CORRESPONDE,-6.504739,-78.48141,DESPEJADO,COMERCIAL,OTRO,PLANA ,CASCAJO/RIPIO,,,,,NEGLIGENCIA DEL CONDUCTOR,OTRO (NEGLIGENCIA DEL CONDUCTOR),20.0,0,40.5,40.5,17.0,64.0,2,1,1,0,1,0,2
A-2024-01-15,2024-01-24,21:10,CHOQUE,1,1,2,AREQUIPA,AREQUIPA,CERRO COLORADO,URBANA,AVENIDA,URBANO,NO CORRESPONDE,-16.323002,-71.591658,DESPEJADO,RESIDENCIAL,TRAMO RECTO,PLANA ,ASFALTADA,NO,,,SI,EN PROCESO DE INVESTIGACIÓN,NO CUENTA CON CAUSA ESPECIFICA,21.0,0,25.333333333333332,23.0,23.0,30.0,2,2,1,1,1,0,3
A-2024-01-55,2024-01-24,21:10,CHOQUE,1,0,2,SAN MARTIN,RIOJA,RIOJA,RURAL,CARRETERA,NACIONAL,PE-5N,-6.032884,-77.203903,DESPEJADO,RURAL,TRAMO RECTO,PLANA ,ASFALTADA,SI,PREVENTIVA (P),PREVENTIVA (P),NO,IMPRUDENCIA DEL CONDUCTOR,OTRO (IMPRUDENCIA DEL CONDUCTOR),21.0,0,43.0,49.0,30.0,50.0,3,2,1,0,2,0,3
A-2024-01-120,2024-01-24,23:00,ATROPELLO,1,1,1,CAJAMARCA,CAJAMARCA,LLACANORA,RURAL,CARRETERA,NACIONAL,PE-3N,-7.2038385,-78.4449817,DESPEJADO,RURAL,TRAMO RECTO,PLANA ,ASFALTADA,NO,,,SI,IMPRUDENCIA DEL CONDUCTOR,OTRO (IMPRUDENCIA DEL CONDUCTOR),23.0,0,65.0,65.0,62.0,68.0,2,1,1,1,1,0,2
A-2024-01-34,2024-01-25,06:30,DESPISTE,1,0,1,LA LIBERTAD,OTUZCO,USQUIL,RURAL,CARRETERA,DEPARTAMENTAL,LI-111,-7.837362762741589,-78.39338888675216,DESPEJADO,RURAL,TRAMO RECTO,PLANA ,ASFALTADA,,,,,EN PROCESO DE INVESTIGACIÓN,NO CUENTA CON CAUSA ESPECIFICA,6.0,0,35.0,35.0,35.0,35.0,1,1,1,0,1,0,1
A-2024-01-135,2024-01-25,10:30,ATROPELLO,1,0,0,LIMA,LIMA,LIMA,URBANA,AVENIDA,URBANO,NO CORRESPONDE,-12.05817981286889,-77.00937774120148,DESPEJADO,COMERCIAL,TRAMO RECTO,PLANA ,ASFALTADA,,,,,IMPRUDENCIA DEL CONDUCTOR,OTRO (IMPRUDENCIA DEL CONDUCTOR),10.0,0,56.0,56.0,31.0,81.0,2,1,1,0,1,0,2
A-2024-01-40,2024-01-25,15:00,ESPECIAL,1,1,1,CUSCO,LA CONVENCION,HUAYOPATA,RURAL,CARRETERA,NACIONAL,PE-28B,-13.08333444,-72.37108182,DESPEJADO,RURAL,CURVA,INCLINADA,ASFALTADA,NO,,,SI,IMPRUDENCIA DEL CONDUCTOR,OTRO (IMPRUDENCIA DEL CONDUCTOR),15.0,0,23.0,23.0,21.0,25.0,1,1,1,1,0,0,2
A-2024-01-149,2024-01-25,16:30,DESPISTE,1,0,0,LIMA,LIMA,LA MOLINA,URBANA,AVENIDA,URBANO,NO CORRESPONDE,-12.09106130186471,-76.94727790126784,DESPEJADO,RESIDENCIAL,TRAMO RECTO,PLANA ,ASFALTADA,,,,,IMPRUDENCIA DEL CONDUCTOR,OTRO (IMPRUDENCIA DEL CONDUCTOR),16.0,0,70.0,70.0,70.0,70.0,1,1,1,0,0,0,1