CODIGO_SINIESTRO,FECHA_SINIESTRO,HORA_SINIESTRO,CLASE_SINIESTRO,CANTIDAD_FALLECIDOS,CANTIDAD_LESIONADOS,CANTIDAD_VEHICULOS,DEPARTAMENTO,PROVINCIA,DISTRITO,ZONA,TIPO_VIA,RED_VIAL,COD_CARRETERA,LATITUD,LONGITUD,CONDICION_CLIMATICA,ZONIFICACION,CARACTERISTICAS_VIA,PERFIL_VIA,SUPERFICIE_CALZADA,EXISTE_SENIAL_VERTICAL,CLASIFICACION_SENIAL_VERTICAL_1,CLASIFICACION_SENIAL_VERTICAL_2,EXISTE_SENIAL_HORIZONTAL,CAUSA_FACTOR_PRINCIPAL,CAUSA_ESPECIFICA,HORA,severidad,EDAD_PROMEDIO,EDAD_MEDIANA,EDAD_MIN,EDAD_MAX,TOTAL_MASCULINOS,TOTAL_CONDUCTORES,TOTAL_FALLECIDOS_AGG,TOTAL_LESIONADOS_AGG,TOTAL_LICENCIA,TOTAL_ALCOHOL_POSITIVO,TOTAL_PERSONAS
A-2024-02-119,2024-02-22,02:30,DESPISTE,1,1,1,CAJAMARCA,HUALGAYOC,BAMBAMARCA,URBANA,CARRETERA,NACIONAL,PE-3N,-6.667,-78.534671,DESPEJADO,ESCOLAR,TRAMO RECTO,PLANA ,ASFALTADA,SI,REGULADORA (R),,SI,IMPRUDENCIA DEL CONDUCTOR,EXCESO DE VELOCIDAD,2.0,0,23.5,23.5,19.0,28.0,2,1,1,1,0,0,2
A-2024-02-33,2024-02-22,10:00,DESPISTE,1,4,1,LA LIBERTAD,PATAZ,TAYABAMBA,RURAL,CARRETERA,NACIONAL,PE-10C,-8.33472185036406,-77.25402556301286,DESPEJADO,RURAL,TRAMO RECTO,PLANA ,TROCHA,,,,,IMPRUDENCIA DEL CONDUCTOR,VEHÍCULO MAL ESTACIONADO,10.0,0,44.2,35.0,25.0,72.0,5,1,1,4,1,0,5
A-2024-02-34,2024-02-22,12:00,CHOQUE,1,2,2,LA LIBERTAD,ASCOPE,PAIJAN,URBANA,CARRETERA,NACIONAL,PE-1N,-7.7370519634,-79.2954011547,DESPEJADO,COMERCIAL,TRAMO RECTO,PLANA ,ASFALTADA,,,,,EN PROCESO DE INVESTIGACIÓN,NO CUENTA CON CAUSA ESPECIFICA,12.0,0,29.0,29.5,13.0,44.0,2,2,1,2,1,0,4
A-2024-02-75,2024-02-22,15:30,CHOQUE,1,1,0,PIURA,PIURA,VEINTISEIS DE OCTUBRE,RURAL,AVENIDA,URBANO,NO CORRESPONDE,-5.188979,-80.67793,DESPEJADO,RURAL,TRAMO RECTO,PLANA ,ASFALTADA,,,,,EN PROCESO DE INVESTIGACIÓN,NO CUENTA CON CAUSA ESPECIFICA,15.0,0,34.0,18.0,17.0,67.0,3,2,1,1,1,0,3
A-2024-02-54,2024-02-22,21:00,DESPISTE,2,0,0,ICA,CHINCHA,SAN JUAN DE YANAC,,CARRETERA,DEPARTAMENTAL,IC-101,-13.235706,-75.898956,,,,,,,,,,EN PROCESO DE INVESTIGACIÓN,NO CUENTA CON CAUSA ESPECIFICA,21.0,1,34.5,34.5,25.0,44.0,1,1,2,0,0,0,2
A-2024-02-49,2024-02-23,04:30,ATROPELLO FUGA,1,0,0,CUSCO,CUSCO,SAN SEBASTIAN,URBANA,CALLE,URBANO,NO CORRESPONDE,-13.54513,-71.955572,LLUVIOSO,RESIDENCIAL,CURVA,INCLINADA,CONCRETO,,,,,EN PROCESO DE INVESTIGACIÓN,NO CUENTA CON CAUSA ESPECIFICA,4.0,0,22.0,22.0,22.0,22.0,1,0,1,0,0,0,2
A-2024-02-156,2024-02-23,12:40,DESPISTE,3,2,0,MOQUEGUA,MARISCAL NIETO,MOQUEGUA,URBANA,CARRETERA,PROVINCIAL,MO-579,-17.2005821,-70.9283283,,,,,,,,,,EN PROCESO DE INVESTIGACIÓN,NO CUENTA CON CAUSA ESPECIFICA,12.0,2,25.8,26.0,3.0,66.0,2,1,3,2,0,0,5
A-2024-02-59,2024-02-23,16:30,DESPISTE,1,16,1,AMAZONAS,UTCUBAMBA,JAMALCA,RURAL,CARRETERA,NACIONAL,PE-5N,-5.8406012,-78.236837,DESPEJADO,RURAL,CURVA,PLANA ,ASFALTADA,SI,REGULADORA (R),PREVENTIVA (P),SI,EN PROCESO DE INVESTIGACIÓN,NO CUENTA CON CAUSA ESPECIFICA,16.0,0,42.23529411764706,47.0,1.0,88.0,11,1,1,16,1,0,17
A-2024-02-136,2024-02-23,18:10,DESPISTE,2,1,0,LIMA,LIMA,ATE,URBANA,CARRETERA,NACIONAL,PE-1S,-12.06408331102741,-76.97148346045434,DESPEJADO,INDUSTRIAL,TRAMO RECTO,PLANA ,ASFALTADA,,,,,IMPRUDENCIA DEL CONDUCTOR,OTRO (IMPRUDENCIA DEL CONDUCTOR),18.0,1,33.666666666666664,37.0,26.0,38.0,2,1,2,1,1,0,3
A-2024-02-137,2024-02-23,19:30,ATROPELLO,1,0,0,LIMA,LIMA,SAN JUAN DE LURIGANCHO,URBANA,AVENIDA,URBANO,NO CORRESPONDE,-11.95944972898839,-76.98744266973806,DESPEJADO,COMERCIAL,INTERSECCIÓN,PLANA ,ASFALTADA,NO,,,SI,IMPRUDENCIA DEL PEATÓN,CRUCE INDEBIDO POR LA CALZADA,19.0,0,40.0,40.0,20.0,60.0,2,1,1,0,0,0,2
A-2024-02-138,2024-02-24,01:30,ATROPELLO,1,0,0,LIMA,LIMA,VILLA EL SALVADOR,URBANA,CARRETERA,NACIONAL,PE-1S,-12.202646,-76.974128,DESPEJADO,INDUSTRIAL,TRAMO RECTO,PLANA ,ASFALTADA,,,,,EN PROCESO DE INVESTIGACIÓN,NO CUENTA CON CAUSA ESPECIFICA,1.0,0,32.0,32.0,32.0,32.0,1,1,1,0,0,0,2
A-2024-02-88,2024-02-24,09:38,CHOQUE,1,0,0,CALLAO,CALLAO,CALLAO,URBANA,CARRETERA,DEPARTAMENTAL,CL-100,-12.0312493316246,-77.1275650443906,DESPEJADO,INDUSTRIAL,TRAMO RECTO,PLANA ,ASFALTADA,NO,,,SI,EN PROCESO DE INVESTIGACIÓN,NO CUENTA CON CAUSA ESPECIFICA,9.0,0,37.333333333333336,24.0,19.0,69.0,3,2,1,0,1,0,3
A-2024-02-151,2024-02-24,13:00,CHOQUE,1,0,0,LIMA,LIMA,LIMA,URBANA,AVENIDA,URBANO,NO CORRESPONDE,-12.047547592459168,-77.0131650055733,DESPEJADO,RESIDENCIAL,TRAMO RECTO,PLANA ,ASFALTADA,,,,,IMPRUDENCIA DEL CONDUCTOR,ADELANTAR INDEBIDAMENTE,13.0,0,30.666666666666668,33.0,26.0,33.0,3,2,1,0,1,0,3
A-2024-02-42,2024-02-24,14:20,DESPISTE,1,0,1,CUSCO,QUISPICANCHI,MARCAPATA,RURAL,CARRETERA,NACIONAL,PE-30C,-13.62705556,-71.06597222,DESPEJADO,RURAL,SINUOSA,PLANA ,ASFALTADA,SI,PREVENTIVA (P),,SI,IMPRUDENCIA DEL CONDUCTOR,EXCESO DE VELOCIDAD,14.0,0,,,,,1,1,1,0,1,0,1
A-2024-02-35,2024-02-24,15:50,CHOQUE,1,0,2,LA LIBERTAD,VIRU,VIRU,RURAL,CARRETERA,NACIONAL,PE-1N,-8.4433921213,-78.7475442432,DESPEJADO,RURAL,INTERSECCIÓN,PLANA ,ASFALTADA,,,,,EN PROCESO DE INVESTIGACIÓN,NO CUENTA CON CAUSA ESPECIFICA,15.0,0,29.5,29.5,20.0,39.0,2,2,1,0,1,0,2
A-2024-02-37,2024-02-24,20:45,CHOQUE,1,0,2,AREQUIPA,AREQUIPA,CERRO COLORADO,URBANA,CARRETERA,NACIONAL,PE-34C,-16.404679,-71.575925,DESPEJADO,COMERCIAL,TRAMO RECTO,PLANA ,ASFALTADA,NO,,,SI,EN PROCESO DE INVESTIGACIÓN,NO CUENTA CON CAUSA ESPECIFICA,20.0,0,48.0,48.0,42.0,54.0,2,2,1,0,1,0,2
A-2024-02-36,2024-02-24,22:00,DESPISTE,1,0,1,LA LIBERTAD,PACASMAYO,SAN JOSE,RURAL,CARRETERA,PROVINCIAL,LI-571,-7.336321617402184,-79.47167834692206,DESPEJADO,RURAL,TRAMO RECTO,PLANA ,AFIRMADO,,,,,EN PROCESO DE INVESTIGACIÓN,NO CUENTA CON CAUSA ESPECIFICA,22.0,0,41.0,41.0,41.0,41.0,1,1,1,0,0,0,1
A-2024-02-38,2024-02-25,00:45,ATROPELLO FUGA,1,0,1,AREQUIPA,AREQUIPA,MARIANO MELGAR,URBANA,CALLE,URBANO,NO CORRESPONDE,-16.404366570931828,-71.48982340649606,DESPEJADO,RESIDENCIAL,TRAMO RECTO,INCLINADA,ASFALTADA,,,,,EN PROCESO DE INVESTIGACIÓN,NO CUENTA CON CAUSA ESPECIFICA,0.0,0,31.0,31.0,31.0,31.0,1,0,1,0,0,0,2
A-2024-02-55,2024-02-25,03:32,CHOQUE,1,4,2,TUMBES,TUMBES,CORRALES,RURAL,CARRETERA,NACIONAL,PE-1N,-3.617406093786226,-80.53200598260511,DESPEJADO,RURAL,INTERSECCIÓN,PLANA ,ASFALTADA,,,,,IMPRUDENCIA DEL CONDUCTOR,NO ESTABLECER EL DERECHO DE PASO,3.0,0,27.2,26.0,22.0,37.0,3,1,1,4,0,0,6
A-2024-02-139,2024-02-25,05:15,ATROPELLO FUGA,1,0,0,LIMA,LIMA,SAN JUAN DE MIRAFLORES,URBANA,CARRETERA,NACIONAL,PE-1S,-12.170759,-76.979316,DESPEJADO,COMERCIAL,TRAMO RECTO,PLANA ,ASFALTADA,,,,,EN PROCESO DE INVESTIGACIÓN,NO CUENTA CON CAUSA ESPECIFICA,5.0,0,,,,,1,0,1,0,0,0,2
A-2024-02-56,2024-02-25,06:20,ATROPELLO FUGA,1,0,0,TUMBES,CONTRALMIRANTE VILLAR,ZORRITOS,RURAL,CARRETERA,NACIONAL,PE-1N,-3.735100122387653,-80.76705330187568,DESPEJADO,RURAL,TRAMO RECTO,PLANA ,ASFALTADA,,,,,IMPRUDENCIA DEL PEATÓN,ESTADO DE EBRIEDAD Y/O DROGADICCIÓN,6.0,0,34.0,34.0,34.0,34.0,1,0,1,0,0,0,2
A-2024-02-48,2024-02-25,06:30,DESPISTE,1,3,1,CUSCO,CHUMBIVILCAS,VELILLE,RURAL,CARRETERA,NACIONAL,PE-3SG,-14.587881963423827,-71.73256335113707,DESPEJADO,RURAL,SINUOSA,INCLINADA,ASFALTADA,,,,,IMPRUDENCIA DEL CONDUCTOR,OTRO (IMPRUDENCIA DEL CONDUCTOR),6.0,0,42.0,42.0,37.0,47.0,1,1,1,3,1,0,4
A-2024-02-44,2024-02-25,19:00,CHOQUE,1,0,2,PUNO,EL COLLAO,ILAVE,RURAL,CARRETERA,NACIONAL,PE-3S,-16.103544877395738,-69.60962713043281,DESPEJADO,RURAL,TRAMO RECTO,PLANA ,ASFALTADA,,,,,IMPRUDENCIA DEL CONDUCTOR,EXCESO DE VELOCIDAD,19.0,0,55.0,55.0,50.0,60.0,2,2,1,0,1,0,2
A-2024-02-86,2024-02-25,22:30,ATROPELLO FUGA,1,0,0,JUNIN,HUANCAYO,SAPALLANGA,URBANA,CARRETERA,NACIONAL,PE-3SC,-12.149429908948168,-75.15832348264678,LLUVIOSO,RURAL,TRAMO RECTO,PLANA ,ASFALTADA,NO,,,SI,EN PROCESO DE INVESTIGACIÓN,NO CUENTA CON CAUSA ESPECIFICA,22.0,0,51.0,51.0,51.0,51.0,1,0,1,0,0,0,2
A-2024-02-95-A,2024-02-26,01:00,ATROPELLO FUGA,1,0,0,AMAZONAS,UTCUBAMBA,EL MILAGRO,RURAL,CARRETERA,NACIONAL,PE-5N,-5.712248,-78.589743,DESPEJADO,RURAL,TRAMO RECTO,PLANA ,ASFALTADA,,,,,EN PROCESO DE INVESTIGACIÓN,NO CUENTA CON CAUSA ESPECIFICA,1.0,0,88.0,88.0,88.0,88.0,1,0,1,0,0,0,2
A-2024-02-90,2024-02-26,03:00,ATROPELLO,1,0,0,CALLAO,CALLAO,MI PERU,URBANA,CARRETERA,NACIONAL,PE-20,-11.8607219294873,-77.1298851999003,,,,,,,,,,EN PROCESO DE INVESTIGACIÓN,NO CUENTA CON CAUSA ESPECIFICA,3.0,0,37.0,37.0,28.0,46.0,2,1,1,0,0,0,2
A-2024-02-91,2024-02-26,05:40,CHOQUE,1,0,2,LA LIBERTAD,CHEPEN,PACANGA,RURAL,CARRETERA,NACIONAL,PE-1N,-7.069800212869834,-79.56009032474562,DESPEJADO,RURAL,TRAMO RECTO,PLANA ,ASFALTADA,,,,,IMPRUDENCIA DEL CONDUCTOR,OTRO (IMPRUDENCIA DEL CONDUCTOR),5.0,0,54.333333333333336,47.0,45.0,71.0,3,2,1,0,1,0,3
A-2024-02-120,2024-02-26,06:00,DESPISTE,3,1,1,CAJAMARCA,CUTERVO,SAN LUIS DE LUCMA,RURAL,CARRETERA,PROVINCIAL,CA-803,-6.248283,-78.561627,DESPEJADO,RURAL,CURVA,INCLINADA,AFIRMADO,,,,,IMPRUDENCIA DEL CONDUCTOR,EXCESO DE VELOCIDAD,6.0,2,50.0,66.0,0.0,68.0,3,1,3,1,1,0,4
A-2024-02-157,2024-02-26,07:50,DESPISTE,1,2,0,MOQUEGUA,ILO,PACOCHA,,CARRETERA,NACIONAL,PE-1SD,-17.2874663,-71.45285693,,,,,,,,,,EN PROCESO DE INVESTIGACIÓN,NO CUENTA CON CAUSA ESPECIFICA,7.0,0,31.0,38.0,5.0,50.0,2,1,1,2,0,0,3
A-2024-02-61,2024-02-26,13:45,CAÍDA DE PASAJERO,2,0,2,CUSCO,LA CONVENCION,ECHARATE,RURAL,CARRETERA,DEPARTAMENTAL,CU-103,-12.617882,-73.08501,SOLEADO,RURAL,CURVA,INCLINADA,AFIRMADO,,,,,IMPRUDENCIA DEL CONDUCTOR,EXCESO DE VELOCIDAD,13.0,1,41.0,48.0,26.0,49.0,3,2,2,0,1,0,3
A-2024-02-100,2024-02-26,22:50,CHOQUE FUGA,1,0,0,LIMA,LIMA,SAN ISIDRO,URBANA,AVENIDA,URBANO,NO CORRESPONDE,-12.09765302665832,-77.01926315421609,DESPEJADO,COMERCIAL,TRAMO RECTO,PLANA ,ASFALTADA,SI,PREVENTIVA (P),,SI,EN PROCESO DE INVESTIGACIÓN,NO CUENTA CON CAUSA ESPECIFICA,22.0,0,19.0,19.0,19.0,19.0,1,1,1,0,0,0,2
A-2024-02-74,2024-02-27,07:00,ATROPELLO,1,0,0,PIURA,MORROPON,CHULUCANAS,URBANA,AVENIDA,URBANO,NO CORRESPONDE,-5.105059,-80.170582,DESPEJADO,RURAL,TRAMO RECTO,PLANA ,ASFALTADA,,,,,EN PROCESO DE INVESTIGACIÓN,NO CUENTA CON CAUSA ESPECIFICA,7.0,0,73.0,73.0,69.0,77.0,1,1,1,0,0,0,2
A-2024-02-65,2024-02-27,20:00,CHOQUE,1,1,2,LA LIBERTAD,TRUJILLO,SALAVERRY,URBANA,CARRETERA,NACIONAL,PE-10,-8.20538875755518,-78.98356673130608,DESPEJADO,RURAL,TRAMO RECTO,PLANA ,ASFALTADA,,,,,IMPRUDENCIA DEL CONDUCTOR,ADELANTAR INDEBIDAMENTE,20.0,0,27.0,26.0,24.0,31.0,2,2,1,1,1,0,3
A-2024-02-66,2024-02-27,23:43,DESPISTE,1,0,1,LA LIBERTAD,PATAZ,PARCOY,RURAL,CARRETERA,NACIONAL,PE-10C,-8.00021936,-77.4851458,DESPEJADO,RURAL,TRAMO RECTO,PLANA ,AFIRMADO,,,,,EN PROCESO DE INVESTIGACIÓN,NO CUENTA CON CAUSA ESPECIFICA,23.0,0,25.0,25.0,25.0,25.0,1,1,1,0,1,0,1
A-2024-02-81,2024-02-28,08:40,ATROPELLO FUGA,1,0,0,PIURA,PIURA,PIURA,URBANA,AVENIDA,URBANO,NO CORRESPONDE,-5.193558,-80.651878,DESPEJADO,RURAL,TRAMO RECTO,PLANA ,ASFALTADA,,,,,EN PROCESO DE INVESTIGACIÓN,NO CUENTA CON CAUSA ESPECIFICA,8.0,0,70.0,70.0,70.0,70.0,0,0,1,0,0,0,2
A-2024-02-46,2024-02-28,12:20,CHOQUE FUGA,1,1,2,AREQUIPA,AREQUIPA,LA JOYA,URBANA,CARRETERA,NACIONAL,PE-1S,-16.552298,-71.815992,DESPEJADO,COMERCIAL,TRAMO RECTO,PLANA ,ASFALTADA,NO,,,SI,EN PROCESO DE INVESTIGACIÓN,NO CUENTA CON CAUSA ESPECIFICA,12.0,0,30.0,30.0,28.0,32.0,1,1,1,1,0,0,3
A-2024-02-140,2024-02-28,14:40,ATROPELLO,1,0,0,LIMA,LIMA,SAN JUAN DE LURIGANCHO,URBANA,AVENIDA,URBANO,NO CORRESPONDE,-12.024152545488024,-76.97756472948006,DESPEJADO,COMERCIAL,TRAMO RECTO,PLANA ,ASFALTADA,SI,PREVENTIVA (P),,NO,IMPRUDENCIA DEL PEATÓN,CRUCE INDEBIDO POR LA CALZADA,14.0,0,60.0,60.0,44.0,76.0,1,1,1,0,1,0,2
A-2024-02-94,2024-02-28,17:30,DESPISTE,1,2,0,PASCO,PASCO,SIMON BOLIVAR,,CARRETERA,DEPARTAMENTAL,PA-102,-10.65263058288035,-76.29004025994703,,,,,,,,,,EN PROCESO DE INVESTIGACIÓN,NO CUENTA CON CAUSA ESPECIFICA,17.0,0,66.0,74.0,46.0,78.0,2,1,1,2,0,0,3
A-2024-02-58,2024-02-28,17:31,DESPISTE,3,2,1,APURIMAC,ANDAHUAYLAS,ANDAHUAYLAS,RURAL,CARRETERA,NACIONAL,PE-30B,-13.869582,-73.393398,LLUVIOSO,RURAL,CURVA,INCLINADA,AFIRMADO,,,,,IMPRUDENCIA DEL CONDUCTOR,CONDUCIR EN ESTADO DE EBRIEDAD Y/O DROGADICCIÓN,17.0,2,17.8,19.0,3.0,26.0,3,1,3,2,0,1,5
A-2024-02-64,2024-02-28,19:30,ATROPELLO,1,0,1,TACNA,TACNA,TACNA,RURAL,CARRETERA,NACIONAL,PE-1S,-18.07845,-70.298265,DESPEJADO,COMERCIAL,TRAMO RECTO,PLANA ,ASFALTADA,SI,REGULADORA (R),,SI,IMPRUDENCIA DEL PEATÓN,CRUCE INDEBIDO POR LA CALZADA,19.0,0,38.5,38.5,23.0,54.0,2,1,1,0,1,0,2
A-2024-02-67,2024-02-28,23:45,DESPISTE,1,1,1,LA LIBERTAD,GRAN CHIMU,CASCAS,RURAL,CARRETERA,NACIONAL,PE-1NF,-7.508129867427701,-78.81948528190347,DESPEJADO,RURAL,TRAMO RECTO,PLANA ,AFIRMADO,,,,,EN PROCESO DE INVESTIGACIÓN,NO CUENTA CON CAUSA ESPECIFICA,23.0,0,18.0,18.0,15.0,21.0,2,1,1,1,0,0,2
A-2024-02-53,2024-02-29,06:20,CHOQUE,1,1,2,AREQUIPA,ISLAY,MOLLENDO,RURAL,CARRETERA,NACIONAL,PE-34,-16.728761,-71.946418,DESPEJADO,RURAL,TRAMO RECTO,PLANA ,ASFALTADA,NO,,,SI,EN PROCESO DE INVESTIGACIÓN,NO CUENTA CON CAUSA ESPECIFICA,6.0,0,33.333333333333336,38.0,22.0,40.0,2,2,1,1,1,0,3
A-2024-02-121,2024-02-29,17:30,VOLCADURA,1,2,1,CAJAMARCA,CAJABAMBA,CONDEBAMBA,RURAL,CARRETERA,NACIONAL,PE-3N,-7.603906,-78.111695,DESPEJADO,RURAL,CURVA,PLANA ,ASFALTADA,,,,,IMPRUDENCIA DEL CONDUCTOR,EXCESO DE VELOCIDAD,17.0,0,22.0,20.0,19.0,27.0,1,1,1,2,0,0,3
A-2024-02-141,2024-02-29,23:00,ATROPELLO,1,0,0,LIMA,LIMA,PUENTE PIEDRA,URBANA,CARRETERA,NACIONAL,PE-1N,-11.833358,-77.113633,DESPEJADO,COMERCIAL,TRAMO RECTO,PLANA ,ASFALTADA,SI,PREVENTIVA (P),,NO,EN PROCESO DE INVESTIGACIÓN,NO CUENTA CON CAUSA ESPECIFICA,23.0,0,28.0,28.0,21.0,35.0,2,1,1,0,1,0,2
A-2024-03-12,2024-03-01,01:30,DESPISTE,6,0,1,APURIMAC,ANDAHUAYLAS,SAN JERONIMO,URBANA,CALLE,URBANO,NO CORRESPONDE,-13.654273,-73.365219,LLUVIOSO,INDUSTRIAL,TRAMO RECTO,INCLINADA,AFIRMADO,SI,REGULADORA (R),INFORMATIVA (I),NO,IMPRUDENCIA DEL CONDUCTOR,CONDUCIR EN ESTADO DE EBRIEDAD Y/O DROGADICCIÓN,1.0,2,17.166666666666668,17.0,16.0,19.0,4,1,6,0,0,0,6
A-2024-03-101,2024-03-01,06:20,ATROPELLO,1,0,1,CAJAMARCA,JAEN,POMAHUACA,RURAL,CARRETERA,NACIONAL,PE-3N,-5.975196833,-79.20603217,LLUVIOSO,RURAL,TRAMO RECTO,INCLINADA,ASFALTADA,SI,PREVENTIVA (P),,SI,IMPRUDENCIA DEL CONDUCTOR,EXCESO DE VELOCIDAD,6.0,0,65.5,65.5,61.0,70.0,1,1,1,0,1,0,2
A-2024-03-42,2024-03-01,12:30,DESPISTE,2,2,1,TACNA,CANDARAVE,CANDARAVE,RURAL,CARRETERA,NACIONAL,PE-36A,-16.86079,-70.27348,LLUVIOSO,RURAL,TRAMO RECTO,PLANA ,ASFALTADA,,,,,IMPRUDENCIA DEL CONDUCTOR,OTRO (IMPRUDENCIA DEL CONDUCTOR),12.0,1,27.8,25.0,5.0,47.0,2,1,2,2,1,0,5
A-2024-03-1,2024-03-01,19:30,CHOQUE,1,1,2,PUNO,CHUCUITO,ZEPITA,RURAL,CARRETERA,NACIONAL,PE-3S,-16.491531,-69.107214,DESPEJADO,RURAL,TRAMO RECTO,PLANA ,ASFALTADA,,,,,IMPRUDENCIA DEL CONDUCTOR,GIRAR IMPRUDENTEMENTE,19.0,0,48.0,39.0,38.0,67.0,2,2,1,1,1,0,3
A-2024-03-127,2024-03-02,01:40,DESPISTE,2,0,0,LIMA,LIMA,LOS OLIVOS,URBANA,AVENIDA,URBANO,NO CORRESPONDE,-11.977787026572498,-77.0680142388189,DESPEJADO,RESIDENCIAL,TRAMO RECTO,PLANA ,ASFALTADA,,,,,IMPRUDENCIA DEL CONDUCTOR,CONDUCIR EN ESTADO DE EBRIEDAD Y/O DROGADICCIÓN,1.0,1,30.0,30.0,25.0,35.0,2,1,2,0,0,0,2
A-2024-03-112,2024-03-02,19:54,ATROPELLO,1,0,0,LIMA,LIMA,SAN JUAN DE LURIGANCHO,URBANA,AVENIDA,URBANO,NO CORRESPONDE,-12.0259166667,-77.01675,DESPEJADO,RESIDENCIAL,TRAMO RECTO,PLANA ,ASFALTADA,,,,,IMPRUDENCIA DEL PEATÓN,CRUCE INDEBIDO POR LA CALZADA,19.0,0,54.5,54.5,20.0,89.0,2,1,1,0,0,0,2
A-2024-03-102,2024-03-02,22:15,ATROPELLO,1,4,1,CAJAMARCA,JAEN,JAEN,URBANA,CARRETERA,NACIONAL,PE-5N,-5.792305492,-78.78330377,DESPEJADO,COMERCIAL,TRAMO RECTO,INCLINADA,ASFALTADA,NO,,,SI,IMPRUDENCIA DEL CONDUCTOR,CONDUCIR EN ESTADO DE EBRIEDAD Y/O DROGADICCIÓN,22.0,0,48.8,50.0,24.0,73.0,2,1,1,4,1,1,5
A-2024-03-64,2024-03-03,01:36,ATROPELLO,1,0,0,JUNIN,YAULI,LA OROYA,RURAL,CARRETERA,NACIONAL,PE-22,-11.601806,-75.96812,DESPEJADO,RURAL,TRAMO RECTO,PLANA ,ASFALTADA,NO,,,SI,IMPRUDENCIA DEL PEATÓN,CRUCE INDEBIDO POR LA CALZADA,1.0,0,33.5,33.5,32.0,35.0,2,1,1,0,1,0,2
A-2024-03-48,2024-03-03,19:50,CHOQUE,1,0,3,LA LIBERTAD,TRUJILLO,HUANCHACO,RURAL,CARRETERA,NACIONAL,PE-1N,-8.03412959,-79.0809804,DESPEJADO,RURAL,TRAMO RECTO,PLANA ,ASFALTADA,,,,,IMPRUDENCIA DEL CONDUCTOR,OTRO (IMPRUDENCIA DEL CONDUCTOR),19.0,0,34.75,29.0,23.0,58.0,3,3,1,0,3,0,4
A-2024-03-69,2024-03-03,23:30,DESPISTE,1,0,1,AYACUCHO,HUAMANGA,AYACUCHO,URBANA,JIRÓN,URBANO,NO CORRESPONDE,-13.160939,-74.219694,LLUVIOSO,RESIDENCIAL,CURVA,PLANA ,ASFALTADA,,,,,IMPRUDENCIA DEL CONDUCTOR,CONDUCIR EN ESTADO DE EBRIEDAD Y/O DROGADICCIÓN,23.0,0,57.0,57.0,57.0,57.0,1,1,1,0,1,1,1
A-2024-03-126,2024-03-04,14:00,CHOQUE,1,0,2,PUNO,CARABAYA,AJOYANI,RURAL,CARRETERA,NACIONAL,PE-34B,-14.201346,-70.275216,DESPEJADO,RURAL,TRAMO RECTO,PLANA ,ASFALTADA,,,,,IMPRUDENCIA DEL CONDUCTOR,EXCESO DE VELOCIDAD,14.0,0,45.5,45.5,38.0,53.0,2,2,1,0,0,0,2
A-2024-03-43,2024-03-04,14:30,ATROPELLO,1,0,2,TACNA,TACNA,TACNA,RURAL,CARRETERA,NACIONAL,PE-1SD,-18.088054558503693,-70.32660836697112,DESPEJADO,RURAL,TRAMO RECTO,PLANA ,ASFALTADA,,,,,IMPRUDENCIA DEL PEATÓN,CRUCE INDEBIDO POR LA CALZADA,14.0,0,43.0,43.0,20.0,66.0,2,1,1,0,1,0,2
A-2024-03-44,2024-03-04,14:30,DESPISTE,1,3,1,TACNA,CANDARAVE,CANDARAVE,RURAL,CARRETERA,NACIONAL,PE-36A,-16.883502,-70.328848,GRANIZADO,RURAL,TRAMO RECTO,PLANA ,ASFALTADA,,,,,IMPRUDENCIA DEL CONDUCTOR,OTRO (IMPRUDENCIA DEL CONDUCTOR),14.0,0,23.0,22.5,7.0,40.0,1,1,1,3,1,0,4
A-2024-03-128,2024-03-04,15:25,CHOQUE,1,11,0,LIMA,LIMA,LOS OLIVOS,URBANA,CALLE,URBANO,NO CORRESPONDE,-11.96582267741549,-77.08147297444664,DESPEJADO,RESIDENCIAL,INTERSECCIÓN,PLANA ,ASFALTADA,,,,,EN PROCESO DE INVESTIGACIÓN,NO CUENTA CON CAUSA ESPECIFICA,15.0,0,32.92857142857143,34.5,7.0,63.0,9,2,1,11,0,0,14
A-2024-03-113,2024-03-04,19:50,ATROPELLO FUGA,1,0,0,LIMA,LIMA,SAN BORJA,URBANA,AVENIDA,URBANO,NO CORRESPONDE,-12.111956993423773,-77.00471068048802,DESPEJADO,RESIDENCIAL,TRAMO RECTO,PLANA ,ASFALTADA,,,,,EN PROCESO DE INVESTIGACIÓN,NO CUENTA CON CAUSA ESPECIFICA,19.0,0,82.0,82.0,82.0,82.0,0,0,1,0,0,0,2
A-2024-03-49,2024-03-05,01:45,CAÍDA DE PASAJERO,1,0,0,LA LIBERTAD,CHEPEN,PACANGA,RURAL,CARRETERA,PROVINCIAL,LI-521,-7.15463760983915,-79.4410544772877,DESPEJADO,RURAL,TRAMO RECTO,PLANA ,CONCRETO,,,,,EN PROCESO DE INVESTIGACIÓN,NO CUENTA CON CAUSA ESPECIFICA,1.0,0,66.0,66.0,66.0,66.0,1,0,1,0,0,0,2