CODIGO_SINIESTRO,FECHA_SINIESTRO,HORA_SINIESTRO,CLASE_SINIESTRO,CANTIDAD_FALLECIDOS,CANTIDAD_LESIONADOS,CANTIDAD_VEHICULOS,DEPARTAMENTO,PROVINCIA,DISTRITO,ZONA,TIPO_VIA,RED_VIAL,COD_CARRETERA,LATITUD,LONGITUD,CONDICION_CLIMATICA,ZONIFICACION,CARACTERISTICAS_VIA,PERFIL_VIA,SUPERFICIE_CALZADA,EXISTE_SENIAL_VERTICAL,CLASIFICACION_SENIAL_VERTICAL_1,CLASIFICACION_SENIAL_VERTICAL_2,EXISTE_SENIAL_HORIZONTAL,CAUSA_FACTOR_PRINCIPAL,CAUSA_ESPECIFICA,HORA,severidad,EDAD_PROMEDIO,EDAD_MEDIANA,EDAD_MIN,EDAD_MAX,TOTAL_MASCULINOS,TOTAL_CONDUCTORES,TOTAL_FALLECIDOS_AGG,TOTAL_LESIONADOS_AGG,TOTAL_LICENCIA,TOTAL_ALCOHOL_POSITIVO,TOTAL_PERSONAS
A-2024-03-23,2024-03-05,04:38,CHOQUE,1,9,2,CUSCO,ANTA,ANTA,URBANA,CARRETERA,NACIONAL,PE-3S,-13.486048,-72.16768,DESPEJADO,RURAL,TRAMO RECTO,PLANA ,ASFALTADA,,,,,IMPRUDENCIA DEL CONDUCTOR,EXCESO DE VELOCIDAD,4.0,0,26.6,25.0,0.0,60.0,6,2,1,9,1,0,10
A-2024-03-4,2024-03-05,05:45,CHOQUE,1,9,2,AREQUIPA,ISLAY,MEJIA,RURAL,CARRETERA,NACIONAL,PE-1SD,-17.065638688857888,-71.94577130940831,DESPEJADO,RURAL,PASE A DESNIVEL,INCLINADA,ASFALTADA,,,,,EN PROCESO DE INVESTIGACIÓN,NO CUENTA CON CAUSA ESPECIFICA,5.0,0,29.9,28.0,8.0,58.0,6,2,1,9,2,0,10
A-2024-03-5,2024-03-05,05:45,CHOQUE,1,0,2,AREQUIPA,CAYLLOMA,MAJES,RURAL,CARRETERA,NACIONAL,PE-1S,-16.395898,-72.210062,DESPEJADO,RURAL,INTERSECCIÓN,PLANA ,ASFALTADA,NO,,,SI,EN PROCESO DE INVESTIGACIÓN,NO CUENTA CON CAUSA ESPECIFICA,5.0,0,28.0,28.0,25.0,31.0,2,2,1,0,1,0,2
A-2024-03-6,2024-03-06,07:05,ATROPELLO,1,0,1,ICA,CHINCHA,CHINCHA ALTA,URBANA,AVENIDA,URBANO,NO CORRESPONDE,-13.411333,-76.125299,DESPEJADO,RURAL,TRAMO RECTO,PLANA ,ASFALTADA,,,,,EN PROCESO DE INVESTIGACIÓN,NO CUENTA CON CAUSA ESPECIFICA,7.0,0,54.0,54.0,32.0,76.0,2,1,1,0,1,0,2
A-2024-03-104,2024-03-06,11:15,DESPISTE,1,0,1,CAJAMARCA,SAN MIGUEL,BOLIVAR,URBANA,CARRETERA,PROVINCIAL,CA-1227,-6.977739,-79.181244,DESPEJADO,RESIDENCIAL,CURVA,PLANA ,ASFALTADA,,,,,IMPRUDENCIA DEL CONDUCTOR,EXCESO DE VELOCIDAD,11.0,0,53.0,53.0,53.0,53.0,1,1,1,0,0,0,1
A-2024-03-73,2024-03-06,12:45,CHOQUE,1,1,2,ICA,ICA,SANTIAGO,RURAL,CARRETERA,NACIONAL,PE-1S,-14.23154183,-75.69959456,DESPEJADO,RURAL,TRAMO RECTO,PLANA ,ASFALTADA,,,,,EN PROCESO DE INVESTIGACIÓN,NO CUENTA CON CAUSA ESPECIFICA,12.0,0,32.666666666666664,34.0,26.0,38.0,2,2,1,1,2,0,3
A-2024-03-114,2024-03-06,15:40,ATROPELLO,1,0,0,LIMA,LIMA,COMAS,URBANA,AVENIDA,URBANO,NO CORRESPONDE,-11.927542934871184,-77.04060583376312,DESPEJADO,RESIDENCIAL,TRAMO RECTO,PLANA ,ASFALTADA,,,,,IMPRUDENCIA DEL CONDUCTOR,CONDUCIR EN SENTIDO CONTRARIO,15.0,0,74.0,74.0,56.0,92.0,1,1,1,0,1,0,2
A-2024-03-129,2024-03-07,08:50,VOLCADURA,1,0,0,LIMA,LIMA,LURIN,URBANA,CARRETERA,NACIONAL,PE-1S,-12.261037623414726,-76.91396622142159,DESPEJADO,COMERCIAL,TRAMO RECTO,PLANA ,ASFALTADA,,,,,EN PROCESO DE INVESTIGACIÓN,NO CUENTA CON CAUSA ESPECIFICA,8.0,0,44.5,44.5,39.0,50.0,2,1,1,0,1,0,2
A-2024-03-63,2024-03-07,09:30,ESPECIAL,1,0,0,ICA,NASCA,MARCONA,URBANA,OTRO,URBANO,NO CORRESPONDE,-15.362239,-75.156284,DESPEJADO,RURAL,OTRO,PLANA ,TROCHA,,,,,EN PROCESO DE INVESTIGACIÓN,NO CUENTA CON CAUSA ESPECIFICA,9.0,0,52.0,52.0,52.0,52.0,1,0,1,0,0,0,2
A-2024-03-8,2024-03-07,10:20,DESPISTE,1,0,1,AREQUIPA,ISLAY,PUNTA DE BOMBON,RURAL,CARRETERA,PROVINCIAL,AR-827,-17.09368,-71.47387,SOLEADO,RURAL,CURVA,PLANA ,ASFALTADA,NO,,,SI,EN PROCESO DE INVESTIGACIÓN,NO CUENTA CON CAUSA ESPECIFICA,10.0,0,31.0,31.0,31.0,31.0,1,1,1,0,0,0,1
A-2024-03-106,2024-03-07,18:00,DESPISTE,1,1,1,CAJAMARCA,CUTERVO,CHOROS,RURAL,CARRETERA,NACIONAL,PE-04C,-5.984831605,-78.85661114,DESPEJADO,RURAL,CURVA,INCLINADA,ASFALTADA,,,,,EN PROCESO DE INVESTIGACIÓN,NO CUENTA CON CAUSA ESPECIFICA,18.0,0,45.5,45.5,44.0,47.0,1,1,1,1,0,0,2
A-2024-03-50,2024-03-07,20:20,DESPISTE,1,0,1,LA LIBERTAD,GRAN CHIMU,SAYAPULLO,RURAL,CARRETERA,DEPARTAMENTAL,LI-106,-7.592402753210327,-78.47473016501577,DESPEJADO,RURAL,CURVA,PLANA ,AFIRMADO,,,,,EN PROCESO DE INVESTIGACIÓN,NO CUENTA CON CAUSA ESPECIFICA,20.0,0,33.0,33.0,33.0,33.0,1,1,1,0,0,0,1
A-2024-03-2,2024-03-07,23:30,DESPISTE,1,0,1,PUNO,EL COLLAO,ILAVE,RURAL,CARRETERA,NACIONAL,PE-38A,-16.0972077,-69.6350236,DESPEJADO,RURAL,TRAMO RECTO,PLANA ,ASFALTADA,,,,,IMPRUDENCIA DEL CONDUCTOR,FATIGA Y/O CANSANCIO,23.0,0,22.0,22.0,22.0,22.0,1,1,1,0,0,0,1
A-2024-03-78,2024-03-08,07:10,CHOQUE,1,0,0,CALLAO,CALLAO,VENTANILLA,URBANA,CARRETERA,NACIONAL,PE-20,-11.8705249904349,-77.1276858994913,DESPEJADO,COMERCIAL,TRAMO RECTO,INCLINADA,ASFALTADA,NO,,,SI,EN PROCESO DE INVESTIGACIÓN,NO CUENTA CON CAUSA ESPECIFICA,7.0,0,39.0,36.0,35.0,46.0,2,2,1,0,2,0,3
A-2024-03-51,2024-03-08,08:30,DESPISTE,1,0,1,LA LIBERTAD,GRAN CHIMU,SAYAPULLO,RURAL,CARRETERA,DEPARTAMENTAL,LI-106,-7.593301390934798,-78.4780937119887,DESPEJADO,RURAL,TRAMO RECTO,PLANA ,TROCHA,,,,,IMPRUDENCIA DEL CONDUCTOR,OTRO (IMPRUDENCIA DEL CONDUCTOR),8.0,0,35.0,35.0,35.0,35.0,1,1,1,0,1,0,1
A-2024-03-115,2024-03-08,09:00,ATROPELLO,1,0,0,LIMA,LIMA,SAN JUAN DE LURIGANCHO,URBANA,AVENIDA,URBANO,NO CORRESPONDE,-12.01120456509693,-77.01416593426782,DESPEJADO,RESIDENCIAL,TRAMO RECTO,PLANA ,ASFALTADA,,,,,IMPRUDENCIA DEL PEATÓN,CRUCE INDEBIDO POR LA CALZADA,9.0,0,51.0,51.0,44.0,58.0,1,1,1,0,1,0,2
A-2024-03-108,2024-03-08,23:45,CHOQUE,1,0,2,CAJAMARCA,SANTA CRUZ,SANTA CRUZ,URBANA,JIRÓN,URBANO,NO CORRESPONDE,-6.62591,-78.944629,DESPEJADO,ESCOLAR,TRAMO RECTO,PLANA ,CONCRETO,,,,,IMPRUDENCIA DEL CONDUCTOR,EXCESO DE VELOCIDAD,23.0,0,25.666666666666668,29.0,18.0,30.0,2,2,1,0,0,0,3
A-2024-03-116,2024-03-09,03:30,ATROPELLO FUGA,1,0,0,LIMA,LIMA,VILLA EL SALVADOR,URBANA,AVENIDA,URBANO,NO CORRESPONDE,-12.19311629857046,-76.96481013918248,DESPEJADO,COMERCIAL,INTERSECCIÓN,PLANA ,ASFALTADA,,,,,EN PROCESO DE INVESTIGACIÓN,NO CUENTA CON CAUSA ESPECIFICA,3.0,0,48.0,48.0,48.0,48.0,1,0,1,0,0,0,2
A-2024-03-103,2024-03-09,18:30,CHOQUE,1,1,1,CAJAMARCA,CHOTA,LLAMA,RURAL,CARRETERA,NACIONAL,PE-06A,-6.539576,-79.117665,DESPEJADO,RURAL,CURVA,INCLINADA,ASFALTADA,,,,,IMPRUDENCIA DEL CONDUCTOR,CONDUCIR EN ESTADO DE EBRIEDAD Y/O DROGADICCIÓN,18.0,0,41.666666666666664,51.0,15.0,59.0,3,2,1,1,1,1,3
A-2024-02-95-B,2024-03-10,02:00,ATROPELLO FUGA,1,0,1,LIMA,HUARAL,CHANCAY,RURAL,CARRETERA,NACIONAL,PE-1N,-11.5282159,-77.2877995,DESPEJADO,RURAL,TRAMO RECTO,PLANA ,ASFALTADA,,,,,EN PROCESO DE INVESTIGACIÓN,NO CUENTA CON CAUSA ESPECIFICA,2.0,0,56.0,56.0,56.0,56.0,1,0,1,0,0,0,2
A-2024-03-91,2024-03-10,02:00,ATROPELLO,1,0,1,LIMA,HUARAL,HUARAL,RURAL,CARRETERA,NACIONAL,PE-20C,-11.5580842,-77.2033308,DESPEJADO,RURAL,TRAMO RECTO,PLANA ,ASFALTADA,SI,REGULADORA (R),,NO,IMPRUDENCIA DEL CONDUCTOR,OTRO (IMPRUDENCIA DEL CONDUCTOR),2.0,0,33.0,33.0,32.0,34.0,2,1,1,0,1,1,2
A-2024-03-9,2024-03-10,13:30,DESPISTE,1,0,1,AREQUIPA,ISLAY,ISLAY,RURAL,CARRETERA,NACIONAL,PE-34,-16.963857,-72.055883,DESPEJADO,RURAL,CURVA,INCLINADA,ASFALTADA,NO,,,SI,EN PROCESO DE INVESTIGACIÓN,NO CUENTA CON CAUSA ESPECIFICA,13.0,0,30.0,30.0,30.0,30.0,0,1,1,0,1,0,1
A-2024-03-52,2024-03-10,16:35,DESPISTE,1,3,1,LA LIBERTAD,ASCOPE,RAZURI,RURAL,CARRETERA,NACIONAL,PE-1N,-7.589483496988363,-79.37012667340991,DESPEJADO,RURAL,TRAMO RECTO,PLANA ,ASFALTADA,,,,,IMPRUDENCIA DEL CONDUCTOR,OTRO (IMPRUDENCIA DEL CONDUCTOR),16.0,0,32.0,38.0,3.0,63.0,2,1,1,3,1,0,5
A-2024-03-45,2024-03-10,17:30,CHOQUE CON OBJETO FIJO,1,0,2,TACNA,TACNA,CIUDAD NUEVA,URBANA,CALLE,URBANO,NO CORRESPONDE,-17.979624,-70.234748,DESPEJADO,RESIDENCIAL,TRAMO RECTO,INCLINADA,ASFALTADA,,,,,EN PROCESO DE INVESTIGACIÓN,NO CUENTA CON CAUSA ESPECIFICA,17.0,0,62.5,62.5,46.0,79.0,1,1,1,0,1,0,2
A-2024-03-117,2024-03-10,20:10,ATROPELLO,1,0,0,LIMA,LIMA,SANTA ANITA,URBANA,CALLE,URBANO,NO CORRESPONDE,-12.04702210612724,-76.97387310749917,DESPEJADO,RESIDENCIAL,INTERSECCIÓN,PLANA ,ASFALTADA,,,,,IMPRUDENCIA DEL PEATÓN,CRUCE INDEBIDO POR LA CALZADA,20.0,0,42.0,42.0,27.0,57.0,1,1,1,0,1,0,2
A-2024-03-66,2024-03-11,09:50,ATROPELLO,1,0,0,JUNIN,HUANCAYO,HUANCAYO,URBANA,AVENIDA,URBANO,NO CORRESPONDE,-12.07657,-75.223213,DESPEJADO,RESIDENCIAL,TRAMO RECTO,INCLINADA,ASFALTADA,NO,,,SI,IMPRUDENCIA DEL CONDUCTOR,OTRO (IMPRUDENCIA DEL CONDUCTOR),9.0,0,52.0,52.0,20.0,84.0,1,1,1,0,1,0,2
A-2024-03-105,2024-03-11,15:30,CHOQUE,2,3,2,CAJAMARCA,SAN IGNACIO,SAN IGNACIO,RURAL,CARRETERA,NACIONAL,PE-5N,-5.143763088,-79.02858354,DESPEJADO,ESCOLAR,CURVA,INCLINADA,ASFALTADA,,,,,IMPRUDENCIA DEL CONDUCTOR,EXCESO DE VELOCIDAD,15.0,1,30.4,33.0,11.0,39.0,3,2,2,3,1,0,5
A-2024-03-24,2024-03-11,19:15,CHOQUE,1,0,2,CUSCO,CUSCO,CUSCO,RURAL,CARRETERA,NACIONAL,PE-3S,-13.50623,-72.022167,DESPEJADO,RURAL,CURVA,INCLINADA,ASFALTADA,NO,,,SI,IMPRUDENCIA DEL CONDUCTOR,CONDUCIR EN SENTIDO CONTRARIO,19.0,0,26.5,26.5,18.0,35.0,2,2,1,0,2,0,2
A-2024-03-118,2024-03-11,21:10,ATROPELLO,2,0,0,LIMA,LIMA,RIMAC,URBANA,AVENIDA,URBANO,NO CORRESPONDE,-12.014924334852047,-77.05189610488354,DESPEJADO,COMERCIAL,INTERSECCIÓN,PLANA ,ASFALTADA,,,,,IMPRUDENCIA DEL CONDUCTOR,EXCESO DE VELOCIDAD,21.0,1,23.666666666666668,17.0,16.0,38.0,1,1,2,0,0,0,3
A-2024-03-119,2024-03-12,03:30,ATROPELLO,1,0,0,LIMA,LIMA,ANCON,RURAL,CARRETERA,NACIONAL,PE-1N,-11.727196,-77.144874,DESPEJADO,RURAL,TRAMO RECTO,PLANA ,ASFALTADA,,,,,EN PROCESO DE INVESTIGACIÓN,NO CUENTA CON CAUSA ESPECIFICA,3.0,0,28.0,28.0,28.0,28.0,2,1,1,0,1,0,2
A-2024-03-130,2024-03-12,07:00,CHOQUE,1,0,0,LIMA,LIMA,LURIN,URBANA,CALLE,URBANO,NO CORRESPONDE,-12.228754228154024,-76.89342716346955,DESPEJADO,COMERCIAL,INTERSECCIÓN,PLANA ,ASFALTADA,,,,,EN PROCESO DE INVESTIGACIÓN,NO CUENTA CON CAUSA ESPECIFICA,7.0,0,47.0,47.0,43.0,51.0,2,2,1,0,1,0,2
A-2024-03-76,2024-03-12,07:00,DESPISTE,4,2,1,AYACUCHO,VICTOR FAJARDO,SARHUA,RURAL,CARRETERA,NACIONAL,PE-30D,-13.701,-74.312,DESPEJADO,RURAL,TRAMO RECTO,INCLINADA,ASFALTADA,,,,,IMPRUDENCIA DEL CONDUCTOR,CONDUCIR EN ESTADO DE EBRIEDAD Y/O DROGADICCIÓN,7.0,2,32.333333333333336,34.0,1.0,59.0,4,1,4,2,1,1,6
A-2024-03-96,2024-03-12,07:20,CHOQUE,1,1,2,LIMA,HUARAL,SANTA CRUZ DE ANDAMARCA,RURAL,CARRETERA,NACIONAL,PE-20C,-11.1570751,-76.6272413,DESPEJADO,RURAL,CURVA,INCLINADA,CASCAJO/RIPIO,,,,,EN PROCESO DE INVESTIGACIÓN,NO CUENTA CON CAUSA ESPECIFICA,7.0,0,30.0,30.0,20.0,40.0,2,2,1,1,0,1,2
A-2024-03-131,2024-03-12,07:30,CHOQUE,1,2,0,LIMA,LIMA,PUEBLO LIBRE,URBANA,AVENIDA,URBANO,NO CORRESPONDE,-12.07569757470148,-77.06360663738873,DESPEJADO,COMERCIAL,INTERSECCIÓN,PLANA ,ASFALTADA,NO,,,SI,IMPRUDENCIA DEL CONDUCTOR,FATIGA Y/O CANSANCIO,7.0,0,25.4,21.0,10.0,42.0,3,4,1,2,2,0,5
A-2024-03-10,2024-03-12,10:30,DESPISTE,2,4,1,AREQUIPA,CAYLLOMA,LLUTA,RURAL,CARRETERA,DEPARTAMENTAL,AR-109,-16.040663,-72.143059,SOLEADO,RURAL,TRAMO RECTO,PLANA ,TROCHA,,,,,EN PROCESO DE INVESTIGACIÓN,NO CUENTA CON CAUSA ESPECIFICA,10.0,1,33.833333333333336,31.0,0.0,77.0,2,0,2,4,0,0,7
A-2024-03-72,2024-03-12,12:30,ATROPELLO,1,0,0,AYACUCHO,PAUCAR DEL SARA SARA,PAUSA,URBANA,CARRETERA,DEPARTAMENTAL,AY-116,-15.278079,-73.347941,DESPEJADO,RESIDENCIAL,OTRO,PLANA ,TROCHA,,,,,IMPRUDENCIA DEL CONDUCTOR,OTRO (IMPRUDENCIA DEL CONDUCTOR),12.0,0,65.0,65.0,47.0,83.0,2,1,1,0,1,0,2
A-2024-03-13,2024-03-12,19:00,CHOQUE,2,3,3,AREQUIPA,ISLAY,MOLLENDO,RURAL,CARRETERA,NACIONAL,PE-1S,-16.736004,-71.870004,DESPEJADO,RURAL,TRAMO RECTO,PLANA ,ASFALTADA,NO,,,SI,EN PROCESO DE INVESTIGACIÓN,NO CUENTA CON CAUSA ESPECIFICA,19.0,1,39.6,38.0,29.0,49.0,4,3,2,3,2,0,5
A-2024-03-3,2024-03-12,20:20,ATROPELLO FUGA,1,0,0,PUNO,PUNO,PAUCARCOLLA,RURAL,CARRETERA,NACIONAL,PE-3S,-15.684618343546209,-70.07143393809483,DESPEJADO,RURAL,TRAMO RECTO,PLANA ,ASFALTADA,,,,,EN PROCESO DE INVESTIGACIÓN,NO CUENTA CON CAUSA ESPECIFICA,20.0,0,27.0,27.0,27.0,27.0,1,0,1,0,0,0,2
A-2024-03-40,2024-03-13,01:00,DESPISTE,1,0,1,CUSCO,PAUCARTAMBO,COLQUEPATA,RURAL,CARRETERA,PROVINCIAL,CU-973,-13.34184,-71.70344,SOLEADO,RURAL,CURVA,INCLINADA,ASFALTADA,,,,,IMPRUDENCIA DEL CONDUCTOR,EXCESO DE VELOCIDAD,1.0,0,34.0,34.0,34.0,34.0,1,1,1,0,0,0,1
A-2024-03-46,2024-03-13,14:00,CHOQUE,1,0,2,TACNA,TACNA,SAMA,URBANA,CARRETERA,NACIONAL,PE-1SD,-18.11418,-70.72238,DESPEJADO,RESIDENCIAL,TRAMO RECTO,PLANA ,ASFALTADA,,,,,IMPRUDENCIA DEL CONDUCTOR,OTRO (IMPRUDENCIA DEL CONDUCTOR),14.0,0,51.5,51.5,48.0,55.0,2,2,1,0,2,0,2
A-2024-03-120,2024-03-13,15:25,ATROPELLO,1,0,0,LIMA,LIMA,LOS OLIVOS,URBANA,AVENIDA,URBANO,NO CORRESPONDE,-11.976024501279866,-77.06038030358486,DESPEJADO,COMERCIAL,TRAMO RECTO,PLANA ,ASFALTADA,,,,,EN PROCESO DE INVESTIGACIÓN,NO CUENTA CON CAUSA ESPECIFICA,15.0,0,49.0,49.0,36.0,62.0,1,1,1,0,1,0,2
A-2024-03-132,2024-03-14,09:30,DESPISTE,1,0,0,LIMA,LIMA,LURIGANCHO,RURAL,AVENIDA,URBANO,NO CORRESPONDE,-11.9962833405,-76.9133625397,DESPEJADO,RURAL,TRAMO RECTO,PLANA ,ASFALTADA,,,,,IMPRUDENCIA DEL CONDUCTOR,GIRAR IMPRUDENTEMENTE,9.0,0,61.0,61.0,61.0,61.0,1,1,1,0,0,0,1
A-2024-03-32,2024-03-14,18:30,ATROPELLO FUGA,1,0,0,CUSCO,URUBAMBA,OLLANTAYTAMBO,RURAL,CARRETERA,NACIONAL,PE-28B,-13.2513905001651,-72.27623645181572,DESPEJADO,RURAL,TRAMO RECTO,PLANA ,ASFALTADA,NO,,,SI,IMPRUDENCIA DEL CONDUCTOR,EXCESO DE VELOCIDAD,18.0,0,73.0,73.0,73.0,73.0,1,0,1,0,0,0,2
A-2024-03-134,2024-03-14,22:40,CHOQUE,1,3,0,LIMA,LIMA,ANCON,URBANA,CARRETERA,NACIONAL,PE-1N,-11.766331,-77.158654,DESPEJADO,INDUSTRIAL,TRAMO RECTO,PLANA ,ASFALTADA,,,,,IMPRUDENCIA DEL CONDUCTOR,INVASIÓN DE CARRIL,22.0,0,33.166666666666664,37.0,17.0,41.0,5,2,1,3,2,0,6
A-2024-03-79,2024-03-15,05:45,ATROPELLO FUGA,1,0,0,ICA,ICA,PARCONA,URBANA,CALLE,URBANO,NO CORRESPONDE,-14.050486733273146,-75.7043469316855,DESPEJADO,RESIDENCIAL,INTERSECCIÓN,PLANA ,ASFALTADA,,,,,EN PROCESO DE INVESTIGACIÓN,NO CUENTA CON CAUSA ESPECIFICA,5.0,0,62.0,62.0,62.0,62.0,1,0,1,0,0,0,2
A-2024-03-80,2024-03-15,05:45,ATROPELLO FUGA,1,0,0,ICA,ICA,PARCONA,URBANA,AVENIDA,URBANO,NO CORRESPONDE,-14.058877,-75.722746,DESPEJADO,COMERCIAL,TRAMO RECTO,PLANA ,ASFALTADA,,,,,EN PROCESO DE INVESTIGACIÓN,NO CUENTA CON CAUSA ESPECIFICA,5.0,0,85.0,85.0,85.0,85.0,1,0,1,0,0,0,2
A-2024-03-81,2024-03-15,16:45,ESPECIAL,1,0,0,ICA,NASCA,NASCA,URBANA,CARRETERA,NACIONAL,PE-1S,-14.837916,-74.942439,DESPEJADO,RESIDENCIAL,TRAMO RECTO,PLANA ,ASFALTADA,,,,,EN PROCESO DE INVESTIGACIÓN,NO CUENTA CON CAUSA ESPECIFICA,16.0,0,62.0,62.0,61.0,63.0,2,0,1,0,1,0,2
A-2024-03-107,2024-03-15,19:10,CHOQUE,2,0,2,CAJAMARCA,HUALGAYOC,BAMBAMARCA,RURAL,CARRETERA,NACIONAL,PE-3N,-6.683483,-78.530502,DESPEJADO,RURAL,CURVA,INCLINADA,ASFALTADA,SI,PREVENTIVA (P),,SI,IMPRUDENCIA DEL CONDUCTOR,OTRO (IMPRUDENCIA DEL CONDUCTOR),19.0,1,20.0,18.0,14.0,28.0,3,2,2,0,1,0,3
A-2024-03-121,2024-03-15,22:55,ATROPELLO,1,0,0,LIMA,LIMA,SAN MARTIN DE PORRES,URBANA,AVENIDA,URBANO,NO CORRESPONDE,-11.98993572333433,-77.1065006007696,DESPEJADO,COMERCIAL,TRAMO RECTO,PLANA ,ASFALTADA,,,,,IMPRUDENCIA DEL PEATÓN,ESTADO DE EBRIEDAD Y/O DROGADICCIÓN,22.0,0,43.5,43.5,31.0,56.0,2,1,1,0,1,0,2
A-2024-03-67,2024-03-16,23:30,CHOQUE,1,0,0,JUNIN,YAULI,LA OROYA,RURAL,CARRETERA,NACIONAL,PE-3S,-11.61207197136618,-75.84257120446206,LLUVIOSO,RURAL,TRAMO RECTO,PLANA ,ASFALTADA,NO,,,SI,IMPRUDENCIA DEL CONDUCTOR,INVASIÓN DE CARRIL,23.0,0,40.0,40.0,37.0,43.0,2,2,1,0,2,0,2
A-2024-03-18,2024-03-17,01:30,CHOQUE CON OBJETO FIJO,1,1,1,APURIMAC,CHINCHEROS,ANCO_HUALLO,URBANA,AVENIDA,URBANO,NO CORRESPONDE,-13.523365389935542,-73.68417624024546,LLUVIOSO,COMERCIAL,CURVA,INCLINADA,AFIRMADO,,,,,IMPRUDENCIA DEL CONDUCTOR,EXCESO DE VELOCIDAD,1.0,0,19.5,19.5,18.0,21.0,1,1,1,1,0,0,2
A-2024-03-14,2024-03-17,02:00,CHOQUE,1,0,2,AREQUIPA,ISLAY,PUNTA DE BOMBON,URBANA,CARRETERA,NACIONAL,PE-1SD,-17.147878,-71.784527,DESPEJADO,RESIDENCIAL,CURVA,INCLINADA,ASFALTADA,NO,,,SI,EN PROCESO DE INVESTIGACIÓN,NO CUENTA CON CAUSA ESPECIFICA,2.0,0,60.5,60.5,45.0,76.0,2,2,1,0,1,0,2
A-2024-03-7,2024-03-17,05:40,CHOQUE,6,3,2,LIMA,HUAURA,HUACHO,RURAL,CARRETERA,NACIONAL,PE-1N,-11.1323,-77.5959,DESPEJADO,RURAL,TRAMO RECTO,INCLINADA,ASFALTADA,,,,,IMPRUDENCIA DEL CONDUCTOR,EXCESO DE VELOCIDAD,5.0,2,22.4,25.5,2.0,46.0,6,2,6,3,2,0,10
A-2024-03-122,2024-03-17,10:50,ATROPELLO,1,0,0,LIMA,LIMA,VILLA EL SALVADOR,URBANA,AVENIDA,URBANO,NO CORRESPONDE,-12.235893614367797,-76.91603828356973,DESPEJADO,COMERCIAL,INTERSECCIÓN,PLANA ,ASFALTADA,,,,,EN PROCESO DE INVESTIGACIÓN,NO CUENTA CON CAUSA ESPECIFICA,10.0,0,28.0,28.0,2.0,54.0,2,1,1,0,0,0,2
A-2024-03-137,2024-03-17,14:20,CHOQUE,1,1,0,LIMA,LIMA,SAN JUAN DE LURIGANCHO,URBANA,AVENIDA,URBANO,NO CORRESPONDE,-12.0202483773,-77.0051237513,DESPEJADO,RESIDENCIAL,TRAMO RECTO,PLANA ,ASFALTADA,,,,,IMPRUDENCIA DEL CONDUCTOR,NO ESTABLECER EL DERECHO DE PASO,14.0,0,25.333333333333332,25.0,23.0,28.0,1,2,1,1,2,0,3
A-2024-03-26,2024-03-17,19:00,ATROPELLO,1,0,1,CUSCO,CANAS,PAMPAMARCA,RURAL,CARRETERA,NACIONAL,PE-34F,-14.180895,-71.445859,DESPEJADO,RURAL,TRAMO RECTO,PLANA ,ASFALTADA,SI,REGULADORA (R),REGULADORA (R),NO,IMPRUDENCIA DEL CONDUCTOR,EXCESO DE VELOCIDAD,19.0,0,67.0,67.0,58.0,76.0,1,1,1,0,1,0,2
A-2024-03-11,2024-03-18,00:45,DESPISTE,1,0,1,PUNO,CHUCUITO,POMATA,RURAL,CARRETERA,DEPARTAMENTAL,PU-150,-16.399664,-69.27306,DESPEJADO,RURAL,TRAMO RECTO,PLANA ,TROCHA,,,,,IMPRUDENCIA DEL CONDUCTOR,OTRO (IMPRUDENCIA DEL CONDUCTOR),0.0,0,33.0,33.0,33.0,33.0,1,1,1,0,0,0,1
A-2024-03-53,2024-03-18,01:35,DESPISTE,1,0,1,LA LIBERTAD,SANCHEZ CARRION,HUAMACHUCO,RURAL,CALLE,URBANO,NO CORRESPONDE,-7.811762946620671,-78.03042658736254,DESPEJADO,RURAL,TRAMO RECTO,PLANA ,TROCHA,,,,,EN PROCESO DE INVESTIGACIÓN,NO CUENTA CON CAUSA ESPECIFICA,1.0,0,18.0,18.0,18.0,18.0,1,1,1,0,0,0,1
A-2024-03-133,2024-03-18,08:10,DESPISTE,1,0,0,LIMA,LIMA,LURIGANCHO,RURAL,AVENIDA,URBANO,NO CORRESPONDE,-11.978838405007334,-76.92725795920653,DESPEJADO,RURAL,TRAMO RECTO,PLANA ,ASFALTADA,,,,,IMPRUDENCIA DEL CONDUCTOR,CONDUCIR EN ESTADO DE EBRIEDAD Y/O DROGADICCIÓN,8.0,0,26.0,26.0,26.0,26.0,1,1,1,0,0,0,1
A-2024-03-135,2024-03-18,10:50,VOLCADURA,1,0,0,LIMA,LIMA,SAN JUAN DE MIRAFLORES,URBANA,AVENIDA,URBANO,NO CORRESPONDE,-12.162988322400883,-76.96899721644822,DESPEJADO,RESIDENCIAL,INTERSECCIÓN,PLANA ,ASFALTADA,,,,,EN PROCESO DE INVESTIGACIÓN,NO CUENTA CON CAUSA ESPECIFICA,10.0,0,24.0,24.0,24.0,24.0,1,1,1,0,0,0,1
A-2024-03-136,2024-03-18,12:10,DESPISTE,1,0,0,LIMA,LIMA,COMAS,URBANA,AVENIDA,URBANO,NO CORRESPONDE,-11.93007133823279,-77.06953497903264,DESPEJADO,RESIDENCIAL,INTERSECCIÓN,PLANA ,ASFALTADA,,,,,IMPRUDENCIA DEL CONDUCTOR,NO ESTABLECER EL DERECHO DE PASO,12.0,0,26.5,26.5,20.0,33.0,2,2,1,0,1,0,2