CODIGO_SINIESTRO,FECHA_SINIESTRO,HORA_SINIESTRO,CLASE_SINIESTRO,CANTIDAD_FALLECIDOS,CANTIDAD_LESIONADOS,CANTIDAD_VEHICULOS,DEPARTAMENTO,PROVINCIA,DISTRITO,ZONA,TIPO_VIA,RED_VIAL,COD_CARRETERA,LATITUD,LONGITUD,CONDICION_CLIMATICA,ZONIFICACION,CARACTERISTICAS_VIA,PERFIL_VIA,SUPERFICIE_CALZADA,EXISTE_SENIAL_VERTICAL,CLASIFICACION_SENIAL_VERTICAL_1,CLASIFICACION_SENIAL_VERTICAL_2,EXISTE_SENIAL_HORIZONTAL,CAUSA_FACTOR_PRINCIPAL,CAUSA_ESPECIFICA,HORA,severidad,EDAD_PROMEDIO,EDAD_MEDIANA,EDAD_MIN,EDAD_MAX,TOTAL_MASCULINOS,TOTAL_CONDUCTORES,TOTAL_FALLECIDOS_AGG,TOTAL_LESIONADOS_AGG,TOTAL_LICENCIA,TOTAL_ALCOHOL_POSITIVO,TOTAL_PERSONAS
A-2024-04-24,2024-04-14,17:00,CHOQUE,1,1,2,AREQUIPA,CAYLLOMA,MAJES,RURAL,CARRETERA,NACIONAL,PE-1S,-16.363366,-72.156526,DESPEJADO,RURAL,TRAMO RECTO,PLANA ,ASFALTADA,,,,,EN PROCESO DE INVESTIGACIÓN,NO CUENTA CON CAUSA ESPECIFICA,17.0,0,36.333333333333336,44.0,19.0,46.0,3,2,1,1,1,0,3
A-2024-04-44,2024-04-14,23:15,CHOQUE FUGA,1,1,2,LIMA,HUAURA,HUAURA,RURAL,CARRETERA,NACIONAL,PE-1N,-11.06132,-77.58895,DESPEJADO,RURAL,TRAMO RECTO,PLANA ,ASFALTADA,,,,,EN PROCESO DE INVESTIGACIÓN,NO CUENTA CON CAUSA ESPECIFICA,23.0,0,20.0,20.0,20.0,20.0,2,2,1,1,0,0,3
A-2024-04-45,2024-04-15,03:30,ATROPELLO,1,0,1,LIMA,HUAURA,SANTA MARIA,URBANA,CARRETERA,NACIONAL,PE-1N,-11.11468957203389,-77.59310419894447,DESPEJADO,COMERCIAL,TRAMO RECTO,PLANA ,ASFALTADA,,,,,IMPRUDENCIA DEL PEATÓN,ESTADO DE EBRIEDAD Y/O DROGADICCIÓN,3.0,0,37.5,37.5,30.0,45.0,2,1,1,0,1,0,2
A-2024-04-64,2024-04-15,10:20,ATROPELLO,1,0,1,AYACUCHO,HUAMANGA,SAN JUAN BAUTISTA,URBANA,CARRETERA,NACIONAL,PE-3SL,-13.168515110290071,-74.20965074392826,DESPEJADO,RESIDENCIAL,TRAMO RECTO,PLANA ,ASFALTADA,,,,,IMPRUDENCIA DEL CONDUCTOR,EXCESO DE VELOCIDAD,10.0,0,54.5,54.5,24.0,85.0,2,1,1,0,0,0,2
A-2024-04-46,2024-04-15,14:50,ATROPELLO,1,0,1,LIMA,HUAURA,HUAURA,RURAL,CARRETERA,NACIONAL,PE-1N,-11.04594,-77.58882,DESPEJADO,RURAL,TRAMO RECTO,PLANA ,ASFALTADA,,,,,IMPRUDENCIA DEL CONDUCTOR,OTRO (IMPRUDENCIA DEL CONDUCTOR),14.0,0,62.0,62.0,44.0,80.0,1,1,1,0,1,0,2
A-2024-04-63,2024-04-15,17:30,CHOQUE,1,1,2,AYACUCHO,HUAMANGA,OCROS,RURAL,CARRETERA,NACIONAL,PE-3S,-13.437383,-73.829608,DESPEJADO,RURAL,CURVA,INCLINADA,ASFALTADA,SI,PREVENTIVA (P),,SI,IMPRUDENCIA DEL CONDUCTOR,CONDUCIR EN ESTADO DE EBRIEDAD Y/O DROGADICCIÓN,17.0,0,28.0,27.0,26.0,31.0,3,2,1,1,1,1,3
A-2024-04-25,2024-04-15,19:20,ATROPELLO,1,1,1,CUSCO,CANCHIS,TINTA,RURAL,CARRETERA,NACIONAL,PE-3S,-14.14442,-71.397666,DESPEJADO,RURAL,TRAMO RECTO,PLANA ,ASFALTADA,,,,,IMPRUDENCIA DEL PEATÓN,CRUCE INDEBIDO POR LA CALZADA,19.0,0,32.5,32.5,18.0,47.0,2,1,1,1,0,0,2
A-2024-04-16,2024-04-15,22:30,CHOQUE,1,0,1,SAN MARTIN,RIOJA,RIOJA,URBANA,JIRÓN,URBANO,NO CORRESPONDE,-6.055918,-77.166683,DESPEJADO,COMERCIAL,TRAMO RECTO,PLANA ,ADOQUINADO,,,,,IMPRUDENCIA DEL CONDUCTOR,OTRO (IMPRUDENCIA DEL CONDUCTOR),22.0,0,18.0,18.0,18.0,18.0,1,1,1,0,0,0,2
A-2024-04-60,2024-04-16,14:30,DESPISTE,1,0,1,HUANCAVELICA,HUANCAVELICA,HUACHOCOLPA,RURAL,CARRETERA,PROVINCIAL,HV-894,-13.057571099886877,-74.94395618268463,SOLEADO,RURAL,TRAMO RECTO,PLANA ,TROCHA,,,,,EN PROCESO DE INVESTIGACIÓN,NO CUENTA CON CAUSA ESPECIFICA,14.0,0,32.0,32.0,32.0,32.0,1,1,1,0,1,0,1
A-2024-04-17,2024-04-17,08:50,DESPISTE,1,1,2,AREQUIPA,ISLAY,MOLLENDO,RURAL,CARRETERA,NACIONAL,PE-1SD,-16.999476,-72.019809,DESPEJADO,RURAL,CURVA,INCLINADA,ASFALTADA,SI,REGULADORA (R),REGULADORA (R),NO,EN PROCESO DE INVESTIGACIÓN,NO CUENTA CON CAUSA ESPECIFICA,8.0,0,30.333333333333332,33.0,22.0,36.0,3,2,1,1,2,0,3
A-2024-04-37,2024-04-18,15:26,ATROPELLO,1,0,1,LA LIBERTAD,OTUZCO,PARANDAY,RURAL,CARRETERA,DEPARTAMENTAL,LI-110,-7.879843182730089,-78.72162308118214,DESPEJADO,RURAL,TRAMO RECTO,PLANA ,TROCHA,,,,,EN PROCESO DE INVESTIGACIÓN,NO CUENTA CON CAUSA ESPECIFICA,15.0,0,29.0,29.0,3.0,55.0,1,1,1,0,1,0,2
A-2024-04-61,2024-04-19,06:40,CHOQUE,1,4,2,HUANCAVELICA,TAYACAJA,ÑAHUIMPUQUIO,RURAL,CARRETERA,NACIONAL,PE-3SD,-12.309394651153085,-75.04322437737389,DESPEJADO,RURAL,TRAMO RECTO,PLANA ,ASFALTADA,,,,,EN PROCESO DE INVESTIGACIÓN,NO CUENTA CON CAUSA ESPECIFICA,6.0,0,27.333333333333332,27.5,20.0,34.0,4,2,1,4,2,0,6
A-2024-04-19,2024-04-19,19:40,CHOQUE,1,1,2,AREQUIPA,AREQUIPA,LA JOYA,RURAL,CARRETERA,PROVINCIAL,AR-722,-16.47616,-71.81959,DESPEJADO,RESIDENCIAL,TRAMO RECTO,PLANA ,ASFALTADA,,,,,EN PROCESO DE INVESTIGACIÓN,NO CUENTA CON CAUSA ESPECIFICA,19.0,0,32.333333333333336,25.0,24.0,48.0,2,2,1,1,1,0,3
A-2024-04-75,2024-04-19,23:30,DESPISTE,1,0,0,ICA,CHINCHA,EL CARMEN,URBANA,CARRETERA,NACIONAL,PE-1S,-13.563411,-76.133899,,,,,,,,,,EN PROCESO DE INVESTIGACIÓN,NO CUENTA CON CAUSA ESPECIFICA,23.0,0,30.0,30.0,30.0,30.0,1,1,1,0,0,0,1
A-2024-04-86,2024-04-20,22:50,DESPISTE,1,1,1,CAJAMARCA,CAJAMARCA,CAJAMARCA,URBANA,AVENIDA,URBANO,NO CORRESPONDE,-7.173983,-78.51271,DESPEJADO,COMERCIAL,CURVA,INCLINADA,ASFALTADA,,,,,IMPRUDENCIA DEL CONDUCTOR,CONDUCIR EN ESTADO DE EBRIEDAD Y/O DROGADICCIÓN,22.0,0,21.5,21.5,21.0,22.0,2,1,1,1,0,1,2
A-2024-04-38,2024-04-21,04:10,DESPISTE,1,0,1,LA LIBERTAD,TRUJILLO,LAREDO,RURAL,CARRETERA,NACIONAL,PE-10A,-8.08670354,-78.89023718,DESPEJADO,RURAL,TRAMO RECTO,PLANA ,ASFALTADA,,,,,EN PROCESO DE INVESTIGACIÓN,NO CUENTA CON CAUSA ESPECIFICA,4.0,0,32.0,32.0,19.0,45.0,1,1,1,0,1,0,2
A-2024-04-57,2024-04-21,04:40,CHOQUE FUGA,1,5,0,PIURA,PIURA,CASTILLA,URBANA,CARRETERA,NACIONAL,PE-1N,-5.18904499,-80.59956,DESPEJADO,ESCOLAR,TRAMO RECTO,PLANA ,ASFALTADA,,,,,EN PROCESO DE INVESTIGACIÓN,NO CUENTA CON CAUSA ESPECIFICA,4.0,0,25.5,20.0,3.0,53.0,3,1,1,5,1,0,7
A-2024-04-87,2024-04-21,10:10,ATROPELLO,1,0,1,CAJAMARCA,CAJAMARCA,CAJAMARCA,URBANA,JIRÓN,URBANO,NO CORRESPONDE,-7.156147461,-78.51889073,DESPEJADO,COMERCIAL,TRAMO RECTO,PLANA ,ASFALTADA,,,,,IMPRUDENCIA DEL CONDUCTOR,EXCESO DE VELOCIDAD,10.0,0,57.5,57.5,28.0,87.0,2,1,1,0,1,0,2
A-2024-04-101,2024-04-21,18:05,ATROPELLO FUGA,1,0,0,LIMA,LIMA,SAN MARTIN DE PORRES,URBANA,AVENIDA,URBANO,NO CORRESPONDE,-11.976519228928089,-77.08377183913092,DESPEJADO,COMERCIAL,TRAMO RECTO,PLANA ,ASFALTADA,SI,INFORMATIVA (I),,NO,IMPRUDENCIA DEL CONDUCTOR,CONDUCIR EN SENTIDO CONTRARIO,18.0,0,53.5,53.5,36.0,71.0,1,1,1,0,0,0,2
A-2024-04-115,2024-04-21,19:00,CHOQUE,1,3,0,LIMA,LIMA,VILLA EL SALVADOR,URBANA,AVENIDA,URBANO,NO CORRESPONDE,-12.22650599790066,-76.94043678432458,DESPEJADO,COMERCIAL,TRAMO RECTO,PLANA ,ASFALTADA,,,,,EN PROCESO DE INVESTIGACIÓN,NO CUENTA CON CAUSA ESPECIFICA,19.0,0,46.5,47.5,16.0,75.0,2,2,1,3,0,0,5
A-2024-04-94,2024-04-21,20:00,CHOQUE,1,0,2,CAJAMARCA,JAEN,JAEN,RURAL,CARRETERA,NACIONAL,PE-04C,-5.877947277,-78.81324108,DESPEJADO,RURAL,TRAMO RECTO,PLANA ,ASFALTADA,SI,PREVENTIVA (P),,SI,EN PROCESO DE INVESTIGACIÓN,NO CUENTA CON CAUSA ESPECIFICA,20.0,0,35.0,35.0,35.0,35.0,1,1,1,0,1,0,2
A-2024-04-100,2024-04-21,21:10,ATROPELLO FUGA,1,1,0,LIMA,LIMA,BREÑA,URBANA,AVENIDA,URBANO,NO CORRESPONDE,-12.064863379930568,-77.0454855192586,DESPEJADO,COMERCIAL,TRAMO RECTO,PLANA ,ASFALTADA,SI,REGULADORA (R),INFORMATIVA (I),NO,IMPRUDENCIA DEL CONDUCTOR,CONDUCIR EN ESTADO DE EBRIEDAD Y/O DROGADICCIÓN,21.0,0,20.666666666666668,19.0,18.0,25.0,2,1,1,1,0,0,3
A-2024-04-80,2024-04-21,23:30,ATROPELLO,1,0,0,PIURA,PIURA,PIURA,RURAL,CARRETERA,NACIONAL,PE-1N,-5.093606,-80.705443,DESPEJADO,RURAL,TRAMO RECTO,PLANA ,ASFALTADA,,,,,EN PROCESO DE INVESTIGACIÓN,NO CUENTA CON CAUSA ESPECIFICA,23.0,0,21.0,21.0,21.0,21.0,1,0,1,0,0,0,2
A-2024-04-88,2024-04-21,23:45,VOLCADURA,1,0,1,CAJAMARCA,CAJAMARCA,CAJAMARCA,URBANA,CARRETERA,NACIONAL,PE-08B,-7.165080227,-78.48017876,DESPEJADO,INDUSTRIAL,TRAMO RECTO,PLANA ,ASFALTADA,,,,,IMPRUDENCIA DEL CONDUCTOR,CONDUCIR EN ESTADO DE EBRIEDAD Y/O DROGADICCIÓN,23.0,0,27.0,27.0,27.0,27.0,1,1,1,0,0,1,1
A-2024-04-71,2024-04-22,06:30,ATROPELLO FUGA,1,0,0,ICA,PISCO,PISCO,RURAL,CARRETERA,NACIONAL,PE-1SE,-13.70235,-76.16552,DESPEJADO,RURAL,TRAMO RECTO,PLANA ,ASFALTADA,,,,,EN PROCESO DE INVESTIGACIÓN,NO CUENTA CON CAUSA ESPECIFICA,6.0,0,51.0,51.0,51.0,51.0,1,0,1,0,0,0,2
A-2024-04-18,2024-04-22,18:50,ATROPELLO FUGA,1,0,0,SAN MARTIN,RIOJA,NUEVA CAJAMARCA,URBANA,CARRETERA,NACIONAL,PE-5N,-5.905603,-77.32527,DESPEJADO,RESIDENCIAL,TRAMO RECTO,PLANA ,ASFALTADA,,,,,EN PROCESO DE INVESTIGACIÓN,NO CUENTA CON CAUSA ESPECIFICA,18.0,0,54.0,54.0,54.0,54.0,0,0,1,0,0,0,2
A-2024-04-116,2024-04-22,19:50,CHOQUE,1,0,0,LIMA,LIMA,RIMAC,URBANA,CARRETERA,NACIONAL,PE-1N,-12.037170336910911,-77.04126374689972,DESPEJADO,RESIDENCIAL,TRAMO RECTO,PLANA ,ASFALTADA,SI,INFORMATIVA (I),,NO,IMPRUDENCIA DEL CONDUCTOR,ADELANTAR INDEBIDAMENTE,19.0,0,50.0,50.0,35.0,65.0,2,2,1,0,1,0,2
A-2024-04-117,2024-04-23,15:00,CHOQUE,1,1,0,LIMA,LIMA,CIENEGUILLA,URBANA,CARRETERA,DEPARTAMENTAL,LM-117,-12.113285200247567,-76.81823912162102,DESPEJADO,COMERCIAL,CURVA,INCLINADA,ASFALTADA,,,,,NEGLIGENCIA DEL CONDUCTOR,CONDUCIR CON FALLAS DE FRENOS,15.0,0,32.0,31.0,29.0,36.0,2,2,1,1,1,0,3
A-2024-04-39,2024-04-23,20:18,CHOQUE,1,1,2,LA LIBERTAD,TRUJILLO,HUANCHACO,URBANA,AVENIDA,URBANO,NO CORRESPONDE,-8.017436088466479,-79.06676890206747,DESPEJADO,COMERCIAL,INTERSECCIÓN,PLANA ,ASFALTADA,,,,,EN PROCESO DE INVESTIGACIÓN,NO CUENTA CON CAUSA ESPECIFICA,20.0,0,26.0,26.0,24.0,28.0,2,2,1,1,0,0,2
A-2024-04-102,2024-04-24,03:00,ATROPELLO FUGA,1,0,0,LIMA,LIMA,ANCON,RURAL,CARRETERA,NACIONAL,PE-1N,-11.765279,-77.158419,DESPEJADO,INDUSTRIAL,TRAMO RECTO,PLANA ,ASFALTADA,,,,,EN PROCESO DE INVESTIGACIÓN,NO CUENTA CON CAUSA ESPECIFICA,3.0,0,53.0,53.0,53.0,53.0,1,0,1,0,0,0,2
A-2024-04-26,2024-04-24,06:00,VOLCADURA,1,0,0,PUNO,EL COLLAO,ILAVE,RURAL,CARRETERA,NACIONAL,PE-38A,-16.230647,-69.678802,DESPEJADO,RURAL,TRAMO RECTO,PLANA ,ASFALTADA,,,,,IMPRUDENCIA DEL CONDUCTOR,EXCESO DE VELOCIDAD,6.0,0,37.0,37.0,37.0,37.0,1,1,1,0,1,0,1
A-2024-04-47,2024-04-24,10:30,DESPISTE,1,0,1,LIMA,OYON,PACHANGARA,URBANA,AVENIDA,URBANO,NO CORRESPONDE,-10.811559810253843,-76.87521102435039,DESPEJADO,RESIDENCIAL,INTERSECCIÓN,PLANA ,ASFALTADA,,,,,EN PROCESO DE INVESTIGACIÓN,NO CUENTA CON CAUSA ESPECIFICA,10.0,0,70.0,70.0,70.0,70.0,1,1,1,0,1,0,1
A-2024-04-40,2024-04-25,02:40,DESPISTE,1,0,1,LA LIBERTAD,TRUJILLO,TRUJILLO,URBANA,AVENIDA,URBANO,NO CORRESPONDE,-8.1235419927,-79.02295564,DESPEJADO,INDUSTRIAL,PUENTE,PLANA ,ASFALTADA,,,,,IMPRUDENCIA DEL CONDUCTOR,CONDUCIR EN ESTADO DE EBRIEDAD Y/O DROGADICCIÓN,2.0,0,30.0,30.0,30.0,30.0,1,1,1,0,0,0,1
A-2024-04-27,2024-04-25,06:10,DESPISTE,1,1,1,AREQUIPA,ISLAY,PUNTA DE BOMBON,RURAL,CARRETERA,NACIONAL,PE-1SD,-17.174842,-71.76923,SOLEADO,RURAL,TRAMO RECTO,PLANA ,ASFALTADA,NO,,,SI,EN PROCESO DE INVESTIGACIÓN,NO CUENTA CON CAUSA ESPECIFICA,6.0,0,66.5,66.5,60.0,73.0,2,1,1,1,0,0,2
A-2024-04-41,2024-04-25,11:30,DESPISTE,1,11,1,LA LIBERTAD,SANTIAGO DE CHUCO,MOLLEPATA,RURAL,CARRETERA,NACIONAL,PE-3N,-8.194142538,-77.95682844,DESPEJADO,RURAL,CURVA,PLANA ,TROCHA,,,,,EN PROCESO DE INVESTIGACIÓN,NO CUENTA CON CAUSA ESPECIFICA,11.0,0,43.53846153846154,42.0,28.0,62.0,6,1,1,11,1,0,13
A-2024-04-51,2024-04-26,00:30,DESPISTE,1,0,2,TUMBES,CONTRALMIRANTE VILLAR,ZORRITOS,RURAL,CARRETERA,NACIONAL,PE-1N,-3.674089605105425,-80.66283341438994,DESPEJADO,RURAL,TRAMO RECTO,PLANA ,ASFALTADA,,,,,IMPRUDENCIA DEL CONDUCTOR,CONDUCIR EN ESTADO DE EBRIEDAD Y/O DROGADICCIÓN,0.0,0,37.0,37.0,37.0,37.0,1,1,1,0,0,0,1
A-2024-04-103,2024-04-26,03:45,ATROPELLO FUGA,1,0,0,LIMA,LIMA,CIENEGUILLA,RURAL,AVENIDA,URBANO,NO CORRESPONDE,-12.127737402842357,-76.82055597986353,DESPEJADO,RESIDENCIAL,TRAMO RECTO,PLANA ,ASFALTADA,,,,,EN PROCESO DE INVESTIGACIÓN,NO CUENTA CON CAUSA ESPECIFICA,3.0,0,40.0,40.0,40.0,40.0,1,0,1,0,0,0,2
A-2024-04-118,2024-04-26,07:00,DESPISTE,1,0,0,LIMA,LIMA,SAN BORJA,URBANA,OTRO,URBANO,NO CORRESPONDE,-12.0988015059904,-76.9799278759139,DESPEJADO,RESIDENCIAL,PASE A DESNIVEL,INCLINADA,ASFALTADA,SI,REGULADORA (R),,SI,IMPRUDENCIA DEL CONDUCTOR,OTRO (IMPRUDENCIA DEL CONDUCTOR),7.0,0,25.0,25.0,25.0,25.0,1,1,1,0,1,0,1
A-2024-04-65,2024-04-26,09:45,DESPISTE,2,6,1,AYACUCHO,LA MAR,CHILCAS,RURAL,CARRETERA,PROVINCIAL,AY-705,-13.177,-73.957,DESPEJADO,RURAL,CURVA,INCLINADA,TROCHA,,,,,IMPRUDENCIA DEL CONDUCTOR,EXCESO DE VELOCIDAD,9.0,1,32.0,36.5,2.0,61.0,3,1,2,6,1,0,8
A-2024-04-93,2024-04-27,06:30,CHOQUE,1,0,2,CAJAMARCA,CHOTA,QUEROCOTO,RURAL,CARRETERA,PROVINCIAL,CA-855,-6.334488,-79.075185,DESPEJADO,RURAL,CURVA,INCLINADA,AFIRMADO,SI,PREVENTIVA (P),,NO,IMPRUDENCIA DEL CONDUCTOR,EXCESO DE VELOCIDAD,6.0,0,44.0,44.0,44.0,44.0,2,2,1,0,1,0,2
A-2024-04-72,2024-04-27,11:00,CHOQUE,1,0,2,ICA,PISCO,SAN CLEMENTE,URBANA,CARRETERA,NACIONAL,PE-1S,-13.6809503,-76.1594931,DESPEJADO,RESIDENCIAL,TRAMO RECTO,PLANA ,ASFALTADA,,,,,EN PROCESO DE INVESTIGACIÓN,NO CUENTA CON CAUSA ESPECIFICA,11.0,0,30.0,30.0,20.0,40.0,2,2,1,0,0,0,2
A-2024-04-92,2024-04-27,20:15,CHOQUE,1,2,2,CAJAMARCA,CAJAMARCA,LLACANORA,URBANA,CARRETERA,PROVINCIAL,CA-1494,-7.183511456,-78.44477781,DESPEJADO,COMERCIAL,TRAMO RECTO,PLANA ,ASFALTADA,,,,,IMPRUDENCIA DEL CONDUCTOR,OTRO (IMPRUDENCIA DEL CONDUCTOR),20.0,0,32.333333333333336,30.0,26.0,41.0,3,2,1,2,1,0,3
A-2024-04-104,2024-04-28,00:30,ATROPELLO FUGA,1,0,0,LIMA,LIMA,EL AGUSTINO,URBANA,CARRETERA,NACIONAL,PE-1N,-12.03017167933347,-77.00051345359965,DESPEJADO,COMERCIAL,TRAMO RECTO,PLANA ,ASFALTADA,,,,,EN PROCESO DE INVESTIGACIÓN,NO CUENTA CON CAUSA ESPECIFICA,0.0,0,28.0,28.0,28.0,28.0,1,0,1,0,0,0,2
A-2024-04-119,2024-04-28,03:50,CHOQUE,1,1,0,LIMA,LIMA,PUNTA NEGRA,RURAL,CARRETERA,NACIONAL,PE-1S,-12.373978582457598,-76.78193583566612,DESPEJADO,RURAL,TRAMO RECTO,INCLINADA,ASFALTADA,,,,,EN PROCESO DE INVESTIGACIÓN,NO CUENTA CON CAUSA ESPECIFICA,3.0,0,33.0,31.0,29.0,39.0,2,2,1,1,2,0,3
A-2024-04-76,2024-04-28,05:35,CHOQUE,1,0,2,ICA,PISCO,SAN CLEMENTE,URBANA,CARRETERA,NACIONAL,PE-1S,-13.62600524,-76.1519337,DESPEJADO,RURAL,TRAMO RECTO,PLANA ,ASFALTADA,,,,,IMPRUDENCIA DEL CONDUCTOR,INVASIÓN DE CARRIL,5.0,0,50.0,50.0,43.0,57.0,2,2,1,0,0,0,2
A-2024-04-120,2024-04-28,06:00,DESPISTE,1,0,0,LIMA,LIMA,LA MOLINA,URBANA,OTRO,URBANO,NO CORRESPONDE,-12.082743412592244,-76.96919658779292,DESPEJADO,COMERCIAL,PASE A DESNIVEL,INCLINADA,ASFALTADA,NO,,,SI,IMPRUDENCIA DEL CONDUCTOR,CONDUCIR EN ESTADO DE EBRIEDAD Y/O DROGADICCIÓN,6.0,0,48.0,48.0,48.0,48.0,1,1,1,0,1,0,1
A-2024-04-42,2024-04-28,08:00,CHOQUE,1,0,2,LA LIBERTAD,VIRU,VIRU,RURAL,CARRETERA,NACIONAL,PE-1N,-8.435843904044715,-78.76493985013009,DESPEJADO,RURAL,TRAMO RECTO,PLANA ,ASFALTADA,,,,,IMPRUDENCIA DEL CONDUCTOR,CONDUCIR EN ESTADO DE EBRIEDAD Y/O DROGADICCIÓN,8.0,0,33.0,33.0,15.0,51.0,2,2,1,0,1,0,2
A-2024-04-48,2024-04-28,18:50,ATROPELLO,1,0,1,AREQUIPA,AREQUIPA,SAN JUAN DE SIGUAS,URBANA,CARRETERA,NACIONAL,PE-1S,-16.349813,-72.127218,DESPEJADO,RESIDENCIAL,TRAMO RECTO,PLANA ,ASFALTADA,SI,REGULADORA (R),,SI,EN PROCESO DE INVESTIGACIÓN,NO CUENTA CON CAUSA ESPECIFICA,18.0,0,61.5,61.5,56.0,67.0,1,1,1,0,1,0,2
A-2024-04-90,2024-04-28,21:25,ATROPELLO FUGA,1,0,1,CAJAMARCA,SAN PABLO,SAN PABLO,RURAL,CARRETERA,PROVINCIAL,CA-1277,-7.11309,-78.829742,DESPEJADO,RURAL,TRAMO RECTO,INCLINADA,ASFALTADA,SI,PREVENTIVA (P),,SI,EN PROCESO DE INVESTIGACIÓN,NO CUENTA CON CAUSA ESPECIFICA,21.0,0,55.0,55.0,55.0,55.0,1,0,1,0,0,0,2
A-2024-04-89,2024-04-28,23:00,DESPISTE,25,15,1,CAJAMARCA,CELENDIN,HUASMIN,RURAL,CARRETERA,PROVINCIAL,CA-1024,-6.929052,-78.241667,DESPEJADO,RURAL,CURVA,INCLINADA,AFIRMADO,,,,,IMPRUDENCIA DEL CONDUCTOR,OTRO (IMPRUDENCIA DEL CONDUCTOR),23.0,2,34.75,33.0,0.0,67.0,21,1,25,15,1,0,40
A-2024-04-121,2024-04-29,11:30,ESPECIAL,1,1,0,LIMA,LIMA,BREÑA,URBANA,JIRÓN,URBANO,NO CORRESPONDE,-12.061689415754488,-77.0527911158919,DESPEJADO,ESCOLAR,INTERSECCIÓN,PLANA ,ASFALTADA,,,,,IMPRUDENCIA DEL CONDUCTOR,OTRO (IMPRUDENCIA DEL CONDUCTOR),11.0,0,68.0,68.0,68.0,68.0,2,1,1,1,1,0,2
A-2024-04-91,2024-04-29,18:20,DESPISTE,1,2,1,CAJAMARCA,HUALGAYOC,BAMBAMARCA,RURAL,CARRETERA,NACIONAL,PE-3NB,-6.712022576,-78.52783126,DESPEJADO,RURAL,CURVA,INCLINADA,ASFALTADA,,,,,IMPRUDENCIA DEL CONDUCTOR,EXCESO DE VELOCIDAD,18.0,0,45.333333333333336,44.0,12.0,80.0,1,1,1,2,0,0,3
A-2024-04-29,2024-04-29,22:00,DESPISTE,1,0,1,AREQUIPA,AREQUIPA,YURA,RURAL,CARRETERA,DEPARTAMENTAL,AR-114,-16.373933,-71.645825,NUBLADO,RURAL,OTRO,INCLINADA,AFIRMADO,,,,,EN PROCESO DE INVESTIGACIÓN,NO CUENTA CON CAUSA ESPECIFICA,22.0,0,41.0,41.0,41.0,41.0,1,1,1,0,1,0,1
A-2024-04-105,2024-04-30,06:10,ATROPELLO,1,0,0,LIMA,LIMA,SAN LUIS,URBANA,AVENIDA,URBANO,NO CORRESPONDE,-12.072586132798852,-76.99293356359962,DESPEJADO,COMERCIAL,INTERSECCIÓN,PLANA ,ASFALTADA,NO,,,SI,IMPRUDENCIA DEL PEATÓN,CRUCE INDEBIDO POR LA CALZADA,6.0,0,64.0,64.0,47.0,81.0,2,1,1,0,1,0,2
A-2024-05-69,2024-05-01,01:00,CHOQUE,1,0,0,CUSCO,QUISPICANCHI,OROPESA,RURAL,CARRETERA,NACIONAL,PE-3S,-13.58416,-71.807641,,,,,,,,,,EN PROCESO DE INVESTIGACIÓN,NO CUENTA CON CAUSA ESPECIFICA,1.0,0,40.5,40.5,33.0,48.0,2,2,1,0,2,0,2
A-2024-05-138,2024-05-01,06:00,DESPISTE,1,0,0,LIMA,LIMA,LURIN,URBANA,AVENIDA,URBANO,NO CORRESPONDE,-12.284074845730723,-76.86350874082176,DESPEJADO,RESIDENCIAL,TRAMO RECTO,PLANA ,ASFALTADA,,,,,EN PROCESO DE INVESTIGACIÓN,NO CUENTA CON CAUSA ESPECIFICA,6.0,0,34.0,34.0,34.0,34.0,1,1,1,0,0,0,1
A-2024-05-88,2024-05-01,06:00,ATROPELLO,1,0,2,ICA,PISCO,HUMAY,RURAL,CARRETERA,NACIONAL,PE-28A,-13.72784,-75.907835,DESPEJADO,RURAL,TRAMO RECTO,INCLINADA,ASFALTADA,,,,,EN PROCESO DE INVESTIGACIÓN,NO CUENTA CON CAUSA ESPECIFICA,6.0,0,48.5,48.5,45.0,52.0,2,1,1,0,1,0,2
A-2024-05-119,2024-05-01,11:30,ATROPELLO,1,0,0,LIMA,LIMA,LOS OLIVOS,URBANA,CARRETERA,NACIONAL,PE-1N,-11.930494754097852,-77.07249372671109,DESPEJADO,COMERCIAL,INTERSECCIÓN,PLANA ,ASFALTADA,,,,,IMPRUDENCIA DEL PEATÓN,CRUCE INDEBIDO POR LA CALZADA,11.0,0,27.5,27.5,1.0,54.0,1,1,1,0,0,0,2
A-2024-05-21,2024-05-01,17:30,CHOQUE,1,2,2,LA LIBERTAD,SANCHEZ CARRION,HUAMACHUCO,RURAL,CARRETERA,NACIONAL,PE-3N,-7.8002935855,-77.9881664265,DESPEJADO,RURAL,TRAMO RECTO,PLANA ,ASFALTADA,,,,,EN PROCESO DE INVESTIGACIÓN,NO CUENTA CON CAUSA ESPECIFICA,17.0,0,23.8,25.0,3.0,56.0,3,2,1,2,2,0,5
A-2024-05-96,2024-05-01,17:30,DESPISTE,1,0,1,PASCO,DANIEL ALCIDES CARRION,YANAHUANCA,RURAL,CARRETERA,DEPARTAMENTAL,PA-102,-10.49865951,-76.52936263,DESPEJADO,RURAL,TRAMO RECTO,INCLINADA,ASFALTADA,,,,,IMPRUDENCIA DEL CONDUCTOR,EXCESO DE VELOCIDAD,17.0,0,40.0,40.0,40.0,40.0,1,1,1,0,0,0,1