CODIGO_SINIESTRO,FECHA_SINIESTRO,HORA_SINIESTRO,CLASE_SINIESTRO,CANTIDAD_FALLECIDOS,CANTIDAD_LESIONADOS,CANTIDAD_VEHICULOS,DEPARTAMENTO,PROVINCIA,DISTRITO,ZONA,TIPO_VIA,RED_VIAL,COD_CARRETERA,LATITUD,LONGITUD,CONDICION_CLIMATICA,ZONIFICACION,CARACTERISTICAS_VIA,PERFIL_VIA,SUPERFICIE_CALZADA,EXISTE_SENIAL_VERTICAL,CLASIFICACION_SENIAL_VERTICAL_1,CLASIFICACION_SENIAL_VERTICAL_2,EXISTE_SENIAL_HORIZONTAL,CAUSA_FACTOR_PRINCIPAL,CAUSA_ESPECIFICA,HORA,severidad,EDAD_PROMEDIO,EDAD_MEDIANA,EDAD_MIN,EDAD_MAX,TOTAL_MASCULINOS,TOTAL_CONDUCTORES,TOTAL_FALLECIDOS_AGG,TOTAL_LESIONADOS_AGG,TOTAL_LICENCIA,TOTAL_ALCOHOL_POSITIVO,TOTAL_PERSONAS
A-2024-05-26,2024-05-14,13:15,CHOQUE,1,2,2,LIMA,HUAURA,HUACHO,URBANA,CARRETERA,NACIONAL,PE-1N,-11.135838749474328,-77.59689150569524,DESPEJADO,RESIDENCIAL,TRAMO RECTO,PLANA ,ASFALTADA,,,,,IMPRUDENCIA DEL CONDUCTOR,GIRAR IMPRUDENTEMENTE,13.0,0,27.75,27.0,15.0,42.0,3,2,1,2,1,0,4
A-2024-05-37,2024-05-14,21:50,CHOQUE,1,1,2,LA LIBERTAD,VIRU,VIRU,RURAL,CARRETERA,PROVINCIAL,LI-1122,-8.455583,-78.852323,DESPEJADO,RURAL,TRAMO RECTO,PLANA ,AFIRMADO,,,,,EN PROCESO DE INVESTIGACIÓN,NO CUENTA CON CAUSA ESPECIFICA,21.0,0,44.0,43.0,31.0,58.0,3,2,1,1,1,0,3
A-2024-05-38,2024-05-15,15:45,DESPISTE,1,0,1,LA LIBERTAD,SANCHEZ CARRION,HUAMACHUCO,RURAL,CARRETERA,NACIONAL,PE-10B,-7.790679253911529,-77.97043736315956,DESPEJADO,RURAL,TRAMO RECTO,PLANA ,ASFALTADA,,,,,EN PROCESO DE INVESTIGACIÓN,NO CUENTA CON CAUSA ESPECIFICA,15.0,0,20.0,20.0,20.0,20.0,1,1,1,0,1,0,1
A-2024-05-91,2024-05-15,20:05,ATROPELLO FUGA,1,0,0,ICA,ICA,ICA,RURAL,CARRETERA,NACIONAL,PE-1SC,-14.087782,-75.718023,DESPEJADO,RURAL,TRAMO RECTO,PLANA ,ASFALTADA,,,,,EN PROCESO DE INVESTIGACIÓN,NO CUENTA CON CAUSA ESPECIFICA,20.0,0,26.0,26.0,26.0,26.0,1,0,1,0,0,0,2
A-2024-05-39,2024-05-16,05:40,ATROPELLO FUGA,1,0,0,LA LIBERTAD,TRUJILLO,MOCHE,RURAL,CARRETERA,NACIONAL,PE-1N,-8.1694610122,-79.0041184355,DESPEJADO,COMERCIAL,TRAMO RECTO,PLANA ,ASFALTADA,,,,,IMPRUDENCIA DEL CONDUCTOR,OTRO (IMPRUDENCIA DEL CONDUCTOR),5.0,0,71.0,71.0,71.0,71.0,1,0,1,0,0,0,2
A-2024-05-130,2024-05-16,09:30,ATROPELLO,1,0,0,LIMA,LIMA,SAN MARTIN DE PORRES,URBANA,AVENIDA,URBANO,NO CORRESPONDE,-12.031633449832857,-77.05743216953307,DESPEJADO,RESIDENCIAL,TRAMO RECTO,PLANA ,ASFALTADA,,,,,EN PROCESO DE INVESTIGACIÓN,NO CUENTA CON CAUSA ESPECIFICA,9.0,0,70.5,70.5,64.0,77.0,2,1,1,0,1,0,2
A-2024-05-67,2024-05-16,19:05,ATROPELLO FUGA,1,0,0,CALLAO,CALLAO,CALLAO,URBANA,CARRETERA,NACIONAL,PE-20,-12.02854,-77.12784,LLUVIOSO,INDUSTRIAL,TRAMO RECTO,PLANA ,ASFALTADA,NO,,,SI,EN PROCESO DE INVESTIGACIÓN,NO CUENTA CON CAUSA ESPECIFICA,19.0,0,35.0,35.0,35.0,35.0,1,0,1,0,0,0,2
A-2024-05-144,2024-05-16,21:30,DESPISTE,1,0,0,LIMA,LIMA,CHACLACAYO,,AVENIDA,URBANO,NO CORRESPONDE,-11.973816426203925,-76.76288582589841,,,,,,,,,,EN PROCESO DE INVESTIGACIÓN,NO CUENTA CON CAUSA ESPECIFICA,21.0,0,30.0,30.0,30.0,30.0,1,1,1,0,0,0,1
A-2024-05-99,2024-05-17,04:50,CHOQUE,1,0,2,UCAYALI,CORONEL PORTILLO,YARINACOCHA,RURAL,CARRETERA,NACIONAL,PE-18C,-8.409284564934223,-74.64891322909108,DESPEJADO,RURAL,TRAMO RECTO,PLANA ,ASFALTADA,,,,,IMPRUDENCIA DEL CONDUCTOR,GIRAR IMPRUDENTEMENTE,4.0,0,29.0,29.0,29.0,29.0,1,1,1,0,1,0,1
A-2024-05-17,2024-05-17,16:00,DESPISTE,1,3,1,SAN MARTIN,MOYOBAMBA,SORITOR,RURAL,CARRETERA,PROVINCIAL,SM-620,-6.29237290809229,-77.0997671755404,DESPEJADO,RURAL,CURVA,INCLINADA,TROCHA,,,,,EN PROCESO DE INVESTIGACIÓN,NO CUENTA CON CAUSA ESPECIFICA,16.0,0,18.0,13.0,4.0,36.0,3,1,1,3,1,0,5
A-2024-05-137,2024-05-18,00:10,ATROPELLO,1,1,0,LIMA,LIMA,SAN MARTIN DE PORRES,URBANA,AVENIDA,URBANO,NO CORRESPONDE,-12.012098239575083,-77.08736323430423,DESPEJADO,RESIDENCIAL,INTERSECCIÓN,PLANA ,ASFALTADA,SI,PREVENTIVA (P),,NO,IMPRUDENCIA DEL PEATÓN,ESTADO DE EBRIEDAD Y/O DROGADICCIÓN,0.0,0,36.333333333333336,25.0,22.0,62.0,1,1,1,1,1,0,3
A-2024-05-40,2024-05-18,05:30,DESPISTE,1,0,1,LA LIBERTAD,BOLIVAR,UCHUMARCA,RURAL,CARRETERA,DEPARTAMENTAL,LI-107,-7.079170571762353,-77.79556618362606,DESPEJADO,RURAL,TRAMO RECTO,PLANA ,TROCHA,,,,,EN PROCESO DE INVESTIGACIÓN,NO CUENTA CON CAUSA ESPECIFICA,5.0,0,24.0,24.0,24.0,24.0,1,1,1,0,0,0,1
A-2024-05-81,2024-05-18,12:35,ATROPELLO,1,1,1,CUSCO,ANTA,ANTA,RURAL,CARRETERA,NACIONAL,PE-3S,-13.479257457056944,-72.16122995243103,DESPEJADO,RURAL,TRAMO RECTO,PLANA ,ASFALTADA,,,,,IMPRUDENCIA DEL PEATÓN,ESTADO DE EBRIEDAD Y/O DROGADICCIÓN,12.0,0,41.0,41.0,26.0,56.0,2,1,1,1,1,0,2
A-2024-05-12,2024-05-18,13:21,CHOQUE,1,1,1,AREQUIPA,ISLAY,COCACHACRA,RURAL,CARRETERA,NACIONAL,PE-1S,-16.9838296287419,-71.7708158491995,NIEBLA,RURAL,CURVA,INCLINADA,ASFALTADA,SI,PREVENTIVA (P),INFORMATIVA (I),SI,EN PROCESO DE INVESTIGACIÓN,NO CUENTA CON CAUSA ESPECIFICA,13.0,0,49.5,49.5,37.0,62.0,2,2,1,1,2,0,2
A-2024-05-131,2024-05-18,14:45,ATROPELLO,2,0,0,LIMA,LIMA,ANCON,URBANA,CARRETERA,NACIONAL,PE-1N,-11.812872,-77.129667,DESPEJADO,RURAL,TRAMO RECTO,PLANA ,ASFALTADA,,,,,EN PROCESO DE INVESTIGACIÓN,NO CUENTA CON CAUSA ESPECIFICA,14.0,1,39.666666666666664,44.0,13.0,62.0,3,1,2,0,1,0,3
A-2024-05-68,2024-05-18,15:45,CHOQUE,1,1,1,CUSCO,LA CONVENCION,HUAYOPATA,RURAL,CARRETERA,NACIONAL,PE-28B,-13.00242,-72.571308,DESPEJADO,RURAL,CURVA,PLANA ,ASFALTADA,SI,PREVENTIVA (P),PREVENTIVA (P),SI,IMPRUDENCIA DEL CONDUCTOR,CONDUCIR EN ESTADO DE EBRIEDAD Y/O DROGADICCIÓN,15.0,0,29.333333333333332,32.0,22.0,34.0,3,2,1,1,1,0,3
A-2024-05-27,2024-05-19,05:45,DESPISTE,1,1,1,LIMA,HUAURA,HUACHO,RURAL,CARRETERA,NACIONAL,PE-1N,-11.314284154821213,-77.48276560587419,DESPEJADO,RURAL,TRAMO RECTO,PLANA ,ASFALTADA,,,,,IMPRUDENCIA DEL CONDUCTOR,FATIGA Y/O CANSANCIO,5.0,0,43.333333333333336,44.0,30.0,56.0,3,1,1,1,1,0,3
A-2024-05-116,2024-05-19,09:30,DESPISTE,1,0,1,CAJAMARCA,JAEN,JAEN,URBANA,CARRETERA,NACIONAL,PE-5N,-5.718479,-78.80186,DESPEJADO,COMERCIAL,TRAMO RECTO,INCLINADA,CONCRETO,,,,,IMPRUDENCIA DEL CONDUCTOR,CONDUCIR EN ESTADO DE EBRIEDAD Y/O DROGADICCIÓN,9.0,0,23.5,23.5,18.0,29.0,1,1,1,0,0,1,2
A-2024-05-145,2024-05-19,12:00,ATROPELLO,1,0,0,LIMA,LIMA,ATE,URBANA,OTRO,URBANO,NO CORRESPONDE,-12.038364250913126,-76.92035377085342,DESPEJADO,COMERCIAL,OTRO,PLANA ,CONCRETO,,,,,IMPRUDENCIA DEL CONDUCTOR,OTRO (IMPRUDENCIA DEL CONDUCTOR),12.0,0,21.0,21.0,2.0,40.0,2,1,1,0,1,0,2
A-2024-05-80,2024-05-19,14:40,ATROPELLO,1,0,2,CUSCO,CUSCO,SAN SEBASTIAN,RURAL,AVENIDA,URBANO,NO CORRESPONDE,-13.530289,-71.931615,DESPEJADO,RURAL,TRAMO RECTO,PLANA ,ASFALTADA,,,,,IMPRUDENCIA DEL PEATÓN,CRUCE INDEBIDO POR LA CALZADA,14.0,0,48.5,48.5,43.0,54.0,2,1,1,0,1,0,2
A-2024-05-18,2024-05-19,16:15,CHOQUE,1,0,0,PUNO,YUNGUYO,YUNGUYO,URBANA,AVENIDA,URBANO,NO CORRESPONDE,-16.2438482,-69.0894543,DESPEJADO,COMERCIAL,OTRO,PLANA ,ASFALTADA,,,,,IMPRUDENCIA DEL CONDUCTOR,CONDUCIR EN SENTIDO CONTRARIO,16.0,0,47.5,47.5,35.0,60.0,2,2,1,0,1,0,2
A-2024-05-118,2024-05-19,19:30,ATROPELLO,1,0,0,LIMA,LIMA,CHORRILLOS,URBANA,AVENIDA,URBANO,NO CORRESPONDE,-12.17087749870441,-76.99375483648389,DESPEJADO,ESCOLAR,TRAMO RECTO,PLANA ,ASFALTADA,SI,PREVENTIVA (P),,SI,EN PROCESO DE INVESTIGACIÓN,NO CUENTA CON CAUSA ESPECIFICA,19.0,0,37.0,37.0,25.0,49.0,2,1,1,0,1,0,2
A-2024-05-132,2024-05-19,20:45,ATROPELLO,1,0,0,LIMA,LIMA,LURIN,RURAL,CARRETERA,NACIONAL,PE-1S,-12.274956,-76.891577,DESPEJADO,RURAL,TRAMO RECTO,PLANA ,ASFALTADA,,,,,EN PROCESO DE INVESTIGACIÓN,NO CUENTA CON CAUSA ESPECIFICA,20.0,0,46.0,46.0,32.0,60.0,3,2,1,0,2,0,3
A-2024-05-19,2024-05-19,21:20,DESPISTE,1,0,0,PUNO,YUNGUYO,YUNGUYO,RURAL,CARRETERA,DEPARTAMENTAL,PU-130,-16.2548724,-69.1277968,,,,,,,,,,IMPRUDENCIA DEL CONDUCTOR,EXCESO DE VELOCIDAD,21.0,0,17.0,17.0,17.0,17.0,1,1,1,0,0,0,1
A-2024-05-45,2024-05-19,23:40,CHOQUE,1,3,2,SAN MARTIN,MOYOBAMBA,MOYOBAMBA,URBANA,JIRÓN,URBANO,NO CORRESPONDE,-6.044131,-76.972011,DESPEJADO,COMERCIAL,INTERSECCIÓN,PLANA ,ASFALTADA,,,,,IMPRUDENCIA DEL CONDUCTOR,OTRO (IMPRUDENCIA DEL CONDUCTOR),23.0,0,20.25,20.5,15.0,25.0,4,2,1,3,0,0,4
A-2024-05-146,2024-05-20,07:20,CHOQUE,1,0,0,LIMA,LIMA,SAN JUAN DE MIRAFLORES,URBANA,CARRETERA,NACIONAL,PE-1S,-12.162007216136672,-76.98171171350097,DESPEJADO,RESIDENCIAL,TRAMO RECTO,PLANA ,ASFALTADA,,,,,EN PROCESO DE INVESTIGACIÓN,NO CUENTA CON CAUSA ESPECIFICA,7.0,0,32.5,32.5,29.0,36.0,2,2,1,0,1,0,2
A-2024-05-97,2024-05-20,08:40,CHOQUE,12,1,2,PASCO,PASCO,SAN FRANCISCO DE ASIS DE YARUSYACAN,RURAL,CARRETERA,NACIONAL,PE-3N,-10.52156864,-76.18033791,DESPEJADO,RURAL,TRAMO RECTO,PLANA ,ASFALTADA,,,,,IMPRUDENCIA DEL CONDUCTOR,EXCESO DE VELOCIDAD,8.0,2,34.46153846153846,31.0,11.0,71.0,7,2,12,1,0,0,13
A-2024-05-41,2024-05-20,11:00,ATROPELLO,1,0,1,LA LIBERTAD,TRUJILLO,TRUJILLO,URBANA,AVENIDA,URBANO,NO CORRESPONDE,-8.093469954,-79.0268661407,DESPEJADO,COMERCIAL,TRAMO RECTO,PLANA ,ASFALTADA,,,,,EN PROCESO DE INVESTIGACIÓN,NO CUENTA CON CAUSA ESPECIFICA,11.0,0,57.5,57.5,44.0,71.0,2,1,1,0,1,0,2
A-2024-05-112,2024-05-20,14:00,CHOQUE,1,0,2,CAJAMARCA,CAJAMARCA,CAJAMARCA,URBANA,AVENIDA,URBANO,NO CORRESPONDE,-7.16913,-78.503771,DESPEJADO,COMERCIAL,TRAMO RECTO,PLANA ,CONCRETO,,,,,IMPRUDENCIA DEL CONDUCTOR,EXCESO DE VELOCIDAD,14.0,0,39.0,39.0,26.0,52.0,1,2,1,0,1,0,2
A-2024-05-42,2024-05-21,03:00,DESPISTE,1,0,1,LA LIBERTAD,TRUJILLO,HUANCHACO,URBANA,AVENIDA,URBANO,NO CORRESPONDE,-8.0407378749289,-79.05935194068593,DESPEJADO,COMERCIAL,TRAMO RECTO,PLANA ,ASFALTADA,,,,,IMPRUDENCIA DEL CONDUCTOR,CONDUCIR EN SENTIDO CONTRARIO,3.0,0,20.0,20.0,20.0,20.0,1,1,1,0,0,0,2
A-2024-05-147,2024-05-21,18:30,CHOQUE,1,0,0,LIMA,LIMA,SAN MARTIN DE PORRES,URBANA,CARRETERA,NACIONAL,PE-1N,-12.035766105422756,-77.04477332871173,DESPEJADO,COMERCIAL,CURVA,INCLINADA,ASFALTADA,SI,PREVENTIVA (P),,NO,IMPRUDENCIA DEL CONDUCTOR,OTRO (IMPRUDENCIA DEL CONDUCTOR),18.0,0,27.5,27.5,22.0,33.0,2,2,1,0,1,0,2
A-2024-05-92,2024-05-22,13:00,DESPISTE,1,0,0,ICA,PISCO,PARACAS,RURAL,PLAYA,URBANO,NO CORRESPONDE,-14.052459012854449,-76.26107628030537,DESPEJADO,RURAL,OTRO,PLANA ,TROCHA,,,,,EN PROCESO DE INVESTIGACIÓN,NO CUENTA CON CAUSA ESPECIFICA,13.0,0,64.0,64.0,64.0,64.0,1,1,1,0,1,0,1
A-2024-05-82,2024-05-22,14:30,ATROPELLO,1,0,1,CUSCO,URUBAMBA,URUBAMBA,URBANA,CALLE,URBANO,NO CORRESPONDE,-13.303568,-72.131051,DESPEJADO,RESIDENCIAL,TRAMO RECTO,PLANA ,CONCRETO,,,,,IMPRUDENCIA DEL PEATÓN,CRUCE INDEBIDO POR LA CALZADA,14.0,0,25.5,25.5,5.0,46.0,2,1,1,0,1,0,2
A-2024-05-133,2024-05-22,17:00,ATROPELLO,1,0,0,LIMA,LIMA,INDEPENDENCIA,URBANA,AVENIDA,URBANO,NO CORRESPONDE,-11.977677209983089,-77.05009893242188,DESPEJADO,RESIDENCIAL,INTERSECCIÓN,PLANA ,ASFALTADA,,,,,EN PROCESO DE INVESTIGACIÓN,NO CUENTA CON CAUSA ESPECIFICA,17.0,0,46.0,46.0,46.0,46.0,1,1,1,0,0,0,2
A-2024-05-20,2024-05-22,20:21,CHOQUE,1,1,2,PUNO,EL COLLAO,ILAVE,URBANA,CARRETERA,NACIONAL,PE-3S,-16.091724,-69.632402,DESPEJADO,RURAL,TRAMO RECTO,PLANA ,ASFALTADA,,,,,IMPRUDENCIA DEL CONDUCTOR,OTRO (IMPRUDENCIA DEL CONDUCTOR),20.0,0,38.0,38.0,33.0,43.0,2,2,1,1,0,0,2
A-2024-05-59,2024-05-22,21:30,DESPISTE,1,4,1,AYACUCHO,CANGALLO,MARIA PARADO DE BELLIDO,RURAL,CARRETERA,NACIONAL,PE-30D,-13.623384,-74.269101,DESPEJADO,RURAL,CURVA,INCLINADA,AFIRMADO,,,,,IMPRUDENCIA DEL CONDUCTOR,CONDUCIR EN ESTADO DE EBRIEDAD Y/O DROGADICCIÓN,21.0,0,25.2,29.0,6.0,32.0,5,1,1,4,1,1,5
A-2024-05-93,2024-05-23,11:20,ATROPELLO,1,0,0,ICA,PISCO,SAN CLEMENTE,RURAL,CARRETERA,NACIONAL,PE-1SE,-13.612964,-76.1687,DESPEJADO,RURAL,TRAMO RECTO,PLANA ,ASFALTADA,,,,,IMPRUDENCIA DEL PEATÓN,CRUCE INDEBIDO POR LA CALZADA,11.0,0,35.5,35.5,21.0,50.0,2,1,1,0,1,0,2
A-2024-05-148,2024-05-24,07:30,CHOQUE FUGA,1,0,0,LIMA,LIMA,LOS OLIVOS,URBANA,CARRETERA,NACIONAL,PE-1N,-11.95930856964801,-77.06880100974995,DESPEJADO,RESIDENCIAL,TRAMO RECTO,PLANA ,ASFALTADA,SI,REGULADORA (R),,NO,EN PROCESO DE INVESTIGACIÓN,NO CUENTA CON CAUSA ESPECIFICA,7.0,0,20.0,20.0,20.0,20.0,1,1,1,0,1,0,2
A-2024-05-43,2024-05-24,09:30,DESPISTE,1,0,1,LA LIBERTAD,PATAZ,TAYABAMBA,RURAL,CARRETERA,NACIONAL,PE-10C,-8.331425175,-77.2509131115,DESPEJADO,RURAL,TRAMO RECTO,PLANA ,TROCHA,,,,,EN PROCESO DE INVESTIGACIÓN,NO CUENTA CON CAUSA ESPECIFICA,9.0,0,30.0,30.0,30.0,30.0,1,1,1,0,0,0,1
A-2024-05-54,2024-05-24,11:00,CHOQUE,2,0,0,AREQUIPA,ISLAY,DEAN VALDIVIA,RURAL,CARRETERA,NACIONAL,PE-1SD,-17.133403,-71.856379,SOLEADO,RURAL,TRAMO RECTO,PLANA ,ASFALTADA,NO,,,SI,EN PROCESO DE INVESTIGACIÓN,NO CUENTA CON CAUSA ESPECIFICA,11.0,1,42.0,41.5,25.0,61.0,5,5,2,0,5,1,6
A-2024-05-134,2024-05-24,20:30,ATROPELLO FUGA,1,0,0,LIMA,LIMA,LOS OLIVOS,URBANA,AVENIDA,URBANO,NO CORRESPONDE,-11.953146506266997,-77.06964522085592,DESPEJADO,COMERCIAL,INTERSECCIÓN,PLANA ,ASFALTADA,,,,,EN PROCESO DE INVESTIGACIÓN,NO CUENTA CON CAUSA ESPECIFICA,20.0,0,66.0,66.0,66.0,66.0,1,0,1,0,0,0,2
A-2024-05-50,2024-05-25,06:17,DESPISTE,1,0,1,TUMBES,CONTRALMIRANTE VILLAR,CANOAS DE PUNTA SAL,RURAL,CARRETERA,NACIONAL,PE-1N,-3.976005929454473,-80.95257632364411,DESPEJADO,RURAL,TRAMO RECTO,PLANA ,ASFALTADA,,,,,IMPRUDENCIA DEL CONDUCTOR,OTRO (IMPRUDENCIA DEL CONDUCTOR),6.0,0,65.0,65.0,65.0,65.0,1,1,1,0,0,0,1
A-2024-05-55,2024-05-25,23:00,CHOQUE,1,2,2,AREQUIPA,AREQUIPA,PAUCARPATA,URBANA,CARRETERA,NACIONAL,PE-34C,-16.424584,-71.505872,DESPEJADO,RESIDENCIAL,INTERSECCIÓN,PLANA ,ASFALTADA,,,,,EN PROCESO DE INVESTIGACIÓN,NO CUENTA CON CAUSA ESPECIFICA,23.0,0,46.75,40.0,26.0,81.0,4,2,1,2,2,0,4
A-2024-05-70,2024-05-26,04:30,DESPISTE,3,4,1,CUSCO,ANTA,ANTA,RURAL,CARRETERA,NACIONAL,PE-3SF,-13.542062,-72.194637,DESPEJADO,RURAL,CURVA,PLANA ,ASFALTADA,,,,,NEGLIGENCIA DEL CONDUCTOR,ABANDONO DE OBJETOS EN LA VÍA,4.0,2,39.857142857142854,42.0,31.0,51.0,7,1,3,4,1,0,7
A-2024-05-149,2024-05-26,07:30,CHOQUE,1,1,0,LIMA,LIMA,LURIGANCHO,URBANA,CARRETERA,NACIONAL,PE-22,-12.021266114678584,-76.93017588085614,DESPEJADO,INDUSTRIAL,CURVA,PLANA ,ASFALTADA,,,,,EN PROCESO DE INVESTIGACIÓN,NO CUENTA CON CAUSA ESPECIFICA,7.0,0,31.5,31.5,28.0,35.0,2,2,1,1,1,0,3
A-2024-05-28,2024-05-26,07:30,ATROPELLO,1,0,1,LIMA,HUAURA,HUACHO,URBANA,CARRETERA,PROVINCIAL,LM-657,-11.123795802276002,-77.6104688217317,DESPEJADO,RESIDENCIAL,TRAMO RECTO,PLANA ,ASFALTADA,,,,,IMPRUDENCIA DEL CONDUCTOR,OTRO (IMPRUDENCIA DEL CONDUCTOR),7.0,0,50.5,50.5,21.0,80.0,1,1,1,0,0,0,2
A-2024-05-63,2024-05-26,10:31,DESPISTE,1,0,1,CUSCO,PAUCARTAMBO,PAUCARTAMBO,RURAL,CARRETERA,DEPARTAMENTAL,CU-116,-13.44427,-71.474343,DESPEJADO,RURAL,CURVA,PLANA ,TROCHA,,,,,IMPRUDENCIA DEL CONDUCTOR,FATIGA Y/O CANSANCIO,10.0,0,40.0,40.0,40.0,40.0,1,1,1,0,0,0,1
A-2024-05-73,2024-05-26,17:41,CHOQUE,1,0,1,CUSCO,ANTA,ANTA,RURAL,CARRETERA,DEPARTAMENTAL,CU-111,-13.450167,-72.145675,DESPEJADO,RURAL,CURVA,PLANA ,ASFALTADA,SI,REGULADORA (R),REGULADORA (R),SI,IMPRUDENCIA DEL CONDUCTOR,EXCESO DE VELOCIDAD,17.0,0,51.0,51.0,50.0,52.0,2,2,1,0,2,0,2
A-2024-05-77,2024-05-26,19:00,CHOQUE,1,6,2,CUSCO,QUISPICANCHI,URCOS,RURAL,CARRETERA,NACIONAL,PE-30C,-13.660308,-71.591075,DESPEJADO,RURAL,TRAMO RECTO,PLANA ,ASFALTADA,SI,PREVENTIVA (P),PREVENTIVA (P),SI,IMPERICIA DEL CONDUCTOR,,19.0,0,31.125,34.0,5.0,51.0,4,2,1,6,1,0,8
A-2024-05-98,2024-05-26,20:00,CHOQUE,1,1,2,AMAZONAS,CHACHAPOYAS,CHACHAPOYAS,URBANA,CARRETERA,DEPARTAMENTAL,AM-110,-6.244095,-77.85522,LLUVIOSO,RURAL,TRAMO RECTO,PLANA ,AFIRMADO,,,,,EN PROCESO DE INVESTIGACIÓN,NO CUENTA CON CAUSA ESPECIFICA,20.0,0,33.666666666666664,35.0,24.0,42.0,3,2,1,1,1,0,3
A-2024-05-87,2024-05-26,23:00,DESPISTE,1,0,1,CUSCO,PAUCARTAMBO,PAUCARTAMBO,RURAL,CARRETERA,DEPARTAMENTAL,CU-113,-13.298784,-71.596764,DESPEJADO,RURAL,TRAMO RECTO,PLANA ,AFIRMADO,,,,,IMPRUDENCIA DEL CONDUCTOR,FATIGA Y/O CANSANCIO,23.0,0,54.0,54.0,54.0,54.0,1,1,1,0,1,0,1
A-2024-05-101,2024-05-27,01:40,ATROPELLO FUGA,1,0,0,UCAYALI,CORONEL PORTILLO,CALLERIA,URBANA,CARRETERA,NACIONAL,PE-18C,-8.399332104483923,-74.60846295231482,DESPEJADO,INDUSTRIAL,TRAMO RECTO,PLANA ,ASFALTADA,,,,,EN PROCESO DE INVESTIGACIÓN,NO CUENTA CON CAUSA ESPECIFICA,1.0,0,25.0,25.0,25.0,25.0,1,0,1,0,0,0,2
A-2024-05-51,2024-05-27,10:00,CHOQUE,1,0,1,SAN MARTIN,RIOJA,NUEVA CAJAMARCA,URBANA,JIRÓN,URBANO,NO CORRESPONDE,-5.947354,-77.302978,DESPEJADO,COMERCIAL,INTERSECCIÓN,PLANA ,AFIRMADO,,,,,IMPRUDENCIA DEL CONDUCTOR,OTRO (IMPRUDENCIA DEL CONDUCTOR),10.0,0,46.0,46.0,42.0,50.0,2,2,1,0,1,0,2
A-2024-05-95,2024-05-27,16:40,DESPISTE,1,2,0,ICA,PALPA,LLIPATA,RURAL,CARRETERA,NACIONAL,PE-1S,-14.551381,-75.1938561,DESPEJADO,RURAL,TRAMO RECTO,PLANA ,ASFALTADA,,,,,EN PROCESO DE INVESTIGACIÓN,NO CUENTA CON CAUSA ESPECIFICA,16.0,0,28.666666666666668,24.0,4.0,58.0,1,1,1,2,0,0,3
A-2024-05-56,2024-05-27,20:30,ATROPELLO FUGA,1,0,0,AREQUIPA,AREQUIPA,YURA,RURAL,CARRETERA,NACIONAL,PE-34A,-16.0721902064238,-71.5931876876696,DESPEJADO,RURAL,TRAMO RECTO,PLANA ,ASFALTADA,NO,,,SI,EN PROCESO DE INVESTIGACIÓN,NO CUENTA CON CAUSA ESPECIFICA,20.0,0,,,,,1,1,1,0,0,0,2
A-2024-05-94,2024-05-28,11:30,ATROPELLO,1,0,0,ICA,ICA,SUBTANJALLA,URBANA,CARRETERA,PROVINCIAL,IC-636,-14.029773,-75.754567,DESPEJADO,RESIDENCIAL,TRAMO RECTO,PLANA ,ASFALTADA,,,,,EN PROCESO DE INVESTIGACIÓN,NO CUENTA CON CAUSA ESPECIFICA,11.0,0,19.5,19.5,18.0,21.0,2,1,1,0,0,0,2
A-2024-05-135,2024-05-28,14:30,ATROPELLO,1,0,0,LIMA,LIMA,ATE,URBANA,CARRETERA,NACIONAL,PE-1S,-12.06171738079492,-76.97183037251226,DESPEJADO,INDUSTRIAL,TRAMO RECTO,PLANA ,ASFALTADA,,,,,EN PROCESO DE INVESTIGACIÓN,NO CUENTA CON CAUSA ESPECIFICA,14.0,0,38.0,38.0,38.0,38.0,2,1,1,0,0,0,2
A-2024-05-136,2024-05-29,05:30,ATROPELLO FUGA,1,0,0,LIMA,LIMA,LOS OLIVOS,URBANA,AVENIDA,URBANO,NO CORRESPONDE,-11.975816198074757,-77.08559173403523,DESPEJADO,COMERCIAL,TRAMO RECTO,PLANA ,ASFALTADA,,,,,EN PROCESO DE INVESTIGACIÓN,NO CUENTA CON CAUSA ESPECIFICA,5.0,0,70.0,70.0,70.0,70.0,0,0,1,0,0,0,2
A-2024-05-46,2024-05-29,10:30,DESPISTE,1,4,0,PUNO,CHUCUITO,JULI,URBANA,AVENIDA,URBANO,NO CORRESPONDE,-16.212925,-69.454835,,,,,,,,,,EN PROCESO DE INVESTIGACIÓN,NO CUENTA CON CAUSA ESPECIFICA,10.0,0,73.0,73.0,73.0,73.0,1,1,1,4,0,0,5
A-2024-05-113,2024-05-29,15:05,DESPISTE,1,0,1,CAJAMARCA,CHOTA,LLAMA,RURAL,CARRETERA,NACIONAL,PE-06A,-6.558534,-79.226609,DESPEJADO,RURAL,TRAMO RECTO,INCLINADA,ASFALTADA,SI,PREVENTIVA (P),,SI,IMPRUDENCIA DEL CONDUCTOR,EXCESO DE VELOCIDAD,15.0,0,37.0,37.0,37.0,37.0,1,1,1,0,0,0,1