CODIGO_SINIESTRO,FECHA_SINIESTRO,HORA_SINIESTRO,CLASE_SINIESTRO,CANTIDAD_FALLECIDOS,CANTIDAD_LESIONADOS,CANTIDAD_VEHICULOS,DEPARTAMENTO,PROVINCIA,DISTRITO,ZONA,TIPO_VIA,RED_VIAL,COD_CARRETERA,LATITUD,LONGITUD,CONDICION_CLIMATICA,ZONIFICACION,CARACTERISTICAS_VIA,PERFIL_VIA,SUPERFICIE_CALZADA,EXISTE_SENIAL_VERTICAL,CLASIFICACION_SENIAL_VERTICAL_1,CLASIFICACION_SENIAL_VERTICAL_2,EXISTE_SENIAL_HORIZONTAL,CAUSA_FACTOR_PRINCIPAL,CAUSA_ESPECIFICA,HORA,severidad,EDAD_PROMEDIO,EDAD_MEDIANA,EDAD_MIN,EDAD_MAX,TOTAL_MASCULINOS,TOTAL_CONDUCTORES,TOTAL_FALLECIDOS_AGG,TOTAL_LESIONADOS_AGG,TOTAL_LICENCIA,TOTAL_ALCOHOL_POSITIVO,TOTAL_PERSONAS
A-2024-05-61,2024-05-29,19:30,CHOQUE,1,0,2,CUSCO,QUISPICANCHI,OCONGATE,URBANA,CARRETERA,NACIONAL,PE-30C,-13.627811673831856,-71.38850439742114,DESPEJADO,RURAL,TRAMO RECTO,PLANA ,ASFALTADA,SI,REGULADORA (R),PREVENTIVA (P),NO,IMPRUDENCIA DEL PEATÓN,EXCESO DE VELOCIDAD,19.0,0,30.0,29.0,21.0,40.0,3,2,1,0,1,0,3
A-2024-05-47,2024-05-29,20:30,DESPISTE,1,0,1,PUNO,EL COLLAO,ILAVE,RURAL,CARRETERA,NACIONAL,PE-3S,-16.14884789071628,-69.56266699225276,DESPEJADO,RURAL,TRAMO RECTO,PLANA ,ASFALTADA,,,,,IMPRUDENCIA DEL CONDUCTOR,ADELANTAR INDEBIDAMENTE,20.0,0,45.5,45.5,42.0,49.0,1,1,1,0,1,0,2
A-2024-05-49,2024-05-30,06:00,ATROPELLO FUGA,1,0,0,PUNO,CHUCUITO,POMATA,RURAL,CARRETERA,NACIONAL,PE-3S,-16.274627666398704,-69.29014380638111,DESPEJADO,RURAL,TRAMO RECTO,PLANA ,ASFALTADA,,,,,IMPRUDENCIA DEL PEATÓN,CRUCE INDEBIDO POR LA CALZADA,6.0,0,39.0,39.0,39.0,39.0,1,0,1,0,0,0,2
A-2024-05-44,2024-05-30,09:45,ATROPELLO,1,0,0,LA LIBERTAD,TRUJILLO,VICTOR LARCO HERRERA,URBANA,CARRETERA,NACIONAL,PE-1N,-8.140600574,-79.0524999253,DESPEJADO,INDUSTRIAL,INTERSECCIÓN,PLANA ,ASFALTADA,,,,,IMPRUDENCIA DEL PEATÓN,CRUCE INDEBIDO POR LA CALZADA,9.0,0,75.0,75.0,62.0,88.0,2,1,1,0,1,0,2
A-2024-05-52,2024-05-30,15:15,CHOQUE,1,0,2,PUNO,PUNO,CHUCUITO,RURAL,CARRETERA,NACIONAL,PE-3S,-15.898477993412756,-69.88927924278664,DESPEJADO,RURAL,TRAMO RECTO,PLANA ,ASFALTADA,,,,,IMPRUDENCIA DEL CONDUCTOR,INVASIÓN DE CARRIL,15.0,0,36.0,36.0,34.0,38.0,2,2,1,0,1,0,2
A-2024-05-114,2024-05-30,17:30,DESPISTE,1,0,1,CAJAMARCA,JAEN,SAN FELIPE,URBANA,CALLE,URBANO,NO CORRESPONDE,-5.770172843,-79.31305658,DESPEJADO,COMERCIAL,TRAMO RECTO,PLANA ,CONCRETO,,,,,IMPRUDENCIA DEL CONDUCTOR,OTRO (IMPRUDENCIA DEL CONDUCTOR),17.0,0,12.0,12.0,12.0,12.0,1,1,1,0,0,0,1
A-2024-05-115,2024-05-31,16:00,DESPISTE,1,2,1,CAJAMARCA,JAEN,PUCARA,RURAL,CARRETERA,SIN CLASIFICAR,SIN CLASIFICAR,-6.028413,-79.100487,DESPEJADO,RURAL,CURVA,INCLINADA,AFIRMADO,,,,,IMPRUDENCIA DEL CONDUCTOR,EXCESO DE VELOCIDAD,16.0,0,31.0,25.0,24.0,44.0,1,1,1,2,1,0,3
A-2024-05-126,2024-05-31,22:00,DESPISTE,1,0,0,LIMA,LIMA,VILLA MARIA DEL TRIUNFO,URBANA,AVENIDA,URBANO,NO CORRESPONDE,-12.134083605369293,-76.95033769074475,DESPEJADO,RESIDENCIAL,INTERSECCIÓN,INCLINADA,TROCHA,,,,,EN PROCESO DE INVESTIGACIÓN,NO CUENTA CON CAUSA ESPECIFICA,22.0,0,68.0,68.0,68.0,68.0,1,1,1,0,1,0,1
A-2024-06-15,2024-06-01,17:00,CHOQUE,1,0,1,LA LIBERTAD,CHEPEN,CHEPEN,RURAL,CARRETERA,NACIONAL,PE-08,-7.273730020529267,-79.28734084682289,DESPEJADO,RURAL,TRAMO RECTO,PLANA ,ASFALTADA,,,,,EN PROCESO DE INVESTIGACIÓN,NO CUENTA CON CAUSA ESPECIFICA,17.0,0,41.0,41.0,30.0,52.0,1,2,1,0,1,0,2
A-2024-06-16,2024-06-01,19:30,CHOQUE,1,0,2,LA LIBERTAD,PACASMAYO,SAN JOSE,RURAL,CARRETERA,PROVINCIAL,LI-581,-7.341020661291783,-79.49572045823975,DESPEJADO,RURAL,TRAMO RECTO,PLANA ,ASFALTADA,,,,,EN PROCESO DE INVESTIGACIÓN,NO CUENTA CON CAUSA ESPECIFICA,19.0,0,24.0,21.0,20.0,31.0,2,2,1,0,1,0,3
A-2024-06-90,2024-06-02,02:20,ATROPELLO FUGA,1,0,0,LIMA,LIMA,LOS OLIVOS,URBANA,CARRETERA,NACIONAL,PE-1N,-11.930176,-77.072415,DESPEJADO,COMERCIAL,INTERSECCIÓN,PLANA ,ASFALTADA,SI,REGULADORA (R),,NO,EN PROCESO DE INVESTIGACIÓN,NO CUENTA CON CAUSA ESPECIFICA,2.0,0,35.0,35.0,35.0,35.0,1,0,1,0,0,0,2
A-2024-06-17,2024-06-02,09:20,CHOQUE,1,2,2,LA LIBERTAD,OTUZCO,SALPO,RURAL,CARRETERA,NACIONAL,PE-10A,-8.011856275320335,-78.69948108366218,DESPEJADO,RURAL,TRAMO RECTO,PLANA ,ASFALTADA,,,,,EN PROCESO DE INVESTIGACIÓN,NO CUENTA CON CAUSA ESPECIFICA,9.0,0,38.0,39.5,23.0,50.0,2,2,1,2,2,0,4
A-2024-06-21,2024-06-02,16:20,CHOQUE FUGA,1,0,1,LA LIBERTAD,PACASMAYO,GUADALUPE,RURAL,CARRETERA,NACIONAL,PE-08,-7.303910820153995,-79.47253181141778,DESPEJADO,RURAL,TRAMO RECTO,PLANA ,ASFALTADA,,,,,EN PROCESO DE INVESTIGACIÓN,NO CUENTA CON CAUSA ESPECIFICA,16.0,0,30.0,30.0,30.0,30.0,1,1,1,0,0,0,2
A-2024-06-91,2024-06-02,23:00,DESPISTE,2,0,0,LIMA,LIMA,ATE,URBANA,CARRETERA,NACIONAL,PE-22,-12.010602,-76.872794,DESPEJADO,COMERCIAL,TRAMO RECTO,PLANA ,ASFALTADA,,,,,IMPRUDENCIA DEL CONDUCTOR,CONDUCIR EN ESTADO DE EBRIEDAD Y/O DROGADICCIÓN,23.0,1,24.5,24.5,21.0,28.0,2,1,2,0,1,0,2
A-2024-06-18,2024-06-02,23:05,ATROPELLO FUGA,1,0,0,LA LIBERTAD,TRUJILLO,HUANCHACO,RURAL,CARRETERA,NACIONAL,PE-1N,-8.0273870967,-79.0778542345,DESPEJADO,RURAL,TRAMO RECTO,PLANA ,ASFALTADA,,,,,IMPRUDENCIA DEL PEATÓN,ESTADO DE EBRIEDAD Y/O DROGADICCIÓN,23.0,0,40.0,40.0,40.0,40.0,1,0,1,0,0,0,2
A-2024-06-116,2024-06-03,05:50,DESPISTE,1,0,1,CAJAMARCA,CHOTA,CHOTA,URBANA,CARRETERA,NACIONAL,PE-3N,-6.550359,-78.674762,DESPEJADO,COMERCIAL,CURVA,INCLINADA,ASFALTADA,,,,,IMPRUDENCIA DEL CONDUCTOR,CONDUCIR EN ESTADO DE EBRIEDAD Y/O DROGADICCIÓN,5.0,0,26.0,26.0,26.0,26.0,1,1,1,0,0,1,1
A-2024-06-114,2024-06-03,14:30,DESPISTE,1,0,1,CAJAMARCA,CAJABAMBA,CAJABAMBA,RURAL,CARRETERA,NACIONAL,PE-3N,-7.612798,-78.083209,DESPEJADO,RURAL,CURVA,INCLINADA,ASFALTADA,SI,PREVENTIVA (P),,SI,NEGLIGENCIA DEL CONDUCTOR,CONDUCIR CON FALLAS DE FRENOS,14.0,0,32.0,32.0,32.0,32.0,1,1,1,0,0,0,1
A-2024-06-19,2024-06-03,16:14,ATROPELLO FUGA,1,0,0,LA LIBERTAD,CHEPEN,PACANGA,URBANA,AVENIDA,URBANO,NO CORRESPONDE,-7.1591543205491766,-79.44412667921272,DESPEJADO,ESCOLAR,TRAMO RECTO,PLANA ,ASFALTADA,,,,,IMPRUDENCIA DEL CONDUCTOR,OTRO (IMPRUDENCIA DEL CONDUCTOR),16.0,0,6.0,6.0,6.0,6.0,1,0,1,0,0,0,2
A-2024-06-20,2024-06-04,05:30,CHOQUE,1,0,3,LA LIBERTAD,TRUJILLO,TRUJILLO,RURAL,CARRETERA,NACIONAL,PE-10A,-8.126917155202126,-79.0104671173307,DESPEJADO,RURAL,TRAMO RECTO,PLANA ,ASFALTADA,,,,,IMPRUDENCIA DEL CONDUCTOR,OTRO (IMPRUDENCIA DEL CONDUCTOR),5.0,0,40.0,40.0,33.0,47.0,3,3,1,0,2,0,3
A-2024-06-39,2024-06-04,05:30,DESPISTE,1,3,2,AREQUIPA,AREQUIPA,SAN JUAN DE TARUCANI,RURAL,CARRETERA,NACIONAL,PE-34A,-16.05142,-71.338553,DESPEJADO,RURAL,CURVA,INCLINADA,ASFALTADA,NO,,,SI,EN PROCESO DE INVESTIGACIÓN,NO CUENTA CON CAUSA ESPECIFICA,5.0,0,44.25,44.5,32.0,56.0,3,2,1,3,2,0,4
A-2024-06-92,2024-06-04,11:00,ATROPELLO,1,0,0,LIMA,LIMA,ATE,URBANA,CARRETERA,NACIONAL,PE-22,-12.00452748167926,-76.84440435887166,DESPEJADO,COMERCIAL,INTERSECCIÓN,PLANA ,ASFALTADA,,,,,IMPRUDENCIA DEL PEATÓN,CRUCE INDEBIDO POR LA CALZADA,11.0,0,39.0,39.0,30.0,48.0,1,1,1,0,1,0,2
A-2024-06-40,2024-06-04,13:31,CAÍDA DE PASAJERO,1,0,0,AREQUIPA,AREQUIPA,VITOR,URBANA,CARRETERA,SIN CLASIFICAR,SIN CLASIFICAR,-16.565759,-71.919435,DESPEJADO,RESIDENCIAL,INTERSECCIÓN,PLANA ,TROCHA,,,,,EN PROCESO DE INVESTIGACIÓN,NO CUENTA CON CAUSA ESPECIFICA,13.0,0,58.0,58.0,48.0,68.0,2,1,1,0,0,0,2
A-2024-06-66,2024-06-04,15:15,CHOQUE,1,0,2,CUSCO,CHUMBIVILCAS,SANTO TOMAS,URBANA,AVENIDA,URBANO,NO CORRESPONDE,-14.454586,-72.08171,DESPEJADO,RESIDENCIAL,TRAMO RECTO,PLANA ,ASFALTADA,,,,,IMPRUDENCIA DEL CONDUCTOR,ADELANTAR INDEBIDAMENTE,15.0,0,35.333333333333336,31.0,29.0,46.0,3,2,1,0,0,0,3
A-2024-06-117,2024-06-05,05:00,DESPISTE,1,1,1,CAJAMARCA,CHOTA,CHALAMARCA,RURAL,CARRETERA,PROVINCIAL,CA-925,-6.499561351,-78.53605946,DESPEJADO,RURAL,CURVA,INCLINADA,CASCAJO/RIPIO,,,,,IMPRUDENCIA DEL CONDUCTOR,EXCESO DE VELOCIDAD,5.0,0,36.5,36.5,21.0,52.0,2,1,1,1,1,0,2
A-2024-06-93,2024-06-05,11:30,ATROPELLO,1,0,0,LIMA,LIMA,SAN BORJA,URBANA,CARRETERA,NACIONAL,PE-1S,-12.103942,-76.979231,DESPEJADO,COMERCIAL,TRAMO RECTO,PLANA ,ASFALTADA,,,,,EN PROCESO DE INVESTIGACIÓN,NO CUENTA CON CAUSA ESPECIFICA,11.0,0,51.0,51.0,51.0,51.0,2,1,1,0,1,0,2
A-2024-06-115,2024-06-05,18:30,ATROPELLO,1,2,2,CAJAMARCA,CAJABAMBA,CONDEBAMBA,URBANA,CALLE,URBANO,NO CORRESPONDE,-7.509688078,-78.14329111,DESPEJADO,COMERCIAL,TRAMO RECTO,PLANA ,AFIRMADO,,,,,IMPRUDENCIA DEL CONDUCTOR,OTRO (IMPRUDENCIA DEL CONDUCTOR),18.0,0,47.75,45.5,31.0,69.0,2,1,1,2,1,0,5
A-2024-06-57,2024-06-05,20:00,DESPISTE,2,0,1,LIMA,HUAURA,SAYAN,RURAL,CARRETERA,NACIONAL,PE-1NE,-11.12141,-77.31701,DESPEJADO,RURAL,TRAMO RECTO,PLANA ,ASFALTADA,SI,INFORMATIVA (I),REGULADORA (R),NO,IMPRUDENCIA DEL CONDUCTOR,OTRO (IMPRUDENCIA DEL CONDUCTOR),20.0,1,51.0,51.0,50.0,52.0,1,1,2,0,0,0,2
A-2024-06-22,2024-06-05,23:00,DESPISTE,2,3,1,LA LIBERTAD,VIRU,CHAO,RURAL,CARRETERA,PROVINCIAL,LI-1208,-8.5738646102,-78.69886157,DESPEJADO,RURAL,TRAMO RECTO,PLANA ,ASFALTADA,,,,,EN PROCESO DE INVESTIGACIÓN,NO CUENTA CON CAUSA ESPECIFICA,23.0,1,25.166666666666668,25.0,22.0,28.0,2,1,2,3,1,0,6
A-2024-06-10,2024-06-06,04:20,DESPISTE,1,0,1,HUANCAVELICA,CASTROVIRREYNA,AURAHUA,RURAL,CARRETERA,DEPARTAMENTAL,HV-114,-13.053574376803022,-75.56683477305378,DESPEJADO,RURAL,CURVA,PLANA ,ASFALTADA,,,,,EN PROCESO DE INVESTIGACIÓN,NO CUENTA CON CAUSA ESPECIFICA,4.0,0,41.0,41.0,41.0,41.0,1,1,1,0,1,0,1
A-2024-06-3,2024-06-06,05:30,ATROPELLO FUGA,1,0,0,AREQUIPA,CAYLLOMA,MAJES,RURAL,CARRETERA,NACIONAL,PE-1S,-16.375891,-72.17704,SOLEADO,RURAL,TRAMO RECTO,PLANA ,ASFALTADA,,,,,EN PROCESO DE INVESTIGACIÓN,NO CUENTA CON CAUSA ESPECIFICA,5.0,0,81.0,81.0,81.0,81.0,1,0,1,0,0,0,2
A-2024-06-23,2024-06-06,07:00,DESPISTE,1,1,1,LA LIBERTAD,PATAZ,URPAY,RURAL,CARRETERA,NACIONAL,PE-12B,-8.342476410576566,-77.37976987197702,DESPEJADO,RURAL,CURVA,PLANA ,TROCHA,,,,,EN PROCESO DE INVESTIGACIÓN,NO CUENTA CON CAUSA ESPECIFICA,7.0,0,52.0,52.0,40.0,64.0,2,1,1,1,1,0,2
A-2024-06-87,2024-06-06,08:15,CHOQUE,1,0,2,PASCO,PASCO,HUARIACA,URBANA,CARRETERA,NACIONAL,PE-3N,-10.45760875,-76.17907915,DESPEJADO,RURAL,TRAMO RECTO,INCLINADA,ASFALTADA,,,,,IMPRUDENCIA DEL CONDUCTOR,FATIGA Y/O CANSANCIO,8.0,0,41.0,39.0,28.0,56.0,3,2,1,0,1,0,3
A-2024-06-25,2024-06-06,08:30,CHOQUE,1,0,3,LA LIBERTAD,TRUJILLO,LAREDO,RURAL,CARRETERA,NACIONAL,PE-10A,-8.093293625377925,-78.92582198863045,DESPEJADO,RURAL,TRAMO RECTO,PLANA ,ASFALTADA,,,,,EN PROCESO DE INVESTIGACIÓN,NO CUENTA CON CAUSA ESPECIFICA,8.0,0,38.666666666666664,38.0,30.0,48.0,3,3,1,0,3,0,3
A-2024-06-27,2024-06-06,09:00,DESPISTE,1,0,1,LA LIBERTAD,SANTIAGO DE CHUCO,QUIRUVILCA,RURAL,CARRETERA,NACIONAL,PE-3N,-8.011219890425922,-78.31332347685066,DESPEJADO,RURAL,TRAMO RECTO,PLANA ,ASFALTADA,,,,,IMPRUDENCIA DEL CONDUCTOR,OTRO (IMPRUDENCIA DEL CONDUCTOR),9.0,0,43.0,43.0,23.0,63.0,1,1,1,0,0,0,2
A-2024-06-24,2024-06-06,11:00,DESPISTE,1,1,1,LA LIBERTAD,SANCHEZ CARRION,HUAMACHUCO,RURAL,CARRETERA,NACIONAL,PE-3N,-7.8898514259,-78.1263693118,DESPEJADO,RURAL,TRAMO RECTO,PLANA ,ASFALTADA,,,,,IMPRUDENCIA DEL CONDUCTOR,OTRO (IMPRUDENCIA DEL CONDUCTOR),11.0,0,27.0,27.0,26.0,28.0,2,1,1,1,1,0,2
A-2024-06-61,2024-06-06,12:00,CHOQUE,1,0,2,CUSCO,ESPINAR,ESPINAR,URBANA,CARRETERA,NACIONAL,PE-3SW,-14.809723,-71.43073,DESPEJADO,RURAL,TRAMO RECTO,PLANA ,ASFALTADA,,,,,IMPRUDENCIA DEL CONDUCTOR,CONDUCIR EN ESTADO DE EBRIEDAD Y/O DROGADICCIÓN,12.0,0,28.0,28.0,25.0,31.0,2,2,1,0,1,2,2
A-2024-06-73,2024-06-06,16:25,CHOQUE,1,0,0,ICA,PISCO,SAN ANDRES,RURAL,AVENIDA,URBANO,NO CORRESPONDE,-13.712324,-76.167002,DESPEJADO,RURAL,PASE A DESNIVEL,INCLINADA,ASFALTADA,SI,REGULADORA (R),,NO,EN PROCESO DE INVESTIGACIÓN,NO CUENTA CON CAUSA ESPECIFICA,16.0,0,50.5,50.5,27.0,74.0,2,2,1,0,1,0,2
A-2024-06-134,2024-06-06,17:10,DESPISTE,1,0,0,CUSCO,ESPINAR,ESPINAR,URBANA,CARRETERA,DEPARTAMENTAL,CU-130,-14.747782721509395,-71.41444068870746,DESPEJADO,COMERCIAL,TRAMO RECTO,PLANA ,AFIRMADO,,,,,IMPRUDENCIA DEL CONDUCTOR,CONDUCIR EN ESTADO DE EBRIEDAD Y/O DROGADICCIÓN,17.0,0,40.0,40.0,40.0,40.0,1,1,1,0,0,0,1
A-2024-06-1,2024-06-07,04:00,DESPISTE,1,3,1,PUNO,CHUCUITO,JULI,RURAL,CARRETERA,NACIONAL,PE-3S,-16.2177626620396,-69.4939086283114,DESPEJADO,RURAL,TRAMO RECTO,PLANA ,ASFALTADA,,,,,IMPRUDENCIA DEL CONDUCTOR,CONDUCIR EN ESTADO DE EBRIEDAD Y/O DROGADICCIÓN,4.0,0,23.0,23.5,18.0,27.0,2,1,1,3,0,0,4
A-2024-06-94,2024-06-07,05:30,ATROPELLO FUGA,1,0,0,LIMA,LIMA,CHORRILLOS,URBANA,AVENIDA,URBANO,NO CORRESPONDE,-12.199619013045172,-76.99678756633288,DESPEJADO,COMERCIAL,INTERSECCIÓN,PLANA ,ASFALTADA,SI,PREVENTIVA (P),,SI,EN PROCESO DE INVESTIGACIÓN,NO CUENTA CON CAUSA ESPECIFICA,5.0,0,,,,,1,0,1,0,0,0,2
A-2024-06-88,2024-06-07,07:00,CHOQUE CON OBJETO FIJO,1,0,1,APURIMAC,ANDAHUAYLAS,KISHUARA,RURAL,CARRETERA,NACIONAL,PE-3S,-13.630002,-73.13549357,DESPEJADO,RURAL,CURVA,PLANA ,CONCRETO,SI,REGULADORA (R),,NO,IMPRUDENCIA DEL CONDUCTOR,CONDUCIR EN ESTADO DE EBRIEDAD Y/O DROGADICCIÓN,7.0,0,46.0,46.0,46.0,46.0,1,1,1,0,1,0,1
A-2024-06-60,2024-06-07,09:00,DESPISTE,1,0,1,AYACUCHO,HUAMANGA,CHIARA,RURAL,CARRETERA,NACIONAL,PE-3S,-13.349,-74.182,DESPEJADO,RURAL,CURVA,PLANA ,ASFALTADA,,,,,IMPRUDENCIA DEL CONDUCTOR,EXCESO DE VELOCIDAD,9.0,0,26.0,26.0,26.0,26.0,1,1,1,0,1,0,1
A-2024-06-41,2024-06-07,11:40,CHOQUE,1,0,2,AREQUIPA,CAYLLOMA,MAJES,URBANA,CALLE,URBANO,NO CORRESPONDE,-16.35972,-72.204468,DESPEJADO,RESIDENCIAL,INTERSECCIÓN,PLANA ,ASFALTADA,,,,,EN PROCESO DE INVESTIGACIÓN,NO CUENTA CON CAUSA ESPECIFICA,11.0,0,35.5,35.5,24.0,47.0,2,2,1,0,2,0,2
A-2024-06-2,2024-06-07,15:40,ATROPELLO,1,0,1,PUNO,CHUCUITO,ZEPITA,RURAL,CARRETERA,DEPARTAMENTAL,PU-130,-16.419187,-69.056112,DESPEJADO,RURAL,TRAMO RECTO,PLANA ,ASFALTADA,,,,,IMPRUDENCIA DEL CONDUCTOR,EXCESO DE VELOCIDAD,15.0,0,55.5,55.5,42.0,69.0,2,1,1,0,1,0,2
A-2024-06-83,2024-06-07,23:20,DESPISTE,1,0,1,PASCO,PASCO,PAUCARTAMBO,RURAL,CARRETERA,DEPARTAMENTAL,PA-107,-10.76606896,-75.75257181,NUBLADO,RURAL,TRAMO RECTO,PLANA ,TROCHA,,,,,IMPERICIA DEL CONDUCTOR,,23.0,0,30.0,30.0,30.0,30.0,1,1,1,0,1,0,1
A-2024-06-95,2024-06-08,05:45,ATROPELLO FUGA,1,0,0,LIMA,LIMA,RIMAC,URBANA,CARRETERA,NACIONAL,PE-1N,-12.041357,-77.033051,DESPEJADO,COMERCIAL,TRAMO RECTO,PLANA ,ASFALTADA,SI,REGULADORA (R),,NO,EN PROCESO DE INVESTIGACIÓN,NO CUENTA CON CAUSA ESPECIFICA,5.0,0,,,,,1,0,1,0,0,0,2
A-2024-06-4,2024-06-08,07:30,DESPISTE,1,0,0,PUNO,EL COLLAO,SANTA ROSA,RURAL,AVENIDA,URBANO,NO CORRESPONDE,-16.76274,-69.8598,,,,,,,,,,EN PROCESO DE INVESTIGACIÓN,NO CUENTA CON CAUSA ESPECIFICA,7.0,0,76.0,76.0,76.0,76.0,1,1,1,0,0,0,1
A-2024-06-118,2024-06-08,09:20,CHOQUE CON OBJETO FIJO,1,0,1,CAJAMARCA,CONTUMAZA,YONAN,URBANA,CARRETERA,NACIONAL,PE-08,-7.248293,-79.224654,DESPEJADO,COMERCIAL,TRAMO RECTO,INCLINADA,ASFALTADA,SI,PREVENTIVA (P),,SI,NEGLIGENCIA DEL CONDUCTOR,CONDUCIR CON FALLAS DE FRENOS,9.0,0,49.0,49.0,48.0,50.0,1,1,1,0,1,0,2
A-2024-06-96,2024-06-08,17:20,ATROPELLO,1,0,0,LIMA,LIMA,SAN JUAN DE MIRAFLORES,URBANA,AVENIDA,URBANO,NO CORRESPONDE,-12.151844554006274,-76.9765737795547,DESPEJADO,COMERCIAL,TRAMO RECTO,PLANA ,ASFALTADA,,,,,EN PROCESO DE INVESTIGACIÓN,NO CUENTA CON CAUSA ESPECIFICA,17.0,0,59.5,59.5,54.0,65.0,1,1,1,0,1,0,2
A-2024-06-89,2024-06-08,22:50,CHOQUE,1,2,1,UCAYALI,PADRE ABAD,ALEXANDER VON HUMBOLDT,RURAL,CARRETERA,NACIONAL,PE-5N,-8.825774271866962,-75.05237634841907,DESPEJADO,RURAL,TRAMO RECTO,PLANA ,ASFALTADA,,,,,IMPRUDENCIA DEL CONDUCTOR,EXCESO DE VELOCIDAD,22.0,0,45.25,47.0,29.0,58.0,3,1,1,2,1,0,5
A-2024-06-74,2024-06-09,05:40,CHOQUE,1,1,0,ICA,ICA,LA TINGUIÑA,RURAL,CARRETERA,NACIONAL,PE-1SC,-13.989206,-75.694907,DESPEJADO,RURAL,TRAMO RECTO,PLANA ,TROCHA,,,,,EN PROCESO DE INVESTIGACIÓN,NO CUENTA CON CAUSA ESPECIFICA,5.0,0,21.5,21.5,21.0,22.0,2,2,1,1,1,0,2
A-2024-06-5,2024-06-09,07:30,CHOQUE,1,0,2,PUNO,PUNO,PICHACANI,RURAL,CARRETERA,NACIONAL,PE-36B,-16.038277,-70.008902,DESPEJADO,RURAL,TRAMO RECTO,PLANA ,ASFALTADA,,,,,IMPRUDENCIA DEL CONDUCTOR,GIRAR IMPRUDENTEMENTE,7.0,0,48.0,48.0,23.0,73.0,2,2,1,0,1,0,2
A-2024-06-69,2024-06-09,12:30,CHOQUE,1,0,0,CUSCO,PAUCARTAMBO,KOSÑIPATA,RURAL,CARRETERA,DEPARTAMENTAL,CU-113,-12.899366,-71.395194,DESPEJADO,RURAL,TRAMO RECTO,PLANA ,ASFALTADA,,,,,IMPRUDENCIA DEL CONDUCTOR,EXCESO DE VELOCIDAD,12.0,0,41.0,40.0,32.0,51.0,2,2,1,0,1,0,3
A-2024-06-11,2024-06-09,19:00,DESPISTE,2,8,1,HUANCAVELICA,TAYACAJA,QUICHUAS,RURAL,CARRETERA,PROVINCIAL,HV-636,-12.46749158970433,-74.75613173388447,DESPEJADO,RURAL,TRAMO RECTO,PLANA ,TROCHA,,,,,EN PROCESO DE INVESTIGACIÓN,NO CUENTA CON CAUSA ESPECIFICA,19.0,1,24.333333333333332,22.0,0.0,52.0,3,0,2,8,0,0,10
A-2024-06-42,2024-06-10,05:45,DESPISTE,6,5,1,AREQUIPA,AREQUIPA,LA JOYA,RURAL,CARRETERA,DEPARTAMENTAL,AR-115,-16.542136,-71.71039,DESPEJADO,RURAL,CURVA,PLANA ,ASFALTADA,,,,,EN PROCESO DE INVESTIGACIÓN,NO CUENTA CON CAUSA ESPECIFICA,5.0,2,36.166666666666664,31.0,25.0,66.0,9,1,6,5,1,0,12
A-2024-06-68,2024-06-11,15:30,ATROPELLO,1,0,1,CUSCO,CUSCO,CUSCO,RURAL,CARRETERA,NACIONAL,PE-28G,-13.50455,-71.971385,DESPEJADO,RURAL,TRAMO RECTO,PLANA ,ASFALTADA,,,,,IMPRUDENCIA DEL CONDUCTOR,ADELANTAR INDEBIDAMENTE,15.0,0,43.5,43.5,31.0,56.0,2,1,1,0,1,0,2
A-2024-06-97,2024-06-11,22:20,CAÍDA DE PASAJERO,1,0,0,LIMA,LIMA,COMAS,URBANA,AVENIDA,URBANO,NO CORRESPONDE,-11.952685196045332,-77.05117847528525,DESPEJADO,ESCOLAR,INTERSECCIÓN,PLANA ,ASFALTADA,SI,PREVENTIVA (P),,SI,EN PROCESO DE INVESTIGACIÓN,NO CUENTA CON CAUSA ESPECIFICA,22.0,0,53.5,53.5,39.0,68.0,2,1,1,0,1,0,2
A-2024-06-98,2024-06-12,06:30,ATROPELLO,1,0,0,LIMA,LIMA,SAN JUAN DE LURIGANCHO,URBANA,AVENIDA,URBANO,NO CORRESPONDE,-11.953664592510702,-77.00345495775848,DESPEJADO,COMERCIAL,TRAMO RECTO,PLANA ,ASFALTADA,,,,,EN PROCESO DE INVESTIGACIÓN,NO CUENTA CON CAUSA ESPECIFICA,6.0,0,34.5,34.5,20.0,49.0,1,1,1,0,1,0,2
A-2024-06-99,2024-06-12,19:20,ATROPELLO,1,0,0,LIMA,LIMA,VILLA MARIA DEL TRIUNFO,URBANA,JIRÓN,URBANO,NO CORRESPONDE,-12.162791225620252,-76.94833705117662,DESPEJADO,RESIDENCIAL,INTERSECCIÓN,INCLINADA,ASFALTADA,,,,,EN PROCESO DE INVESTIGACIÓN,NO CUENTA CON CAUSA ESPECIFICA,19.0,0,70.0,70.0,51.0,89.0,1,1,1,0,1,0,2
A-2024-06-6,2024-06-12,19:30,ATROPELLO FUGA,1,0,0,PUNO,PUNO,COATA,RURAL,CARRETERA,DEPARTAMENTAL,PU-118,-15.5720696,-69.8896809,DESPEJADO,RURAL,TRAMO RECTO,PLANA ,ASFALTADA,,,,,IMPRUDENCIA DEL CONDUCTOR,OTRO (IMPRUDENCIA DEL CONDUCTOR),19.0,0,52.0,52.0,52.0,52.0,1,0,1,0,0,0,2