CODIGO_SINIESTRO,FECHA_SINIESTRO,HORA_SINIESTRO,CLASE_SINIESTRO,CANTIDAD_FALLECIDOS,CANTIDAD_LESIONADOS,CANTIDAD_VEHICULOS,DEPARTAMENTO,PROVINCIA,DISTRITO,ZONA,TIPO_VIA,RED_VIAL,COD_CARRETERA,LATITUD,LONGITUD,CONDICION_CLIMATICA,ZONIFICACION,CARACTERISTICAS_VIA,PERFIL_VIA,SUPERFICIE_CALZADA,EXISTE_SENIAL_VERTICAL,CLASIFICACION_SENIAL_VERTICAL_1,CLASIFICACION_SENIAL_VERTICAL_2,EXISTE_SENIAL_HORIZONTAL,CAUSA_FACTOR_PRINCIPAL,CAUSA_ESPECIFICA,HORA,severidad,EDAD_PROMEDIO,EDAD_MEDIANA,EDAD_MIN,EDAD_MAX,TOTAL_MASCULINOS,TOTAL_CONDUCTORES,TOTAL_FALLECIDOS_AGG,TOTAL_LESIONADOS_AGG,TOTAL_LICENCIA,TOTAL_ALCOHOL_POSITIVO,TOTAL_PERSONAS
A-2024-06-29,2024-06-12,19:50,ATROPELLO,1,0,1,LA LIBERTAD,TRUJILLO,VICTOR LARCO HERRERA,URBANA,AVENIDA,URBANO,NO CORRESPONDE,-8.1430133666,-79.0547903821,DESPEJADO,RESIDENCIAL,INTERSECCIÓN,PLANA ,ASFALTADA,,,,,EN PROCESO DE INVESTIGACIÓN,NO CUENTA CON CAUSA ESPECIFICA,19.0,0,53.5,53.5,46.0,61.0,1,1,1,0,1,0,2
A-2024-06-44,2024-06-13,14:40,DESPISTE,1,0,1,AREQUIPA,AREQUIPA,CERRO COLORADO,RURAL,CALLE,URBANO,NO CORRESPONDE,-16.352628,-71.632921,SOLEADO,RURAL,CURVA,PLANA ,TROCHA,,,,,EN PROCESO DE INVESTIGACIÓN,NO CUENTA CON CAUSA ESPECIFICA,14.0,0,39.0,39.0,39.0,39.0,1,1,1,0,1,0,1
A-2024-06-119,2024-06-14,01:30,DESPISTE,3,0,1,CAJAMARCA,SAN MARCOS,JOSE MANUEL QUIROZ,RURAL,CARRETERA,PROVINCIAL,CA-1595,-7.362045,-78.057312,DESPEJADO,RURAL,TRAMO RECTO,PLANA ,AFIRMADO,,,,,IMPRUDENCIA DEL CONDUCTOR,CONDUCIR EN ESTADO DE EBRIEDAD Y/O DROGADICCIÓN,1.0,2,44.666666666666664,46.0,40.0,48.0,2,1,3,0,1,1,3
A-2024-06-84,2024-06-14,01:30,DESPISTE,1,0,1,LIMA,HUARAL,PACARAOS,RURAL,CARRETERA,NACIONAL,PE-20C,-11.12734373,-76.62622842,NUBLADO,RURAL,CURVA,INCLINADA,ASFALTADA,,,,,IMPRUDENCIA DEL CONDUCTOR,EXCESO DE VELOCIDAD,1.0,0,61.0,61.0,61.0,61.0,1,1,1,0,1,0,1
A-2024-06-48,2024-06-14,06:00,DESPISTE,2,3,1,AREQUIPA,AREQUIPA,SAN JUAN DE TARUCANI,RURAL,CARRETERA,NACIONAL,PE-34A,-16.000328,-71.26475,DESPEJADO,RURAL,OTRO,INCLINADA,ASFALTADA,,,,,EN PROCESO DE INVESTIGACIÓN,NO CUENTA CON CAUSA ESPECIFICA,6.0,1,17.0,17.0,0.0,30.0,4,1,2,3,0,0,5
A-2024-06-75,2024-06-14,06:50,CHOQUE,1,2,0,ICA,PISCO,SAN ANDRES,RURAL,CARRETERA,NACIONAL,PE-1S,-13.724629,-76.156396,DESPEJADO,RURAL,TRAMO RECTO,PLANA ,ASFALTADA,,,,,EN PROCESO DE INVESTIGACIÓN,NO CUENTA CON CAUSA ESPECIFICA,6.0,0,37.0,41.0,18.0,48.0,2,2,1,2,1,0,4
A-2024-06-33,2024-06-14,11:20,ATROPELLO,1,0,2,LA LIBERTAD,SANCHEZ CARRION,HUAMACHUCO,URBANA,JIRÓN,URBANO,NO CORRESPONDE,-7.8145696978,-78.0436639773,DESPEJADO,RESIDENCIAL,INTERSECCIÓN,PLANA ,ASFALTADA,,,,,EN PROCESO DE INVESTIGACIÓN,NO CUENTA CON CAUSA ESPECIFICA,11.0,0,44.333333333333336,35.0,28.0,70.0,3,2,1,0,2,0,3
A-2024-06-100,2024-06-14,12:40,CHOQUE,1,3,0,LIMA,LIMA,VILLA MARIA DEL TRIUNFO,URBANA,AVENIDA,URBANO,NO CORRESPONDE,-12.182349010119845,-76.94228037166593,DESPEJADO,COMERCIAL,INTERSECCIÓN,INCLINADA,ASFALTADA,,,,,EN PROCESO DE INVESTIGACIÓN,NO CUENTA CON CAUSA ESPECIFICA,12.0,0,53.25,51.5,40.0,70.0,2,2,1,3,1,0,4
A-2024-06-13,2024-06-14,13:00,ATROPELLO,1,0,1,HUANCAVELICA,HUAYTARA,PILPICHACA,RURAL,CARRETERA,NACIONAL,PE-28E,-13.331149,-74.971501,SOLEADO,RURAL,TRAMO RECTO,PLANA ,ASFALTADA,,,,,EN PROCESO DE INVESTIGACIÓN,NO CUENTA CON CAUSA ESPECIFICA,13.0,0,54.666666666666664,66.0,29.0,69.0,3,2,1,0,2,0,3
A-2024-06-65,2024-06-14,15:00,DESPISTE,1,4,1,CUSCO,URUBAMBA,MARAS,RURAL,CARRETERA,SIN CLASIFICAR,SIN CLASIFICAR,-13.351084,-72.100146,DESPEJADO,RURAL,TRAMO RECTO,PLANA ,ASFALTADA,,,,,IMPRUDENCIA DEL CONDUCTOR,OTRO (IMPRUDENCIA DEL CONDUCTOR),15.0,0,43.166666666666664,44.0,3.0,67.0,4,1,1,4,1,0,6
A-2024-06-101,2024-06-14,17:30,CHOQUE,1,0,0,LIMA,LIMA,RIMAC,URBANA,CARRETERA,NACIONAL,PE-1N,-12.042976482914572,-77.02266111511464,DESPEJADO,COMERCIAL,CURVA,PLANA ,ASFALTADA,,,,,EN PROCESO DE INVESTIGACIÓN,NO CUENTA CON CAUSA ESPECIFICA,17.0,0,47.0,47.0,30.0,64.0,2,2,1,0,2,0,2
A-2024-06-120,2024-06-14,18:00,DESPISTE,1,6,1,CAJAMARCA,JAEN,COLASAY,RURAL,CARRETERA,SIN CLASIFICAR,SIN CLASIFICAR,-5.880095,-78.99446,DESPEJADO,RURAL,TRAMO RECTO,INCLINADA,AFIRMADO,,,,,IMPRUDENCIA DEL CONDUCTOR,OTRO (IMPRUDENCIA DEL CONDUCTOR),18.0,0,25.0,17.0,14.0,53.0,7,1,1,6,1,0,7
A-2024-06-34,2024-06-14,19:20,DESPISTE,1,0,1,LA LIBERTAD,ASCOPE,RAZURI,RURAL,CARRETERA,NACIONAL,PE-1N,-7.66309924536778,-79.3324267168397,DESPEJADO,RURAL,TRAMO RECTO,PLANA ,ASFALTADA,,,,,EN PROCESO DE INVESTIGACIÓN,NO CUENTA CON CAUSA ESPECIFICA,19.0,0,54.0,54.0,54.0,54.0,1,1,1,0,0,0,1
A-2024-06-102,2024-06-14,20:30,CHOQUE,1,0,0,LIMA,LIMA,SANTIAGO DE SURCO,URBANA,CARRETERA,NACIONAL,PE-1S,-12.127299003517887,-76.97704865225496,DESPEJADO,COMERCIAL,CURVA,PLANA ,ASFALTADA,,,,,EN PROCESO DE INVESTIGACIÓN,NO CUENTA CON CAUSA ESPECIFICA,20.0,0,46.0,46.0,34.0,58.0,2,2,1,0,2,0,2
A-2024-06-103,2024-06-14,22:00,ATROPELLO,1,1,0,LIMA,LIMA,PUNTA HERMOSA,URBANA,CARRETERA,NACIONAL,PE-1S,-12.324326101652504,-76.82609434137815,DESPEJADO,INDUSTRIAL,TRAMO RECTO,PLANA ,ASFALTADA,,,,,EN PROCESO DE INVESTIGACIÓN,NO CUENTA CON CAUSA ESPECIFICA,22.0,0,44.5,44.5,28.0,61.0,2,1,1,1,1,0,2
A-2024-06-81,2024-06-15,14:00,CHOQUE,1,0,2,ICA,CHINCHA,SUNAMPE,URBANA,CARRETERA,NACIONAL,PE-1S,-13.41022559,-76.16414532,DESPEJADO,RURAL,INTERSECCIÓN,PLANA ,ASFALTADA,SI,INFORMATIVA (I),REGULADORA (R),SI,IMPRUDENCIA DEL CONDUCTOR,NO ESTABLECER EL DERECHO DE PASO,14.0,0,35.5,35.5,33.0,38.0,1,2,1,0,0,0,2
A-2024-06-55,2024-06-15,17:30,ATROPELLO,1,0,0,CUSCO,LA CONVENCION,ECHARATE,RURAL,CARRETERA,SIN CLASIFICAR,SIN CLASIFICAR,-12.65974,-73.065154,DESPEJADO,RURAL,TRAMO RECTO,PLANA ,TROCHA,,,,,IMPERICIA DEL CONDUCTOR,,17.0,0,28.0,28.0,5.0,51.0,2,1,1,0,0,0,2
A-2024-06-35,2024-06-15,19:20,ATROPELLO,1,0,1,LA LIBERTAD,TRUJILLO,EL PORVENIR,URBANA,AVENIDA,URBANO,NO CORRESPONDE,-8.0855807,-79.0153628,DESPEJADO,ESCOLAR,TRAMO RECTO,PLANA ,ASFALTADA,,,,,EN PROCESO DE INVESTIGACIÓN,NO CUENTA CON CAUSA ESPECIFICA,19.0,0,36.5,36.5,29.0,44.0,2,1,1,0,1,0,2
A-2024-06-105,2024-06-15,20:00,CHOQUE,1,0,0,LIMA,LIMA,SAN BORJA,URBANA,CARRETERA,NACIONAL,PE-1S,-12.110083420518457,-76.97837558904305,DESPEJADO,RESIDENCIAL,TRAMO RECTO,PLANA ,ASFALTADA,,,,,EN PROCESO DE INVESTIGACIÓN,NO CUENTA CON CAUSA ESPECIFICA,20.0,0,33.5,33.5,31.0,36.0,2,2,1,0,1,0,2
A-2024-06-72,2024-06-16,00:55,DESPISTE,1,0,1,CUSCO,CANCHIS,MARANGANI,RURAL,CARRETERA,NACIONAL,PE-3S,-14.343236,-71.18383,DESPEJADO,RURAL,TRAMO RECTO,PLANA ,ASFALTADA,,,,,IMPRUDENCIA DEL CONDUCTOR,FATIGA Y/O CANSANCIO,0.0,0,21.0,21.0,21.0,21.0,1,1,1,0,0,0,1
A-2024-06-104,2024-06-16,02:30,DESPISTE,1,0,0,LIMA,LIMA,LA VICTORIA,URBANA,VIA EXPRESA,URBANO,NO CORRESPONDE,-12.08913539919278,-77.01020048194057,DESPEJADO,COMERCIAL,TRAMO RECTO,PLANA ,ASFALTADA,,,,,IMPRUDENCIA DEL CONDUCTOR,ADELANTAR INDEBIDAMENTE,2.0,0,28.0,28.0,28.0,28.0,1,1,1,0,1,0,1
A-2024-06-67,2024-06-16,03:40,FERROVIARIO,1,0,0,CUSCO,CUSCO,CUSCO,RURAL,CALLE,URBANO,NO CORRESPONDE,-13.504534,-71.995586,DESPEJADO,RURAL,CURVA,PLANA ,CASCAJO/RIPIO,,,,,IMPRUDENCIA DEL CONDUCTOR,OTRO (IMPRUDENCIA DEL CONDUCTOR),3.0,0,78.0,78.0,67.0,89.0,1,1,1,0,1,0,2
A-2024-06-49,2024-06-16,07:00,DESPISTE,1,0,1,AREQUIPA,ISLAY,COCACHACRA,URBANA,CARRETERA,NACIONAL,PE-1SJ,-17.0326963242302,-71.6865071124699,SOLEADO,RESIDENCIAL,TRAMO RECTO,PLANA ,ASFALTADA,,,,,EN PROCESO DE INVESTIGACIÓN,NO CUENTA CON CAUSA ESPECIFICA,7.0,0,22.0,22.0,22.0,22.0,1,1,1,0,0,0,1
A-2024-06-106,2024-06-16,17:30,ATROPELLO,1,0,0,LIMA,LIMA,SANTIAGO DE SURCO,URBANA,CARRETERA,NACIONAL,PE-1S,-12.153351606296685,-76.98396179308388,DESPEJADO,RESIDENCIAL,CURVA,PLANA ,ASFALTADA,,,,,EN PROCESO DE INVESTIGACIÓN,NO CUENTA CON CAUSA ESPECIFICA,17.0,0,37.0,37.0,37.0,37.0,2,1,1,0,1,0,2
A-2024-06-76,2024-06-16,22:30,DESPISTE,1,4,0,ICA,NASCA,MARCONA,RURAL,CARRETERA,NACIONAL,PE-30,-15.286488,-75.091266,DESPEJADO,RURAL,TRAMO RECTO,PLANA ,ASFALTADA,,,,,EN PROCESO DE INVESTIGACIÓN,NO CUENTA CON CAUSA ESPECIFICA,22.0,0,32.4,37.0,2.0,67.0,3,1,1,4,1,0,5
A-2024-06-50,2024-06-17,00:31,ATROPELLO,1,0,1,AREQUIPA,AREQUIPA,LA JOYA,URBANA,CARRETERA,NACIONAL,PE-1S,-16.499813,-71.831295,DESPEJADO,COMERCIAL,TRAMO RECTO,PLANA ,ASFALTADA,,,,,EN PROCESO DE INVESTIGACIÓN,NO CUENTA CON CAUSA ESPECIFICA,0.0,0,48.5,48.5,44.0,53.0,2,1,1,0,1,0,2
A-2024-06-121,2024-06-17,05:00,DESPISTE,1,0,1,CAJAMARCA,CHOTA,COCHABAMBA,RURAL,CARRETERA,NACIONAL,PE-3N,-6.522869465,-78.79649384,DESPEJADO,RURAL,TRAMO RECTO,INCLINADA,AFIRMADO,,,,,EN PROCESO DE INVESTIGACIÓN,NO CUENTA CON CAUSA ESPECIFICA,5.0,0,53.0,53.0,53.0,53.0,1,1,1,0,0,0,1
A-2024-06-58,2024-06-17,22:00,CHOQUE,1,3,2,LIMA,HUAURA,HUACHO,RURAL,CARRETERA,NACIONAL,PE-1N,-11.135933490965414,-77.59685928994054,DESPEJADO,RURAL,TRAMO RECTO,INCLINADA,ASFALTADA,,,,,IMPRUDENCIA DEL CONDUCTOR,CONDUCIR EN SENTIDO CONTRARIO,22.0,0,37.0,40.5,12.0,55.0,3,2,1,3,2,0,4
A-2024-06-7,2024-06-18,06:00,DESPISTE,1,0,0,PUNO,EL COLLAO,ILAVE,RURAL,CARRETERA,PROVINCIAL,PU-1149,-16.0667614,-69.6287235,,,,,,,,,,IMPRUDENCIA DEL CONDUCTOR,EXCESO DE VELOCIDAD,6.0,0,27.0,27.0,27.0,27.0,1,1,1,0,0,0,1
A-2024-06-51,2024-06-18,12:20,CHOQUE,1,1,2,AREQUIPA,AREQUIPA,LA JOYA,URBANA,CARRETERA,NACIONAL,PE-1S,-16.493862,-71.842076,SOLEADO,COMERCIAL,TRAMO RECTO,PLANA ,ASFALTADA,,,,,EN PROCESO DE INVESTIGACIÓN,NO CUENTA CON CAUSA ESPECIFICA,12.0,0,55.0,55.0,38.0,72.0,2,2,1,1,2,0,2
A-2024-06-12,2024-06-18,14:40,CHOQUE,2,7,2,HUANCAVELICA,TAYACAJA,ÑAHUIMPUQUIO,RURAL,CARRETERA,NACIONAL,PE-3SD,-12.30544,-75.062555,DESPEJADO,RURAL,TRAMO RECTO,PLANA ,ASFALTADA,,,,,EN PROCESO DE INVESTIGACIÓN,NO CUENTA CON CAUSA ESPECIFICA,14.0,1,44.888888888888886,42.0,25.0,72.0,5,2,2,7,2,0,9
A-2024-06-77,2024-06-18,18:50,CHOQUE,1,5,0,ICA,PALPA,SANTA CRUZ,RURAL,CARRETERA,NACIONAL,PE-1S,-14.503455,-75.257135,DESPEJADO,RURAL,CURVA,PLANA ,ASFALTADA,,,,,EN PROCESO DE INVESTIGACIÓN,NO CUENTA CON CAUSA ESPECIFICA,18.0,0,31.142857142857142,25.0,21.0,51.0,7,2,1,5,2,0,7
A-2024-06-107,2024-06-19,05:45,ATROPELLO FUGA,1,0,0,LIMA,LIMA,INDEPENDENCIA,URBANA,AVENIDA,URBANO,NO CORRESPONDE,-12.004343115570125,-77.0612975762187,DESPEJADO,INDUSTRIAL,CURVA,PLANA ,ASFALTADA,SI,REGULADORA (R),,SI,EN PROCESO DE INVESTIGACIÓN,NO CUENTA CON CAUSA ESPECIFICA,5.0,0,40.0,40.0,40.0,40.0,2,1,1,0,1,0,2
A-2024-06-71,2024-06-19,17:30,ATROPELLO,1,0,0,CUSCO,LA CONVENCION,ECHARATE,RURAL,CARRETERA,SIN CLASIFICAR,SIN CLASIFICAR,-12.65974,-73.065154,DESPEJADO,RURAL,TRAMO RECTO,PLANA ,TROCHA,,,,,IMPRUDENCIA DEL CONDUCTOR,OTRO (IMPRUDENCIA DEL CONDUCTOR),17.0,0,28.0,28.0,5.0,51.0,2,1,1,0,1,0,2
A-2024-06-108,2024-06-19,19:30,ATROPELLO FUGA,1,0,0,LIMA,LIMA,LURIGANCHO,URBANA,CALLE,URBANO,NO CORRESPONDE,-12.001652929263942,-76.88359459393475,DESPEJADO,ESCOLAR,TRAMO RECTO,PLANA ,AFIRMADO,,,,,EN PROCESO DE INVESTIGACIÓN,NO CUENTA CON CAUSA ESPECIFICA,19.0,0,46.0,46.0,46.0,46.0,1,0,1,0,0,0,2
A-2024-06-56,2024-06-19,23:30,VOLCADURA,2,0,1,CUSCO,ANTA,ANTA,RURAL,CARRETERA,DEPARTAMENTAL,CU-111,-13.417462,-72.136983,DESPEJADO,RURAL,TRAMO RECTO,PLANA ,ASFALTADA,SI,PREVENTIVA (P),PREVENTIVA (P),NO,IMPRUDENCIA DEL CONDUCTOR,EXCESO DE VELOCIDAD,23.0,1,20.0,20.0,20.0,20.0,1,1,2,0,1,0,2
A-2024-06-109,2024-06-20,04:00,ATROPELLO,1,0,0,LIMA,LIMA,INDEPENDENCIA,URBANA,CARRETERA,NACIONAL,PE-1N,-11.982714012700349,-77.06533237378656,DESPEJADO,RESIDENCIAL,TRAMO RECTO,PLANA ,ASFALTADA,,,,,EN PROCESO DE INVESTIGACIÓN,NO CUENTA CON CAUSA ESPECIFICA,4.0,0,36.0,36.0,36.0,36.0,1,1,1,0,1,0,2
A-2024-06-110,2024-06-20,07:30,ATROPELLO,1,0,0,LIMA,LIMA,SAN JUAN DE MIRAFLORES,URBANA,AVENIDA,URBANO,NO CORRESPONDE,-12.161599763443215,-76.96524436950159,DESPEJADO,RESIDENCIAL,TRAMO RECTO,PLANA ,ASFALTADA,,,,,EN PROCESO DE INVESTIGACIÓN,NO CUENTA CON CAUSA ESPECIFICA,7.0,0,72.0,72.0,60.0,84.0,2,1,1,0,1,0,2
A-2024-06-8,2024-06-20,11:15,ATROPELLO,1,0,1,PUNO,PUNO,CHUCUITO,RURAL,CARRETERA,NACIONAL,PE-3S,-15.924097054793595,-69.87893148188333,DESPEJADO,RURAL,TRAMO RECTO,PLANA ,ASFALTADA,,,,,IMPRUDENCIA DEL PEATÓN,CRUCE INDEBIDO POR LA CALZADA,11.0,0,65.5,65.5,39.0,92.0,2,1,1,0,1,0,2
A-2024-06-52,2024-06-20,18:20,ATROPELLO,1,0,1,AREQUIPA,AREQUIPA,CAYMA,URBANA,CALLE,URBANO,NO CORRESPONDE,-16.372110795723,-71.5372421913353,DESPEJADO,RESIDENCIAL,INTERSECCIÓN,PLANA ,ASFALTADA,,,,,EN PROCESO DE INVESTIGACIÓN,NO CUENTA CON CAUSA ESPECIFICA,18.0,0,37.5,37.5,30.0,45.0,1,1,1,0,1,0,2
A-2024-06-111,2024-06-21,01:00,CHOQUE,1,0,0,LIMA,LIMA,MAGDALENA DEL MAR,URBANA,VIA EXPRESA,URBANO,NO CORRESPONDE,-12.09758752580692,-77.07348284959961,DESPEJADO,COMERCIAL,CURVA,PLANA ,ASFALTADA,SI,REGULADORA (R),,SI,EN PROCESO DE INVESTIGACIÓN,NO CUENTA CON CAUSA ESPECIFICA,1.0,0,25.5,25.5,25.0,26.0,2,1,1,0,1,0,3
A-2024-06-14,2024-06-21,04:30,VOLCADURA,1,0,1,HUANCAVELICA,ANGARAES,LIRCAY,RURAL,CARRETERA,DEPARTAMENTAL,HV-108,-12.964583961566255,-74.70581886506412,DESPEJADO,RURAL,TRAMO RECTO,PLANA ,ASFALTADA,,,,,EN PROCESO DE INVESTIGACIÓN,NO CUENTA CON CAUSA ESPECIFICA,4.0,0,18.0,18.0,18.0,18.0,1,1,1,0,0,0,1
A-2024-06-112,2024-06-21,07:40,DESPISTE,1,1,0,LIMA,LIMA,LURIN,URBANA,CARRETERA,NACIONAL,PE-1S,-12.249106064553674,-76.93239072015122,DESPEJADO,INDUSTRIAL,TRAMO RECTO,PLANA ,ASFALTADA,,,,,EN PROCESO DE INVESTIGACIÓN,NO CUENTA CON CAUSA ESPECIFICA,7.0,0,66.0,66.0,66.0,66.0,2,1,1,1,0,0,2
A-2024-06-125,2024-06-21,14:20,DESPISTE,1,0,0,LIMA,LIMA,SAN MARTIN DE PORRES,URBANA,AVENIDA,URBANO,NO CORRESPONDE,-12.0325926037616,-77.06262473395378,DESPEJADO,COMERCIAL,TRAMO RECTO,PLANA ,ASFALTADA,,,,,IMPRUDENCIA DEL CONDUCTOR,EXCESO DE VELOCIDAD,14.0,0,38.0,38.0,38.0,38.0,1,1,1,0,1,0,1
A-2024-06-122,2024-06-21,17:20,CHOQUE,1,0,1,CAJAMARCA,CHOTA,CHOTA,URBANA,JIRÓN,URBANO,NO CORRESPONDE,-6.565185,-78.65898,DESPEJADO,COMERCIAL,TRAMO RECTO,INCLINADA,ASFALTADA,,,,,IMPRUDENCIA DEL CONDUCTOR,CONDUCIR EN ESTADO DE EBRIEDAD Y/O DROGADICCIÓN,17.0,0,35.0,35.0,34.0,36.0,2,2,1,0,1,1,2
A-2024-06-70,2024-06-21,20:00,VOLCADURA,2,0,1,CUSCO,PARURO,YAURISQUE,RURAL,CARRETERA,DEPARTAMENTAL,CU-117,-13.673586,-71.920159,DESPEJADO,RURAL,TRAMO RECTO,PLANA ,AFIRMADO,,,,,IMPRUDENCIA DEL CONDUCTOR,CONDUCIR EN ESTADO DE EBRIEDAD Y/O DROGADICCIÓN,20.0,1,48.5,48.5,43.0,54.0,1,1,2,0,1,0,2
A-2024-06-113,2024-06-21,21:30,ATROPELLO FUGA,1,0,0,LIMA,LIMA,CHORRILLOS,URBANA,CARRETERA,NACIONAL,PE-1S,-12.201209,-76.973922,DESPEJADO,INDUSTRIAL,TRAMO RECTO,PLANA ,ASFALTADA,,,,,EN PROCESO DE INVESTIGACIÓN,NO CUENTA CON CAUSA ESPECIFICA,21.0,0,,,,,1,0,1,0,0,0,2
A-2024-06-126,2024-06-22,05:30,VOLCADURA,1,1,0,LIMA,LIMA,CARABAYLLO,URBANA,CARRETERA,NACIONAL,PE-20A,-11.793794609082996,-76.98315595935756,DESPEJADO,RURAL,CURVA,PLANA ,ASFALTADA,SI,PREVENTIVA (P),,SI,EN PROCESO DE INVESTIGACIÓN,NO CUENTA CON CAUSA ESPECIFICA,5.0,0,27.5,27.5,27.0,28.0,1,1,1,1,1,0,2
A-2024-06-9,2024-06-22,05:30,ATROPELLO FUGA,1,0,0,PUNO,PUNO,CHUCUITO,RURAL,CARRETERA,NACIONAL,PE-3S,-15.885767,-69.898305,DESPEJADO,RURAL,TRAMO RECTO,PLANA ,ASFALTADA,,,,,EN PROCESO DE INVESTIGACIÓN,NO CUENTA CON CAUSA ESPECIFICA,5.0,0,51.0,51.0,51.0,51.0,1,0,1,0,0,0,2
A-2024-06-78,2024-06-22,15:00,DESPISTE,1,1,0,HUANCAVELICA,HUAYTARA,QUITO-ARMA,RURAL,CARRETERA,SIN CLASIFICAR,SIN CLASIFICAR,-13.518329,-75.327399,DESPEJADO,RURAL,CURVA,INCLINADA,TROCHA,,,,,EN PROCESO DE INVESTIGACIÓN,NO CUENTA CON CAUSA ESPECIFICA,15.0,0,67.5,67.5,67.0,68.0,1,1,1,1,1,0,2
A-2024-06-45,2024-06-22,21:30,DESPISTE,1,0,1,SAN MARTIN,MOYOBAMBA,SORITOR,URBANA,CARRETERA,PROVINCIAL,SM-625,-6.132131,-77.110711,DESPEJADO,COMERCIAL,TRAMO RECTO,PLANA ,ASFALTADA,,,,,IMPRUDENCIA DEL CONDUCTOR,OTRO (IMPRUDENCIA DEL CONDUCTOR),21.0,0,24.0,24.0,24.0,24.0,1,1,1,0,0,0,1
A-2024-06-162,2024-06-22,23:40,ATROPELLO FUGA,1,0,0,LIMA,LIMA,PUENTE PIEDRA,URBANA,CARRETERA,NACIONAL,PE-1N,-11.899502,-77.067748,DESPEJADO,INDUSTRIAL,TRAMO RECTO,PLANA ,ASFALTADA,,,,,EN PROCESO DE INVESTIGACIÓN,NO CUENTA CON CAUSA ESPECIFICA,23.0,0,46.0,46.0,28.0,64.0,2,1,1,0,1,0,2
A-2024-06-127,2024-06-23,05:00,CHOQUE CON OBJETO FIJO,1,0,0,LIMA,LIMA,ATE,URBANA,AVENIDA,URBANO,NO CORRESPONDE,-12.026491756144312,-76.89271506026371,DESPEJADO,ESCOLAR,TRAMO RECTO,PLANA ,ASFALTADA,,,,,EN PROCESO DE INVESTIGACIÓN,NO CUENTA CON CAUSA ESPECIFICA,5.0,0,39.0,39.0,39.0,39.0,1,1,1,0,1,0,1
A-2024-06-163,2024-06-23,07:00,ATROPELLO FUGA,1,0,0,LIMA,LIMA,LIMA,URBANA,AVENIDA,URBANO,NO CORRESPONDE,-12.059118855497164,-77.03617298996238,DESPEJADO,COMERCIAL,TRAMO RECTO,PLANA ,ASFALTADA,,,,,EN PROCESO DE INVESTIGACIÓN,NO CUENTA CON CAUSA ESPECIFICA,7.0,0,24.0,24.0,24.0,24.0,1,0,1,0,0,0,2
A-2024-06-64,2024-06-23,12:00,CHOQUE,1,0,2,CUSCO,QUISPICANCHI,CUSIPATA,RURAL,CARRETERA,NACIONAL,PE-3S,-13.920141,-71.505617,DESPEJADO,RURAL,CURVA,PLANA ,ASFALTADA,NO,,,SI,IMPRUDENCIA DEL CONDUCTOR,INVASIÓN DE CARRIL,12.0,0,39.0,39.0,37.0,41.0,2,2,1,0,2,2,2
A-2024-06-128,2024-06-23,15:15,ATROPELLO,1,0,0,LIMA,LIMA,MIRAFLORES,URBANA,AVENIDA,URBANO,NO CORRESPONDE,-12.12043472923779,-77.01828774174706,DESPEJADO,COMERCIAL,TRAMO RECTO,PLANA ,ASFALTADA,SI,PREVENTIVA (P),,SI,EN PROCESO DE INVESTIGACIÓN,NO CUENTA CON CAUSA ESPECIFICA,15.0,0,64.0,64.0,46.0,82.0,2,1,1,0,1,0,2
A-2024-06-53,2024-06-24,03:50,VOLCADURA,1,0,1,AREQUIPA,AREQUIPA,PAUCARPATA,URBANA,AVENIDA,URBANO,NO CORRESPONDE,-16.4171365094697,-71.4926921425655,SOLEADO,ESCOLAR,INTERSECCIÓN,INCLINADA,ASFALTADA,,,,,EN PROCESO DE INVESTIGACIÓN,NO CUENTA CON CAUSA ESPECIFICA,3.0,0,44.0,44.0,44.0,44.0,1,1,1,0,0,0,1
A-2024-06-85,2024-06-24,07:50,CHOQUE,1,2,2,PASCO,PASCO,CHAUPIMARCA,RURAL,CARRETERA,NACIONAL,PE-3N,-10.699178493360863,-76.23682382600826,NUBLADO,RURAL,CURVA,INCLINADA,ASFALTADA,,,,,IMPRUDENCIA DEL CONDUCTOR,EXCESO DE VELOCIDAD,7.0,0,43.333333333333336,42.0,29.0,59.0,2,2,1,2,2,0,3
A-2024-06-54,2024-06-24,18:30,ATROPELLO,1,0,1,AREQUIPA,AREQUIPA,ALTO SELVA ALEGRE,URBANA,AVENIDA,URBANO,NO CORRESPONDE,-16.362033,-71.517563,DESPEJADO,RESIDENCIAL,TRAMO RECTO,PLANA ,ASFALTADA,,,,,EN PROCESO DE INVESTIGACIÓN,NO CUENTA CON CAUSA ESPECIFICA,18.0,0,52.0,52.0,37.0,67.0,2,1,1,0,1,0,2
A-2024-06-43,2024-06-25,01:20,ATROPELLO,1,0,0,AREQUIPA,AREQUIPA,SANTA RITA DE SIGUAS,RURAL,CARRETERA,NACIONAL,PE-1S,-16.41794,-72.037985,DESPEJADO,RURAL,TRAMO RECTO,PLANA ,ASFALTADA,,,,,EN PROCESO DE INVESTIGACIÓN,NO CUENTA CON CAUSA ESPECIFICA,1.0,0,,,,,0,0,1,0,0,0,2