CODIGO_SINIESTRO,FECHA_SINIESTRO,HORA_SINIESTRO,CLASE_SINIESTRO,CANTIDAD_FALLECIDOS,CANTIDAD_LESIONADOS,CANTIDAD_VEHICULOS,DEPARTAMENTO,PROVINCIA,DISTRITO,ZONA,TIPO_VIA,RED_VIAL,COD_CARRETERA,LATITUD,LONGITUD,CONDICION_CLIMATICA,ZONIFICACION,CARACTERISTICAS_VIA,PERFIL_VIA,SUPERFICIE_CALZADA,EXISTE_SENIAL_VERTICAL,CLASIFICACION_SENIAL_VERTICAL_1,CLASIFICACION_SENIAL_VERTICAL_2,EXISTE_SENIAL_HORIZONTAL,CAUSA_FACTOR_PRINCIPAL,CAUSA_ESPECIFICA,HORA,severidad,EDAD_PROMEDIO,EDAD_MEDIANA,EDAD_MIN,EDAD_MAX,TOTAL_MASCULINOS,TOTAL_CONDUCTORES,TOTAL_FALLECIDOS_AGG,TOTAL_LESIONADOS_AGG,TOTAL_LICENCIA,TOTAL_ALCOHOL_POSITIVO,TOTAL_PERSONAS
A-2024-06-46,2024-06-25,05:20,ATROPELLO,1,0,1,SAN MARTIN,MOYOBAMBA,MOYOBAMBA,URBANA,CARRETERA,NACIONAL,PE-5N,-6.046114,-77.017086,DESPEJADO,RESIDENCIAL,CURVA,INCLINADA,ASFALTADA,,,,,IMPRUDENCIA DEL CONDUCTOR,OTRO (IMPRUDENCIA DEL CONDUCTOR),5.0,0,34.5,34.5,21.0,48.0,1,1,1,0,1,0,2
A-2024-06-129,2024-06-25,11:15,ATROPELLO,1,0,0,LIMA,LIMA,INDEPENDENCIA,URBANA,AVENIDA,URBANO,NO CORRESPONDE,-12.007479066221716,-77.05403558461559,DESPEJADO,COMERCIAL,TRAMO RECTO,PLANA ,ASFALTADA,SI,PREVENTIVA (P),,SI,EN PROCESO DE INVESTIGACIÓN,NO CUENTA CON CAUSA ESPECIFICA,11.0,0,57.5,57.5,37.0,78.0,2,1,1,0,1,0,2
A-2024-06-130,2024-06-26,12:35,ATROPELLO,1,0,0,LIMA,LIMA,MIRAFLORES,URBANA,AVENIDA,URBANO,NO CORRESPONDE,-12.11158748399002,-77.02915430492692,DESPEJADO,ESCOLAR,INTERSECCIÓN,PLANA ,ASFALTADA,SI,REGULADORA (R),,SI,EN PROCESO DE INVESTIGACIÓN,NO CUENTA CON CAUSA ESPECIFICA,12.0,0,65.5,65.5,34.0,97.0,2,1,1,0,1,0,2
A-2024-06-30,2024-06-26,13:50,ATROPELLO,1,0,0,PUNO,YUNGUYO,YUNGUYO,RURAL,CARRETERA,DEPARTAMENTAL,PU-151,-16.2505869,-69.0729939,DESPEJADO,RURAL,TRAMO RECTO,PLANA ,ASFALTADA,,,,,IMPRUDENCIA DEL PEATÓN,CRUCE INDEBIDO POR LA CALZADA,13.0,0,62.0,62.0,59.0,65.0,1,1,1,0,1,0,2
A-2024-06-47,2024-06-26,18:00,CHOQUE,1,0,2,SAN MARTIN,RIOJA,AWAJUN,RURAL,CARRETERA,PROVINCIAL,SM-507,-5.698771,-77.44196,DESPEJADO,RURAL,CURVA,INCLINADA,AFIRMADO,,,,,EN PROCESO DE INVESTIGACIÓN,NO CUENTA CON CAUSA ESPECIFICA,18.0,0,26.0,28.0,0.0,50.0,2,2,1,0,1,0,3
A-2024-06-26,2024-06-27,16:00,CHOQUE,1,0,1,TUMBES,TUMBES,LA CRUZ,RURAL,CARRETERA,NACIONAL,PE-1N,-3.6239269134544574,-80.56110268836153,DESPEJADO,RURAL,TRAMO RECTO,PLANA ,ASFALTADA,,,,,IMPRUDENCIA DEL CONDUCTOR,OTRO (IMPRUDENCIA DEL CONDUCTOR),16.0,0,28.5,28.5,22.0,35.0,2,2,1,0,0,0,2
A-2024-06-79,2024-06-27,17:00,DESPISTE,1,0,0,ICA,PISCO,HUMAY,RURAL,CARRETERA,PROVINCIAL,IC-574,-13.735702,-75.97091,DESPEJADO,RURAL,TRAMO RECTO,PLANA ,TROCHA,,,,,EN PROCESO DE INVESTIGACIÓN,NO CUENTA CON CAUSA ESPECIFICA,17.0,0,40.0,40.0,40.0,40.0,1,1,1,0,0,0,1
A-2024-06-131,2024-06-27,21:00,ATROPELLO,1,0,0,LIMA,LIMA,ATE,URBANA,AVENIDA,URBANO,NO CORRESPONDE,-12.012445927509834,-76.83954775196847,DESPEJADO,RESIDENCIAL,INTERSECCIÓN,PLANA ,ASFALTADA,,,,,EN PROCESO DE INVESTIGACIÓN,NO CUENTA CON CAUSA ESPECIFICA,21.0,0,52.5,52.5,39.0,66.0,1,1,1,0,1,0,2
A-2024-06-36,2024-06-28,03:35,DESPISTE,1,1,1,LA LIBERTAD,PACASMAYO,GUADALUPE,RURAL,CARRETERA,NACIONAL,PE-1N,-7.2482344207,-79.4738378947,DESPEJADO,RURAL,TRAMO RECTO,PLANA ,ASFALTADA,,,,,EN PROCESO DE INVESTIGACIÓN,NO CUENTA CON CAUSA ESPECIFICA,3.0,0,41.0,33.0,33.0,57.0,3,1,1,1,0,0,3
A-2024-06-124,2024-06-28,05:30,ESPECIAL,1,0,1,CAJAMARCA,JAEN,JAEN,RURAL,CARRETERA,NACIONAL,PE-5N,-5.79361592,-78.7248287,DESPEJADO,RURAL,TRAMO RECTO,PLANA ,ASFALTADA,,,,,EN PROCESO DE INVESTIGACIÓN,NO CUENTA CON CAUSA ESPECIFICA,5.0,0,32.0,32.0,32.0,32.0,1,1,1,0,0,0,1
A-2024-06-86,2024-06-28,17:25,DESPISTE,1,1,1,LIMA,HUARAL,PACARAOS,RURAL,CARRETERA,NACIONAL,PE-20C,-11.12736995,-76.62629197,DESPEJADO,RURAL,CURVA,INCLINADA,ASFALTADA,,,,,IMPRUDENCIA DEL CONDUCTOR,EXCESO DE VELOCIDAD,17.0,0,34.5,34.5,25.0,44.0,1,1,1,1,1,0,2
A-2024-06-62,2024-06-29,02:30,CHOQUE CON OBJETO FIJO,2,0,1,AYACUCHO,HUAMANGA,TAMBILLO,URBANA,AVENIDA,URBANO,NO CORRESPONDE,-13.1714627982185,-74.163733709001,DESPEJADO,RESIDENCIAL,TRAMO RECTO,INCLINADA,CONCRETO,SI,PREVENTIVA (P),,NO,IMPRUDENCIA DEL CONDUCTOR,CONDUCIR EN ESTADO DE EBRIEDAD Y/O DROGADICCIÓN,2.0,1,16.5,16.5,14.0,19.0,1,1,2,0,0,1,2
A-2024-06-59,2024-06-29,06:30,DESPISTE,1,1,1,CUSCO,CHUMBIVILCAS,VELILLE,RURAL,CARRETERA,NACIONAL,PE-3SG,-14.587728,-71.732388,DESPEJADO,RURAL,CURVA,PLANA ,ASFALTADA,,,,,IMPRUDENCIA DEL CONDUCTOR,GIRAR IMPRUDENTEMENTE,6.0,0,76.0,76.0,73.0,79.0,2,1,1,1,1,0,2
A-2024-06-32,2024-06-29,18:20,ATROPELLO FUGA,1,0,0,PUNO,EL COLLAO,ILAVE,URBANA,AVENIDA,URBANO,NO CORRESPONDE,-16.0852937,-69.6415498,DESPEJADO,COMERCIAL,TRAMO RECTO,PLANA ,ASFALTADA,,,,,IMPRUDENCIA DEL PEATÓN,CRUCE INDEBIDO POR LA CALZADA,18.0,0,75.0,75.0,75.0,75.0,0,0,1,0,0,0,2
A-2024-06-31,2024-06-29,18:30,ATROPELLO,1,0,0,PUNO,PUNO,PUNO,URBANA,CARRETERA,NACIONAL,PE-3S,-15.8631607,-69.9995871,,,,,,,,,,IMPRUDENCIA DEL CONDUCTOR,OTRO (IMPRUDENCIA DEL CONDUCTOR),18.0,0,15.0,15.0,15.0,15.0,1,0,1,0,0,0,2
A-2024-06-63,2024-06-29,21:30,DESPISTE,1,1,1,AYACUCHO,HUAMANGA,AYACUCHO,RURAL,CARRETERA,PROVINCIAL,AY-781,-13.090232,-74.233856,DESPEJADO,RURAL,CURVA,INCLINADA,TROCHA,SI,PREVENTIVA (P),,NO,IMPRUDENCIA DEL CONDUCTOR,OTRO (IMPRUDENCIA DEL CONDUCTOR),21.0,0,24.5,24.5,7.0,42.0,1,1,1,1,0,0,2
A-2024-06-132,2024-06-30,01:15,CAÍDA DE PASAJERO,1,0,0,LIMA,LIMA,SAN MARTIN DE PORRES,URBANA,CALLE,URBANO,NO CORRESPONDE,-11.985782522432991,-77.11183486307169,DESPEJADO,RESIDENCIAL,TRAMO RECTO,PLANA ,ASFALTADA,,,,,EN PROCESO DE INVESTIGACIÓN,NO CUENTA CON CAUSA ESPECIFICA,1.0,0,28.0,28.0,28.0,28.0,1,0,1,0,0,0,2
A-2024-06-28,2024-06-30,08:00,DESPISTE,1,2,1,TUMBES,CONTRALMIRANTE VILLAR,CASITAS,RURAL,CARRETERA,DEPARTAMENTAL,TU-105,-3.961321264119853,-80.66078392398606,DESPEJADO,RURAL,TRAMO RECTO,PLANA ,ASFALTADA,,,,,NEGLIGENCIA DEL CONDUCTOR,CONDUCIR CON FALLAS ELÉCTRICAS,8.0,0,71.0,71.0,55.0,87.0,3,1,1,2,1,0,4
A-2024-06-82,2024-06-30,18:45,CHOQUE,1,1,2,ICA,ICA,SANTIAGO,URBANA,CARRETERA,NACIONAL,PE-1S,-14.3853332372313,-75.6128595946749,DESPEJADO,RESIDENCIAL,TRAMO RECTO,PLANA ,ASFALTADA,,,,,EN PROCESO DE INVESTIGACIÓN,NO CUENTA CON CAUSA ESPECIFICA,18.0,0,27.666666666666668,28.0,17.0,38.0,3,2,1,1,0,0,3
A-2024-06-37,2024-06-30,19:00,DESPISTE,1,0,1,LA LIBERTAD,PACASMAYO,JEQUETEPEQUE,RURAL,CARRETERA,PROVINCIAL,LI-565,-7.3305164201,-79.5594441966,DESPEJADO,RURAL,TRAMO RECTO,PLANA ,ASFALTADA,,,,,EN PROCESO DE INVESTIGACIÓN,NO CUENTA CON CAUSA ESPECIFICA,19.0,0,34.0,34.0,34.0,34.0,1,1,1,0,0,0,1
A-2024-06-123,2024-06-30,20:00,CHOQUE,2,3,2,CAJAMARCA,CONTUMAZA,YONAN,RURAL,CARRETERA,NACIONAL,PE-08,-7.249759021,-79.22989279,DESPEJADO,RURAL,TRAMO RECTO,PLANA ,ASFALTADA,,,,,IMPRUDENCIA DEL CONDUCTOR,CONDUCIR EN ESTADO DE EBRIEDAD Y/O DROGADICCIÓN,20.0,1,26.333333333333332,25.5,6.0,42.0,4,2,2,3,1,1,6
A-2024-06-133,2024-06-30,20:00,ATROPELLO,1,0,0,LIMA,LIMA,LURIN,URBANA,CARRETERA,NACIONAL,PE-1S,-12.297232639462726,-76.8550983925017,DESPEJADO,RESIDENCIAL,TRAMO RECTO,PLANA ,ASFALTADA,,,,,EN PROCESO DE INVESTIGACIÓN,NO CUENTA CON CAUSA ESPECIFICA,20.0,0,44.0,44.0,44.0,44.0,2,1,1,0,1,0,2
A-2024-06-80,2024-06-30,21:30,CHOQUE FUGA,1,0,0,AREQUIPA,AREQUIPA,YURA,RURAL,CARRETERA,NACIONAL,PE-34A,-16.057878,-71.414583,SOLEADO,RURAL,TRAMO RECTO,PLANA ,ASFALTADA,,,,,EN PROCESO DE INVESTIGACIÓN,NO CUENTA CON CAUSA ESPECIFICA,21.0,0,39.0,39.0,33.0,45.0,2,2,1,0,2,0,2
A-2024-07-39,2024-07-01,05:50,CHOQUE,2,2,2,LIMA,HUAURA,HUACHO,RURAL,CARRETERA,NACIONAL,PE-1N,-11.20513,-77.5615,DESPEJADO,RURAL,TRAMO RECTO,PLANA ,ASFALTADA,SI,PREVENTIVA (P),,NO,IMPRUDENCIA DEL CONDUCTOR,CONDUCIR EN ESTADO DE EBRIEDAD Y/O DROGADICCIÓN,5.0,1,43.2,42.0,33.0,52.0,5,2,2,2,2,1,5
A-2024-07-2,2024-07-01,11:00,DESPISTE,1,0,1,HUANCAVELICA,ACOBAMBA,MARCAS,RURAL,CARRETERA,NACIONAL,PE-3SM,-12.870891694931505,-74.37912570631215,SOLEADO,RURAL,TRAMO RECTO,INCLINADA,ASFALTADA,,,,,EN PROCESO DE INVESTIGACIÓN,NO CUENTA CON CAUSA ESPECIFICA,11.0,0,60.0,60.0,60.0,60.0,1,1,1,0,1,0,1
A-2024-07-50,2024-07-02,12:30,ATROPELLO,1,0,1,CUSCO,ANTA,ANCAHUASI,RURAL,CARRETERA,NACIONAL,PE-3S,-13.479107,-72.271813,DESPEJADO,RURAL,TRAMO RECTO,PLANA ,ASFALTADA,SI,PREVENTIVA (P),,NO,IMPRUDENCIA DEL PEATÓN,CRUCE INDEBIDO POR LA CALZADA,12.0,0,45.0,45.0,35.0,55.0,1,1,1,0,1,0,2
A-2024-07-79,2024-07-02,20:00,CHOQUE FUGA,1,1,2,ICA,NASCA,NASCA,URBANA,CARRETERA,NACIONAL,PE-1S,-14.871135,-74.988225,DESPEJADO,COMERCIAL,TRAMO RECTO,PLANA ,ASFALTADA,,,,,EN PROCESO DE INVESTIGACIÓN,NO CUENTA CON CAUSA ESPECIFICA,20.0,0,28.5,28.5,21.0,36.0,2,1,1,1,0,0,3
A-2024-07-91,2024-07-03,04:15,ATROPELLO FUGA,1,0,0,LIMA,LIMA,PUENTE PIEDRA,URBANA,AVENIDA,URBANO,NO CORRESPONDE,-11.8409078045671,-77.1142403677208,DESPEJADO,INDUSTRIAL,TRAMO RECTO,PLANA ,ASFALTADA,,,,,EN PROCESO DE INVESTIGACIÓN,NO CUENTA CON CAUSA ESPECIFICA,4.0,0,83.0,83.0,83.0,83.0,0,0,1,0,0,0,2
A-2024-07-8,2024-07-03,12:35,DESPISTE,1,0,1,SAN MARTIN,MOYOBAMBA,MOYOBAMBA,URBANA,JIRÓN,URBANO,NO CORRESPONDE,-6.035303,-76.978218,DESPEJADO,RESIDENCIAL,INTERSECCIÓN,PLANA ,ASFALTADA,,,,,IMPRUDENCIA DEL CONDUCTOR,OTRO (IMPRUDENCIA DEL CONDUCTOR),12.0,0,56.0,56.0,56.0,56.0,1,1,1,0,0,0,1
A-2024-07-85,2024-07-03,17:20,CAÍDA DE PASAJERO,1,0,0,APURIMAC,ANDAHUAYLAS,HUANCARAMA,RURAL,CARRETERA,PROVINCIAL,AP-597,-13.64915786,-73.08241309,DESPEJADO,RURAL,TRAMO RECTO,PLANA ,AFIRMADO,,,,,EN PROCESO DE INVESTIGACIÓN,NO CUENTA CON CAUSA ESPECIFICA,17.0,0,29.0,29.0,29.0,29.0,1,0,1,0,0,0,1
A-2024-07-19,2024-07-03,19:05,CHOQUE,1,0,1,LA LIBERTAD,ASCOPE,CHOCOPE,RURAL,CARRETERA,NACIONAL,PE-1N,-7.774306040286194,-79.25360774773131,DESPEJADO,RURAL,TRAMO RECTO,PLANA ,ASFALTADA,,,,,EN PROCESO DE INVESTIGACIÓN,NO CUENTA CON CAUSA ESPECIFICA,19.0,0,57.0,57.0,41.0,73.0,2,2,1,0,1,0,2
A-2024-07-97,2024-07-04,04:30,CAÍDA DE PASAJERO,1,0,1,CAJAMARCA,CUTERVO,QUEROCOTILLO,RURAL,CARRETERA,PROVINCIAL,CA-824,-6.170657,-79.018362,DESPEJADO,RURAL,CURVA,INCLINADA,ASFALTADA,,,,,IMPRUDENCIA DEL CONDUCTOR,OTRO (IMPRUDENCIA DEL CONDUCTOR),4.0,0,46.0,46.0,26.0,66.0,2,1,1,0,0,0,2
A-2024-07-107,2024-07-04,15:40,DESPISTE,1,0,0,LIMA,LIMA,SAN JUAN DE LURIGANCHO,URBANA,AVENIDA,URBANO,NO CORRESPONDE,-11.921401347187532,-76.96084320498774,DESPEJADO,RESIDENCIAL,TRAMO RECTO,PLANA ,ASFALTADA,,,,,EN PROCESO DE INVESTIGACIÓN,NO CUENTA CON CAUSA ESPECIFICA,15.0,0,75.0,75.0,75.0,75.0,1,1,1,0,0,0,1
A-2024-07-106,2024-07-04,16:40,ATROPELLO,1,0,0,LIMA,LIMA,PUENTE PIEDRA,URBANA,CALLE,URBANO,NO CORRESPONDE,-11.870448199694373,-77.06469975319628,DESPEJADO,RESIDENCIAL,TRAMO RECTO,PLANA ,TROCHA,,,,,EN PROCESO DE INVESTIGACIÓN,NO CUENTA CON CAUSA ESPECIFICA,16.0,0,16.5,16.5,2.0,31.0,2,1,1,0,1,0,2
A-2024-07-1,2024-07-04,18:10,ATROPELLO,1,0,0,CALLAO,CALLAO,CARMEN DE LA LEGUA REYNOSO,URBANA,AVENIDA,URBANO,NO CORRESPONDE,-12.0401285051537,-77.0934826487524,DESPEJADO,RESIDENCIAL,TRAMO RECTO,PLANA ,ASFALTADA,,,,,IMPRUDENCIA DEL CONDUCTOR,OTRO (IMPRUDENCIA DEL CONDUCTOR),18.0,0,62.0,62.0,47.0,77.0,2,1,1,0,1,0,2
A-2024-07-108,2024-07-04,21:41,CHOQUE,1,0,0,LIMA,LIMA,SURQUILLO,URBANA,AVENIDA,URBANO,NO CORRESPONDE,-12.1053873160405,-77.01780925597792,DESPEJADO,COMERCIAL,INTERSECCIÓN,PLANA ,ASFALTADA,SI,PREVENTIVA (P),,SI,EN PROCESO DE INVESTIGACIÓN,NO CUENTA CON CAUSA ESPECIFICA,21.0,0,58.0,58.0,33.0,83.0,2,2,1,0,2,0,2
A-2024-07-3,2024-07-04,21:45,CHOQUE,1,2,2,PUNO,CHUCUITO,ZEPITA,RURAL,CARRETERA,NACIONAL,PE-3S,-16.460345,-69.138111,DESPEJADO,RURAL,TRAMO RECTO,PLANA ,ASFALTADA,,,,,IMPRUDENCIA DEL CONDUCTOR,OTRO (IMPRUDENCIA DEL CONDUCTOR),21.0,0,50.0,47.0,45.0,58.0,2,2,1,2,0,0,3
A-2024-07-4,2024-07-05,14:30,ATROPELLO FUGA,1,0,0,PUNO,EL COLLAO,ILAVE,RURAL,CARRETERA,PROVINCIAL,PU-1160,-16.025852,-69.490229,,,,,,,,,,EN PROCESO DE INVESTIGACIÓN,NO CUENTA CON CAUSA ESPECIFICA,14.0,0,42.0,42.0,42.0,42.0,0,0,1,0,0,0,2
A-2024-07-63,2024-07-05,16:20,CHOQUE CON OBJETO FIJO,1,0,0,AREQUIPA,AREQUIPA,PAUCARPATA,RURAL,AVENIDA,URBANO,NO CORRESPONDE,-16.4109523452725,-71.5135675096222,SOLEADO,RURAL,INTERSECCIÓN,PLANA ,ASFALTADA,,,,,EN PROCESO DE INVESTIGACIÓN,NO CUENTA CON CAUSA ESPECIFICA,16.0,0,29.0,29.0,29.0,29.0,1,1,1,0,1,0,1
A-2024-07-5,2024-07-05,19:30,ATROPELLO,1,0,1,PUNO,EL COLLAO,ILAVE,RURAL,CARRETERA,NACIONAL,PE-38A,-16.0934809,-69.6263869,DESPEJADO,RURAL,TRAMO RECTO,PLANA ,ASFALTADA,,,,,IMPRUDENCIA DEL PEATÓN,CRUCE INDEBIDO POR LA CALZADA,19.0,0,62.0,62.0,58.0,66.0,2,1,1,0,1,0,2
A-2024-07-109,2024-07-05,20:30,ATROPELLO,1,0,0,LIMA,LIMA,VILLA EL SALVADOR,URBANA,AVENIDA,URBANO,NO CORRESPONDE,-12.211305041510728,-76.94464264628972,DESPEJADO,COMERCIAL,INTERSECCIÓN,PLANA ,ASFALTADA,,,,,EN PROCESO DE INVESTIGACIÓN,NO CUENTA CON CAUSA ESPECIFICA,20.0,0,29.0,29.0,29.0,29.0,2,1,1,0,1,0,2
A-2024-07-110,2024-07-06,12:50,ATROPELLO,1,0,0,LIMA,LIMA,VILLA MARIA DEL TRIUNFO,URBANA,AVENIDA,URBANO,NO CORRESPONDE,-12.140738445627314,-76.94873884564066,DESPEJADO,COMERCIAL,TRAMO RECTO,INCLINADA,ASFALTADA,,,,,EN PROCESO DE INVESTIGACIÓN,NO CUENTA CON CAUSA ESPECIFICA,12.0,0,54.0,54.0,32.0,76.0,2,1,1,0,1,0,2
A-2024-07-49,2024-07-06,22:30,DESPISTE,3,0,1,CUSCO,PAUCARTAMBO,KOSÑIPATA,RURAL,CARRETERA,DEPARTAMENTAL,CU-113,-13.079605,-71.559882,DESPEJADO,RURAL,CURVA,PLANA ,AFIRMADO,,,,,IMPRUDENCIA DEL CONDUCTOR,FATIGA Y/O CANSANCIO,22.0,2,35.0,36.0,1.0,68.0,1,1,3,0,0,0,3
A-2024-07-61,2024-07-07,03:00,DESPISTE,1,4,1,CUSCO,CHUMBIVILCAS,SANTO TOMAS,URBANA,CARRETERA,NACIONAL,PE-3SG,-14.470243,-72.097836,DESPEJADO,RURAL,TRAMO RECTO,PLANA ,AFIRMADO,,,,,IMPRUDENCIA DEL CONDUCTOR,OTRO (IMPRUDENCIA DEL CONDUCTOR),3.0,0,40.333333333333336,42.0,21.0,55.0,4,1,1,4,1,0,6
A-2024-07-11,2024-07-07,04:00,DESPISTE,1,1,1,HUANCAVELICA,ACOBAMBA,ACOBAMBA,RURAL,CARRETERA,NACIONAL,PE-3SM,-12.804602564283424,-74.58363349564864,DESPEJADO,RURAL,TRAMO RECTO,PLANA ,ASFALTADA,,,,,EN PROCESO DE INVESTIGACIÓN,NO CUENTA CON CAUSA ESPECIFICA,4.0,0,49.5,49.5,45.0,54.0,1,1,1,1,0,0,2
A-2024-07-35,2024-07-07,04:00,CHOQUE FUGA,1,1,2,TUMBES,ZARUMILLA,ZARUMILLA,URBANA,CARRETERA,NACIONAL,PE-1NO,-3.4922005695280047,-80.26855400224463,DESPEJADO,RURAL,TRAMO RECTO,PLANA ,ASFALTADA,,,,,IMPRUDENCIA DEL CONDUCTOR,CONDUCIR EN ESTADO DE EBRIEDAD Y/O DROGADICCIÓN,4.0,0,19.0,19.0,18.0,20.0,1,1,1,1,0,0,3
A-2024-07-6,2024-07-07,11:40,ATROPELLO,1,0,1,PUNO,EL COLLAO,ILAVE,RURAL,CARRETERA,PROVINCIAL,PU-1153,-16.01711,-69.576786,DESPEJADO,RURAL,TRAMO RECTO,PLANA ,ASFALTADA,,,,,IMPRUDENCIA DEL PEATÓN,CRUCE INDEBIDO POR LA CALZADA,11.0,0,63.5,63.5,56.0,71.0,2,1,1,0,1,0,2
A-2024-07-92,2024-07-07,13:30,ATROPELLO,1,0,1,CAJAMARCA,SAN IGNACIO,SAN IGNACIO,URBANA,JIRÓN,URBANO,NO CORRESPONDE,-5.143478,-79.000694,DESPEJADO,ESCOLAR,CURVA,INCLINADA,CONCRETO,,,,,IMPRUDENCIA DEL PEATÓN,ESTADO DE EBRIEDAD Y/O DROGADICCIÓN,13.0,0,57.5,57.5,45.0,70.0,2,1,1,0,1,1,2
A-2024-07-7,2024-07-07,15:40,ATROPELLO,1,0,1,PUNO,PUNO,CAPACHICA,RURAL,CARRETERA,DEPARTAMENTAL,PU-119,-15.63410904658044,-69.83268881343423,DESPEJADO,RURAL,TRAMO RECTO,PLANA ,ASFALTADA,,,,,IMPRUDENCIA DEL PEATÓN,CRUCE INDEBIDO POR LA CALZADA,15.0,0,66.0,66.0,41.0,91.0,1,1,1,0,1,0,2
A-2024-07-78,2024-07-07,17:00,DESPISTE,1,3,1,AYACUCHO,LUCANAS,LLAUTA,RURAL,CARRETERA,DEPARTAMENTAL,AY-111,-14.2300181904324,-74.8947654455861,DESPEJADO,RURAL,SINUOSA,INCLINADA,TROCHA,,,,,EN PROCESO DE INVESTIGACIÓN,NO CUENTA CON CAUSA ESPECIFICA,17.0,0,43.5,45.5,20.0,63.0,4,1,1,3,1,0,4
A-2024-07-62,2024-07-07,19:30,ATROPELLO,1,0,0,CUSCO,PARURO,CCAPI,RURAL,CARRETERA,PROVINCIAL,CU-1526,-13.894644,-72.039359,DESPEJADO,RURAL,TRAMO RECTO,PLANA ,AFIRMADO,,,,,IMPRUDENCIA DEL PEATÓN,DESACATO DE SEÑAL DE TRÁNSITO,19.0,0,11.0,11.0,2.0,20.0,2,1,1,0,1,0,2
A-2024-07-20,2024-07-07,20:40,ATROPELLO,1,0,1,LA LIBERTAD,PATAZ,PATAZ,RURAL,CARRETERA,DEPARTAMENTAL,LI-124,-7.8210419787,-77.6397806089,DESPEJADO,RURAL,TRAMO RECTO,PLANA ,TROCHA,,,,,EN PROCESO DE INVESTIGACIÓN,NO CUENTA CON CAUSA ESPECIFICA,20.0,0,10.0,10.0,3.0,17.0,1,0,1,0,0,0,2
A-2024-07-93,2024-07-08,06:20,CHOQUE,2,0,2,CAJAMARCA,JAEN,JAEN,URBANA,CARRETERA,NACIONAL,PE-5N,-5.677865,-78.780607,DESPEJADO,COMERCIAL,TRAMO RECTO,INCLINADA,ASFALTADA,SI,PREVENTIVA (P),,NO,IMPRUDENCIA DEL CONDUCTOR,EXCESO DE VELOCIDAD,6.0,1,34.666666666666664,32.0,26.0,46.0,3,2,2,0,2,0,3
A-2024-07-99,2024-07-08,07:00,DESPISTE,1,3,1,CAJAMARCA,CAJABAMBA,SITACOCHA,RURAL,CARRETERA,SIN CLASIFICAR,SIN CLASIFICAR,-7.365094,-77.921702,DESPEJADO,RURAL,TRAMO RECTO,PLANA ,AFIRMADO,,,,,IMPRUDENCIA DEL CONDUCTOR,OTRO (IMPRUDENCIA DEL CONDUCTOR),7.0,0,34.5,25.0,21.0,67.0,3,1,1,3,1,0,4
A-2024-07-88,2024-07-08,12:45,CHOQUE FUGA,1,0,0,UCAYALI,CORONEL PORTILLO,YARINACOCHA,URBANA,CARRETERA,NACIONAL,PE-18C,-8.388407275047218,-74.5649867593487,DESPEJADO,COMERCIAL,INTERSECCIÓN,PLANA ,CONCRETO,,,,,IMPRUDENCIA DEL CONDUCTOR,OTRO (IMPRUDENCIA DEL CONDUCTOR),12.0,0,66.0,66.0,63.0,69.0,2,2,1,0,1,0,3
A-2024-07-95,2024-07-08,15:00,VOLCADURA,1,0,1,CAJAMARCA,CAJAMARCA,CAJAMARCA,RURAL,CARRETERA,NACIONAL,PE-08,-7.238167,-78.477142,DESPEJADO,RURAL,CURVA,INCLINADA,ASFALTADA,,,,,IMPRUDENCIA DEL CONDUCTOR,EXCESO DE VELOCIDAD,15.0,0,50.5,50.5,42.0,59.0,2,1,1,0,1,0,2
A-2024-07-58,2024-07-08,15:30,CHOQUE,1,21,2,CUSCO,CUSCO,SANTIAGO,RURAL,CARRETERA,DEPARTAMENTAL,CU-117,-13.613334617929455,-71.94540188018637,DESPEJADO,RURAL,TRAMO RECTO,PLANA ,ASFALTADA,,,,,IMPRUDENCIA DEL CONDUCTOR,INVASIÓN DE CARRIL,15.0,0,38.72727272727273,40.0,11.0,66.0,13,2,1,21,2,0,22
A-2024-07-57,2024-07-08,17:00,ATROPELLO FUGA,1,0,0,CUSCO,CHUMBIVILCAS,CHAMACA,RURAL,CARRETERA,NACIONAL,PE-3SY,-14.365861,-71.97692,DESPEJADO,RURAL,TRAMO RECTO,PLANA ,ASFALTADA,,,,,IMPRUDENCIA DEL CONDUCTOR,OTRO (IMPRUDENCIA DEL CONDUCTOR),17.0,0,1.0,1.0,1.0,1.0,1,0,1,0,0,0,2
A-2024-07-16,2024-07-08,20:30,CHOQUE,1,1,2,SAN MARTIN,RIOJA,NUEVA CAJAMARCA,URBANA,CARRETERA,NACIONAL,PE-5N,-5.8122,-77.390418,DESPEJADO,RESIDENCIAL,TRAMO RECTO,PLANA ,ASFALTADA,,,,,IMPRUDENCIA DEL CONDUCTOR,OTRO (IMPRUDENCIA DEL CONDUCTOR),20.0,0,27.0,27.0,22.0,32.0,2,2,1,1,1,0,2
A-2024-07-111,2024-07-08,20:45,ATROPELLO,1,0,0,LIMA,LIMA,SAN JUAN DE LURIGANCHO,URBANA,AVENIDA,URBANO,NO CORRESPONDE,-11.923019149931664,-76.96034636696854,DESPEJADO,COMERCIAL,TRAMO RECTO,PLANA ,ASFALTADA,,,,,EN PROCESO DE INVESTIGACIÓN,NO CUENTA CON CAUSA ESPECIFICA,20.0,0,74.0,74.0,68.0,80.0,2,1,1,0,1,0,2