CODIGO_SINIESTRO,FECHA_SINIESTRO,HORA_SINIESTRO,CLASE_SINIESTRO,CANTIDAD_FALLECIDOS,CANTIDAD_LESIONADOS,CANTIDAD_VEHICULOS,DEPARTAMENTO,PROVINCIA,DISTRITO,ZONA,TIPO_VIA,RED_VIAL,COD_CARRETERA,LATITUD,LONGITUD,CONDICION_CLIMATICA,ZONIFICACION,CARACTERISTICAS_VIA,PERFIL_VIA,SUPERFICIE_CALZADA,EXISTE_SENIAL_VERTICAL,CLASIFICACION_SENIAL_VERTICAL_1,CLASIFICACION_SENIAL_VERTICAL_2,EXISTE_SENIAL_HORIZONTAL,CAUSA_FACTOR_PRINCIPAL,CAUSA_ESPECIFICA,HORA,severidad,EDAD_PROMEDIO,EDAD_MEDIANA,EDAD_MIN,EDAD_MAX,TOTAL_MASCULINOS,TOTAL_CONDUCTORES,TOTAL_FALLECIDOS_AGG,TOTAL_LESIONADOS_AGG,TOTAL_LICENCIA,TOTAL_ALCOHOL_POSITIVO,TOTAL_PERSONAS
A-2024-07-36,2024-07-08,20:45,DESPISTE,1,1,1,TUMBES,ZARUMILLA,ZARUMILLA,URBANA,CARRETERA,NACIONAL,PE-1NO,-3.4977822395285343,-80.27516424452169,DESPEJADO,ESCOLAR,TRAMO RECTO,PLANA ,ASFALTADA,,,,,IMPRUDENCIA DEL CONDUCTOR,OTRO (IMPRUDENCIA DEL CONDUCTOR),20.0,0,16.5,16.5,16.0,17.0,1,1,1,1,0,0,2
A-2024-07-51,2024-07-09,12:00,DESPISTE,2,2,1,CUSCO,QUISPICANCHI,ANDAHUAYLILLAS,RURAL,CARRETERA,NACIONAL,PE-3S,-13.665202,-71.679549,DESPEJADO,RURAL,CURVA,PLANA ,ASFALTADA,SI,PREVENTIVA (P),PREVENTIVA (P),NO,NEGLIGENCIA DEL CONDUCTOR,OTRO (NEGLIGENCIA DEL CONDUCTOR),12.0,1,32.4,37.0,7.0,45.0,3,1,2,2,1,1,5
A-2024-07-72,2024-07-09,13:40,DESPISTE,2,0,1,ICA,CHINCHA,TAMBO DE MORA,RURAL,CARRETERA,NACIONAL,PE-1SE,-13.43467031,-76.18163258,DESPEJADO,RURAL,TRAMO RECTO,PLANA ,ASFALTADA,,,,,IMPRUDENCIA DEL CONDUCTOR,OTRO (IMPRUDENCIA DEL CONDUCTOR),13.0,1,36.5,36.5,34.0,39.0,2,1,2,0,1,0,2
A-2024-07-86,2024-07-09,18:40,CHOQUE FUGA,1,0,0,APURIMAC,CHINCHEROS,ANCO_HUALLO,URBANA,CARRETERA,NACIONAL,PE-3S,-13.54140725,-73.66316029,DESPEJADO,RURAL,CURVA,INCLINADA,AFIRMADO,,,,,IMPRUDENCIA DEL CONDUCTOR,EXCESO DE VELOCIDAD,18.0,0,19.0,19.0,19.0,19.0,1,1,1,0,0,0,1
A-2024-07-112,2024-07-10,00:00,ATROPELLO,1,0,0,LIMA,LIMA,LURIN,URBANA,CARRETERA,NACIONAL,PE-1S,-12.257469943402944,-76.91963593457477,DESPEJADO,INDUSTRIAL,TRAMO RECTO,PLANA ,ASFALTADA,,,,,EN PROCESO DE INVESTIGACIÓN,NO CUENTA CON CAUSA ESPECIFICA,0.0,0,40.0,40.0,40.0,40.0,2,1,1,0,0,0,2
A-2024-07-17,2024-07-10,05:40,CHOQUE,1,0,2,SAN MARTIN,MOYOBAMBA,MOYOBAMBA,RURAL,CARRETERA,NACIONAL,PE-5N,-6.080939,-76.887707,DESPEJADO,RURAL,TRAMO RECTO,INCLINADA,ASFALTADA,,,,,EN PROCESO DE INVESTIGACIÓN,NO CUENTA CON CAUSA ESPECIFICA,5.0,0,50.0,50.0,36.0,64.0,2,2,1,0,1,0,2
A-2024-07-9,2024-07-10,16:30,CHOQUE,2,0,2,PUNO,PUNO,ACORA,RURAL,CARRETERA,NACIONAL,PE-3S,-16.000405,-69.765805,DESPEJADO,RURAL,TRAMO RECTO,PLANA ,ASFALTADA,,,,,IMPRUDENCIA DEL CONDUCTOR,OTRO (IMPRUDENCIA DEL CONDUCTOR),16.0,1,40.333333333333336,37.0,29.0,55.0,3,2,2,0,2,0,3
A-2024-07-113,2024-07-10,19:51,ATROPELLO,1,0,0,LIMA,LIMA,LIMA,URBANA,AVENIDA,URBANO,NO CORRESPONDE,-12.038309530451988,-77.06595375608863,DESPEJADO,COMERCIAL,INTERSECCIÓN,PLANA ,ASFALTADA,,,,,EN PROCESO DE INVESTIGACIÓN,NO CUENTA CON CAUSA ESPECIFICA,19.0,0,41.0,41.0,31.0,51.0,2,1,1,0,1,0,2
A-2024-07-94,2024-07-11,06:00,CHOQUE,1,0,1,CAJAMARCA,CAJAMARCA,CAJAMARCA,RURAL,CARRETERA,NACIONAL,PE-3N,-6.970766,-78.569055,DESPEJADO,RURAL,TRAMO RECTO,INCLINADA,ASFALTADA,SI,PREVENTIVA (P),,SI,NEGLIGENCIA DEL CONDUCTOR,OTRO (NEGLIGENCIA DEL CONDUCTOR),6.0,0,34.0,34.0,34.0,34.0,1,1,1,0,0,0,2
A-2024-07-114,2024-07-11,10:20,CAÍDA DE PASAJERO,1,0,0,LIMA,LIMA,PUENTE PIEDRA,URBANA,AVENIDA,URBANO,NO CORRESPONDE,-11.874061786234163,-77.06049752985679,DESPEJADO,RESIDENCIAL,TRAMO RECTO,PLANA ,ASFALTADA,,,,,EN PROCESO DE INVESTIGACIÓN,NO CUENTA CON CAUSA ESPECIFICA,10.0,0,39.0,39.0,34.0,44.0,2,1,1,0,1,0,2
A-2024-07-115,2024-07-11,10:30,ATROPELLO,1,0,0,LIMA,LIMA,VILLA EL SALVADOR,URBANA,AVENIDA,URBANO,NO CORRESPONDE,-12.225485914938512,-76.93954752444843,DESPEJADO,COMERCIAL,INTERSECCIÓN,PLANA ,ASFALTADA,,,,,EN PROCESO DE INVESTIGACIÓN,NO CUENTA CON CAUSA ESPECIFICA,10.0,0,61.5,61.5,35.0,88.0,1,1,1,0,1,0,2
A-2024-07-98,2024-07-11,14:15,ESPECIAL,1,4,1,CAJAMARCA,CHOTA,CHOTA,URBANA,AVENIDA,URBANO,NO CORRESPONDE,-6.556276556,-78.66108664,DESPEJADO,COMERCIAL,TRAMO RECTO,INCLINADA,ASFALTADA,,,,,NEGLIGENCIA DEL CONDUCTOR,CONDUCIR CON FALLAS DE FRENOS,14.0,0,37.666666666666664,34.0,18.0,66.0,1,1,1,4,1,0,6
A-2024-07-96,2024-07-11,18:45,ATROPELLO,1,0,1,CAJAMARCA,CAJAMARCA,ENCAÑADA,URBANA,CARRETERA,NACIONAL,PE-08B,-7.090496,-78.345056,DESPEJADO,ESCOLAR,TRAMO RECTO,INCLINADA,ASFALTADA,,,,,IMPRUDENCIA DEL PEATÓN,OTRO (IMPRUDENCIA DEL PEATÓN),18.0,0,26.5,26.5,5.0,48.0,2,1,1,0,1,0,2
A-2024-07-80,2024-07-11,20:10,ATROPELLO,1,1,1,ICA,ICA,SANTIAGO,URBANA,CARRETERA,NACIONAL,PE-1S,-14.2751579,-75.6835892,DESPEJADO,RURAL,TRAMO RECTO,PLANA ,ASFALTADA,,,,,EN PROCESO DE INVESTIGACIÓN,NO CUENTA CON CAUSA ESPECIFICA,20.0,0,47.0,47.0,32.0,62.0,1,1,1,1,0,0,2
A-2024-07-64,2024-07-12,02:40,VOLCADURA,1,0,1,AREQUIPA,AREQUIPA,VITOR,RURAL,CARRETERA,NACIONAL,PE-1S,-16.425045,-72.021894,DESPEJADO,RURAL,TRAMO RECTO,PLANA ,ASFALTADA,,,,,EN PROCESO DE INVESTIGACIÓN,NO CUENTA CON CAUSA ESPECIFICA,2.0,0,23.0,23.0,23.0,23.0,2,1,1,0,0,0,2
A-2024-07-23,2024-07-12,04:40,CHOQUE,1,0,2,LA LIBERTAD,PACASMAYO,GUADALUPE,RURAL,CARRETERA,NACIONAL,PE-1N,-7.308957429332913,-79.48058328419319,DESPEJADO,RURAL,TRAMO RECTO,PLANA ,ASFALTADA,,,,,EN PROCESO DE INVESTIGACIÓN,NO CUENTA CON CAUSA ESPECIFICA,4.0,0,39.0,39.0,36.0,42.0,2,2,1,0,0,0,2
A-2024-07-10,2024-07-12,08:15,DESPISTE,1,1,1,PUNO,PUNO,VILQUE,RURAL,CARRETERA,DEPARTAMENTAL,PU-122,-15.77466,-70.23522,DESPEJADO,RURAL,TRAMO RECTO,PLANA ,ASFALTADA,,,,,IMPRUDENCIA DEL CONDUCTOR,OTRO (IMPRUDENCIA DEL CONDUCTOR),8.0,0,47.5,47.5,31.0,64.0,1,1,1,1,0,0,2
A-2024-07-47,2024-07-12,19:30,DESPISTE,1,0,0,CUSCO,PARURO,CCAPI,RURAL,CALLE,URBANO,NO CORRESPONDE,-13.8534263,-72.0841887,DESPEJADO,RURAL,CURVA,PLANA ,AFIRMADO,,,,,IMPRUDENCIA DEL PEATÓN,CRUCE INDEBIDO POR LA CALZADA,19.0,0,22.0,22.0,22.0,22.0,2,1,1,0,1,0,2
A-2024-07-65,2024-07-13,05:00,DESPISTE,1,0,0,AREQUIPA,CAYLLOMA,CABANACONDE,RURAL,CARRETERA,PROVINCIAL,AR-680,-15.612989,-71.970374,DESPEJADO,RURAL,CURVA,PLANA ,ASFALTADA,,,,,EN PROCESO DE INVESTIGACIÓN,NO CUENTA CON CAUSA ESPECIFICA,5.0,0,34.0,34.0,34.0,34.0,1,1,1,0,0,0,1
A-2024-07-24,2024-07-13,17:40,CHOQUE,1,0,2,LA LIBERTAD,ASCOPE,CHICAMA,RURAL,CARRETERA,NACIONAL,PE-1N,-7.876256375223558,-79.1318284973156,DESPEJADO,RURAL,TRAMO RECTO,PLANA ,ASFALTADA,,,,,EN PROCESO DE INVESTIGACIÓN,NO CUENTA CON CAUSA ESPECIFICA,17.0,0,50.5,50.5,40.0,61.0,2,2,1,0,2,0,2
A-2024-07-76,2024-07-13,20:30,ATROPELLO,1,0,1,ICA,CHINCHA,GROCIO PRADO,RURAL,CARRETERA,NACIONAL,PE-1S,-13.38591362,-76.20276895,DESPEJADO,RURAL,TRAMO RECTO,PLANA ,ASFALTADA,NO,,,NO,EN PROCESO DE INVESTIGACIÓN,NO CUENTA CON CAUSA ESPECIFICA,20.0,0,56.0,56.0,54.0,58.0,2,1,1,0,1,0,2
A-2024-07-100,2024-07-14,05:09,ATROPELLO,2,0,1,CAJAMARCA,CAJAMARCA,CAJAMARCA,URBANA,CARRETERA,NACIONAL,PE-08,-7.189149301,-78.51081889,DESPEJADO,COMERCIAL,CURVA,INCLINADA,ASFALTADA,,,,,EN PROCESO DE INVESTIGACIÓN,NO CUENTA CON CAUSA ESPECIFICA,5.0,1,20.5,20.5,18.0,23.0,1,0,2,0,0,0,4
A-2024-07-40,2024-07-14,05:30,ATROPELLO FUGA,1,0,1,LIMA,HUAURA,VEGUETA,RURAL,CARRETERA,NACIONAL,PE-1N,-11.0062,-77.61288,DESPEJADO,RURAL,TRAMO RECTO,PLANA ,ASFALTADA,,,,,EN PROCESO DE INVESTIGACIÓN,NO CUENTA CON CAUSA ESPECIFICA,5.0,0,59.0,59.0,59.0,59.0,1,0,1,0,0,0,2
A-2024-07-81,2024-07-14,12:30,CHOQUE,1,1,2,ICA,NASCA,NASCA,URBANA,AVENIDA,URBANO,NO CORRESPONDE,-14.837546,-74.935796,DESPEJADO,COMERCIAL,TRAMO RECTO,PLANA ,ASFALTADA,,,,,IMPRUDENCIA DEL CONDUCTOR,EXCESO DE VELOCIDAD,12.0,0,25.333333333333332,25.0,22.0,29.0,3,2,1,1,0,0,3
A-2024-07-25,2024-07-14,19:00,ATROPELLO FUGA,1,0,0,LA LIBERTAD,SANCHEZ CARRION,HUAMACHUCO,RURAL,CARRETERA,NACIONAL,PE-3N,-7.831102229296164,-78.06504472945214,DESPEJADO,RURAL,TRAMO RECTO,PLANA ,ASFALTADA,,,,,EN PROCESO DE INVESTIGACIÓN,NO CUENTA CON CAUSA ESPECIFICA,19.0,0,50.0,50.0,50.0,50.0,1,0,1,0,0,0,2
A-2024-07-82,2024-07-14,21:10,ATROPELLO,1,0,1,ICA,PISCO,SAN CLEMENTE,RURAL,CARRETERA,NACIONAL,PE-1SE,-13.679126,-76.163569,DESPEJADO,INDUSTRIAL,TRAMO RECTO,PLANA ,ASFALTADA,,,,,EN PROCESO DE INVESTIGACIÓN,NO CUENTA CON CAUSA ESPECIFICA,21.0,0,34.0,34.0,30.0,38.0,2,1,1,0,1,0,2
A-2024-07-101,2024-07-14,21:30,CHOQUE,1,0,2,CAJAMARCA,SAN IGNACIO,SAN IGNACIO,RURAL,CARRETERA,NACIONAL,PE-5N,-5.174859,-78.902342,DESPEJADO,RURAL,TRAMO RECTO,PLANA ,ASFALTADA,SI,PREVENTIVA (P),,NO,IMPRUDENCIA DEL CONDUCTOR,EXCESO DE VELOCIDAD,21.0,0,48.0,48.0,48.0,48.0,1,1,1,0,0,1,2
A-2024-07-18,2024-07-15,03:00,CHOQUE,1,2,2,SAN MARTIN,RIOJA,RIOJA,RURAL,CARRETERA,NACIONAL,PE-5N,-6.016687,-77.233884,DESPEJADO,RURAL,TRAMO RECTO,PLANA ,ASFALTADA,,,,,IMPRUDENCIA DEL CONDUCTOR,OTRO (IMPRUDENCIA DEL CONDUCTOR),3.0,0,26.666666666666668,28.0,15.0,37.0,3,2,1,2,1,0,3
A-2024-07-66,2024-07-15,04:00,CHOQUE,1,0,2,AREQUIPA,AREQUIPA,UCHUMAYO,RURAL,CARRETERA,NACIONAL,PE-34A,-16.427268,-71.65209,DESPEJADO,RURAL,CURVA,INCLINADA,ASFALTADA,,,,,EN PROCESO DE INVESTIGACIÓN,NO CUENTA CON CAUSA ESPECIFICA,4.0,0,28.5,28.5,27.0,30.0,2,2,1,0,2,0,3
A-2024-07-120,2024-07-15,06:00,ATROPELLO FUGA,1,0,0,LIMA,LIMA,BARRANCO,URBANA,AVENIDA,URBANO,NO CORRESPONDE,-12.144538195374324,-77.01875820015456,DESPEJADO,RESIDENCIAL,TRAMO RECTO,PLANA ,ASFALTADA,,,,,EN PROCESO DE INVESTIGACIÓN,NO CUENTA CON CAUSA ESPECIFICA,6.0,0,38.0,38.0,38.0,38.0,1,0,1,0,0,0,2
A-2024-07-12,2024-07-15,08:40,DESPISTE,2,0,1,HUANCAVELICA,TAYACAJA,QUICHUAS,RURAL,CARRETERA,NACIONAL,PE-3S,-12.503216962096868,-74.71641890798233,DESPEJADO,RURAL,CURVA,PLANA ,TROCHA,,,,,EN PROCESO DE INVESTIGACIÓN,NO CUENTA CON CAUSA ESPECIFICA,8.0,1,42.5,42.5,31.0,54.0,2,1,2,0,0,0,2
A-2024-07-46,2024-07-16,04:30,DESPISTE,25,17,1,HUANCAVELICA,HUAYTARA,PILPICHACA,RURAL,CARRETERA,NACIONAL,PE-28A,-13.41,-74.925,DESPEJADO,RURAL,SINUOSA,INCLINADA,ASFALTADA,SI,PREVENTIVA (P),REGULADORA (R),NO,IMPRUDENCIA DEL CONDUCTOR,FATIGA Y/O CANSANCIO,4.0,2,41.42857142857143,43.0,0.0,84.0,26,1,25,17,1,0,42
A-2024-07-116,2024-07-16,19:00,ATROPELLO,1,0,0,LIMA,LIMA,COMAS,URBANA,AVENIDA,URBANO,NO CORRESPONDE,-11.925076658325462,-77.04018127546745,DESPEJADO,COMERCIAL,TRAMO RECTO,PLANA ,ASFALTADA,,,,,EN PROCESO DE INVESTIGACIÓN,NO CUENTA CON CAUSA ESPECIFICA,19.0,0,18.0,18.0,18.0,18.0,2,1,1,0,0,0,2
A-2024-07-87,2024-07-17,06:29,DESPISTE,1,0,0,APURIMAC,ANDAHUAYLAS,ANDAHUAYLAS,RURAL,CALLE,URBANO,NO CORRESPONDE,-13.65252451,-73.41256592,DESPEJADO,RURAL,TRAMO RECTO,INCLINADA,TROCHA,,,,,IMPRUDENCIA DEL CONDUCTOR,CONDUCIR EN ESTADO DE EBRIEDAD Y/O DROGADICCIÓN,6.0,0,21.0,21.0,21.0,21.0,1,1,1,0,0,0,1
A-2024-07-13,2024-07-17,08:10,ATROPELLO,1,0,1,PUNO,PUNO,PUNO,RURAL,CARRETERA,NACIONAL,PE-3S,-15.853614,-69.964506,DESPEJADO,RURAL,TRAMO RECTO,PLANA ,ASFALTADA,,,,,IMPRUDENCIA DEL PEATÓN,CRUCE INDEBIDO POR LA CALZADA,8.0,0,77.0,77.0,69.0,85.0,2,1,1,0,1,0,2
A-2024-07-67,2024-07-17,09:00,DESPISTE,1,0,0,AREQUIPA,AREQUIPA,YURA,RURAL,CARRETERA,NACIONAL,PE-34A,-16.243167,-71.670389,,,,,,,,,,EN PROCESO DE INVESTIGACIÓN,NO CUENTA CON CAUSA ESPECIFICA,9.0,0,59.0,59.0,59.0,59.0,1,1,1,0,0,0,1
A-2024-07-117,2024-07-17,14:30,CHOQUE,1,11,0,LIMA,LIMA,LOS OLIVOS,URBANA,AVENIDA,URBANO,NO CORRESPONDE,-11.952788592933713,-77.07007036337315,DESPEJADO,COMERCIAL,TRAMO RECTO,PLANA ,ASFALTADA,,,,,EN PROCESO DE INVESTIGACIÓN,NO CUENTA CON CAUSA ESPECIFICA,14.0,0,38.23076923076923,40.0,6.0,59.0,4,1,1,11,1,0,14
A-2024-07-22,2024-07-17,17:50,CHOQUE,1,0,2,SAN MARTIN,RIOJA,PARDO MIGUEL,URBANA,CARRETERA,NACIONAL,PE-5N,-5.739921,-77.50078,DESPEJADO,RESIDENCIAL,TRAMO RECTO,INCLINADA,ASFALTADA,,,,,EN PROCESO DE INVESTIGACIÓN,NO CUENTA CON CAUSA ESPECIFICA,17.0,0,38.5,38.5,36.0,41.0,1,2,1,0,0,0,2
A-2024-07-83,2024-07-17,18:00,DESPISTE,3,5,1,HUANCAVELICA,HUAYTARA,SANTIAGO DE CHOCORVOS,RURAL,CARRETERA,DEPARTAMENTAL,HV-118,-13.837238,-75.307111,NUBLADO,RURAL,CURVA,INCLINADA,TROCHA,,,,,INFRAESTRUCTURA Y ENTORNO VIAL,SUPERFICIE DETERIORADA,18.0,2,49.875,60.0,1.0,72.0,4,1,3,5,1,0,8
A-2024-07-56,2024-07-17,21:00,DESPISTE,1,0,1,CUSCO,PAUCARTAMBO,PAUCARTAMBO,RURAL,CARRETERA,PROVINCIAL,CU-979,-13.309076925632349,-71.59909110922737,DESPEJADO,RURAL,CURVA,PLANA ,TROCHA,,,,,IMPRUDENCIA DEL CONDUCTOR,EXCESO DE VELOCIDAD,21.0,0,43.0,43.0,43.0,43.0,1,1,1,0,0,0,1
A-2024-07-48,2024-07-17,22:30,ATROPELLO FUGA,1,0,0,CUSCO,QUISPICANCHI,QUIQUIJANA,RURAL,CARRETERA,NACIONAL,PE-3S,-13.780265426103185,-71.5715997854775,DESPEJADO,RURAL,TRAMO RECTO,PLANA ,ASFALTADA,SI,PREVENTIVA (P),INFORMATIVA (I),NO,IMPRUDENCIA DEL PEATÓN,ESTADO DE EBRIEDAD Y/O DROGADICCIÓN,22.0,0,37.0,37.0,37.0,37.0,1,0,1,0,0,0,2
A-2024-07-15,2024-07-18,18:00,CHOQUE,1,0,0,CALLAO,CALLAO,CALLAO,URBANA,CARRETERA,NACIONAL,PE-20,-12.0383432174297,-77.1271565445014,DESPEJADO,COMERCIAL,TRAMO RECTO,PLANA ,ASFALTADA,,,,,IMPRUDENCIA DEL CONDUCTOR,OTRO (IMPRUDENCIA DEL CONDUCTOR),18.0,0,47.0,47.0,35.0,59.0,2,2,1,0,1,0,2
A-2024-07-14,2024-07-18,20:40,CHOQUE FUGA,1,0,0,PUNO,PUNO,ATUNCOLLA,RURAL,CARRETERA,PROVINCIAL,PU-1047,-15.6959154,-70.1469839,,,,,,,,,,IMPRUDENCIA DEL CONDUCTOR,OTRO (IMPRUDENCIA DEL CONDUCTOR),20.0,0,61.0,61.0,61.0,61.0,1,1,1,0,0,0,2
A-2024-07-26,2024-07-19,20:10,ATROPELLO FUGA,1,0,0,LA LIBERTAD,TRUJILLO,HUANCHACO,URBANA,CARRETERA,NACIONAL,PE-1N,-8.053667518273413,-79.08758813694953,DESPEJADO,INDUSTRIAL,TRAMO RECTO,PLANA ,ASFALTADA,,,,,IMPRUDENCIA DEL CONDUCTOR,OTRO (IMPRUDENCIA DEL CONDUCTOR),20.0,0,72.0,72.0,72.0,72.0,1,0,1,0,0,0,2
A-2024-07-84,2024-07-19,21:00,ATROPELLO,1,1,1,ICA,ICA,SANTIAGO,RURAL,CARRETERA,NACIONAL,PE-1S,-14.263935052364529,-75.68572114119382,DESPEJADO,RURAL,TRAMO RECTO,PLANA ,ASFALTADA,,,,,EN PROCESO DE INVESTIGACIÓN,NO CUENTA CON CAUSA ESPECIFICA,21.0,0,42.0,42.0,19.0,65.0,2,1,1,1,0,0,2
A-2024-07-27,2024-07-19,22:15,ATROPELLO FUGA,1,0,0,LA LIBERTAD,TRUJILLO,TRUJILLO,URBANA,AVENIDA,URBANO,NO CORRESPONDE,-8.0991959525,-79.0372378845,DESPEJADO,COMERCIAL,TRAMO RECTO,PLANA ,ASFALTADA,,,,,EN PROCESO DE INVESTIGACIÓN,NO CUENTA CON CAUSA ESPECIFICA,22.0,0,66.0,66.0,66.0,66.0,0,0,1,0,0,0,2
A-2024-07-68,2024-07-20,01:20,DESPISTE,2,1,0,AREQUIPA,AREQUIPA,LA JOYA,RURAL,CARRETERA,PROVINCIAL,AR-799,-16.694413,-71.880678,,,,,,,,,,EN PROCESO DE INVESTIGACIÓN,NO CUENTA CON CAUSA ESPECIFICA,1.0,1,13.666666666666666,19.0,1.0,21.0,1,1,2,1,0,0,3
A-2024-07-118,2024-07-20,06:00,ATROPELLO,1,0,0,LIMA,LIMA,SAN MARTIN DE PORRES,URBANA,AVENIDA,URBANO,NO CORRESPONDE,-12.032205730789377,-77.04969488578361,DESPEJADO,RESIDENCIAL,TRAMO RECTO,PLANA ,ASFALTADA,,,,,EN PROCESO DE INVESTIGACIÓN,NO CUENTA CON CAUSA ESPECIFICA,6.0,0,37.0,37.0,36.0,38.0,2,1,1,0,0,0,3
A-2024-07-77,2024-07-20,14:30,CHOQUE,1,5,2,AMAZONAS,CHACHAPOYAS,HUANCAS,RURAL,CARRETERA,NACIONAL,PE-08C,-6.157213,-77.90571,DESPEJADO,RURAL,TRAMO RECTO,PLANA ,ASFALTADA,,,,,EN PROCESO DE INVESTIGACIÓN,NO CUENTA CON CAUSA ESPECIFICA,14.0,0,35.5,32.0,27.0,51.0,4,2,1,5,2,0,6
A-2024-07-41,2024-07-20,15:40,ATROPELLO,1,0,1,LIMA,HUAURA,HUAURA,RURAL,AVENIDA,URBANO,NO CORRESPONDE,-11.02985,-77.57271,DESPEJADO,RURAL,TRAMO RECTO,PLANA ,TROCHA,,,,,IMPRUDENCIA DEL PEATÓN,OTRO (IMPRUDENCIA DEL PEATÓN),15.0,0,40.0,40.0,21.0,59.0,2,1,1,0,1,0,2
A-2024-07-119,2024-07-20,16:30,ATROPELLO,1,0,0,LIMA,LIMA,VILLA EL SALVADOR,URBANA,AVENIDA,URBANO,NO CORRESPONDE,-12.22142759481516,-76.92059987261845,DESPEJADO,RESIDENCIAL,TRAMO RECTO,INCLINADA,ASFALTADA,SI,PREVENTIVA (P),,NO,EN PROCESO DE INVESTIGACIÓN,NO CUENTA CON CAUSA ESPECIFICA,16.0,0,40.5,40.5,31.0,50.0,2,1,1,0,1,0,2
A-2024-07-34,2024-07-20,19:20,ATROPELLO,1,0,1,SAN MARTIN,RIOJA,NUEVA CAJAMARCA,URBANA,CARRETERA,NACIONAL,PE-5N,-5.94305,-77.30642,DESPEJADO,COMERCIAL,INTERSECCIÓN,PLANA ,ASFALTADA,,,,,EN PROCESO DE INVESTIGACIÓN,NO CUENTA CON CAUSA ESPECIFICA,19.0,0,26.0,26.0,5.0,47.0,2,1,1,0,1,0,2
A-2024-07-121,2024-07-21,03:30,CHOQUE,1,1,0,LIMA,LIMA,CHORRILLOS,URBANA,CARRETERA,NACIONAL,PE-1S,-12.214798929916476,-76.97656200215687,DESPEJADO,COMERCIAL,TRAMO RECTO,PLANA ,ASFALTADA,,,,,EN PROCESO DE INVESTIGACIÓN,NO CUENTA CON CAUSA ESPECIFICA,3.0,0,39.5,39.5,24.0,55.0,2,2,1,1,1,0,3
A-2024-07-122,2024-07-21,07:50,ATROPELLO FUGA,1,0,0,LIMA,LIMA,SAN JUAN DE LURIGANCHO,URBANA,AVENIDA,URBANO,NO CORRESPONDE,-12.005755739542066,-77.00630354453264,DESPEJADO,COMERCIAL,TRAMO RECTO,PLANA ,ASFALTADA,,,,,EN PROCESO DE INVESTIGACIÓN,NO CUENTA CON CAUSA ESPECIFICA,7.0,0,20.0,20.0,20.0,20.0,1,0,1,0,0,0,2
A-2024-07-123,2024-07-21,22:30,CHOQUE,1,0,0,LIMA,LIMA,LA MOLINA,URBANA,CARRETERA,NACIONAL,PE-1S,-12.076388111888583,-76.97514534170547,DESPEJADO,COMERCIAL,TRAMO RECTO,PLANA ,ASFALTADA,SI,PREVENTIVA (P),,NO,EN PROCESO DE INVESTIGACIÓN,NO CUENTA CON CAUSA ESPECIFICA,22.0,0,46.0,46.0,37.0,55.0,2,2,1,0,2,0,2
A-2024-07-28,2024-07-22,04:40,ATROPELLO FUGA,1,0,1,LA LIBERTAD,TRUJILLO,EL PORVENIR,URBANA,AVENIDA,URBANO,NO CORRESPONDE,-8.0671769,-78.996023504,DESPEJADO,COMERCIAL,TRAMO RECTO,PLANA ,ASFALTADA,,,,,EN PROCESO DE INVESTIGACIÓN,NO CUENTA CON CAUSA ESPECIFICA,4.0,0,37.0,37.0,35.0,39.0,1,0,1,0,1,0,2
A-2024-07-69,2024-07-22,06:40,ATROPELLO,1,1,0,AREQUIPA,AREQUIPA,VITOR,URBANA,CALLE,URBANO,NO CORRESPONDE,-16.527022,-71.917742,,,,,,,,,,EN PROCESO DE INVESTIGACIÓN,NO CUENTA CON CAUSA ESPECIFICA,6.0,0,33.0,33.0,33.0,33.0,1,1,1,1,0,0,2
A-2024-07-125,2024-07-22,06:55,CHOQUE,1,2,0,LIMA,LIMA,SAN MARTIN DE PORRES,URBANA,AVENIDA,URBANO,NO CORRESPONDE,-12.031195934975363,-77.08246990440594,DESPEJADO,COMERCIAL,TRAMO RECTO,PLANA ,ASFALTADA,,,,,EN PROCESO DE INVESTIGACIÓN,NO CUENTA CON CAUSA ESPECIFICA,6.0,0,51.25,56.0,29.0,64.0,2,2,1,2,2,0,4
A-2024-07-124,2024-07-22,12:00,CHOQUE,1,0,0,LIMA,LIMA,PUNTA HERMOSA,URBANA,CARRETERA,NACIONAL,PE-1S,-12.30868259331959,-76.83637699156124,DESPEJADO,INDUSTRIAL,TRAMO RECTO,PLANA ,ASFALTADA,SI,INFORMATIVA (I),,NO,EN PROCESO DE INVESTIGACIÓN,NO CUENTA CON CAUSA ESPECIFICA,12.0,0,55.5,55.5,47.0,64.0,2,2,1,0,2,0,2
A-2024-07-53,2024-07-23,06:30,ATROPELLO,1,0,1,CUSCO,CANCHIS,MARANGANI,RURAL,CARRETERA,NACIONAL,PE-3S,-14.412777,-71.11768,DESPEJADO,RURAL,TRAMO RECTO,PLANA ,ASFALTADA,,,,,IMPRUDENCIA DEL PEATÓN,CRUCE INDEBIDO POR LA CALZADA,6.0,0,68.5,68.5,64.0,73.0,1,1,1,0,1,0,2
A-2024-07-29,2024-07-23,19:00,DESPISTE,1,0,2,LA LIBERTAD,TRUJILLO,HUANCHACO,RURAL,CARRETERA,NACIONAL,PE-1N,-8.0718795427,-79.0924021211,DESPEJADO,RURAL,TRAMO RECTO,PLANA ,ASFALTADA,,,,,EN PROCESO DE INVESTIGACIÓN,NO CUENTA CON CAUSA ESPECIFICA,19.0,0,55.0,55.0,55.0,55.0,1,1,1,0,1,0,2