CODIGO_SINIESTRO,FECHA_SINIESTRO,HORA_SINIESTRO,CLASE_SINIESTRO,CANTIDAD_FALLECIDOS,CANTIDAD_LESIONADOS,CANTIDAD_VEHICULOS,DEPARTAMENTO,PROVINCIA,DISTRITO,ZONA,TIPO_VIA,RED_VIAL,COD_CARRETERA,LATITUD,LONGITUD,CONDICION_CLIMATICA,ZONIFICACION,CARACTERISTICAS_VIA,PERFIL_VIA,SUPERFICIE_CALZADA,EXISTE_SENIAL_VERTICAL,CLASIFICACION_SENIAL_VERTICAL_1,CLASIFICACION_SENIAL_VERTICAL_2,EXISTE_SENIAL_HORIZONTAL,CAUSA_FACTOR_PRINCIPAL,CAUSA_ESPECIFICA,HORA,severidad,EDAD_PROMEDIO,EDAD_MEDIANA,EDAD_MIN,EDAD_MAX,TOTAL_MASCULINOS,TOTAL_CONDUCTORES,TOTAL_FALLECIDOS_AGG,TOTAL_LESIONADOS_AGG,TOTAL_LICENCIA,TOTAL_ALCOHOL_POSITIVO,TOTAL_PERSONAS
A-2024-08-99,2024-08-18,06:35,DESPISTE,1,0,1,CAJAMARCA,CAJAMARCA,CAJAMARCA,URBANA,CARRETERA,NACIONAL,PE-3N,-7.126816,-78.523474,DESPEJADO,COMERCIAL,CURVA,INCLINADA,ASFALTADA,,,,,IMPRUDENCIA DEL CONDUCTOR,CONDUCIR EN ESTADO DE EBRIEDAD Y/O DROGADICCIÓN,6.0,0,27.0,27.0,27.0,27.0,1,1,1,0,0,1,1
A-2024-08-133,2024-08-18,07:40,DESPISTE,1,0,0,LIMA,LIMA,SAN BORJA,URBANA,CARRETERA,NACIONAL,PE-1S,-12.102550800098458,-76.97938786936827,DESPEJADO,COMERCIAL,TRAMO RECTO,PLANA ,ASFALTADA,,,,,EN PROCESO DE INVESTIGACIÓN,NO CUENTA CON CAUSA ESPECIFICA,7.0,0,27.0,27.0,27.0,27.0,1,1,1,0,1,0,1
A-2024-08-100,2024-08-18,18:00,DESPISTE,2,1,1,CAJAMARCA,HUALGAYOC,BAMBAMARCA,RURAL,CARRETERA,SIN CLASIFICAR,SIN CLASIFICAR,-6.643021,-78.548214,DESPEJADO,RURAL,CURVA,INCLINADA,ASFALTADA,,,,,IMPRUDENCIA DEL CONDUCTOR,EXCESO DE VELOCIDAD,18.0,1,65.33333333333333,75.0,42.0,79.0,2,1,2,1,0,0,3
A-2024-08-77,2024-08-18,23:30,CHOQUE,1,0,2,ICA,ICA,SANTIAGO,URBANA,CARRETERA,NACIONAL,PE-1S,-14.254273451310867,-75.6885458402974,DESPEJADO,COMERCIAL,TRAMO RECTO,PLANA ,ASFALTADA,,,,,EN PROCESO DE INVESTIGACIÓN,NO CUENTA CON CAUSA ESPECIFICA,23.0,0,30.0,30.0,27.0,33.0,2,2,1,0,1,0,2
A-2024-08-134,2024-08-19,13:45,ATROPELLO,1,0,0,LIMA,LIMA,BREÑA,URBANA,AVENIDA,URBANO,NO CORRESPONDE,-12.06813172781694,-77.04819942873605,DESPEJADO,RESIDENCIAL,INTERSECCIÓN,PLANA ,ASFALTADA,,,,,EN PROCESO DE INVESTIGACIÓN,NO CUENTA CON CAUSA ESPECIFICA,13.0,0,74.0,74.0,73.0,75.0,1,1,1,0,1,0,2
A-2024-08-135,2024-08-20,01:40,CHOQUE,1,2,0,LIMA,LIMA,PUENTE PIEDRA,URBANA,CARRETERA,NACIONAL,PE-1N,-11.880177696204973,-77.06882364504403,DESPEJADO,COMERCIAL,TRAMO RECTO,PLANA ,ASFALTADA,,,,,EN PROCESO DE INVESTIGACIÓN,NO CUENTA CON CAUSA ESPECIFICA,1.0,0,39.0,42.0,19.0,56.0,2,1,1,2,0,0,4
A-2024-08-78,2024-08-20,18:20,ATROPELLO,1,1,1,ICA,ICA,PUEBLO NUEVO,URBANA,CARRETERA,NACIONAL,PE-1S,-14.109917935616052,-75.71794281213091,DESPEJADO,COMERCIAL,CURVA,PLANA ,ASFALTADA,,,,,EN PROCESO DE INVESTIGACIÓN,NO CUENTA CON CAUSA ESPECIFICA,18.0,0,47.0,47.0,20.0,74.0,3,1,1,1,0,0,3
A-2024-08-79,2024-08-20,21:15,CHOQUE,1,0,2,ICA,PISCO,SAN CLEMENTE,URBANA,CARRETERA,NACIONAL,PE-28A,-13.682410124263573,-76.15935316382115,DESPEJADO,COMERCIAL,CURVA,INCLINADA,ASFALTADA,SI,PREVENTIVA (P),REGULADORA (R),NO,EN PROCESO DE INVESTIGACIÓN,NO CUENTA CON CAUSA ESPECIFICA,21.0,0,39.0,39.0,32.0,46.0,2,2,1,0,1,0,2
A-2024-08-21,2024-08-21,00:10,DESPISTE,4,1,1,LA LIBERTAD,PATAZ,PATAZ,RURAL,CARRETERA,DEPARTAMENTAL,LI-124,-7.752070014901769,-77.65984828644626,DESPEJADO,RURAL,TRAMO RECTO,PLANA ,TROCHA,,,,,IMPRUDENCIA DEL CONDUCTOR,OTRO (IMPRUDENCIA DEL CONDUCTOR),0.0,2,33.4,38.0,22.0,42.0,3,1,4,1,1,0,5
A-2024-08-136,2024-08-21,01:10,CHOQUE,1,1,0,LIMA,LIMA,SANTIAGO DE SURCO,URBANA,CARRETERA,NACIONAL,PE-1S,-12.118813432670164,-76.97730044092215,DESPEJADO,RESIDENCIAL,TRAMO RECTO,PLANA ,ASFALTADA,,,,,EN PROCESO DE INVESTIGACIÓN,NO CUENTA CON CAUSA ESPECIFICA,1.0,0,41.5,41.5,41.0,42.0,2,2,1,1,2,0,3
A-2024-08-137,2024-08-21,21:30,ATROPELLO,1,0,0,LIMA,LIMA,LA VICTORIA,URBANA,AVENIDA,URBANO,NO CORRESPONDE,-12.067248386684351,-76.99729037819188,DESPEJADO,COMERCIAL,INTERSECCIÓN,PLANA ,ASFALTADA,,,,,EN PROCESO DE INVESTIGACIÓN,NO CUENTA CON CAUSA ESPECIFICA,21.0,0,44.0,44.0,30.0,58.0,1,1,1,0,1,0,2
A-2024-08-138,2024-08-22,01:30,CHOQUE,1,0,0,LIMA,LIMA,LOS OLIVOS,URBANA,AVENIDA,URBANO,NO CORRESPONDE,-11.947555245922835,-77.07391951539456,DESPEJADO,COMERCIAL,TRAMO RECTO,PLANA ,ASFALTADA,,,,,EN PROCESO DE INVESTIGACIÓN,NO CUENTA CON CAUSA ESPECIFICA,1.0,0,34.5,34.5,21.0,48.0,2,2,1,0,2,0,2
A-2024-08-101,2024-08-22,17:30,DESPISTE,2,6,1,CAJAMARCA,CAJABAMBA,CACHACHI,RURAL,CARRETERA,SIN CLASIFICAR,SIN CLASIFICAR,-7.676618,-78.144938,DESPEJADO,RURAL,CURVA,INCLINADA,AFIRMADO,,,,,IMPRUDENCIA DEL CONDUCTOR,OTRO (IMPRUDENCIA DEL CONDUCTOR),17.0,1,38.77777777777778,27.0,10.0,86.0,4,1,2,6,0,0,9
A-2024-08-102,2024-08-23,00:30,DESPISTE,1,0,1,CAJAMARCA,CHOTA,LAJAS,RURAL,CARRETERA,PROVINCIAL,CA-886,-6.593191606,-78.72229997,DESPEJADO,RURAL,TRAMO RECTO,INCLINADA,CASCAJO/RIPIO,,,,,IMPRUDENCIA DEL CONDUCTOR,CONDUCIR EN ESTADO DE EBRIEDAD Y/O DROGADICCIÓN,0.0,0,51.0,51.0,51.0,51.0,1,1,1,0,0,1,1
A-2024-08-64,2024-08-23,11:00,DESPISTE,1,0,1,LIMA,HUARAL,PACARAOS,RURAL,CARRETERA,NACIONAL,PE-20C,-11.12738704,-76.62615566,DESPEJADO,RURAL,CURVA,INCLINADA,ASFALTADA,,,,,IMPRUDENCIA DEL CONDUCTOR,EXCESO DE VELOCIDAD,11.0,0,45.0,45.0,45.0,45.0,1,1,1,0,1,0,1
A-2024-08-139,2024-08-23,20:40,ATROPELLO,1,0,0,LIMA,LIMA,LIMA,URBANA,JIRÓN,URBANO,NO CORRESPONDE,-12.04847605527666,-77.0421107457921,DESPEJADO,RESIDENCIAL,TRAMO RECTO,PLANA ,ASFALTADA,SI,PREVENTIVA (P),,NO,EN PROCESO DE INVESTIGACIÓN,NO CUENTA CON CAUSA ESPECIFICA,20.0,0,43.0,43.0,43.0,43.0,2,1,1,0,1,0,2
A-2024-08-80,2024-08-24,02:00,ATROPELLO,2,1,1,ICA,ICA,SALAS,RURAL,CARRETERA,NACIONAL,PE-1S,-13.909978377979243,-76.01671946686261,DESPEJADO,RURAL,TRAMO RECTO,PLANA ,ASFALTADA,,,,,EN PROCESO DE INVESTIGACIÓN,NO CUENTA CON CAUSA ESPECIFICA,2.0,1,32.5,33.0,26.0,38.0,4,1,2,1,1,0,4
A-2024-08-22,2024-08-24,05:40,ATROPELLO FUGA,1,0,1,LA LIBERTAD,TRUJILLO,TRUJILLO,URBANA,CARRETERA,NACIONAL,PE-1N,-8.130268564,-79.0212906229,DESPEJADO,COMERCIAL,ÓVALO,PLANA ,ASFALTADA,,,,,IMPRUDENCIA DEL PASAJERO/OCUPANTE,SUBIR Y BAJAR DEL VEHÍCULO EN MOVIMIENTO,5.0,0,28.0,28.0,28.0,28.0,1,0,1,0,0,0,2
A-2024-08-23,2024-08-24,07:00,DESPISTE,1,1,1,LA LIBERTAD,VIRU,GUADALUPITO,RURAL,CARRETERA,NACIONAL,PE-1N,-8.964382546911022,-78.62391465642102,DESPEJADO,RURAL,TRAMO RECTO,PLANA ,ASFALTADA,,,,,EN PROCESO DE INVESTIGACIÓN,NO CUENTA CON CAUSA ESPECIFICA,7.0,0,24.0,24.0,18.0,30.0,1,1,1,1,1,0,2
A-2024-08-49,2024-08-24,10:30,DESPISTE,4,9,1,AYACUCHO,HUANCA SANCOS,SANCOS,RURAL,CARRETERA,NACIONAL,PE-30D,-14.0955617219061,-74.5978118458195,DESPEJADO,RURAL,CURVA,PLANA ,ASFALTADA,,,,,IMPRUDENCIA DEL CONDUCTOR,EXCESO DE VELOCIDAD,10.0,2,39.84615384615385,44.0,5.0,72.0,6,1,4,9,1,0,13
A-2024-08-10,2024-08-24,19:05,CHOQUE,2,0,2,CUSCO,CALCA,CALCA,RURAL,CARRETERA,NACIONAL,PE-28B,-13.31614,-71.994334,DESPEJADO,RURAL,CURVA,PLANA ,ASFALTADA,NO,,,NO,IMPRUDENCIA DEL CONDUCTOR,FATIGA Y/O CANSANCIO,19.0,1,42.666666666666664,37.0,31.0,60.0,3,2,2,0,2,0,3
A-2024-08-140,2024-08-25,00:45,DESPISTE,1,1,0,LIMA,LIMA,COMAS,URBANA,AVENIDA,URBANO,NO CORRESPONDE,-11.930438712208096,-77.0526313740967,DESPEJADO,COMERCIAL,TRAMO RECTO,PLANA ,ASFALTADA,,,,,EN PROCESO DE INVESTIGACIÓN,NO CUENTA CON CAUSA ESPECIFICA,0.0,0,21.5,21.5,18.0,25.0,1,1,1,1,1,0,2
A-2024-08-11,2024-08-25,04:00,VOLCADURA,1,0,1,CUSCO,PAUCARTAMBO,CHALLABAMBA,URBANA,CARRETERA,PROVINCIAL,CU-952,-13.207115,-71.657509,DESPEJADO,RURAL,CURVA,PLANA ,ASFALTADA,SI,INFORMATIVA (I),PREVENTIVA (P),NO,IMPRUDENCIA DEL CONDUCTOR,CONDUCIR EN ESTADO DE EBRIEDAD Y/O DROGADICCIÓN,4.0,0,22.0,22.0,22.0,22.0,1,1,1,0,0,0,1
A-2024-08-24,2024-08-25,06:30,DESPISTE,1,1,1,LA LIBERTAD,VIRU,GUADALUPITO,RURAL,CARRETERA,SIN CLASIFICAR,SIN CLASIFICAR,-8.930309063723703,-78.63589353511576,DESPEJADO,RURAL,ÓVALO,PLANA ,ASFALTADA,,,,,EN PROCESO DE INVESTIGACIÓN,NO CUENTA CON CAUSA ESPECIFICA,6.0,0,29.666666666666668,33.0,21.0,35.0,3,1,1,1,1,0,3
A-2024-08-32,2024-08-25,06:45,DESPISTE,1,0,1,SAN MARTIN,RIOJA,AWAJUN,RURAL,CARRETERA,PROVINCIAL,SM-513,-5.791161,-77.389944,DESPEJADO,RURAL,TRAMO RECTO,PLANA ,AFIRMADO,,,,,IMPRUDENCIA DEL CONDUCTOR,CONDUCIR EN ESTADO DE EBRIEDAD Y/O DROGADICCIÓN,6.0,0,24.0,24.0,24.0,24.0,1,1,1,0,0,0,1
A-2024-08-36,2024-08-25,13:00,ATROPELLO,1,1,1,HUANCAVELICA,ANGARAES,ANCHONGA,URBANA,CARRETERA,DEPARTAMENTAL,HV-107,-12.877789487650936,-74.68661456652778,SOLEADO,RURAL,TRAMO RECTO,PLANA ,AFIRMADO,,,,,EN PROCESO DE INVESTIGACIÓN,NO CUENTA CON CAUSA ESPECIFICA,13.0,0,55.0,55.0,21.0,89.0,1,1,1,1,1,0,2
A-2024-08-91,2024-08-25,19:15,ATROPELLO FUGA,1,0,0,LIMA,LIMA,SAN JUAN DE LURIGANCHO,URBANA,AVENIDA,URBANO,NO CORRESPONDE,-11.9706044857485,-77.0057359559185,DESPEJADO,COMERCIAL,INTERSECCIÓN,PLANA ,ASFALTADA,,,,,EN PROCESO DE INVESTIGACIÓN,NO CUENTA CON CAUSA ESPECIFICA,19.0,0,59.0,59.0,59.0,59.0,1,1,1,0,0,0,2
A-2024-08-30,2024-08-26,00:30,VOLCADURA,1,0,1,TUMBES,CONTRALMIRANTE VILLAR,CANOAS DE PUNTA SAL,RURAL,CARRETERA,NACIONAL,PE-1N,-3.932347184979804,-80.91671522811039,DESPEJADO,RURAL,TRAMO RECTO,PLANA ,ASFALTADA,,,,,IMPRUDENCIA DEL CONDUCTOR,CONDUCIR EN ESTADO DE EBRIEDAD Y/O DROGADICCIÓN,0.0,0,31.0,31.0,31.0,31.0,1,1,1,0,1,0,1
A-2024-08-25,2024-08-26,12:40,ATROPELLO,1,0,1,LA LIBERTAD,TRUJILLO,LA ESPERANZA,URBANA,AVENIDA,URBANO,NO CORRESPONDE,-8.065363294844344,-79.05132465644495,DESPEJADO,ESCOLAR,TRAMO RECTO,PLANA ,ASFALTADA,,,,,EN PROCESO DE INVESTIGACIÓN,NO CUENTA CON CAUSA ESPECIFICA,12.0,0,61.0,61.0,42.0,80.0,2,1,1,0,1,0,2
A-2024-08-16,2024-08-26,17:05,CHOQUE,1,0,2,PUNO,PUNO,PUNO,RURAL,CARRETERA,NACIONAL,PE-3S,-15.8647496,-69.9950785,DESPEJADO,RURAL,TRAMO RECTO,PLANA ,ASFALTADA,,,,,IMPRUDENCIA DEL CONDUCTOR,GIRAR IMPRUDENTEMENTE,17.0,0,55.0,55.0,22.0,88.0,2,2,1,0,1,0,2
A-2024-08-141,2024-08-26,18:00,CHOQUE,1,0,0,LIMA,LIMA,SANTIAGO DE SURCO,URBANA,CARRETERA,NACIONAL,PE-1S,-12.11032745787183,-76.97816138055343,DESPEJADO,RESIDENCIAL,TRAMO RECTO,INCLINADA,ASFALTADA,,,,,EN PROCESO DE INVESTIGACIÓN,NO CUENTA CON CAUSA ESPECIFICA,18.0,0,35.333333333333336,27.0,19.0,60.0,2,2,1,0,2,0,3
A-2024-08-142,2024-08-27,17:30,ATROPELLO FUGA,1,0,0,LIMA,LIMA,PACHACAMAC,URBANA,CALLE,URBANO,NO CORRESPONDE,-12.219039357749486,-76.85588384500072,DESPEJADO,RESIDENCIAL,TRAMO RECTO,PLANA ,AFIRMADO,,,,,EN PROCESO DE INVESTIGACIÓN,NO CUENTA CON CAUSA ESPECIFICA,17.0,0,,,,,1,0,1,0,0,0,2
A-2024-08-143,2024-08-27,20:20,CAÍDA DE PASAJERO,1,0,0,LIMA,LIMA,SANTIAGO DE SURCO,URBANA,AVENIDA,URBANO,NO CORRESPONDE,-12.113098042952329,-76.9924970312784,DESPEJADO,COMERCIAL,INTERSECCIÓN,PLANA ,ASFALTADA,,,,,EN PROCESO DE INVESTIGACIÓN,NO CUENTA CON CAUSA ESPECIFICA,20.0,0,59.0,59.0,47.0,71.0,2,1,1,0,1,0,2
A-2024-08-26,2024-08-27,23:20,DESPISTE,1,0,0,PUNO,EL COLLAO,ILAVE,RURAL,CARRETERA,PROVINCIAL,PU-1160,-16.050075978486984,-69.61016350724347,,,,,,,,,,EN PROCESO DE INVESTIGACIÓN,NO CUENTA CON CAUSA ESPECIFICA,23.0,0,37.0,37.0,37.0,37.0,1,1,1,0,0,0,1
A-2024-08-148,2024-08-28,05:15,CAÍDA DE PASAJERO,1,0,0,LIMA,LIMA,ATE,URBANA,AVENIDA,URBANO,NO CORRESPONDE,-12.028884367488416,-76.92390041894586,DESPEJADO,COMERCIAL,INTERSECCIÓN,PLANA ,ASFALTADA,,,,,EN PROCESO DE INVESTIGACIÓN,NO CUENTA CON CAUSA ESPECIFICA,5.0,0,46.0,46.0,46.0,46.0,1,0,1,0,0,0,2
A-2024-08-144,2024-08-28,12:30,DESPISTE,1,0,0,LIMA,LIMA,EL AGUSTINO,URBANA,AVENIDA,URBANO,NO CORRESPONDE,-12.03488902555925,-76.99466642316598,DESPEJADO,RESIDENCIAL,CURVA,INCLINADA,ASFALTADA,,,,,EN PROCESO DE INVESTIGACIÓN,NO CUENTA CON CAUSA ESPECIFICA,12.0,0,36.0,36.0,36.0,36.0,1,1,1,0,1,0,1
A-2024-08-145,2024-08-28,14:14,ATROPELLO FUGA,1,0,0,LIMA,LIMA,JESUS MARIA,URBANA,AVENIDA,URBANO,NO CORRESPONDE,-12.079343096645006,-77.0482444757764,DESPEJADO,RESIDENCIAL,TRAMO RECTO,PLANA ,ASFALTADA,SI,PREVENTIVA (P),,NO,EN PROCESO DE INVESTIGACIÓN,NO CUENTA CON CAUSA ESPECIFICA,14.0,0,71.0,71.0,71.0,71.0,1,0,1,0,0,0,2
A-2024-08-146,2024-08-28,18:20,ATROPELLO,1,0,0,LIMA,LIMA,CARABAYLLO,URBANA,AVENIDA,URBANO,NO CORRESPONDE,-11.846589458734812,-76.99604160080257,DESPEJADO,ESCOLAR,TRAMO RECTO,INCLINADA,AFIRMADO,,,,,EN PROCESO DE INVESTIGACIÓN,NO CUENTA CON CAUSA ESPECIFICA,18.0,0,26.5,26.5,9.0,44.0,2,1,1,0,1,0,2
A-2024-08-62,2024-08-28,18:45,ATROPELLO,1,0,0,AREQUIPA,AREQUIPA,CERRO COLORADO,URBANA,AVENIDA,URBANO,NO CORRESPONDE,-16.392358,-71.564029,DESPEJADO,COMERCIAL,INTERSECCIÓN,PLANA ,ASFALTADA,,,,,EN PROCESO DE INVESTIGACIÓN,NO CUENTA CON CAUSA ESPECIFICA,18.0,0,61.0,61.0,34.0,88.0,2,1,1,0,1,0,2
A-2024-08-40,2024-08-29,08:30,ATROPELLO,1,0,1,CUSCO,QUISPICANCHI,CCATCA,RURAL,CARRETERA,NACIONAL,PE-30C,-13.635460573911644,-71.58926376093788,DESPEJADO,RURAL,CURVA,PLANA ,ASFALTADA,,,,,IMPRUDENCIA DEL CONDUCTOR,CONDUCIR EN ESTADO DE EBRIEDAD Y/O DROGADICCIÓN,8.0,0,43.5,43.5,27.0,60.0,1,1,1,0,1,0,2
A-2024-08-147,2024-08-29,08:50,CHOQUE,1,0,0,LIMA,LIMA,CARABAYLLO,URBANA,CARRETERA,PROVINCIAL,LM-691,-11.85875444387808,-77.04523542238633,DESPEJADO,RESIDENCIAL,INTERSECCIÓN,PLANA ,ASFALTADA,,,,,EN PROCESO DE INVESTIGACIÓN,NO CUENTA CON CAUSA ESPECIFICA,8.0,0,38.0,38.0,29.0,47.0,2,2,1,0,1,0,2
A-2024-08-31,2024-08-29,11:20,CHOQUE,1,1,0,PUNO,CHUCUITO,POMATA,RURAL,CARRETERA,NACIONAL,PE-3S,-16.2606361,-69.296216,,,,,,,,,,IMPRUDENCIA DEL CONDUCTOR,INVASIÓN DE CARRIL,11.0,0,71.0,71.0,70.0,72.0,2,2,1,1,0,0,2
A-2024-08-87,2024-08-29,19:45,VOLCADURA,1,0,0,APURIMAC,ANDAHUAYLAS,ANDAHUAYLAS,RURAL,CARRETERA,PROVINCIAL,AP-564,-13.650526867780512,-73.40847782303277,LLUVIOSO,RURAL,TRAMO RECTO,INCLINADA,TROCHA,,,,,IMPRUDENCIA DEL CONDUCTOR,CONDUCIR EN ESTADO DE EBRIEDAD Y/O DROGADICCIÓN,19.0,0,64.0,64.0,64.0,64.0,1,1,1,0,0,0,1
A-2024-08-27,2024-08-30,01:40,CHOQUE,1,0,0,LA LIBERTAD,ASCOPE,CHICAMA,RURAL,CARRETERA,NACIONAL,PE-1N,-7.943393113,-79.09555014,,,,,,,,,,EN PROCESO DE INVESTIGACIÓN,NO CUENTA CON CAUSA ESPECIFICA,1.0,0,59.5,59.5,59.0,60.0,2,2,1,0,0,0,2
A-2024-08-33,2024-08-30,02:40,VOLCADURA,1,0,1,SAN MARTIN,MOYOBAMBA,MOYOBAMBA,URBANA,CARRETERA,NACIONAL,PE-5N,-6.047733,-76.991195,DESPEJADO,RESIDENCIAL,TRAMO RECTO,INCLINADA,ASFALTADA,SI,REGULADORA (R),PREVENTIVA (P),NO,IMPRUDENCIA DEL CONDUCTOR,OTRO (IMPRUDENCIA DEL CONDUCTOR),2.0,0,47.0,47.0,47.0,47.0,1,1,1,0,1,0,1
A-2024-08-65,2024-08-30,04:30,CHOQUE,1,0,2,PASCO,PASCO,TINYAHUARCO,RURAL,CARRETERA,NACIONAL,PE-3N,-10.77901021954679,-76.2474024794855,NUBLADO,RURAL,TRAMO RECTO,PLANA ,ASFALTADA,,,,,IMPRUDENCIA DEL CONDUCTOR,EXCESO DE VELOCIDAD,4.0,0,51.0,51.0,26.0,76.0,3,2,1,0,0,0,3
A-2024-08-52,2024-08-30,08:00,CHOQUE,1,1,2,CUSCO,CUSCO,POROY,URBANA,CARRETERA,NACIONAL,PE-3S,-13.495498,-72.042298,DESPEJADO,RESIDENCIAL,TRAMO RECTO,PLANA ,ASFALTADA,SI,REGULADORA (R),PREVENTIVA (P),NO,IMPRUDENCIA DEL CONDUCTOR,INVASIÓN DE CARRIL,8.0,0,45.666666666666664,42.0,39.0,56.0,2,2,1,1,1,1,3
A-2024-08-44,2024-08-30,08:30,DESPISTE,1,0,0,CUSCO,QUISPICANCHI,CCATCA,,CARRETERA,PROVINCIAL,CU-1387,-13.6467,-71.507133,,,,,,,,,,EN PROCESO DE INVESTIGACIÓN,NO CUENTA CON CAUSA ESPECIFICA,8.0,0,46.0,46.0,27.0,65.0,2,1,1,0,0,0,2
A-2024-08-149,2024-08-30,17:00,ATROPELLO FUGA,1,0,0,LIMA,LIMA,SAN MARTIN DE PORRES,URBANA,CALLE,URBANO,NO CORRESPONDE,-11.991151275854053,-77.10242694797752,DESPEJADO,RESIDENCIAL,INTERSECCIÓN,PLANA ,ASFALTADA,,,,,EN PROCESO DE INVESTIGACIÓN,NO CUENTA CON CAUSA ESPECIFICA,17.0,0,15.0,15.0,15.0,15.0,1,0,1,0,0,0,2
A-2024-08-151,2024-08-30,20:20,ATROPELLO,1,0,0,LIMA,LIMA,SAN JUAN DE LURIGANCHO,URBANA,AVENIDA,URBANO,NO CORRESPONDE,-11.974879958858724,-77.00004540641497,DESPEJADO,ESCOLAR,TRAMO RECTO,PLANA ,ASFALTADA,,,,,EN PROCESO DE INVESTIGACIÓN,NO CUENTA CON CAUSA ESPECIFICA,20.0,0,53.0,53.0,39.0,67.0,2,1,1,0,1,0,2
A-2024-08-45,2024-08-30,21:30,DESPISTE,3,10,1,CUSCO,ANTA,LIMATAMBO,RURAL,CARRETERA,SIN CLASIFICAR,SIN CLASIFICAR,-13.455618,-72.468051,DESPEJADO,RURAL,CURVA,INCLINADA,AFIRMADO,,,,,NEGLIGENCIA DEL CONDUCTOR,CONDUCIR CON FALLAS DE FRENOS,21.0,2,32.23076923076923,36.0,5.0,63.0,8,1,3,10,1,1,13
A-2024-08-63,2024-08-30,22:20,ATROPELLO FUGA,1,0,0,ICA,CHINCHA,EL CARMEN,RURAL,CARRETERA,NACIONAL,PE-1SE,-13.554542,-76.180823,DESPEJADO,RURAL,TRAMO RECTO,PLANA ,ASFALTADA,,,,,EN PROCESO DE INVESTIGACIÓN,NO CUENTA CON CAUSA ESPECIFICA,22.0,0,68.0,68.0,68.0,68.0,1,0,1,0,0,0,2
A-2024-08-28,2024-08-30,23:30,DESPISTE,1,0,1,LA LIBERTAD,PATAZ,TAYABAMBA,URBANA,JIRÓN,URBANO,NO CORRESPONDE,-8.2744566253,-77.297001298,DESPEJADO,RESIDENCIAL,INTERSECCIÓN,PLANA ,CONCRETO,,,,,EN PROCESO DE INVESTIGACIÓN,NO CUENTA CON CAUSA ESPECIFICA,23.0,0,31.0,31.0,31.0,31.0,1,1,1,0,0,0,1
A-2024-08-103,2024-08-31,02:30,VOLCADURA,1,0,1,CAJAMARCA,CELENDIN,CELENDIN,URBANA,AVENIDA,URBANO,NO CORRESPONDE,-6.875352,-78.141947,DESPEJADO,COMERCIAL,TRAMO RECTO,INCLINADA,CASCAJO/RIPIO,,,,,IMPRUDENCIA DEL CONDUCTOR,EXCESO DE VELOCIDAD,2.0,0,45.0,45.0,45.0,45.0,1,1,1,0,1,0,1
A-2024-08-89,2024-08-31,04:30,DESPISTE,1,1,0,CUSCO,LA CONVENCION,VILCABAMBA,RURAL,CARRETERA,DEPARTAMENTAL,CU-100,-13.048489623331564,-72.89597678523941,DESPEJADO,RURAL,CURVA,INCLINADA,TROCHA,,,,,IMPRUDENCIA DEL CONDUCTOR,EXCESO DE VELOCIDAD,4.0,0,58.333333333333336,65.0,29.0,81.0,2,1,1,1,1,0,3
A-2024-08-82,2024-08-31,08:00,DESPISTE,1,3,1,AYACUCHO,LUCANAS,LLAUTA,RURAL,CARRETERA,DEPARTAMENTAL,AY-113,-14.261638,-74.9639604,DESPEJADO,RURAL,SINUOSA,PLANA ,TROCHA,,,,,EN PROCESO DE INVESTIGACIÓN,NO CUENTA CON CAUSA ESPECIFICA,8.0,0,54.75,57.5,25.0,79.0,1,1,1,3,1,0,4
A-2024-08-66,2024-08-31,09:00,ATROPELLO FUGA,1,0,0,CALLAO,CALLAO,VENTANILLA,URBANA,CARRETERA,NACIONAL,PE-20,-11.877639263973126,-77.12690970841041,,,,,,,,,,EN PROCESO DE INVESTIGACIÓN,NO CUENTA CON CAUSA ESPECIFICA,9.0,0,80.0,80.0,80.0,80.0,0,0,1,0,0,0,2
A-2024-08-81,2024-08-31,10:45,CHOQUE,1,0,2,ICA,NASCA,VISTA ALEGRE,URBANA,CARRETERA,NACIONAL,PE-1S,-14.849794387898305,-74.95357424520986,DESPEJADO,COMERCIAL,TRAMO RECTO,PLANA ,ASFALTADA,,,,,EN PROCESO DE INVESTIGACIÓN,NO CUENTA CON CAUSA ESPECIFICA,10.0,0,36.5,36.5,19.0,54.0,2,2,1,0,1,0,2
A-2024-08-48,2024-08-31,15:30,CHOQUE,1,2,2,AYACUCHO,LUCANAS,SAN JUAN,RURAL,CARRETERA,NACIONAL,PE-30A,-14.650289,-74.187799,DESPEJADO,RURAL,CURVA,INCLINADA,ASFALTADA,SI,PREVENTIVA (P),PREVENTIVA (P),NO,IMPRUDENCIA DEL CONDUCTOR,INVASIÓN DE CARRIL,15.0,0,43.0,47.0,33.0,52.0,1,2,1,2,2,0,5
A-2024-08-68,2024-08-31,17:30,VOLCADURA,8,15,1,AMAZONAS,LUYA,OCUMAL,RURAL,CARRETERA,SIN CLASIFICAR,SIN CLASIFICAR,-6.322234,-78.13609,DESPEJADO,RURAL,CURVA,INCLINADA,TROCHA,,,,,EN PROCESO DE INVESTIGACIÓN,NO CUENTA CON CAUSA ESPECIFICA,17.0,2,28.043478260869566,32.0,2.0,63.0,10,1,8,15,0,0,23