CODIGO_SINIESTRO,FECHA_SINIESTRO,HORA_SINIESTRO,CLASE_SINIESTRO,CANTIDAD_FALLECIDOS,CANTIDAD_LESIONADOS,CANTIDAD_VEHICULOS,DEPARTAMENTO,PROVINCIA,DISTRITO,ZONA,TIPO_VIA,RED_VIAL,COD_CARRETERA,LATITUD,LONGITUD,CONDICION_CLIMATICA,ZONIFICACION,CARACTERISTICAS_VIA,PERFIL_VIA,SUPERFICIE_CALZADA,EXISTE_SENIAL_VERTICAL,CLASIFICACION_SENIAL_VERTICAL_1,CLASIFICACION_SENIAL_VERTICAL_2,EXISTE_SENIAL_HORIZONTAL,CAUSA_FACTOR_PRINCIPAL,CAUSA_ESPECIFICA,HORA,severidad,EDAD_PROMEDIO,EDAD_MEDIANA,EDAD_MIN,EDAD_MAX,TOTAL_MASCULINOS,TOTAL_CONDUCTORES,TOTAL_FALLECIDOS_AGG,TOTAL_LESIONADOS_AGG,TOTAL_LICENCIA,TOTAL_ALCOHOL_POSITIVO,TOTAL_PERSONAS
A-2024-08-150,2024-08-31,19:30,ATROPELLO,1,1,0,LIMA,LIMA,CHORRILLOS,URBANA,AVENIDA,URBANO,NO CORRESPONDE,-12.198478758912882,-76.98095948357955,DESPEJADO,ESCOLAR,INTERSECCIÓN,PLANA ,ASFALTADA,,,,,EN PROCESO DE INVESTIGACIÓN,NO CUENTA CON CAUSA ESPECIFICA,19.0,0,43.0,43.0,26.0,60.0,1,1,1,1,0,0,2
A-2024-08-83,2024-08-31,20:40,VOLCADURA,1,0,1,ICA,NASCA,NASCA,RURAL,CARRETERA,SIN CLASIFICAR,SIN CLASIFICAR,-14.843273,-74.989896,DESPEJADO,RURAL,TRAMO RECTO,PLANA ,TROCHA,,,,,EN PROCESO DE INVESTIGACIÓN,NO CUENTA CON CAUSA ESPECIFICA,20.0,0,23.5,23.5,22.0,25.0,1,1,1,0,1,0,2
A-2024-08-152,2024-08-31,23:45,ATROPELLO FUGA,1,0,0,MOQUEGUA,MARISCAL NIETO,SAMEGUA,RURAL,CARRETERA,NACIONAL,PE-36A,-17.130627,-70.839647,,,,,,,,,,EN PROCESO DE INVESTIGACIÓN,NO CUENTA CON CAUSA ESPECIFICA,23.0,0,30.0,30.0,30.0,30.0,1,0,1,0,0,0,2
A-2024-09-15,2024-09-01,08:30,CHOQUE,3,15,0,AREQUIPA,CAYLLOMA,SAN ANTONIO DE CHUCA,RURAL,CARRETERA,NACIONAL,PE-34A,-15.8527857979,-71.1166783731,DESPEJADO,RURAL,TRAMO RECTO,PLANA ,ASFALTADA,,,,,EN PROCESO DE INVESTIGACIÓN,NO CUENTA CON CAUSA ESPECIFICA,8.0,2,35.05,32.5,24.0,52.0,11,3,3,15,3,0,20
A-2024-09-95,2024-09-01,11:30,ATROPELLO,1,0,0,LIMA,LIMA,VILLA EL SALVADOR,URBANA,AVENIDA,URBANO,NO CORRESPONDE,-12.244648889510342,-76.9206833937598,DESPEJADO,ESCOLAR,TRAMO RECTO,INCLINADA,ASFALTADA,SI,PREVENTIVA (P),,NO,EN PROCESO DE INVESTIGACIÓN,NO CUENTA CON CAUSA ESPECIFICA,11.0,0,37.5,37.5,29.0,46.0,2,1,1,0,1,0,2
A-2024-09-38,2024-09-01,20:15,CHOQUE,1,0,2,TUMBES,TUMBES,TUMBES,RURAL,AVENIDA,URBANO,NO CORRESPONDE,-3.5880832414970443,-80.42185921260176,DESPEJADO,RURAL,TRAMO RECTO,PLANA ,ASFALTADA,,,,,IMPRUDENCIA DEL CONDUCTOR,INVASIÓN DE CARRIL,20.0,0,44.0,44.0,35.0,53.0,2,2,1,0,1,0,2
A-2024-09-96,2024-09-01,20:50,DESPISTE,2,5,0,LIMA,LIMA,SAN BARTOLO,URBANA,CARRETERA,NACIONAL,PE-1S,-12.384193818783762,-76.77118616307789,DESPEJADO,INDUSTRIAL,TRAMO RECTO,PLANA ,ASFALTADA,,,,,EN PROCESO DE INVESTIGACIÓN,NO CUENTA CON CAUSA ESPECIFICA,20.0,1,53.57142857142857,56.0,21.0,92.0,3,1,2,5,1,0,7
A-2024-09-97,2024-09-01,23:50,ATROPELLO FUGA,1,0,0,LIMA,LIMA,CHORRILLOS,URBANA,CARRETERA,NACIONAL,PE-1S,-12.197079968597212,-76.973293745685,DESPEJADO,COMERCIAL,TRAMO RECTO,PLANA ,ASFALTADA,,,,,EN PROCESO DE INVESTIGACIÓN,NO CUENTA CON CAUSA ESPECIFICA,23.0,0,33.0,33.0,33.0,33.0,2,1,1,0,1,0,2
A-2024-09-98,2024-09-01,23:58,ATROPELLO FUGA,1,0,0,LIMA,LIMA,ATE,URBANA,CARRETERA,NACIONAL,PE-22,-12.007655252440172,-76.85677555835976,DESPEJADO,COMERCIAL,TRAMO RECTO,PLANA ,ASFALTADA,,,,,EN PROCESO DE INVESTIGACIÓN,NO CUENTA CON CAUSA ESPECIFICA,23.0,0,46.0,46.0,46.0,46.0,1,0,1,0,0,0,2
A-2024-09-59,2024-09-02,05:10,DESPISTE,1,3,0,ICA,CHINCHA,PUEBLO NUEVO,URBANA,CARRETERA,PROVINCIAL,IC-505,-13.376524,-76.13058,DESPEJADO,RURAL,CURVA,PLANA ,ASFALTADA,,,,,EN PROCESO DE INVESTIGACIÓN,NO CUENTA CON CAUSA ESPECIFICA,5.0,0,29.8,27.0,7.0,64.0,1,1,1,3,1,0,5
A-2024-09-43,2024-09-02,09:10,CHOQUE,1,3,2,CUSCO,CHUMBIVILCAS,LIVITACA,RURAL,CARRETERA,PROVINCIAL,CU-1589,-14.194165,-71.624747,DESPEJADO,RURAL,CURVA,PLANA ,ASFALTADA,,,,,IMPRUDENCIA DEL CONDUCTOR,EXCESO DE VELOCIDAD,9.0,0,31.0,29.5,21.0,44.0,3,2,1,3,0,0,4
A-2024-09-80,2024-09-02,18:30,ATROPELLO,1,0,0,CUSCO,CUSCO,SAYLLA,,CARRETERA,NACIONAL,PE-3S,-13.557305,-71.853933,,,,,,,,,,IMPRUDENCIA DEL CONDUCTOR,EXCESO DE VELOCIDAD,18.0,0,33.5,33.5,8.0,59.0,2,1,1,0,0,0,2
A-2024-09-6,2024-09-02,19:25,CHOQUE FUGA,1,1,1,LA LIBERTAD,TRUJILLO,HUANCHACO,URBANA,AVENIDA,URBANO,NO CORRESPONDE,-8.024623139901426,-79.06443532335625,DESPEJADO,INDUSTRIAL,INTERSECCIÓN,PLANA ,ASFALTADA,,,,,EN PROCESO DE INVESTIGACIÓN,NO CUENTA CON CAUSA ESPECIFICA,19.0,0,26.0,26.0,23.0,29.0,1,1,1,1,0,0,3
A-2024-09-56,2024-09-02,22:00,DESPISTE,1,0,0,CUSCO,PAUCARTAMBO,PAUCARTAMBO,RURAL,CARRETERA,PROVINCIAL,CU-1020,-13.382111,-71.504325,DESPEJADO,RURAL,CURVA,PLANA ,AFIRMADO,,,,,IMPRUDENCIA DEL CONDUCTOR,EXCESO DE VELOCIDAD,22.0,0,20.0,20.0,20.0,20.0,1,1,1,0,0,0,1
A-2024-09-62,2024-09-03,01:40,ATROPELLO FUGA,1,0,1,ICA,ICA,SANTIAGO,RURAL,CARRETERA,NACIONAL,PE-1S,-14.474002,-75.367979,DESPEJADO,RURAL,TRAMO RECTO,PLANA ,ASFALTADA,,,,,EN PROCESO DE INVESTIGACIÓN,NO CUENTA CON CAUSA ESPECIFICA,1.0,0,,,,,0,0,1,0,0,0,2
A-2024-09-7,2024-09-03,13:10,ATROPELLO,1,0,1,LA LIBERTAD,SANCHEZ CARRION,HUAMACHUCO,URBANA,JIRÓN,URBANO,NO CORRESPONDE,-7.8163069435,-78.0405533364,DESPEJADO,COMERCIAL,INTERSECCIÓN,PLANA ,ASFALTADA,,,,,EN PROCESO DE INVESTIGACIÓN,NO CUENTA CON CAUSA ESPECIFICA,13.0,0,53.5,53.5,26.0,81.0,2,1,1,0,1,0,2
A-2024-09-16,2024-09-03,15:30,DESPISTE,1,1,1,AREQUIPA,CAYLLOMA,MAJES,URBANA,CALLE,URBANO,NO CORRESPONDE,-16.2989722222,-72.1980555556,DESPEJADO,COMERCIAL,TRAMO RECTO,PLANA ,ASFALTADA,,,,,EN PROCESO DE INVESTIGACIÓN,NO CUENTA CON CAUSA ESPECIFICA,15.0,0,47.5,47.5,25.0,70.0,2,1,1,1,0,0,2
A-2024-09-63,2024-09-03,19:30,ATROPELLO FUGA,1,0,1,ICA,ICA,LA TINGUIÑA,URBANA,CARRETERA,NACIONAL,PE-1S,-14.033174,-75.709834,DESPEJADO,RESIDENCIAL,TRAMO RECTO,PLANA ,ASFALTADA,,,,,EN PROCESO DE INVESTIGACIÓN,NO CUENTA CON CAUSA ESPECIFICA,19.0,0,62.5,62.5,50.0,75.0,0,0,1,0,1,0,2
A-2024-09-57,2024-09-05,14:30,DESPISTE,1,0,1,CUSCO,QUISPICANCHI,QUIQUIJANA,RURAL,CARRETERA,PROVINCIAL,CU-1333,-13.862981,-71.551294,DESPEJADO,RURAL,TRAMO RECTO,PLANA ,AFIRMADO,,,,,IMPRUDENCIA DEL CONDUCTOR,EXCESO DE VELOCIDAD,14.0,0,31.0,31.0,31.0,31.0,1,1,1,0,1,0,1
A-2024-09-64,2024-09-06,13:00,VOLCADURA,1,0,1,ICA,PISCO,HUMAY,RURAL,CARRETERA,NACIONAL,PE-28A,-13.714214,-75.855805,DESPEJADO,RURAL,CURVA,PLANA ,ASFALTADA,,,,,EN PROCESO DE INVESTIGACIÓN,NO CUENTA CON CAUSA ESPECIFICA,13.0,0,19.0,19.0,19.0,19.0,1,1,1,0,0,0,1
A-2024-09-99,2024-09-07,04:45,ATROPELLO,1,0,0,LIMA,LIMA,SAN JUAN DE MIRAFLORES,URBANA,AVENIDA,URBANO,NO CORRESPONDE,-12.150805565344497,-76.97924230900693,DESPEJADO,COMERCIAL,TRAMO RECTO,INCLINADA,ASFALTADA,,,,,EN PROCESO DE INVESTIGACIÓN,NO CUENTA CON CAUSA ESPECIFICA,4.0,0,36.5,36.5,28.0,45.0,2,1,1,0,1,0,2
A-2024-09-8,2024-09-07,05:30,DESPISTE,1,2,1,LA LIBERTAD,PATAZ,TAYABAMBA,RURAL,CARRETERA,NACIONAL,PE-12B,-8.292056882636524,-77.30985221113423,DESPEJADO,RURAL,TRAMO RECTO,PLANA ,AFIRMADO,,,,,EN PROCESO DE INVESTIGACIÓN,NO CUENTA CON CAUSA ESPECIFICA,5.0,0,21.333333333333332,21.0,19.0,24.0,1,1,1,2,1,0,3
A-2024-09-9,2024-09-07,07:20,DESPISTE,1,0,1,LA LIBERTAD,VIRU,VIRU,RURAL,CARRETERA,PROVINCIAL,LI-1178,-8.431359987728166,-78.74771470221165,DESPEJADO,RURAL,TRAMO RECTO,PLANA ,AFIRMADO,,,,,EN PROCESO DE INVESTIGACIÓN,NO CUENTA CON CAUSA ESPECIFICA,7.0,0,54.0,54.0,54.0,54.0,1,1,1,0,0,0,1
A-2024-09-54,2024-09-07,07:30,DESPISTE,1,0,1,AYACUCHO,HUAMANGA,VINCHOS,RURAL,CARRETERA,NACIONAL,PE-28A,-13.357,-74.412,DESPEJADO,RURAL,CURVA,INCLINADA,ASFALTADA,,,,,IMPRUDENCIA DEL CONDUCTOR,EXCESO DE VELOCIDAD,7.0,0,69.0,69.0,60.0,78.0,1,1,1,0,1,0,2
A-2024-09-84,2024-09-07,10:15,DESPISTE,1,0,1,CAJAMARCA,CAJAMARCA,MATARA,RURAL,CARRETERA,NACIONAL,PE-3N,-7.283624,-78.22294,DESPEJADO,RURAL,CURVA,INCLINADA,ASFALTADA,NO,,,NO,IMPRUDENCIA DEL CONDUCTOR,EXCESO DE VELOCIDAD,10.0,0,50.0,50.0,50.0,50.0,1,1,1,0,0,0,1
A-2024-09-10,2024-09-07,11:00,DESPISTE,2,3,1,LA LIBERTAD,SANCHEZ CARRION,CHUGAY,RURAL,CARRETERA,PROVINCIAL,LI-901,-7.936024132669288,-77.73449920534051,DESPEJADO,RURAL,TRAMO RECTO,PLANA ,TROCHA,,,,,EN PROCESO DE INVESTIGACIÓN,NO CUENTA CON CAUSA ESPECIFICA,11.0,1,35.6,32.0,30.0,49.0,4,1,2,3,0,0,5
A-2024-09-101,2024-09-07,13:30,ATROPELLO,1,0,0,LIMA,LIMA,SAN JUAN DE LURIGANCHO,URBANA,AVENIDA,URBANO,NO CORRESPONDE,-11.96346608174846,-76.97980904835953,DESPEJADO,COMERCIAL,TRAMO RECTO,PLANA ,ASFALTADA,,,,,EN PROCESO DE INVESTIGACIÓN,NO CUENTA CON CAUSA ESPECIFICA,13.0,0,48.5,48.5,28.0,69.0,2,1,1,0,0,0,2
A-2024-09-100,2024-09-07,22:00,DESPISTE,1,0,0,LIMA,LIMA,CHORRILLOS,URBANA,AVENIDA,URBANO,NO CORRESPONDE,-12.200616655742168,-76.99624757240655,DESPEJADO,INDUSTRIAL,INTERSECCIÓN,PLANA ,ASFALTADA,,,,,EN PROCESO DE INVESTIGACIÓN,NO CUENTA CON CAUSA ESPECIFICA,22.0,0,28.0,28.0,28.0,28.0,1,1,1,0,1,0,1
A-2024-09-65,2024-09-08,00:30,CHOQUE,2,20,2,ICA,PISCO,HUANCANO,RURAL,CARRETERA,NACIONAL,PE-28A,-13.650391,-75.735952,DESPEJADO,RURAL,CURVA,INCLINADA,ASFALTADA,,,,,EN PROCESO DE INVESTIGACIÓN,NO CUENTA CON CAUSA ESPECIFICA,0.0,1,36.52173913043478,41.0,7.0,60.0,13,2,2,20,2,0,23
A-2024-09-3,2024-09-08,03:00,ATROPELLO FUGA,1,0,0,AREQUIPA,ISLAY,MOLLENDO,RURAL,CARRETERA,NACIONAL,PE-34,-16.708444,-71.931881,,,,,,,,,,EN PROCESO DE INVESTIGACIÓN,NO CUENTA CON CAUSA ESPECIFICA,3.0,0,,,,,0,0,1,0,0,0,2
A-2024-09-1,2024-09-08,08:30,CHOQUE,1,0,2,PUNO,CHUCUITO,DESAGUADERO,RURAL,CARRETERA,NACIONAL,PE-36A,-16.619449615059487,-69.1480027601032,DESPEJADO,RURAL,TRAMO RECTO,PLANA ,ASFALTADA,,,,,IMPRUDENCIA DEL CONDUCTOR,EXCESO DE VELOCIDAD,8.0,0,38.5,38.5,19.0,58.0,2,2,1,0,0,0,2
A-2024-09-66,2024-09-08,21:00,CHOQUE,1,0,2,ICA,NASCA,EL INGENIO,RURAL,CARRETERA,DEPARTAMENTAL,IC-113,-14.657882,-75.109083,DESPEJADO,RURAL,TRAMO RECTO,PLANA ,ASFALTADA,,,,,EN PROCESO DE INVESTIGACIÓN,NO CUENTA CON CAUSA ESPECIFICA,21.0,0,35.5,35.5,35.0,36.0,1,2,1,0,0,0,2
A-2024-09-11,2024-09-08,22:30,CHOQUE,1,0,2,LA LIBERTAD,SANTIAGO DE CHUCO,SANTIAGO DE CHUCO,RURAL,CARRETERA,NACIONAL,PE-3N,-8.1437841159,-78.180144455,DESPEJADO,RURAL,TRAMO RECTO,PLANA ,AFIRMADO,,,,,EN PROCESO DE INVESTIGACIÓN,NO CUENTA CON CAUSA ESPECIFICA,22.0,0,25.5,25.5,17.0,34.0,2,2,1,0,1,0,2
A-2024-09-12,2024-09-10,18:30,DESPISTE,1,1,1,LA LIBERTAD,OTUZCO,USQUIL,RURAL,CARRETERA,DEPARTAMENTAL,LI-111,-7.829688828828934,-78.39036940831974,DESPEJADO,RURAL,TRAMO RECTO,PLANA ,AFIRMADO,,,,,INFRAESTRUCTURA Y ENTORNO VIAL,SUPERFICIE DETERIORADA,18.0,0,47.666666666666664,41.0,37.0,65.0,3,1,1,1,1,0,3
A-2024-09-14,2024-09-11,14:00,CHOQUE,1,0,2,LA LIBERTAD,PACASMAYO,GUADALUPE,RURAL,CARRETERA,NACIONAL,PE-1N,-7.3106001828,-79.480851252,DESPEJADO,RURAL,TRAMO RECTO,PLANA ,ASFALTADA,,,,,EN PROCESO DE INVESTIGACIÓN,NO CUENTA CON CAUSA ESPECIFICA,14.0,0,30.0,30.0,17.0,43.0,2,2,1,0,1,0,2
A-2024-09-102,2024-09-11,16:20,ATROPELLO,1,0,0,LIMA,LIMA,VILLA EL SALVADOR,URBANA,AVENIDA,URBANO,NO CORRESPONDE,-12.223876023943266,-76.9198851055976,DESPEJADO,ESCOLAR,TRAMO RECTO,INCLINADA,ASFALTADA,SI,PREVENTIVA (P),,NO,EN PROCESO DE INVESTIGACIÓN,NO CUENTA CON CAUSA ESPECIFICA,16.0,0,60.5,60.5,51.0,70.0,2,1,1,0,1,0,2
A-2024-09-85,2024-09-11,17:00,CHOQUE,1,1,1,CAJAMARCA,SAN PABLO,SAN PABLO,RURAL,CARRETERA,PROVINCIAL,CA-1277,-7.05328889,-78.79286259,DESPEJADO,RURAL,TRAMO RECTO,PLANA ,ASFALTADA,SI,PREVENTIVA (P),,NO,IMPRUDENCIA DEL CONDUCTOR,EXCESO DE VELOCIDAD,17.0,0,41.0,36.0,28.0,59.0,2,2,1,1,2,0,3
A-2024-09-22,2024-09-12,18:30,CHOQUE,1,0,0,AREQUIPA,AREQUIPA,SACHACA,URBANA,CARRETERA,NACIONAL,PE-34C,-16.4046944444,-71.5673055556,,,,,,,,,,EN PROCESO DE INVESTIGACIÓN,NO CUENTA CON CAUSA ESPECIFICA,18.0,0,41.0,41.0,41.0,41.0,1,1,1,0,0,0,1
A-2024-09-17,2024-09-13,00:20,CHOQUE,1,1,2,LA LIBERTAD,TRUJILLO,SALAVERRY,URBANA,CARRETERA,NACIONAL,PE-10,-8.193829804797888,-78.99129671957837,DESPEJADO,INDUSTRIAL,TRAMO RECTO,PLANA ,ASFALTADA,,,,,EN PROCESO DE INVESTIGACIÓN,NO CUENTA CON CAUSA ESPECIFICA,0.0,0,15.0,20.0,2.0,23.0,2,2,1,1,1,0,3
A-2024-09-79,2024-09-13,05:40,DESPISTE,1,37,1,AYACUCHO,LUCANAS,LUCANAS,RURAL,CARRETERA,NACIONAL,PE-30A,-14.83956934,-74.73319065,DESPEJADO,RURAL,CURVA,INCLINADA,ASFALTADA,,,,,IMPRUDENCIA DEL CONDUCTOR,OTRO (IMPRUDENCIA DEL CONDUCTOR),5.0,0,41.97435897435897,42.0,3.0,80.0,31,1,1,37,1,0,39
A-2024-09-70,2024-09-13,07:00,VOLCADURA,3,0,0,APURIMAC,CHINCHEROS,OCOBAMBA,RURAL,CARRETERA,DEPARTAMENTAL,AP-102,-13.58637407,-73.46132668,DESPEJADO,RURAL,CURVA,PLANA ,ASFALTADA,,,,,IMPRUDENCIA DEL CONDUCTOR,FATIGA Y/O CANSANCIO,7.0,2,49.0,41.0,35.0,71.0,1,1,3,0,0,0,3
A-2024-09-86,2024-09-13,07:40,ESPECIAL,1,0,1,CAJAMARCA,CHOTA,ANGUIA,RURAL,CARRETERA,PROVINCIAL,CA-915,-6.351192,-78.609739,DESPEJADO,RURAL,CURVA,INCLINADA,AFIRMADO,,,,,EN PROCESO DE INVESTIGACIÓN,NO CUENTA CON CAUSA ESPECIFICA,7.0,0,42.0,42.0,42.0,42.0,1,1,1,0,0,0,1
A-2024-09-4,2024-09-13,09:00,ATROPELLO FUGA,1,0,0,PUNO,PUNO,ACORA,RURAL,CARRETERA,NACIONAL,PE-3S,-16.044993,-69.712416,,,,,,,,,,IMPRUDENCIA DEL CONDUCTOR,OTRO (IMPRUDENCIA DEL CONDUCTOR),9.0,0,79.0,79.0,79.0,79.0,1,0,1,0,0,0,2
A-2024-09-90,2024-09-13,19:00,DESPISTE,1,1,1,CAJAMARCA,JAEN,COLASAY,RURAL,CARRETERA,PROVINCIAL,CA-672,-6.013822,-79.04964,DESPEJADO,RURAL,TRAMO RECTO,INCLINADA,AFIRMADO,,,,,IMPRUDENCIA DEL CONDUCTOR,CONDUCIR EN ESTADO DE EBRIEDAD Y/O DROGADICCIÓN,19.0,0,62.5,62.5,42.0,83.0,2,1,1,1,0,1,2
A-2024-09-103,2024-09-14,01:40,ATROPELLO FUGA,1,0,0,LIMA,LIMA,BARRANCO,URBANA,VIA EXPRESA,URBANO,NO CORRESPONDE,-12.144651232460244,-77.02539669807277,DESPEJADO,COMERCIAL,TRAMO RECTO,PLANA ,ASFALTADA,,,,,EN PROCESO DE INVESTIGACIÓN,NO CUENTA CON CAUSA ESPECIFICA,1.0,0,,,,,1,0,1,0,0,0,2
A-2024-09-92,2024-09-14,04:00,DESPISTE,1,0,1,CAJAMARCA,JAEN,JAEN,URBANA,CARRETERA,NACIONAL,PE-5N,-5.699007,-78.806465,DESPEJADO,COMERCIAL,TRAMO RECTO,PLANA ,ASFALTADA,,,,,IMPRUDENCIA DEL CONDUCTOR,EXCESO DE VELOCIDAD,4.0,0,27.0,27.0,27.0,27.0,1,1,1,0,0,0,1
A-2024-09-94,2024-09-14,06:10,ATROPELLO,1,2,1,AYACUCHO,HUANTA,HUANTA,URBANA,CARRETERA,PROVINCIAL,AY-619,-12.936101,-74.251797,DESPEJADO,RESIDENCIAL,TRAMO RECTO,PLANA ,ASFALTADA,,,,,IMPRUDENCIA DEL CONDUCTOR,CONDUCIR EN ESTADO DE EBRIEDAD Y/O DROGADICCIÓN,6.0,0,30.5,29.0,26.0,38.0,4,1,1,2,1,1,4
A-2024-09-104,2024-09-14,13:00,ATROPELLO,1,0,0,LIMA,LIMA,BREÑA,URBANA,AVENIDA,URBANO,NO CORRESPONDE,-12.0695910966232,-77.0494113760052,DESPEJADO,ESCOLAR,TRAMO RECTO,PLANA ,ASFALTADA,SI,PREVENTIVA (P),,NO,EN PROCESO DE INVESTIGACIÓN,NO CUENTA CON CAUSA ESPECIFICA,13.0,0,33.0,33.0,33.0,33.0,2,1,1,0,1,0,2
A-2024-09-19,2024-09-15,00:00,ATROPELLO FUGA,1,0,0,LA LIBERTAD,TRUJILLO,VICTOR LARCO HERRERA,URBANA,CARRETERA,NACIONAL,PE-1N,-8.1423468787,-79.0505004368,DESPEJADO,INDUSTRIAL,TRAMO RECTO,PLANA ,ASFALTADA,,,,,EN PROCESO DE INVESTIGACIÓN,NO CUENTA CON CAUSA ESPECIFICA,0.0,0,59.0,59.0,59.0,59.0,1,0,1,0,0,0,2
A-2024-09-41,2024-09-15,02:30,DESPISTE,1,0,0,HUANCAVELICA,ANGARAES,LIRCAY,RURAL,PUENTE,URBANO,NO CORRESPONDE,-12.982152570793378,-74.72076456220381,NUBLADO,RURAL,PUENTE,PLANA ,ASFALTADA,,,,,EN PROCESO DE INVESTIGACIÓN,NO CUENTA CON CAUSA ESPECIFICA,2.0,0,17.0,17.0,17.0,17.0,1,1,1,0,0,0,1
A-2024-09-40,2024-09-15,03:00,DESPISTE,1,1,1,HUANCAVELICA,ACOBAMBA,MARCAS,RURAL,CARRETERA,NACIONAL,PE-3SM,-12.9122088156767,-74.436336022758,NUBLADO,RURAL,TRAMO RECTO,PLANA ,AFIRMADO,,,,,EN PROCESO DE INVESTIGACIÓN,NO CUENTA CON CAUSA ESPECIFICA,3.0,0,39.5,39.5,36.0,43.0,2,1,1,1,1,0,2
A-2024-09-71,2024-09-15,06:00,DESPISTE,1,0,0,APURIMAC,ANDAHUAYLAS,KISHUARA,RURAL,CARRETERA,NACIONAL,PE-3S,-13.68285491,-73.13079241,LLUVIOSO,RURAL,CURVA,PLANA ,ASFALTADA,,,,,IMPRUDENCIA DEL CONDUCTOR,EXCESO DE VELOCIDAD,6.0,0,45.0,45.0,45.0,45.0,0,0,1,0,0,0,1
A-2024-09-60,2024-09-15,06:15,CHOQUE,1,1,2,ICA,CHINCHA,PUEBLO NUEVO,URBANA,AVENIDA,URBANO,NO CORRESPONDE,-13.38984515,-76.14770554,DESPEJADO,ESCOLAR,INTERSECCIÓN,PLANA ,ASFALTADA,SI,PREVENTIVA (P),PREVENTIVA (P),NO,IMPRUDENCIA DEL CONDUCTOR,NO DAR PASO PREFERENTE AL PEATÓN,6.0,0,36.0,36.0,33.0,39.0,2,2,1,1,2,1,3
A-2024-09-78,2024-09-15,18:00,DESPISTE,1,2,0,CUSCO,LA CONVENCION,SANTA ANA,URBANA,PASAJE,URBANO,NO CORRESPONDE,-12.870897,-72.702054,DESPEJADO,RURAL,TRAMO RECTO,PLANA ,AFIRMADO,,,,,IMPRUDENCIA DEL CONDUCTOR,EXCESO DE VELOCIDAD,18.0,0,28.0,30.0,24.0,30.0,3,1,1,2,0,0,3
A-2024-09-73,2024-09-15,18:30,ATROPELLO FUGA,1,0,1,CAJAMARCA,JAEN,JAEN,RURAL,CARRETERA,NACIONAL,PE-5N,-5.684694,-78.787696,DESPEJADO,RURAL,TRAMO RECTO,PLANA ,ASFALTADA,,,,,EN PROCESO DE INVESTIGACIÓN,NO CUENTA CON CAUSA ESPECIFICA,18.0,0,76.0,76.0,76.0,76.0,1,0,1,0,0,0,2
A-2024-09-91,2024-09-15,19:30,DESPISTE,2,0,1,CAJAMARCA,SAN IGNACIO,TABACONAS,RURAL,CARRETERA,NACIONAL,PE-02B,-5.314093,-79.129622,DESPEJADO,RURAL,TRAMO RECTO,PLANA ,AFIRMADO,,,,,IMPRUDENCIA DEL CONDUCTOR,EXCESO DE VELOCIDAD,19.0,1,40.5,40.5,28.0,53.0,1,1,2,0,1,0,2
A-2024-09-105,2024-09-16,09:00,ATROPELLO FUGA,1,0,0,LIMA,LIMA,LURIN,URBANA,CALLE,URBANO,NO CORRESPONDE,-12.240880144630758,-76.89351816401827,DESPEJADO,RESIDENCIAL,INTERSECCIÓN,PLANA ,AFIRMADO,,,,,EN PROCESO DE INVESTIGACIÓN,NO CUENTA CON CAUSA ESPECIFICA,9.0,0,2.0,2.0,2.0,2.0,1,0,1,0,0,0,2
A-2024-09-106,2024-09-16,12:15,ATROPELLO,1,0,0,LIMA,LIMA,LURIGANCHO,URBANA,CARRETERA,NACIONAL,PE-22,-11.922594714804791,-76.67870565105193,DESPEJADO,COMERCIAL,CURVA,INCLINADA,ASFALTADA,NO,,,SI,EN PROCESO DE INVESTIGACIÓN,NO CUENTA CON CAUSA ESPECIFICA,12.0,0,50.5,50.5,40.0,61.0,2,1,1,0,1,0,2
A-2024-09-81,2024-09-16,18:00,CHOQUE,1,0,0,LIMA,LIMA,SURQUILLO,URBANA,AVENIDA,URBANO,NO CORRESPONDE,-12.113616747279652,-77.01154732002924,DESPEJADO,COMERCIAL,TRAMO RECTO,PLANA ,ASFALTADA,,,,,EN PROCESO DE INVESTIGACIÓN,NO CUENTA CON CAUSA ESPECIFICA,18.0,0,55.5,55.5,51.0,60.0,2,2,1,0,0,0,2
A-2024-09-20,2024-09-16,21:00,DESPISTE,1,0,1,LA LIBERTAD,SANTIAGO DE CHUCO,QUIRUVILCA,RURAL,CARRETERA,NACIONAL,PE-3N,-7.9865966653,-78.2723086999,DESPEJADO,RURAL,TRAMO RECTO,PLANA ,TROCHA,,,,,EN PROCESO DE INVESTIGACIÓN,NO CUENTA CON CAUSA ESPECIFICA,21.0,0,34.0,34.0,34.0,34.0,1,1,1,0,0,0,1
A-2024-09-21,2024-09-17,05:30,CHOQUE,6,48,2,LA LIBERTAD,ASCOPE,CHICAMA,RURAL,CARRETERA,NACIONAL,PE-1NF,-7.8110496554599536,-79.14240498712746,DESPEJADO,RURAL,TRAMO RECTO,PLANA ,AFIRMADO,,,,,IMPRUDENCIA DEL CONDUCTOR,OTRO (IMPRUDENCIA DEL CONDUCTOR),5.0,2,36.81481481481482,34.5,1.0,63.0,31,2,6,48,2,0,54