CODIGO_SINIESTRO,FECHA_SINIESTRO,HORA_SINIESTRO,CLASE_SINIESTRO,CANTIDAD_FALLECIDOS,CANTIDAD_LESIONADOS,CANTIDAD_VEHICULOS,DEPARTAMENTO,PROVINCIA,DISTRITO,ZONA,TIPO_VIA,RED_VIAL,COD_CARRETERA,LATITUD,LONGITUD,CONDICION_CLIMATICA,ZONIFICACION,CARACTERISTICAS_VIA,PERFIL_VIA,SUPERFICIE_CALZADA,EXISTE_SENIAL_VERTICAL,CLASIFICACION_SENIAL_VERTICAL_1,CLASIFICACION_SENIAL_VERTICAL_2,EXISTE_SENIAL_HORIZONTAL,CAUSA_FACTOR_PRINCIPAL,CAUSA_ESPECIFICA,HORA,severidad,EDAD_PROMEDIO,EDAD_MEDIANA,EDAD_MIN,EDAD_MAX,TOTAL_MASCULINOS,TOTAL_CONDUCTORES,TOTAL_FALLECIDOS_AGG,TOTAL_LESIONADOS_AGG,TOTAL_LICENCIA,TOTAL_ALCOHOL_POSITIVO,TOTAL_PERSONAS
A-2024-09-107,2024-09-17,07:50,ATROPELLO,1,0,0,LIMA,LIMA,INDEPENDENCIA,URBANA,AVENIDA,URBANO,NO CORRESPONDE,-11.98935531916075,-77.06384534320232,DESPEJADO,COMERCIAL,CURVA,PLANA ,ASFALTADA,NO,,,SI,EN PROCESO DE INVESTIGACIÓN,NO CUENTA CON CAUSA ESPECIFICA,7.0,0,43.0,43.0,39.0,47.0,2,1,1,0,0,0,2
A-2024-09-108,2024-09-17,15:15,CHOQUE,1,1,0,LIMA,LIMA,ATE,URBANA,CARRETERA,NACIONAL,PE-1S,-12.084008880692457,-76.98142782284472,DESPEJADO,COMERCIAL,TRAMO RECTO,INCLINADA,ASFALTADA,,,,,EN PROCESO DE INVESTIGACIÓN,NO CUENTA CON CAUSA ESPECIFICA,15.0,0,40.333333333333336,33.0,27.0,61.0,2,2,1,1,2,0,3
A-2024-09-29,2024-09-18,04:55,DESPISTE,6,0,1,LA LIBERTAD,PATAZ,HUANCASPATA,RURAL,SIN CLASIFICAR,SIN CLASIFICAR,SIN CLASIFICAR,-8.370646299380585,-77.34556353151734,DESPEJADO,RURAL,TRAMO RECTO,PLANA ,TROCHA,,,,,EN PROCESO DE INVESTIGACIÓN,NO CUENTA CON CAUSA ESPECIFICA,4.0,2,22.833333333333332,21.0,2.0,52.0,3,1,6,0,1,0,6
A-2024-09-52,2024-09-18,06:00,CHOQUE,1,2,0,AREQUIPA,AREQUIPA,UCHUMAYO,RURAL,CARRETERA,DEPARTAMENTAL,AR-115,-16.52502,-71.655224,,,,,,,,,,EN PROCESO DE INVESTIGACIÓN,NO CUENTA CON CAUSA ESPECIFICA,6.0,0,24.666666666666668,24.0,19.0,31.0,2,2,1,2,0,0,3
A-2024-09-39,2024-09-18,06:40,CHOQUE CON OBJETO FIJO,1,6,1,TUMBES,ZARUMILLA,AGUAS VERDES,RURAL,CARRETERA,NACIONAL,PE-1N,-3.510614365706649,-80.24838384670119,DESPEJADO,RURAL,TRAMO RECTO,PLANA ,ASFALTADA,,,,,IMPRUDENCIA DEL CONDUCTOR,OTRO (IMPRUDENCIA DEL CONDUCTOR),6.0,0,22.285714285714285,19.0,0.0,47.0,6,1,1,6,1,0,7
A-2024-09-23,2024-09-18,06:45,CHOQUE,1,0,1,AREQUIPA,AREQUIPA,CERRO COLORADO,URBANA,CARRETERA,NACIONAL,PE-34A,-16.342841,-71.581436,DESPEJADO,COMERCIAL,TRAMO RECTO,PLANA ,ASFALTADA,,,,,EN PROCESO DE INVESTIGACIÓN,NO CUENTA CON CAUSA ESPECIFICA,6.0,0,36.5,36.5,35.0,38.0,2,2,1,0,1,0,2
A-2024-09-87,2024-09-18,15:50,ESPECIAL,1,1,2,CAJAMARCA,CHOTA,CHOTA,URBANA,CARRETERA,DEPARTAMENTAL,CA-105,-6.489903,-78.623124,DESPEJADO,COMERCIAL,TRAMO RECTO,PLANA ,AFIRMADO,,,,,IMPRUDENCIA DEL CONDUCTOR,OTRO (IMPRUDENCIA DEL CONDUCTOR),15.0,0,40.333333333333336,33.0,26.0,62.0,3,2,1,1,1,0,3
A-2024-09-47,2024-09-18,23:09,CHOQUE CON OBJETO FIJO,1,1,1,AREQUIPA,AREQUIPA,TIABAYA,URBANA,CALLE,URBANO,NO CORRESPONDE,-16.4472243575,-71.583274892,DESPEJADO,ESCOLAR,TRAMO RECTO,PLANA ,ASFALTADA,,,,,EN PROCESO DE INVESTIGACIÓN,NO CUENTA CON CAUSA ESPECIFICA,23.0,0,24.0,24.0,24.0,24.0,2,1,1,1,1,0,2
A-2024-09-5,2024-09-19,05:20,CHOQUE,1,0,2,PUNO,EL COLLAO,ILAVE,RURAL,CARRETERA,PROVINCIAL,PU-1153,-16.03395465532597,-69.59484806939633,DESPEJADO,RURAL,TRAMO RECTO,PLANA ,ASFALTADA,,,,,IMPRUDENCIA DEL CONDUCTOR,INVASIÓN DE CARRIL,5.0,0,38.0,38.0,34.0,42.0,2,2,1,0,1,0,2
A-2024-09-77,2024-09-19,05:30,ATROPELLO,1,0,0,CUSCO,CANAS,KUNTURKANKI,RURAL,CARRETERA,NACIONAL,PE-34F,-14.543048060646184,-71.30093161307009,DESPEJADO,RURAL,TRAMO RECTO,PLANA ,ASFALTADA,,,,,IMPRUDENCIA DEL PEATÓN,CRUCE INDEBIDO POR LA CALZADA,5.0,0,71.0,71.0,48.0,94.0,2,1,1,0,1,0,2
A-2024-09-48,2024-09-19,05:40,DESPISTE,1,4,1,AREQUIPA,AREQUIPA,CHIGUATA,RURAL,CARRETERA,NACIONAL,PE-34C,-16.3867777778,-71.3198888889,DESPEJADO,RURAL,TRAMO RECTO,PLANA ,TROCHA,,,,,EN PROCESO DE INVESTIGACIÓN,NO CUENTA CON CAUSA ESPECIFICA,5.0,0,46.8,50.0,39.0,53.0,5,1,1,4,1,0,5
A-2024-09-109,2024-09-19,06:30,DESPISTE,1,0,0,LIMA,LIMA,ANCON,URBANA,CARRETERA,NACIONAL,PE-1N,-11.754669355834665,-77.14998448461907,DESPEJADO,COMERCIAL,TRAMO RECTO,PLANA ,ASFALTADA,,,,,EN PROCESO DE INVESTIGACIÓN,NO CUENTA CON CAUSA ESPECIFICA,6.0,0,38.0,38.0,33.0,43.0,2,1,1,0,1,0,2
A-2024-09-111,2024-09-19,08:44,DESPISTE,1,1,0,LIMA,LIMA,ATE,URBANA,AVENIDA,URBANO,NO CORRESPONDE,-12.012840865066396,-76.8244970704311,DESPEJADO,COMERCIAL,INTERSECCIÓN,PLANA ,ASFALTADA,,,,,EN PROCESO DE INVESTIGACIÓN,NO CUENTA CON CAUSA ESPECIFICA,8.0,0,19.0,19.0,18.0,20.0,2,1,1,1,0,0,2
A-2024-09-61,2024-09-19,13:20,CHOQUE CON OBJETO FIJO,1,1,1,AMAZONAS,CHACHAPOYAS,LA JALCA,URBANA,CARRETERA,PROVINCIAL,AM-676,-6.486998,-77.817442,DESPEJADO,RURAL,CURVA,PLANA ,CONCRETO,,,,,EN PROCESO DE INVESTIGACIÓN,NO CUENTA CON CAUSA ESPECIFICA,13.0,0,16.5,16.5,16.0,17.0,2,1,1,1,0,0,2
A-2024-09-110,2024-09-19,17:00,CHOQUE,1,0,0,LIMA,LIMA,ATE,URBANA,AVENIDA,URBANO,NO CORRESPONDE,-12.02185306153493,-76.90730533626098,DESPEJADO,INDUSTRIAL,TRAMO RECTO,PLANA ,ASFALTADA,,,,,EN PROCESO DE INVESTIGACIÓN,NO CUENTA CON CAUSA ESPECIFICA,17.0,0,34.5,34.5,30.0,39.0,2,2,1,0,1,0,2
A-2024-09-88,2024-09-19,19:40,ATROPELLO,1,0,1,CAJAMARCA,CAJAMARCA,SAN JUAN,URBANA,CARRETERA,NACIONAL,PE-08,-7.291919834,-78.50474322,DESPEJADO,COMERCIAL,TRAMO RECTO,INCLINADA,ASFALTADA,,,,,IMPRUDENCIA DEL PEATÓN,ESTADO DE EBRIEDAD Y/O DROGADICCIÓN,19.0,0,53.5,53.5,44.0,63.0,2,1,1,0,1,1,2
A-2024-09-49,2024-09-19,20:00,ATROPELLO FUGA,1,0,0,AREQUIPA,CAYLLOMA,MAJES,URBANA,CALLE,URBANO,NO CORRESPONDE,-16.3583041806,-72.1952669961,DESPEJADO,COMERCIAL,TRAMO RECTO,PLANA ,ASFALTADA,,,,,EN PROCESO DE INVESTIGACIÓN,NO CUENTA CON CAUSA ESPECIFICA,20.0,0,73.0,73.0,73.0,73.0,1,0,1,0,0,0,2
A-2024-09-89,2024-09-20,05:00,DESPISTE,1,0,1,CAJAMARCA,CHOTA,SAN JUAN DE LICUPIS,RURAL,CARRETERA,PROVINCIAL,CA-862,-6.562779,-79.262486,DESPEJADO,RURAL,CURVA,INCLINADA,AFIRMADO,,,,,NEGLIGENCIA DEL CONDUCTOR,OTRO (IMPRUDENCIA DEL CONDUCTOR),5.0,0,65.0,65.0,56.0,74.0,2,1,1,0,1,0,2
A-2024-09-30,2024-09-20,16:00,CHOQUE,3,0,2,LA LIBERTAD,TRUJILLO,HUANCHACO,URBANA,CARRETERA,NACIONAL,PE-1N,-8.1122553924,-79.0941381492,DESPEJADO,COMERCIAL,TRAMO RECTO,PLANA ,ASFALTADA,,,,,EN PROCESO DE INVESTIGACIÓN,NO CUENTA CON CAUSA ESPECIFICA,16.0,2,40.0,37.5,27.0,58.0,2,2,3,0,1,0,4
A-2024-09-112,2024-09-21,03:00,ATROPELLO FUGA,1,0,0,LIMA,LIMA,PUENTE PIEDRA,URBANA,CARRETERA,NACIONAL,PE-1N,-11.867565537290584,-77.07263411036996,DESPEJADO,COMERCIAL,TRAMO RECTO,PLANA ,ASFALTADA,,,,,EN PROCESO DE INVESTIGACIÓN,NO CUENTA CON CAUSA ESPECIFICA,3.0,0,37.0,37.0,37.0,37.0,1,0,1,0,0,0,2
A-2024-09-76,2024-09-21,03:30,DESPISTE,2,2,0,CUSCO,CANCHIS,MARANGANI,RURAL,CARRETERA,NACIONAL,PE-3S,-14.4102126,-71.1185534,DESPEJADO,RURAL,TRAMO RECTO,PLANA ,ASFALTADA,,,,,IMPRUDENCIA DEL CONDUCTOR,EXCESO DE VELOCIDAD,3.0,1,52.75,54.0,40.0,63.0,2,1,2,2,1,0,4
A-2024-09-114,2024-09-21,05:45,ATROPELLO,1,0,0,LIMA,LIMA,SANTA ANITA,URBANA,OTRO,URBANO,NO CORRESPONDE,-12.036673800436178,-76.9447836897068,DESPEJADO,COMERCIAL,TRAMO RECTO,PLANA ,ASFALTADA,,,,,EN PROCESO DE INVESTIGACIÓN,NO CUENTA CON CAUSA ESPECIFICA,5.0,0,57.5,57.5,32.0,83.0,1,1,1,0,1,0,2
A-2024-09-113,2024-09-21,06:30,DESPISTE,1,0,0,LIMA,LIMA,PUEBLO LIBRE,URBANA,AVENIDA,URBANO,NO CORRESPONDE,-12.084031580859838,-77.06482981705766,DESPEJADO,COMERCIAL,CURVA,PLANA ,ASFALTADA,SI,REGULADORA (R),,NO,EN PROCESO DE INVESTIGACIÓN,NO CUENTA CON CAUSA ESPECIFICA,6.0,0,45.0,45.0,44.0,46.0,2,1,1,0,1,0,2
A-2024-09-115,2024-09-21,06:30,DESPISTE,1,1,0,LIMA,LIMA,VILLA MARIA DEL TRIUNFO,URBANA,CALLE,URBANO,NO CORRESPONDE,-12.164164018636278,-76.93401260129251,DESPEJADO,RESIDENCIAL,TRAMO RECTO,INCLINADA,TROCHA,,,,,EN PROCESO DE INVESTIGACIÓN,NO CUENTA CON CAUSA ESPECIFICA,6.0,0,21.666666666666668,9.0,7.0,49.0,2,1,1,1,1,0,3
A-2024-09-13,2024-09-21,07:00,DESPISTE,1,0,1,SAN MARTIN,RIOJA,PARDO MIGUEL,RURAL,CARRETERA,NACIONAL,PE-5N,-5.745756,-77.481797,DESPEJADO,RURAL,TRAMO RECTO,PLANA ,ASFALTADA,NO,,,NO,IMPRUDENCIA DEL CONDUCTOR,OTRO (IMPRUDENCIA DEL CONDUCTOR),7.0,0,25.0,25.0,25.0,25.0,1,1,1,0,0,0,1
A-2024-09-31,2024-09-21,18:30,DESPISTE,1,0,1,LA LIBERTAD,PATAZ,PARCOY,RURAL,CARRETERA,PROVINCIAL,LI-865,-7.904100214,-77.53162757,DESPEJADO,RURAL,TRAMO RECTO,PLANA ,TROCHA,,,,,IMPRUDENCIA DEL CONDUCTOR,FATIGA Y/O CANSANCIO,18.0,0,56.0,56.0,56.0,56.0,1,1,1,0,1,0,1
A-2024-09-42,2024-09-21,20:00,DESPISTE,1,0,0,HUANCAVELICA,ANGARAES,LIRCAY,URBANA,CARRETERA,NACIONAL,PE-26B,-12.996855888368412,-74.73439418751957,DESPEJADO,RURAL,PUENTE,PLANA ,CONCRETO,,,,,EN PROCESO DE INVESTIGACIÓN,NO CUENTA CON CAUSA ESPECIFICA,20.0,0,28.0,28.0,28.0,28.0,1,1,1,0,0,0,1
A-2024-09-116,2024-09-22,04:40,ATROPELLO,1,0,0,LIMA,LIMA,SAN MARTIN DE PORRES,URBANA,CARRETERA,NACIONAL,PE-20J,-11.98473174673873,-77.10063034238064,DESPEJADO,COMERCIAL,TRAMO RECTO,PLANA ,ASFALTADA,,,,,EN PROCESO DE INVESTIGACIÓN,NO CUENTA CON CAUSA ESPECIFICA,4.0,0,48.0,48.0,48.0,48.0,1,1,1,0,0,0,2
A-2024-09-82,2024-09-22,04:40,CHOQUE,1,0,0,LIMA,LIMA,SANTIAGO DE SURCO,URBANA,AVENIDA,URBANO,NO CORRESPONDE,-12.08475861031643,-76.97897975293135,DESPEJADO,COMERCIAL,TRAMO RECTO,PLANA ,ASFALTADA,,,,,EN PROCESO DE INVESTIGACIÓN,NO CUENTA CON CAUSA ESPECIFICA,4.0,0,42.0,42.0,38.0,46.0,2,2,1,0,1,0,2
A-2024-09-72,2024-09-22,07:00,DESPISTE,1,0,0,APURIMAC,ANDAHUAYLAS,JOSE MARIA ARGUEDAS,RURAL,CARRETERA,NACIONAL,PE-30B,-13.76238857,-73.35554384,DESPEJADO,RURAL,TRAMO RECTO,PLANA ,TROCHA,,,,,IMPRUDENCIA DEL CONDUCTOR,CONDUCIR EN ESTADO DE EBRIEDAD Y/O DROGADICCIÓN,7.0,0,28.0,28.0,28.0,28.0,1,1,1,0,0,0,1
A-2024-09-50,2024-09-22,08:16,ATROPELLO,1,0,1,AREQUIPA,AREQUIPA,ALTO SELVA ALEGRE,URBANA,AVENIDA,URBANO,NO CORRESPONDE,-16.377715,-71.51412,DESPEJADO,COMERCIAL,TRAMO RECTO,PLANA ,ASFALTADA,,,,,EN PROCESO DE INVESTIGACIÓN,NO CUENTA CON CAUSA ESPECIFICA,8.0,0,65.5,65.5,54.0,77.0,1,1,1,0,1,0,2
A-2024-09-25,2024-09-23,08:10,ATROPELLO FUGA,1,0,0,PUNO,CHUCUITO,ZEPITA,RURAL,CARRETERA,DEPARTAMENTAL,PU-130,-16.436002,-69.064432,DESPEJADO,RURAL,TRAMO RECTO,PLANA ,ASFALTADA,,,,,EN PROCESO DE INVESTIGACIÓN,NO CUENTA CON CAUSA ESPECIFICA,8.0,0,81.0,81.0,81.0,81.0,1,0,1,0,0,0,2
A-2024-09-117,2024-09-23,20:50,ATROPELLO,1,0,0,LIMA,LIMA,LA VICTORIA,URBANA,AVENIDA,URBANO,NO CORRESPONDE,-12.063420325447956,-77.03099157200053,DESPEJADO,COMERCIAL,INTERSECCIÓN,PLANA ,ASFALTADA,,,,,EN PROCESO DE INVESTIGACIÓN,NO CUENTA CON CAUSA ESPECIFICA,20.0,0,44.0,44.0,39.0,49.0,2,1,1,0,1,0,2
A-2024-09-28,2024-09-23,22:20,CHOQUE FUGA,1,0,1,SAN MARTIN,MOYOBAMBA,MOYOBAMBA,RURAL,CARRETERA,NACIONAL,PE-5N,-6.04572,-77.025005,DESPEJADO,RURAL,TRAMO RECTO,INCLINADA,ASFALTADA,,,,,EN PROCESO DE INVESTIGACIÓN,NO CUENTA CON CAUSA ESPECIFICA,22.0,0,22.0,22.0,22.0,22.0,1,1,1,0,0,0,2
A-2024-09-24,2024-09-23,23:55,CHOQUE CON OBJETO FIJO,1,0,1,PUNO,EL COLLAO,ILAVE,URBANA,CARRETERA,NACIONAL,PE-3S,-16.0891633,-69.6430304,DESPEJADO,COMERCIAL,TRAMO RECTO,PLANA ,ASFALTADA,,,,,IMPRUDENCIA DEL CONDUCTOR,CONDUCIR EN ESTADO DE EBRIEDAD Y/O DROGADICCIÓN,23.0,0,22.0,22.0,22.0,22.0,1,1,1,0,0,0,1
A-2024-09-27,2024-09-24,02:00,DESPISTE,1,0,0,PUNO,CHUCUITO,ZEPITA,RURAL,CARRETERA,DEPARTAMENTAL,PU-130,-16.474422,-69.102336,,,,,,,,,,IMPRUDENCIA DEL CONDUCTOR,CONDUCIR EN ESTADO DE EBRIEDAD Y/O DROGADICCIÓN,2.0,0,43.0,43.0,43.0,43.0,1,1,1,0,0,0,1
A-2024-09-75,2024-09-24,03:41,ATROPELLO,2,0,0,CUSCO,CUSCO,SAN JERONIMO,URBANA,CALLE,URBANO,NO CORRESPONDE,-13.543168532249409,-71.90457351320387,DESPEJADO,ESCOLAR,TRAMO RECTO,INCLINADA,CONCRETO,,,,,IMPRUDENCIA DEL CONDUCTOR,OTRO (IMPRUDENCIA DEL CONDUCTOR),3.0,1,40.0,40.0,40.0,40.0,2,1,2,0,1,0,2
A-2024-09-32,2024-09-24,04:50,DESPISTE,1,0,1,LA LIBERTAD,ASCOPE,CHOCOPE,RURAL,CARRETERA,NACIONAL,PE-1N,-7.7942462683,-79.2094253297,DESPEJADO,RURAL,TRAMO RECTO,PLANA ,ASFALTADA,,,,,IMPRUDENCIA DEL CONDUCTOR,OTRO (IMPRUDENCIA DEL CONDUCTOR),4.0,0,48.0,48.0,48.0,48.0,1,1,1,0,1,0,1
A-2024-09-93,2024-09-24,18:00,DESPISTE,1,1,1,AYACUCHO,PARINACOCHAS,CORACORA,RURAL,CARRETERA,NACIONAL,PE-30A,-14.605142,-73.598382,DESPEJADO,RURAL,CURVA,INCLINADA,ASFALTADA,,,,,IMPRUDENCIA DEL CONDUCTOR,EXCESO DE VELOCIDAD,18.0,0,36.0,36.0,24.0,48.0,1,1,1,1,1,0,2
A-2024-09-118,2024-09-25,04:45,ATROPELLO,1,0,0,LIMA,LIMA,LA VICTORIA,URBANA,AVENIDA,URBANO,NO CORRESPONDE,-12.06208919590992,-77.01018121541586,DESPEJADO,COMERCIAL,INTERSECCIÓN,PLANA ,ASFALTADA,,,,,EN PROCESO DE INVESTIGACIÓN,NO CUENTA CON CAUSA ESPECIFICA,4.0,0,72.0,72.0,71.0,73.0,1,1,1,0,1,0,2
A-2024-09-67,2024-09-25,22:50,CHOQUE,1,0,2,ICA,PALPA,PALPA,URBANA,CARRETERA,NACIONAL,PE-1S,-14.546213,-75.187336,DESPEJADO,COMERCIAL,INTERSECCIÓN,PLANA ,ASFALTADA,,,,,EN PROCESO DE INVESTIGACIÓN,NO CUENTA CON CAUSA ESPECIFICA,22.0,0,50.0,50.0,38.0,62.0,2,2,1,0,2,0,2
A-2024-09-119,2024-09-26,14:20,ATROPELLO,1,0,0,LIMA,LIMA,LIMA,URBANA,AVENIDA,URBANO,NO CORRESPONDE,-12.055947537378865,-77.03591327078361,DESPEJADO,COMERCIAL,CURVA,PLANA ,ASFALTADA,,,,,EN PROCESO DE INVESTIGACIÓN,NO CUENTA CON CAUSA ESPECIFICA,14.0,0,50.5,50.5,28.0,73.0,1,1,1,0,1,0,2
A-2024-09-33,2024-09-26,18:00,DESPISTE,1,9,1,LA LIBERTAD,SANCHEZ CARRION,SARTIMBAMBA,RURAL,CARRETERA,SIN CLASIFICAR,SIN CLASIFICAR,-7.618431578953813,-77.7526299333273,DESPEJADO,RURAL,TRAMO RECTO,PLANA ,TROCHA,,,,,EN PROCESO DE INVESTIGACIÓN,NO CUENTA CON CAUSA ESPECIFICA,18.0,0,23.0,19.5,0.0,49.0,2,1,1,9,1,0,10
A-2024-09-55,2024-09-26,22:00,DESPISTE,1,0,1,LA LIBERTAD,OTUZCO,SALPO,RURAL,CARRETERA,PROVINCIAL,LI-1066,-8.027087849639477,-78.60644798945548,NUBLADO,RURAL,CURVA,PLANA ,TROCHA,,,,,EN PROCESO DE INVESTIGACIÓN,NO CUENTA CON CAUSA ESPECIFICA,22.0,0,41.0,41.0,41.0,41.0,1,0,1,0,0,0,2
A-2024-09-44,2024-09-27,12:30,CHOQUE,1,0,3,SAN MARTIN,RIOJA,YURACYACU,RURAL,CARRETERA,DEPARTAMENTAL,SM-114,-5.946739,-77.228506,DESPEJADO,RURAL,CURVA,PLANA ,ASFALTADA,,,,,EN PROCESO DE INVESTIGACIÓN,NO CUENTA CON CAUSA ESPECIFICA,12.0,0,31.0,27.0,26.0,40.0,3,3,1,0,1,0,3
A-2024-09-34,2024-09-27,15:00,DESPISTE,9,2,1,LA LIBERTAD,VIRU,CHAO,RURAL,CARRETERA,DEPARTAMENTAL,LI-122,-8.468091285128626,-78.38237665892517,DESPEJADO,RURAL,TRAMO RECTO,PLANA ,TROCHA,,,,,EN PROCESO DE INVESTIGACIÓN,NO CUENTA CON CAUSA ESPECIFICA,15.0,2,42.63636363636363,47.0,5.0,77.0,4,1,9,2,1,0,11
A-2024-09-36,2024-09-27,21:10,CHOQUE,1,0,0,PUNO,PUNO,PICHACANI,RURAL,CARRETERA,PROVINCIAL,PU-1102,-16.21711,-70.042518,,,,,,,,,,IMPRUDENCIA DEL CONDUCTOR,INVASIÓN DE CARRIL,21.0,0,42.0,42.0,42.0,42.0,1,1,1,0,0,0,2
A-2024-09-120,2024-09-27,23:30,ATROPELLO,1,0,0,LIMA,LIMA,PUNTA HERMOSA,URBANA,AVENIDA,URBANO,NO CORRESPONDE,-12.328897213241548,-76.83049857210662,DESPEJADO,RESIDENCIAL,CURVA,PLANA ,ASFALTADA,,,,,EN PROCESO DE INVESTIGACIÓN,NO CUENTA CON CAUSA ESPECIFICA,23.0,0,57.5,57.5,51.0,64.0,2,1,1,0,1,0,2
A-2024-09-121,2024-09-28,05:15,ATROPELLO FUGA,1,0,0,LIMA,LIMA,VILLA MARIA DEL TRIUNFO,URBANA,JIRÓN,URBANO,NO CORRESPONDE,-12.193512582242748,-76.92548731736109,DESPEJADO,RESIDENCIAL,INTERSECCIÓN,INCLINADA,CONCRETO,,,,,EN PROCESO DE INVESTIGACIÓN,NO CUENTA CON CAUSA ESPECIFICA,5.0,0,38.0,38.0,38.0,38.0,1,0,1,0,0,0,2
A-2024-09-35,2024-09-28,20:30,ATROPELLO FUGA,1,0,0,LA LIBERTAD,VIRU,CHAO,RURAL,CARRETERA,NACIONAL,PE-1N,-8.649788223807997,-78.6201735726224,DESPEJADO,RURAL,TRAMO RECTO,PLANA ,ASFALTADA,,,,,EN PROCESO DE INVESTIGACIÓN,NO CUENTA CON CAUSA ESPECIFICA,20.0,0,46.0,46.0,46.0,46.0,1,0,1,0,0,0,2
A-2024-09-37,2024-09-29,02:40,ATROPELLO FUGA,1,0,0,PUNO,CHUCUITO,DESAGUADERO,RURAL,CARRETERA,NACIONAL,PE-3S,-16.5441163,-69.0546925,,,,,,,,,,EN PROCESO DE INVESTIGACIÓN,NO CUENTA CON CAUSA ESPECIFICA,2.0,0,39.0,39.0,39.0,39.0,1,0,1,0,0,0,2
A-2024-09-68,2024-09-29,05:50,CHOQUE,1,0,1,ICA,PISCO,PISCO,URBANA,AVENIDA,URBANO,NO CORRESPONDE,-13.7178102,-76.196872,DESPEJADO,COMERCIAL,TRAMO RECTO,PLANA ,ASFALTADA,,,,,EN PROCESO DE INVESTIGACIÓN,NO CUENTA CON CAUSA ESPECIFICA,5.0,0,26.0,26.0,26.0,26.0,1,1,1,0,0,0,2
A-2024-09-69,2024-09-29,06:30,CHOQUE,1,0,2,ICA,ICA,ICA,RURAL,CARRETERA,DEPARTAMENTAL,IC-105,-14.079182,-75.773745,DESPEJADO,RURAL,TRAMO RECTO,PLANA ,TROCHA,,,,,EN PROCESO DE INVESTIGACIÓN,NO CUENTA CON CAUSA ESPECIFICA,6.0,0,43.5,43.5,38.0,49.0,2,2,1,0,1,1,2
A-2024-09-122,2024-09-29,06:50,DESPISTE,1,0,0,LIMA,LIMA,SANTIAGO DE SURCO,URBANA,AVENIDA,URBANO,NO CORRESPONDE,-12.12130548737066,-76.99339230694903,DESPEJADO,ESCOLAR,TRAMO RECTO,PLANA ,ASFALTADA,NO,,,SI,EN PROCESO DE INVESTIGACIÓN,NO CUENTA CON CAUSA ESPECIFICA,6.0,0,33.0,33.0,33.0,33.0,1,1,1,0,1,0,1
A-2024-09-83,2024-09-29,17:30,DESPISTE,1,0,0,CUSCO,ESPINAR,PICHIGUA,RURAL,CARRETERA,NACIONAL,PE-34F,-14.661652,-71.264258,DESPEJADO,RURAL,TRAMO RECTO,PLANA ,ASFALTADA,,,,,IMPRUDENCIA DEL CONDUCTOR,EXCESO DE VELOCIDAD,17.0,0,33.0,33.0,33.0,33.0,1,1,1,0,0,0,1
A-2024-09-51,2024-09-29,23:06,CHOQUE,1,2,3,AREQUIPA,AREQUIPA,LA JOYA,URBANA,CARRETERA,DEPARTAMENTAL,AR-114,-16.484119,-71.845401,DESPEJADO,COMERCIAL,TRAMO RECTO,PLANA ,ASFALTADA,,,,,EN PROCESO DE INVESTIGACIÓN,NO CUENTA CON CAUSA ESPECIFICA,23.0,0,28.5,27.5,24.0,35.0,3,3,1,2,2,0,4
A-2024-09-53,2024-09-30,01:30,ATROPELLO FUGA,1,0,0,CUSCO,ANTA,ANTA,RURAL,CARRETERA,NACIONAL,PE-3S,-13.476892,-72.1231,DESPEJADO,RURAL,CURVA,PLANA ,CONCRETO,,,,,IMPRUDENCIA DEL PEATÓN,CRUCE INDEBIDO POR LA CALZADA,1.0,0,33.0,33.0,33.0,33.0,1,0,1,0,0,0,2
A-2024-09-123,2024-09-30,15:40,ATROPELLO,1,0,0,LIMA,LIMA,LOS OLIVOS,URBANA,AVENIDA,URBANO,NO CORRESPONDE,-11.991251624662876,-77.07157391018701,DESPEJADO,COMERCIAL,INTERSECCIÓN,PLANA ,ASFALTADA,NO,,,SI,EN PROCESO DE INVESTIGACIÓN,NO CUENTA CON CAUSA ESPECIFICA,15.0,0,87.0,87.0,87.0,87.0,2,1,1,0,1,0,2
A-2024-10-1,2024-10-01,06:40,DESPISTE,1,0,0,PUNO,PUNO,PUNO,URBANA,JIRÓN,URBANO,NO CORRESPONDE,-15.818403,-70.032479,,,,,,,,,,IMPRUDENCIA DEL CONDUCTOR,EXCESO DE VELOCIDAD,6.0,0,28.0,28.0,28.0,28.0,1,1,1,0,0,0,1
A-2024-10-5,2024-10-01,08:20,ATROPELLO,1,0,1,LA LIBERTAD,TRUJILLO,TRUJILLO,URBANA,AVENIDA,URBANO,NO CORRESPONDE,-8.093475327522343,-79.01636910930624,DESPEJADO,COMERCIAL,INTERSECCIÓN,PLANA ,ASFALTADA,,,,,EN PROCESO DE INVESTIGACIÓN,NO CUENTA CON CAUSA ESPECIFICA,8.0,0,55.5,55.5,29.0,82.0,2,1,1,0,1,0,2
A-2024-10-56,2024-10-02,04:12,CHOQUE,3,3,3,ICA,PISCO,SAN ANDRES,URBANA,CARRETERA,NACIONAL,PE-1SE,-13.763973,-76.166958,DESPEJADO,RURAL,TRAMO RECTO,PLANA ,ASFALTADA,,,,,EN PROCESO DE INVESTIGACIÓN,NO CUENTA CON CAUSA ESPECIFICA,4.0,2,40.0,44.0,26.0,50.0,3,3,3,0,2,0,3