CODIGO_SINIESTRO,FECHA_SINIESTRO,HORA_SINIESTRO,CLASE_SINIESTRO,CANTIDAD_FALLECIDOS,CANTIDAD_LESIONADOS,CANTIDAD_VEHICULOS,DEPARTAMENTO,PROVINCIA,DISTRITO,ZONA,TIPO_VIA,RED_VIAL,COD_CARRETERA,LATITUD,LONGITUD,CONDICION_CLIMATICA,ZONIFICACION,CARACTERISTICAS_VIA,PERFIL_VIA,SUPERFICIE_CALZADA,EXISTE_SENIAL_VERTICAL,CLASIFICACION_SENIAL_VERTICAL_1,CLASIFICACION_SENIAL_VERTICAL_2,EXISTE_SENIAL_HORIZONTAL,CAUSA_FACTOR_PRINCIPAL,CAUSA_ESPECIFICA,HORA,severidad,EDAD_PROMEDIO,EDAD_MEDIANA,EDAD_MIN,EDAD_MAX,TOTAL_MASCULINOS,TOTAL_CONDUCTORES,TOTAL_FALLECIDOS_AGG,TOTAL_LESIONADOS_AGG,TOTAL_LICENCIA,TOTAL_ALCOHOL_POSITIVO,TOTAL_PERSONAS
A-2024-11-114,2024-11-02,00:30,ATROPELLO,1,0,0,LIMA,LIMA,SAN JUAN DE LURIGANCHO,URBANA,AVENIDA,URBANO,NO CORRESPONDE,-12.025734819865043,-77.00192120499887,DESPEJADO,COMERCIAL,INTERSECCIÓN,PLANA ,ASFALTADA,,,,,EN PROCESO DE INVESTIGACIÓN,NO CUENTA CON CAUSA ESPECIFICA,0.0,0,43.5,43.5,42.0,45.0,2,1,1,0,1,0,2
A-2024-11-113,2024-11-02,01:45,DESPISTE,1,0,0,LIMA,LIMA,PUENTE PIEDRA,URBANA,CARRETERA,NACIONAL,PE-1N,-11.841321882836445,-77.1036778709971,DESPEJADO,COMERCIAL,TRAMO RECTO,PLANA ,ASFALTADA,,,,,EN PROCESO DE INVESTIGACIÓN,NO CUENTA CON CAUSA ESPECIFICA,1.0,0,31.5,31.5,30.0,33.0,1,1,1,0,1,0,2
A-2024-11-96,2024-11-02,04:30,CHOQUE,1,4,1,CUSCO,CHUMBIVILCAS,SANTO TOMAS,RURAL,CARRETERA,SIN CLASIFICAR,SIN CLASIFICAR,-14.772531789823294,-72.04053735541763,DESPEJADO,RURAL,TRAMO RECTO,PLANA ,ASFALTADA,,,,,IMPRUDENCIA DEL CONDUCTOR,CONDUCIR EN ESTADO DE EBRIEDAD Y/O DROGADICCIÓN,4.0,0,24.333333333333332,24.0,20.0,31.0,6,2,1,4,2,0,6
A-2024-11-86,2024-11-02,05:00,DESPISTE,2,0,0,CUSCO,PAUCARTAMBO,PAUCARTAMBO,RURAL,CARRETERA,DEPARTAMENTAL,CU-113,-13.3294816,-71.5862976,DESPEJADO,RURAL,TRAMO RECTO,PLANA ,ASFALTADA,,,,,IMPRUDENCIA DEL CONDUCTOR,EXCESO DE VELOCIDAD,5.0,1,42.0,42.0,38.0,46.0,1,1,2,0,0,0,2
A-2024-11-116,2024-11-02,09:00,CHOQUE,1,0,0,LIMA,LIMA,MIRAFLORES,URBANA,AVENIDA,URBANO,NO CORRESPONDE,-12.1237364433731,-77.0243079785896,DESPEJADO,RESIDENCIAL,INTERSECCIÓN,PLANA ,ASFALTADA,SI,PREVENTIVA (P),,NO,EN PROCESO DE INVESTIGACIÓN,NO CUENTA CON CAUSA ESPECIFICA,9.0,0,32.0,32.0,22.0,42.0,1,2,1,0,1,0,2
A-2024-11-115,2024-11-02,20:10,ATROPELLO,1,0,0,LIMA,CAÑETE,CHILCA,URBANA,CARRETERA,NACIONAL,PE-1S,-12.46768405177241,-76.75083889502976,DESPEJADO,INDUSTRIAL,TRAMO RECTO,PLANA ,ASFALTADA,,,,,EN PROCESO DE INVESTIGACIÓN,NO CUENTA CON CAUSA ESPECIFICA,20.0,0,37.5,37.5,36.0,39.0,2,1,1,0,1,0,2
A-2024-11-91,2024-11-02,21:30,ATROPELLO FUGA,1,0,1,LIMA,HUAURA,HUAURA,RURAL,CARRETERA,NACIONAL,PE-1N,-11.06286,-77.5882,DESPEJADO,RURAL,TRAMO RECTO,PLANA ,ASFALTADA,,,,,EN PROCESO DE INVESTIGACIÓN,NO CUENTA CON CAUSA ESPECIFICA,21.0,0,52.0,52.0,52.0,52.0,1,0,1,0,0,0,2
A-2024-11-119,2024-11-03,00:20,CHOQUE CON OBJETO FIJO,1,0,0,LIMA,LIMA,INDEPENDENCIA,URBANA,OTRO,URBANO,NO CORRESPONDE,-11.993355301137615,-77.0626444291615,DESPEJADO,COMERCIAL,OTRO,INCLINADA,CONCRETO,,,,,EN PROCESO DE INVESTIGACIÓN,NO CUENTA CON CAUSA ESPECIFICA,0.0,0,34.0,34.0,34.0,34.0,1,1,1,0,1,0,1
A-2024-11-118,2024-11-03,05:50,DESPISTE,1,1,0,LIMA,LIMA,INDEPENDENCIA,URBANA,AVENIDA,URBANO,NO CORRESPONDE,-11.998528210336795,-77.05822505973255,DESPEJADO,COMERCIAL,TRAMO RECTO,PLANA ,ASFALTADA,,,,,EN PROCESO DE INVESTIGACIÓN,NO CUENTA CON CAUSA ESPECIFICA,5.0,0,23.5,23.5,22.0,25.0,2,1,1,1,1,0,2
A-2024-11-117,2024-11-03,06:20,CHOQUE,1,1,0,LIMA,LIMA,LURIN,URBANA,CARRETERA,NACIONAL,PE-1S,-12.298902856006416,-76.85174523994628,DESPEJADO,RESIDENCIAL,TRAMO RECTO,PLANA ,ASFALTADA,SI,PREVENTIVA (P),,NO,EN PROCESO DE INVESTIGACIÓN,NO CUENTA CON CAUSA ESPECIFICA,6.0,0,26.0,26.0,24.0,28.0,2,2,1,1,2,0,3
A-2024-11-93,2024-11-03,09:58,CHOQUE,1,0,0,LIMA,LIMA,LURIN,URBANA,CARRETERA,NACIONAL,PE-1S,-12.247410343241532,-76.93467601123427,DESPEJADO,INDUSTRIAL,TRAMO RECTO,PLANA ,ASFALTADA,,,,,EN PROCESO DE INVESTIGACIÓN,NO CUENTA CON CAUSA ESPECIFICA,9.0,0,23.0,23.0,22.0,24.0,2,2,1,0,1,0,2
A-2024-11-1,2024-11-03,11:30,CHOQUE,1,1,2,PUNO,CHUCUITO,POMATA,RURAL,CARRETERA,NACIONAL,PE-3S,-16.390811414553394,-69.20801939945108,DESPEJADO,RURAL,TRAMO RECTO,PLANA ,ASFALTADA,,,,,IMPRUDENCIA DEL CONDUCTOR,OTRO (IMPRUDENCIA DEL CONDUCTOR),11.0,0,58.0,58.0,52.0,64.0,2,2,1,1,1,0,2
A-2024-11-33,2024-11-03,11:30,CHOQUE,1,0,2,LA LIBERTAD,TRUJILLO,VICTOR LARCO HERRERA,URBANA,CARRETERA,PROVINCIAL,LI-732,-8.129160268052608,-79.04269498662465,DESPEJADO,COMERCIAL,INTERSECCIÓN,PLANA ,ASFALTADA,,,,,EN PROCESO DE INVESTIGACIÓN,NO CUENTA CON CAUSA ESPECIFICA,11.0,0,22.0,22.0,20.0,24.0,2,2,1,0,1,0,2
A-2024-11-97,2024-11-03,19:40,ATROPELLO FUGA,1,0,1,CAJAMARCA,CAJAMARCA,SAN JUAN,RURAL,CARRETERA,NACIONAL,PE-08,-7.287024,-78.514292,DESPEJADO,RURAL,CURVA,INCLINADA,ASFALTADA,,,,,IMPRUDENCIA DEL PEATÓN,CRUCE INDEBIDO POR LA CALZADA,19.0,0,51.0,51.0,51.0,51.0,1,0,1,0,0,0,2
A-2024-11-26,2024-11-03,21:00,CHOQUE FUGA,1,0,2,LA LIBERTAD,CHEPEN,PACANGA,RURAL,CARRETERA,NACIONAL,PE-1N,-7.087676410092731,-79.53276796370766,DESPEJADO,RURAL,TRAMO RECTO,PLANA ,ASFALTADA,,,,,EN PROCESO DE INVESTIGACIÓN,NO CUENTA CON CAUSA ESPECIFICA,21.0,0,25.0,25.0,25.0,25.0,1,1,1,0,0,0,2
A-2024-11-87,2024-11-04,04:30,DESPISTE,1,0,1,AYACUCHO,HUAMANGA,OCROS,RURAL,CARRETERA,SIN CLASIFICAR,SIN CLASIFICAR,-13.423,-73.856,DESPEJADO,RURAL,CURVA,INCLINADA,ASFALTADA,SI,PREVENTIVA (P),,SI,IMPRUDENCIA DEL CONDUCTOR,EXCESO DE VELOCIDAD,4.0,0,42.0,42.0,42.0,42.0,1,1,1,0,1,0,1
A-2024-11-120,2024-11-04,06:00,ATROPELLO FUGA,1,0,0,LIMA,LIMA,LURIN,URBANA,CARRETERA,NACIONAL,PE-1S,-12.276684000272018,-76.88874829640085,DESPEJADO,INDUSTRIAL,TRAMO RECTO,PLANA ,ASFALTADA,,,,,EN PROCESO DE INVESTIGACIÓN,NO CUENTA CON CAUSA ESPECIFICA,6.0,0,52.0,52.0,52.0,52.0,1,0,1,0,0,0,2
A-2024-11-148,2024-11-04,17:55,DESPISTE,1,0,1,CUSCO,QUISPICANCHI,LUCRE,RURAL,CARRETERA,NACIONAL,PE-28B,-13.593077,-71.719844,DESPEJADO,RURAL,TRAMO RECTO,PLANA ,ASFALTADA,,,,,IMPRUDENCIA DEL CONDUCTOR,FATIGA Y/O CANSANCIO,17.0,0,28.0,28.0,28.0,28.0,1,1,1,0,1,0,1
A-2024-11-23,2024-11-05,14:00,DESPISTE,1,0,1,LA LIBERTAD,OTUZCO,OTUZCO,RURAL,CARRETERA,PROVINCIAL,LI-759,-7.898456885811393,-78.62447807792047,DESPEJADO,RURAL,TRAMO RECTO,PLANA ,TROCHA,,,,,IMPRUDENCIA DEL CONDUCTOR,OTRO (IMPRUDENCIA DEL CONDUCTOR),14.0,0,37.0,37.0,37.0,37.0,1,1,1,0,1,0,1
A-2024-11-3,2024-11-05,15:30,CHOQUE,1,0,1,PUNO,PUNO,ACORA,RURAL,CARRETERA,PROVINCIAL,PU-1130,-15.980704,-69.635607,DESPEJADO,RURAL,TRAMO RECTO,PLANA ,TROCHA,,,,,IMPRUDENCIA DEL CONDUCTOR,OTRO (IMPRUDENCIA DEL CONDUCTOR),15.0,0,44.0,44.0,30.0,58.0,2,2,1,0,1,0,2
A-2024-11-100,2024-11-05,19:07,ATROPELLO,1,0,0,CAJAMARCA,CAJAMARCA,CAJAMARCA,URBANA,JIRÓN,URBANO,NO CORRESPONDE,-7.157194,-78.523541,DESPEJADO,COMERCIAL,TRAMO RECTO,INCLINADA,CONCRETO,,,,,NEGLIGENCIA DEL CONDUCTOR,OTRO (NEGLIGENCIA DEL CONDUCTOR),19.0,0,39.5,39.5,31.0,48.0,2,1,1,0,1,0,2
A-2024-11-146,2024-11-05,19:20,ATROPELLO,1,0,1,CUSCO,QUISPICANCHI,OROPESA,RURAL,CARRETERA,NACIONAL,PE-3S,-13.5888922,-71.801062,DESPEJADO,RURAL,TRAMO RECTO,PLANA ,AFIRMADO,,,,,IMPRUDENCIA DEL PEATÓN,CRUCE INDEBIDO POR LA CALZADA,19.0,0,34.5,34.5,30.0,39.0,2,1,1,0,1,0,2
A-2024-11-5,2024-11-05,20:00,ATROPELLO FUGA,1,0,0,PUNO,YUNGUYO,YUNGUYO,RURAL,CARRETERA,DEPARTAMENTAL,PU-151,-16.248587,-69.074973,,,,,,,,,,IMPRUDENCIA DEL CONDUCTOR,EXCESO DE VELOCIDAD,20.0,0,34.0,34.0,34.0,34.0,1,0,1,0,0,0,2
A-2024-11-30,2024-11-05,20:05,DESPISTE,1,0,1,SAN MARTIN,RIOJA,SAN FERNANDO,RURAL,CARRETERA,PROVINCIAL,SM-520,-5.911032,-77.278529,DESPEJADO,RURAL,CURVA,PLANA ,ASFALTADA,SI,PREVENTIVA (P),PREVENTIVA (P),NO,IMPRUDENCIA DEL CONDUCTOR,OTRO (IMPRUDENCIA DEL CONDUCTOR),20.0,0,21.0,21.0,21.0,21.0,1,1,1,0,1,0,1
A-2024-11-4,2024-11-05,23:50,CHOQUE,2,0,2,PUNO,CHUCUITO,KELLUYO,RURAL,CARRETERA,SIN CLASIFICAR,SIN CLASIFICAR,-16.712354,-69.245679,DESPEJADO,RURAL,TRAMO RECTO,PLANA ,TROCHA,,,,,IMPRUDENCIA DEL CONDUCTOR,EXCESO DE VELOCIDAD,23.0,1,34.666666666666664,32.0,31.0,41.0,3,2,2,0,2,0,3
A-2024-11-99,2024-11-06,19:00,CHOQUE,1,2,2,CAJAMARCA,CHOTA,CHOTA,RURAL,CARRETERA,NACIONAL,PE-3N,-6.618823945,-78.5866799,DESPEJADO,RURAL,CURVA,INCLINADA,ASFALTADA,SI,PREVENTIVA (P),,NO,IMPRUDENCIA DEL CONDUCTOR,EXCESO DE VELOCIDAD,19.0,0,40.333333333333336,39.0,36.0,46.0,2,2,1,2,0,0,3
A-2024-11-57,2024-11-06,22:30,ATROPELLO,1,0,1,AREQUIPA,AREQUIPA,CERRO COLORADO,URBANA,CARRETERA,NACIONAL,PE-34A,-16.32668,-71.5954,DESPEJADO,COMERCIAL,TRAMO RECTO,PLANA ,ASFALTADA,SI,REGULADORA (R),,SI,EN PROCESO DE INVESTIGACIÓN,NO CUENTA CON CAUSA ESPECIFICA,22.0,0,63.5,63.5,57.0,70.0,2,1,1,0,1,0,2
A-2024-11-121,2024-11-06,22:40,ATROPELLO,1,0,0,LIMA,LIMA,CARABAYLLO,URBANA,AVENIDA,URBANO,NO CORRESPONDE,-11.8921706776834,-77.02816044391959,DESPEJADO,COMERCIAL,CURVA,PLANA ,ASFALTADA,,,,,EN PROCESO DE INVESTIGACIÓN,NO CUENTA CON CAUSA ESPECIFICA,22.0,0,48.0,48.0,29.0,67.0,1,1,1,0,1,0,2
A-2024-11-122,2024-11-07,11:52,ATROPELLO,1,0,0,LIMA,LIMA,LA MOLINA,URBANA,AVENIDA,URBANO,NO CORRESPONDE,-12.0643246241241,-76.94522786177386,DESPEJADO,RESIDENCIAL,TRAMO RECTO,PLANA ,ASFALTADA,,,,,EN PROCESO DE INVESTIGACIÓN,NO CUENTA CON CAUSA ESPECIFICA,11.0,0,71.5,71.5,69.0,74.0,0,1,1,0,1,0,2
A-2024-11-94,2024-11-07,17:20,DESPISTE,1,0,0,LIMA,LIMA,LURIGANCHO,URBANA,CARRETERA,NACIONAL,PE-22,-12.020897643281268,-76.93441268832746,DESPEJADO,INDUSTRIAL,TRAMO RECTO,PLANA ,ASFALTADA,,,,,EN PROCESO DE INVESTIGACIÓN,NO CUENTA CON CAUSA ESPECIFICA,17.0,0,56.5,56.5,50.0,63.0,2,2,1,0,1,0,4
A-2024-11-81,2024-11-08,14:00,DESPISTE,1,0,1,HUANCAVELICA,HUANCAVELICA,MANTA,RURAL,CARRETERA,DEPARTAMENTAL,HV-127,-12.609566687431917,-75.20950468063636,DESPEJADO,RURAL,SINUOSA,INCLINADA,AFIRMADO,,,,,EN PROCESO DE INVESTIGACIÓN,NO CUENTA CON CAUSA ESPECIFICA,14.0,0,37.0,37.0,37.0,37.0,1,1,1,0,1,0,1
A-2024-11-101,2024-11-08,17:30,ATROPELLO,1,1,1,CAJAMARCA,CAJAMARCA,ENCAÑADA,URBANA,CARRETERA,NACIONAL,PE-08B,-7.097336561,-78.34383404,DESPEJADO,COMERCIAL,TRAMO RECTO,INCLINADA,ASFALTADA,,,,,IMPRUDENCIA DEL CONDUCTOR,EXCESO DE VELOCIDAD,17.0,0,62.333333333333336,72.0,41.0,74.0,2,1,1,1,1,0,3
A-2024-11-31,2024-11-09,04:30,CHOQUE,1,1,3,SAN MARTIN,RIOJA,NUEVA CAJAMARCA,URBANA,CARRETERA,NACIONAL,PE-5N,-5.901865,-77.326959,DESPEJADO,RURAL,TRAMO RECTO,PLANA ,ASFALTADA,SI,REGULADORA (R),REGULADORA (R),NO,IMPRUDENCIA DEL CONDUCTOR,OTRO (IMPRUDENCIA DEL CONDUCTOR),4.0,0,29.666666666666668,25.0,23.0,41.0,3,3,1,1,1,0,3
A-2024-11-25,2024-11-09,10:30,ATROPELLO,1,0,1,LA LIBERTAD,PACASMAYO,SAN PEDRO DE LLOC,URBANA,JIRÓN,URBANO,NO CORRESPONDE,-7.424415142315533,-79.50517054101577,DESPEJADO,COMERCIAL,TRAMO RECTO,PLANA ,ASFALTADA,,,,,IMPRUDENCIA DEL CONDUCTOR,OTRO (IMPRUDENCIA DEL CONDUCTOR),10.0,0,44.5,44.5,20.0,69.0,2,1,1,0,0,0,2
A-2024-11-90,2024-11-09,15:30,DESPISTE,1,0,1,AYACUCHO,HUAMANGA,CHIARA,RURAL,CARRETERA,DEPARTAMENTAL,AY-103,-13.474216,-74.15412,DESPEJADO,RURAL,CURVA,PLANA ,ASFALTADA,SI,PREVENTIVA (P),,NO,IMPRUDENCIA DEL CONDUCTOR,CONDUCIR EN ESTADO DE EBRIEDAD Y/O DROGADICCIÓN,15.0,0,46.0,46.0,46.0,46.0,1,1,1,0,0,1,1
A-2024-11-102,2024-11-09,20:55,CHOQUE,1,0,2,CAJAMARCA,CAJAMARCA,LLACANORA,RURAL,CARRETERA,NACIONAL,PE-3N,-7.205122604,-78.41387901,DESPEJADO,RURAL,TRAMO RECTO,INCLINADA,ASFALTADA,,,,,IMPRUDENCIA DEL CONDUCTOR,EXCESO DE VELOCIDAD,20.0,0,36.0,36.0,36.0,36.0,1,1,1,0,0,0,2
A-2024-11-123,2024-11-09,21:30,DESPISTE,1,0,0,LIMA,LIMA,SAN JUAN DE MIRAFLORES,URBANA,AVENIDA,URBANO,NO CORRESPONDE,-12.137587323300783,-76.95544834304832,DESPEJADO,RESIDENCIAL,CURVA,INCLINADA,ASFALTADA,,,,,EN PROCESO DE INVESTIGACIÓN,NO CUENTA CON CAUSA ESPECIFICA,21.0,0,38.0,38.0,38.0,38.0,1,1,1,0,1,0,1
A-2024-11-124,2024-11-09,22:25,CHOQUE CON OBJETO FIJO,1,0,0,LIMA,LIMA,SAN BORJA,URBANA,AVENIDA,URBANO,NO CORRESPONDE,-12.098882740974975,-77.00210472603328,DESPEJADO,COMERCIAL,TRAMO RECTO,PLANA ,ASFALTADA,,,,,EN PROCESO DE INVESTIGACIÓN,NO CUENTA CON CAUSA ESPECIFICA,22.0,0,46.5,46.5,23.0,70.0,2,1,1,0,1,0,2
A-2024-11-125,2024-11-10,01:30,CHOQUE,1,0,0,LIMA,LIMA,SANTA MARIA DEL MAR,URBANA,CARRETERA,NACIONAL,PE-1S,-12.405637323741365,-76.75669771860223,DESPEJADO,INDUSTRIAL,TRAMO RECTO,PLANA ,ASFALTADA,,,,,EN PROCESO DE INVESTIGACIÓN,NO CUENTA CON CAUSA ESPECIFICA,1.0,0,53.0,53.0,47.0,59.0,2,2,1,0,2,0,3
A-2024-11-82,2024-11-10,03:40,DESPISTE,2,1,1,HUANCAVELICA,HUANCAVELICA,HUACHOCOLPA,RURAL,CARRETERA,PROVINCIAL,HV-894,-13.060098372492908,-74.94368758531259,DESPEJADO,RURAL,SINUOSA,PLANA ,AFIRMADO,,,,,EN PROCESO DE INVESTIGACIÓN,NO CUENTA CON CAUSA ESPECIFICA,3.0,1,41.0,41.0,22.0,60.0,2,1,2,1,1,0,3
A-2024-11-58,2024-11-10,09:50,VOLCADURA,1,0,2,AREQUIPA,AREQUIPA,PAUCARPATA,RURAL,CARRETERA,PROVINCIAL,AR-770,-16.395789,-71.453828,SOLEADO,RURAL,CURVA,PLANA ,ASFALTADA,SI,PREVENTIVA (P),,SI,EN PROCESO DE INVESTIGACIÓN,NO CUENTA CON CAUSA ESPECIFICA,9.0,0,49.0,49.0,47.0,51.0,2,2,1,0,2,0,2
A-2024-11-35,2024-11-11,05:00,ATROPELLO,1,0,1,LA LIBERTAD,VIRU,CHAO,RURAL,CARRETERA,NACIONAL,PE-1N,-8.506555527687222,-78.68817500700135,DESPEJADO,RURAL,TRAMO RECTO,PLANA ,ASFALTADA,,,,,EN PROCESO DE INVESTIGACIÓN,NO CUENTA CON CAUSA ESPECIFICA,5.0,0,59.0,59.0,34.0,84.0,2,1,1,0,1,0,2
A-2024-11-29,2024-11-11,17:50,DESPISTE,1,1,1,PUNO,PUNO,CHUCUITO,RURAL,CARRETERA,NACIONAL,PE-3S,-15.885669,-69.902386,DESPEJADO,RURAL,CURVA,INCLINADA,ASFALTADA,,,,,IMPRUDENCIA DEL CONDUCTOR,EXCESO DE VELOCIDAD,17.0,0,50.666666666666664,38.0,32.0,82.0,2,1,1,1,1,0,3
A-2024-11-67,2024-11-11,18:30,CHOQUE,1,0,2,SAN MARTIN,MOYOBAMBA,CALZADA,RURAL,CARRETERA,NACIONAL,PE-5N,-6.044246,-77.050903,DESPEJADO,RURAL,TRAMO RECTO,PLANA ,ASFALTADA,,,,,IMPERICIA DEL CONDUCTOR,,18.0,0,56.0,56.0,54.0,58.0,2,2,1,0,1,0,2
A-2024-11-126,2024-11-13,01:00,CHOQUE,1,0,0,LIMA,LIMA,LINCE,URBANA,AVENIDA,URBANO,NO CORRESPONDE,-12.08494836725736,-77.0283723746829,DESPEJADO,ESCOLAR,INTERSECCIÓN,PLANA ,ASFALTADA,NO,,,SI,EN PROCESO DE INVESTIGACIÓN,NO CUENTA CON CAUSA ESPECIFICA,1.0,0,52.5,52.5,47.0,58.0,2,2,1,0,2,0,2
A-2024-11-83,2024-11-14,07:00,DESPISTE,1,0,0,HUANCAVELICA,TAYACAJA,AHUAYCHA,RURAL,CARRETERA,NACIONAL,PE-3S,-12.523262528755952,-74.86685155548146,DESPEJADO,RURAL,TRAMO RECTO,PLANA ,AFIRMADO,,,,,EN PROCESO DE INVESTIGACIÓN,NO CUENTA CON CAUSA ESPECIFICA,7.0,0,51.0,51.0,51.0,51.0,1,1,1,0,1,0,1
A-2024-11-32,2024-11-14,21:20,ATROPELLO,1,0,1,PUNO,PUNO,ACORA,RURAL,CARRETERA,NACIONAL,PE-3S,-16.048075,-69.708688,DESPEJADO,RURAL,TRAMO RECTO,PLANA ,ASFALTADA,,,,,IMPRUDENCIA DEL PEATÓN,CRUCE INDEBIDO POR LA CALZADA,21.0,0,59.0,59.0,47.0,71.0,1,1,1,0,1,0,2
A-2024-11-65,2024-11-16,04:00,CHOQUE,1,8,3,AREQUIPA,CAYLLOMA,SAN ANTONIO DE CHUCA,RURAL,CARRETERA,NACIONAL,PE-34A,-15.97156,-71.202597,DESPEJADO,RURAL,TRAMO RECTO,PLANA ,ASFALTADA,SI,REGULADORA (R),,SI,EN PROCESO DE INVESTIGACIÓN,NO CUENTA CON CAUSA ESPECIFICA,4.0,0,43.9,46.5,20.0,77.0,6,2,1,8,1,0,11
A-2024-11-127,2024-11-16,08:30,CHOQUE,1,0,0,LIMA,LIMA,SAN MARTIN DE PORRES,URBANA,CARRETERA,NACIONAL,PE-1N,-12.0315508235212,-77.05585270077225,DESPEJADO,COMERCIAL,CURVA,INCLINADA,ASFALTADA,,,,,EN PROCESO DE INVESTIGACIÓN,NO CUENTA CON CAUSA ESPECIFICA,8.0,0,39.5,39.5,26.0,53.0,2,2,1,0,2,0,2
A-2024-11-68,2024-11-16,18:40,DESPISTE,2,0,1,LA LIBERTAD,TRUJILLO,TRUJILLO,URBANA,AVENIDA,URBANO,NO CORRESPONDE,-8.1231559242,-79.0226551181,DESPEJADO,COMERCIAL,ÓVALO,PLANA ,ASFALTADA,,,,,EN PROCESO DE INVESTIGACIÓN,NO CUENTA CON CAUSA ESPECIFICA,18.0,1,44.5,44.5,26.0,63.0,2,1,2,0,0,0,2
A-2024-11-109,2024-11-17,01:30,DESPISTE,1,0,1,APURIMAC,AYMARAES,COTARUSE,RURAL,CARRETERA,NACIONAL,PE-30A,-14.563889924464432,-73.44992261786385,DESPEJADO,RURAL,CURVA,PLANA ,ASFALTADA,SI,PREVENTIVA (P),,NO,IMPRUDENCIA DEL CONDUCTOR,FATIGA Y/O CANSANCIO,1.0,0,28.0,28.0,28.0,28.0,1,1,1,0,1,0,1
A-2024-11-128,2024-11-17,05:30,ATROPELLO FUGA,1,0,0,LIMA,LIMA,LURIN,URBANA,CARRETERA,NACIONAL,PE-1S,-12.254122717973557,-76.92498423773603,DESPEJADO,INDUSTRIAL,TRAMO RECTO,PLANA ,ASFALTADA,SI,PREVENTIVA (P),,NO,EN PROCESO DE INVESTIGACIÓN,NO CUENTA CON CAUSA ESPECIFICA,5.0,0,,,,,1,0,1,0,0,0,2
A-2024-11-69,2024-11-17,09:27,CHOQUE,1,0,2,LA LIBERTAD,TRUJILLO,EL PORVENIR,URBANA,AVENIDA,URBANO,NO CORRESPONDE,-8.0718298133,-79.0209893475,DESPEJADO,COMERCIAL,INTERSECCIÓN,PLANA ,ASFALTADA,,,,,EN PROCESO DE INVESTIGACIÓN,NO CUENTA CON CAUSA ESPECIFICA,9.0,0,56.0,56.0,37.0,75.0,2,2,1,0,1,0,2
A-2024-11-152,2024-11-17,13:30,ATROPELLO,1,1,0,LIMA,LIMA,SAN JUAN DE LURIGANCHO,URBANA,AVENIDA,URBANO,NO CORRESPONDE,-12.01343515302371,-76.986078862222,DESPEJADO,RESIDENCIAL,TRAMO RECTO,PLANA ,ASFALTADA,,,,,EN PROCESO DE INVESTIGACIÓN,NO CUENTA CON CAUSA ESPECIFICA,13.0,0,60.0,58.0,42.0,80.0,1,1,1,1,1,0,3
A-2024-11-70,2024-11-17,16:20,CHOQUE,1,1,2,LA LIBERTAD,TRUJILLO,HUANCHACO,URBANA,AVENIDA,URBANO,NO CORRESPONDE,-8.0417838879,-79.0589490404,DESPEJADO,COMERCIAL,TRAMO RECTO,PLANA ,ASFALTADA,,,,,EN PROCESO DE INVESTIGACIÓN,NO CUENTA CON CAUSA ESPECIFICA,16.0,0,32.0,26.0,25.0,45.0,3,2,1,1,1,0,3
A-2024-11-63,2024-11-17,18:30,CHOQUE,1,1,0,PUNO,PUNO,ACORA,RURAL,CARRETERA,PROVINCIAL,PU-1130,-15.96429,-69.793146,,,,,,,,,,IMPRUDENCIA DEL CONDUCTOR,OTRO (IMPRUDENCIA DEL CONDUCTOR),18.0,0,32.0,18.0,16.0,62.0,3,2,1,1,0,0,3
A-2024-11-92,2024-11-17,21:00,CHOQUE,1,2,2,LIMA,HUAURA,SAYAN,RURAL,CARRETERA,PROVINCIAL,LM-659,-11.23303,-77.39902,DESPEJADO,RURAL,TRAMO RECTO,PLANA ,ASFALTADA,,,,,IMPRUDENCIA DEL CONDUCTOR,CONDUCIR EN ESTADO DE EBRIEDAD Y/O DROGADICCIÓN,21.0,0,25.75,23.0,19.0,38.0,4,2,1,2,1,0,4
A-2024-11-103,2024-11-17,21:14,ATROPELLO,1,1,0,CAJAMARCA,JAEN,JAEN,URBANA,CALLE,URBANO,NO CORRESPONDE,-5.702946,-78.808604,DESPEJADO,COMERCIAL,TRAMO RECTO,INCLINADA,CONCRETO,,,,,IMPRUDENCIA DEL CONDUCTOR,CONDUCIR EN ESTADO DE EBRIEDAD Y/O DROGADICCIÓN,21.0,0,16.5,16.5,11.0,22.0,1,1,1,1,1,1,2
A-2024-11-129,2024-11-17,22:15,ATROPELLO FUGA,1,0,0,LIMA,LIMA,SANTA ANITA,URBANA,CARRETERA,NACIONAL,PE-1N,-12.041708479528856,-76.98714409229062,DESPEJADO,RESIDENCIAL,CURVA,INCLINADA,ASFALTADA,SI,REGULADORA (R),,SI,EN PROCESO DE INVESTIGACIÓN,NO CUENTA CON CAUSA ESPECIFICA,22.0,0,,,,,1,0,1,0,0,0,2