CODIGO_SINIESTRO,FECHA_SINIESTRO,HORA_SINIESTRO,CLASE_SINIESTRO,CANTIDAD_FALLECIDOS,CANTIDAD_LESIONADOS,CANTIDAD_VEHICULOS,DEPARTAMENTO,PROVINCIA,DISTRITO,ZONA,TIPO_VIA,RED_VIAL,COD_CARRETERA,LATITUD,LONGITUD,CONDICION_CLIMATICA,ZONIFICACION,CARACTERISTICAS_VIA,PERFIL_VIA,SUPERFICIE_CALZADA,EXISTE_SENIAL_VERTICAL,CLASIFICACION_SENIAL_VERTICAL_1,CLASIFICACION_SENIAL_VERTICAL_2,EXISTE_SENIAL_HORIZONTAL,CAUSA_FACTOR_PRINCIPAL,CAUSA_ESPECIFICA,HORA,severidad,EDAD_PROMEDIO,EDAD_MEDIANA,EDAD_MIN,EDAD_MAX,TOTAL_MASCULINOS,TOTAL_CONDUCTORES,TOTAL_FALLECIDOS_AGG,TOTAL_LESIONADOS_AGG,TOTAL_LICENCIA,TOTAL_ALCOHOL_POSITIVO,TOTAL_PERSONAS
A-2024-12-46,2024-12-20,21:11,CHOQUE,1,2,2,LA LIBERTAD,VIRU,VIRU,RURAL,CARRETERA,NACIONAL,PE-1N,-8.46850797,-78.71465932,DESPEJADO,RURAL,TRAMO RECTO,PLANA ,ASFALTADA,,,,,EN PROCESO DE INVESTIGACIÓN,NO CUENTA CON CAUSA ESPECIFICA,21.0,0,52.666666666666664,54.0,48.0,56.0,2,2,1,2,1,0,3
A-2024-12-85,2024-12-21,01:24,ATROPELLO,1,1,1,CAJAMARCA,CAJAMARCA,CAJAMARCA,URBANA,JIRÓN,URBANO,NO CORRESPONDE,-7.157264059,-78.51531277,DESPEJADO,COMERCIAL,TRAMO RECTO,PLANA ,ASFALTADA,,,,,IMPRUDENCIA DEL PEATÓN,ESTADO DE EBRIEDAD Y/O DROGADICCIÓN,1.0,0,41.666666666666664,35.0,34.0,56.0,3,1,1,1,1,1,3
A-2024-12-18,2024-12-21,04:15,DESPISTE,2,3,1,AREQUIPA,ISLAY,DEAN VALDIVIA,RURAL,CARRETERA,PROVINCIAL,AR-817,-17.128624,-71.849252,NUBLADO,RURAL,CURVA,PLANA ,ASFALTADA,,,,,EN PROCESO DE INVESTIGACIÓN,NO CUENTA CON CAUSA ESPECIFICA,4.0,1,30.4,32.0,3.0,56.0,2,1,2,3,0,0,5
A-2024-12-20,2024-12-21,11:30,CHOQUE,1,4,2,TUMBES,ZARUMILLA,PAPAYAL,RURAL,CARRETERA,NACIONAL,PE-1N,-3.5229614186624945,-80.34891844236797,SOLEADO,RURAL,TRAMO RECTO,PLANA ,ASFALTADA,,,,,IMPRUDENCIA DEL CONDUCTOR,CONDUCIR EN SENTIDO CONTRARIO,11.0,0,35.833333333333336,37.0,18.0,56.0,2,2,1,4,2,0,6
A-2024-12-112,2024-12-21,15:50,ATROPELLO,1,0,0,LIMA,LIMA,SAN MIGUEL,URBANA,AVENIDA,URBANO,NO CORRESPONDE,-12.074557740842218,-77.09914819879518,DESPEJADO,COMERCIAL,INTERSECCIÓN,PLANA ,ASFALTADA,NO,,,SI,EN PROCESO DE INVESTIGACIÓN,NO CUENTA CON CAUSA ESPECIFICA,15.0,0,70.0,70.0,61.0,79.0,1,1,1,0,1,0,2
A-2024-12-111,2024-12-21,17:20,CHOQUE,1,0,0,LIMA,LIMA,VILLA EL SALVADOR,URBANA,AVENIDA,URBANO,NO CORRESPONDE,-12.200564435374154,-76.9558679286369,DESPEJADO,RESIDENCIAL,INTERSECCIÓN,PLANA ,ASFALTADA,,,,,EN PROCESO DE INVESTIGACIÓN,NO CUENTA CON CAUSA ESPECIFICA,17.0,0,42.0,31.0,21.0,74.0,1,2,1,0,2,0,3
A-2024-12-62,2024-12-22,01:30,VOLCADURA,1,0,1,CUSCO,CUSCO,SAN JERONIMO,URBANA,VIA EXPRESA,URBANO,NO CORRESPONDE,-13.548362,-71.893964,DESPEJADO,RURAL,TRAMO RECTO,PLANA ,ASFALTADA,,,,,IMPRUDENCIA DEL CONDUCTOR,CONDUCIR EN ESTADO DE EBRIEDAD Y/O DROGADICCIÓN,1.0,0,46.0,46.0,46.0,46.0,1,1,1,0,1,1,1
A-2024-12-125,2024-12-22,02:30,CHOQUE,1,2,2,CUSCO,URUBAMBA,YUCAY,RURAL,CARRETERA,NACIONAL,PE-28B,-13.312853,-72.099988,DESPEJADO,RURAL,TRAMO RECTO,PLANA ,ASFALTADA,,,,,IMPRUDENCIA DEL CONDUCTOR,EXCESO DE VELOCIDAD,2.0,0,32.75,25.0,20.0,61.0,2,2,1,2,0,0,4
A-2024-12-113,2024-12-22,07:00,DESPISTE,1,0,0,LIMA,LIMA,SAN JUAN DE MIRAFLORES,URBANA,AVENIDA,URBANO,NO CORRESPONDE,-12.1646572171011,-76.96921840704017,DESPEJADO,COMERCIAL,INTERSECCIÓN,PLANA ,ASFALTADA,,,,,EN PROCESO DE INVESTIGACIÓN,NO CUENTA CON CAUSA ESPECIFICA,7.0,0,52.0,52.0,52.0,52.0,1,1,1,0,1,0,1
A-2024-12-115,2024-12-22,07:00,CHOQUE CON OBJETO FIJO,1,1,0,LIMA,LIMA,LOS OLIVOS,URBANA,AVENIDA,URBANO,NO CORRESPONDE,-11.976860755864578,-77.06214146847923,DESPEJADO,INDUSTRIAL,TRAMO RECTO,PLANA ,ASFALTADA,,,,,EN PROCESO DE INVESTIGACIÓN,NO CUENTA CON CAUSA ESPECIFICA,7.0,0,25.0,25.0,17.0,33.0,2,1,1,1,1,0,2
A-2024-12-114,2024-12-22,11:00,DESPISTE,1,3,0,LIMA,LIMA,SAN MARTIN DE PORRES,URBANA,AVENIDA,URBANO,NO CORRESPONDE,-11.941483391612188,-77.12505312745871,DESPEJADO,RESIDENCIAL,TRAMO RECTO,PLANA ,ASFALTADA,,,,,EN PROCESO DE INVESTIGACIÓN,NO CUENTA CON CAUSA ESPECIFICA,11.0,0,51.0,55.0,32.0,62.0,1,1,1,3,1,0,4
A-2024-12-47,2024-12-22,16:00,DESPISTE,1,0,1,LA LIBERTAD,SANCHEZ CARRION,HUAMACHUCO,RURAL,CARRETERA,NACIONAL,PE-3N,-7.802626987450706,-77.9850340908513,DESPEJADO,RURAL,TRAMO RECTO,PLANA ,ASFALTADA,,,,,EN PROCESO DE INVESTIGACIÓN,NO CUENTA CON CAUSA ESPECIFICA,16.0,0,35.0,35.0,23.0,47.0,1,1,1,0,0,0,2
A-2024-12-127,2024-12-22,17:30,DESPISTE,7,5,1,CUSCO,CUSCO,SAN JERONIMO,RURAL,CARRETERA,DEPARTAMENTAL,CU-123,-13.586047,-71.881851,DESPEJADO,RURAL,CURVA,INCLINADA,AFIRMADO,,,,,IMPRUDENCIA DEL CONDUCTOR,EXCESO DE VELOCIDAD,17.0,2,32.666666666666664,31.0,26.0,47.0,4,1,7,5,0,0,12
A-2024-12-19,2024-12-22,20:45,CHOQUE,1,0,2,AREQUIPA,CAYLLOMA,MAJES,URBANA,CALLE,URBANO,NO CORRESPONDE,-16.343103,-72.173302,DESPEJADO,RURAL,TRAMO RECTO,PLANA ,ASFALTADA,,,,,EN PROCESO DE INVESTIGACIÓN,NO CUENTA CON CAUSA ESPECIFICA,20.0,0,44.5,44.5,42.0,47.0,2,2,1,0,1,0,2
A-2024-12-48,2024-12-22,23:00,DESPISTE,1,0,1,LA LIBERTAD,CHEPEN,PUEBLO NUEVO,RURAL,CARRETERA,PROVINCIAL,LI-500,-7.175828400417271,-79.53334618043105,DESPEJADO,RURAL,TRAMO RECTO,PLANA ,ASFALTADA,,,,,EN PROCESO DE INVESTIGACIÓN,NO CUENTA CON CAUSA ESPECIFICA,23.0,0,36.0,36.0,36.0,36.0,1,1,1,0,0,0,1
A-2024-12-49,2024-12-22,23:45,CHOQUE,2,0,2,LA LIBERTAD,PACASMAYO,GUADALUPE,RURAL,CARRETERA,NACIONAL,PE-1N,-7.308045,-79.480443,DESPEJADO,RURAL,TRAMO RECTO,PLANA ,ASFALTADA,,,,,EN PROCESO DE INVESTIGACIÓN,NO CUENTA CON CAUSA ESPECIFICA,23.0,1,41.5,41.5,20.0,63.0,2,2,2,0,0,0,2
A-2024-12-126,2024-12-23,01:00,ATROPELLO FUGA,1,0,0,CUSCO,ANTA,ANCAHUASI,RURAL,CARRETERA,NACIONAL,PE-3S,-13.461584,-72.289303,DESPEJADO,RURAL,TRAMO RECTO,PLANA ,ASFALTADA,,,,,IMPRUDENCIA DEL PEATÓN,ESTADO DE EBRIEDAD Y/O DROGADICCIÓN,1.0,0,45.0,45.0,45.0,45.0,1,0,1,0,0,0,2
A-2024-12-50,2024-12-23,01:45,DESPISTE,1,0,1,LA LIBERTAD,PACASMAYO,SAN JOSE,RURAL,CARRETERA,NACIONAL,PE-1N,-7.332367,-79.483705,DESPEJADO,RURAL,TRAMO RECTO,PLANA ,ASFALTADA,,,,,EN PROCESO DE INVESTIGACIÓN,NO CUENTA CON CAUSA ESPECIFICA,1.0,0,19.0,19.0,19.0,19.0,1,1,1,0,0,0,1
A-2024-12-116,2024-12-23,11:20,ATROPELLO FUGA,1,0,0,LIMA,LIMA,VILLA EL SALVADOR,URBANA,AVENIDA,URBANO,NO CORRESPONDE,-12.234970829883556,-76.9115445209504,DESPEJADO,COMERCIAL,INTERSECCIÓN,INCLINADA,ASFALTADA,,,,,EN PROCESO DE INVESTIGACIÓN,NO CUENTA CON CAUSA ESPECIFICA,11.0,0,63.0,63.0,46.0,80.0,1,1,1,0,1,0,2
A-2024-12-61,2024-12-23,17:30,VOLCADURA,2,15,1,CUSCO,QUISPICANCHI,QUIQUIJANA,RURAL,CARRETERA,NACIONAL,PE-3S,-13.787663,-71.563233,LLUVIOSO,RURAL,TRAMO RECTO,PLANA ,ASFALTADA,SI,PREVENTIVA (P),PREVENTIVA (P),NO,IMPRUDENCIA DEL CONDUCTOR,EXCESO DE VELOCIDAD,17.0,1,32.8235294117647,28.0,13.0,58.0,5,1,2,15,1,0,17
A-2024-12-51,2024-12-23,19:10,CHOQUE,1,0,2,LA LIBERTAD,TRUJILLO,HUANCHACO,RURAL,CARRETERA,NACIONAL,PE-1N,-8.085393753,-79.095904,DESPEJADO,RURAL,TRAMO RECTO,PLANA ,ASFALTADA,,,,,EN PROCESO DE INVESTIGACIÓN,NO CUENTA CON CAUSA ESPECIFICA,19.0,0,36.0,36.0,28.0,44.0,2,2,1,0,1,0,2
A-2024-12-11,2024-12-23,19:30,ATROPELLO FUGA,1,0,0,SAN MARTIN,RIOJA,NUEVA CAJAMARCA,URBANA,CARRETERA,NACIONAL,PE-5N,-5.951484,-77.302217,DESPEJADO,INDUSTRIAL,TRAMO RECTO,PLANA ,ASFALTADA,,,,,IMPRUDENCIA DEL PEATÓN,OTRO (IMPRUDENCIA DEL PEATÓN),19.0,0,78.0,78.0,78.0,78.0,0,0,1,0,0,0,2
A-2024-12-16,2024-12-23,20:45,ATROPELLO FUGA,1,0,0,SAN MARTIN,RIOJA,RIOJA,RURAL,CARRETERA,NACIONAL,PE-5N,-6.048527,-77.175421,DESPEJADO,RURAL,TRAMO RECTO,PLANA ,ASFALTADA,,,,,EN PROCESO DE INVESTIGACIÓN,NO CUENTA CON CAUSA ESPECIFICA,20.0,0,44.0,44.0,44.0,44.0,1,0,1,0,0,0,2
A-2024-12-82,2024-12-24,23:15,VOLCADURA,1,1,2,CAJAMARCA,CAJAMARCA,CAJAMARCA,URBANA,AVENIDA,URBANO,NO CORRESPONDE,-7.166205,-78.50921,DESPEJADO,COMERCIAL,TRAMO RECTO,PLANA ,CONCRETO,,,,,IMPRUDENCIA DEL CONDUCTOR,EXCESO DE VELOCIDAD,23.0,0,26.666666666666668,19.0,18.0,43.0,2,2,1,1,1,0,3
A-2024-12-117,2024-12-25,15:00,DESPISTE,1,12,0,LIMA,LIMA,PUENTE PIEDRA,URBANA,CARRETERA,NACIONAL,PE-1N,-11.86558905779438,-77.07380925963687,DESPEJADO,COMERCIAL,TRAMO RECTO,INCLINADA,ASFALTADA,,,,,EN PROCESO DE INVESTIGACIÓN,NO CUENTA CON CAUSA ESPECIFICA,15.0,0,25.714285714285715,30.5,0.0,55.0,10,1,1,12,0,0,14
A-2024-12-14,2024-12-25,18:55,ATROPELLO,1,0,0,PUNO,EL COLLAO,ILAVE,RURAL,CARRETERA,NACIONAL,PE-3S,-16.08563835430964,-69.64535948596881,,,,,,,,,,IMPRUDENCIA DEL PEATÓN,CRUCE INDEBIDO POR LA CALZADA,18.0,0,50.5,50.5,35.0,66.0,2,1,1,0,0,0,2
A-2024-12-52,2024-12-25,22:00,DESPISTE,1,0,1,LA LIBERTAD,PATAZ,PARCOY,RURAL,CARRETERA,NACIONAL,PE-10C,-8.01035946766168,-77.48207677839993,DESPEJADO,RURAL,TRAMO RECTO,PLANA ,TROCHA,,,,,EN PROCESO DE INVESTIGACIÓN,NO CUENTA CON CAUSA ESPECIFICA,22.0,0,21.0,21.0,21.0,21.0,1,1,1,0,0,0,1
A-2024-12-118,2024-12-26,01:10,ATROPELLO FUGA,1,0,0,LIMA,LIMA,SAN JUAN DE MIRAFLORES,URBANA,CARRETERA,NACIONAL,PE-1S,-12.173411901691509,-76.97832109687727,DESPEJADO,INDUSTRIAL,TRAMO RECTO,PLANA ,ASFALTADA,,,,,EN PROCESO DE INVESTIGACIÓN,NO CUENTA CON CAUSA ESPECIFICA,1.0,0,,,,,1,0,1,0,0,0,2
A-2024-12-60,2024-12-26,08:30,DESPISTE,1,0,1,CUSCO,PAUCARTAMBO,PAUCARTAMBO,RURAL,CARRETERA,DEPARTAMENTAL,CU-116,-13.45601266,-71.44893283,DESPEJADO,RURAL,TRAMO RECTO,PLANA ,TROCHA,,,,,IMPRUDENCIA DEL CONDUCTOR,EXCESO DE VELOCIDAD,8.0,0,39.0,39.0,39.0,39.0,1,1,1,0,0,0,1
A-2024-12-73,2024-12-26,08:30,DESPISTE,1,0,1,CUSCO,PAUCARTAMBO,PAUCARTAMBO,RURAL,CARRETERA,PROVINCIAL,CU-1016,-13.3132009612671,-71.59247934481394,DESPEJADO,RURAL,TRAMO RECTO,PLANA ,AFIRMADO,,,,,IMPRUDENCIA DEL CONDUCTOR,EXCESO DE VELOCIDAD,8.0,0,39.0,39.0,39.0,39.0,1,1,1,0,0,0,1
A-2024-12-119,2024-12-26,12:25,ATROPELLO,1,0,0,LIMA,LIMA,ANCON,URBANA,CARRETERA,NACIONAL,PE-1N,-11.78842133713827,-77.15100409865374,DESPEJADO,INDUSTRIAL,TRAMO RECTO,PLANA ,ASFALTADA,SI,PREVENTIVA (P),,SI,EN PROCESO DE INVESTIGACIÓN,NO CUENTA CON CAUSA ESPECIFICA,12.0,0,40.0,40.0,39.0,41.0,2,1,1,0,1,0,2
A-2024-12-53,2024-12-26,19:00,DESPISTE,1,0,1,LA LIBERTAD,VIRU,GUADALUPITO,RURAL,CARRETERA,NACIONAL,PE-1N,-8.742936446,-78.63452364,DESPEJADO,RURAL,TRAMO RECTO,PLANA ,ASFALTADA,,,,,EN PROCESO DE INVESTIGACIÓN,NO CUENTA CON CAUSA ESPECIFICA,19.0,0,23.0,23.0,23.0,23.0,0,0,1,0,0,0,2
A-2024-12-58,2024-12-27,05:00,DESPISTE,2,0,0,APURIMAC,ANDAHUAYLAS,KISHUARA,RURAL,CARRETERA,NACIONAL,PE-3S,-13.668528,-73.193024,NIEBLA,RURAL,TRAMO RECTO,INCLINADA,ASFALTADA,,,,,IMPRUDENCIA DEL CONDUCTOR,EXCESO DE VELOCIDAD,5.0,1,37.0,37.0,30.0,44.0,1,1,2,0,0,0,2
A-2024-12-54,2024-12-27,09:15,DESPISTE,1,0,1,LA LIBERTAD,PACASMAYO,PACASMAYO,RURAL,CARRETERA,NACIONAL,PE-1N,-7.383049286,-79.54497614,DESPEJADO,RURAL,TRAMO RECTO,PLANA ,ASFALTADA,,,,,EN PROCESO DE INVESTIGACIÓN,NO CUENTA CON CAUSA ESPECIFICA,9.0,0,64.0,64.0,43.0,85.0,2,1,1,0,1,0,2
A-2024-12-72,2024-12-27,13:20,ATROPELLO,1,0,0,CUSCO,CUSCO,SANTIAGO,URBANA,CARRETERA,NACIONAL,PE-3S,-13.527004,-71.984263,DESPEJADO,COMERCIAL,INTERSECCIÓN,PLANA ,CONCRETO,SI,REGULADORA (R),PREVENTIVA (P),NO,IMPRUDENCIA DEL PEATÓN,CRUCE INDEBIDO POR LA CALZADA,13.0,0,50.0,50.0,35.0,65.0,2,1,1,0,0,0,2
A-2024-12-59,2024-12-27,16:00,CHOQUE,1,1,0,APURIMAC,CHINCHEROS,RANRACANCHA,RURAL,CARRETERA,NACIONAL,PE-3S,-13.56121360320415,-73.63313123874583,SOLEADO,RURAL,CURVA,PLANA ,ASFALTADA,,,,,IMPRUDENCIA DEL CONDUCTOR,INVASIÓN DE CARRIL,16.0,0,10.0,10.0,10.0,10.0,1,0,1,0,0,0,1
A-2024-12-83,2024-12-28,05:50,CHOQUE,1,0,2,CAJAMARCA,CAJAMARCA,LLACANORA,RURAL,CARRETERA,NACIONAL,PE-3N,-7.202115,-78.376795,DESPEJADO,RURAL,TRAMO RECTO,PLANA ,ASFALTADA,,,,,IMPRUDENCIA DEL CONDUCTOR,EXCESO DE VELOCIDAD,5.0,0,24.0,24.0,20.0,28.0,2,2,1,0,1,0,2
A-2024-12-120,2024-12-28,15:10,CHOQUE CON OBJETO FIJO,1,0,0,LIMA,LIMA,CARABAYLLO,URBANA,AVENIDA,URBANO,NO CORRESPONDE,-11.843564551439911,-77.04260489490063,DESPEJADO,RESIDENCIAL,CURVA,PLANA ,ASFALTADA,,,,,EN PROCESO DE INVESTIGACIÓN,NO CUENTA CON CAUSA ESPECIFICA,15.0,0,63.0,63.0,63.0,63.0,1,1,1,0,1,0,1
A-2024-12-55,2024-12-28,15:30,CHOQUE,1,0,2,LA LIBERTAD,TRUJILLO,LAREDO,RURAL,CARRETERA,NACIONAL,PE-10A,-8.053290726,-78.8521240294,DESPEJADO,RURAL,TRAMO RECTO,PLANA ,ASFALTADA,,,,,EN PROCESO DE INVESTIGACIÓN,NO CUENTA CON CAUSA ESPECIFICA,15.0,0,45.5,45.5,38.0,53.0,2,2,1,0,1,0,2
A-2024-12-121,2024-12-29,01:20,DESPISTE,1,0,0,LIMA,LIMA,EL AGUSTINO,URBANA,CARRETERA,NACIONAL,PE-1N,-12.03302616226266,-77.0073929749146,DESPEJADO,RESIDENCIAL,TRAMO RECTO,PLANA ,ASFALTADA,SI,REGULADORA (R),,NO,EN PROCESO DE INVESTIGACIÓN,NO CUENTA CON CAUSA ESPECIFICA,1.0,0,32.0,32.0,32.0,32.0,1,1,1,0,1,0,1
A-2024-12-122,2024-12-29,04:09,ATROPELLO,1,0,0,LIMA,LIMA,ANCON,URBANA,CARRETERA,NACIONAL,PE-1N,-11.75068424093838,-77.14646781175321,DESPEJADO,INDUSTRIAL,TRAMO RECTO,PLANA ,ASFALTADA,SI,PREVENTIVA (P),INFORMATIVA (I),SI,EN PROCESO DE INVESTIGACIÓN,NO CUENTA CON CAUSA ESPECIFICA,4.0,0,40.0,40.0,33.0,47.0,2,1,1,0,1,0,2
A-2024-12-124,2024-12-29,08:00,CHOQUE,1,1,0,LIMA,LIMA,CHORRILLOS,URBANA,AVENIDA,URBANO,NO CORRESPONDE,-12.180164074867236,-76.99803302373233,DESPEJADO,RESIDENCIAL,INTERSECCIÓN,PLANA ,ASFALTADA,,,,,EN PROCESO DE INVESTIGACIÓN,NO CUENTA CON CAUSA ESPECIFICA,8.0,0,25.333333333333332,19.0,19.0,38.0,2,2,1,1,2,0,3
A-2024-12-56,2024-12-29,10:00,CHOQUE,1,0,2,LA LIBERTAD,TRUJILLO,SIMBAL,RURAL,CARRETERA,NACIONAL,PE-10A,-8.001236594,-78.78503045,DESPEJADO,RURAL,TRAMO RECTO,PLANA ,ASFALTADA,,,,,EN PROCESO DE INVESTIGACIÓN,NO CUENTA CON CAUSA ESPECIFICA,10.0,0,39.0,39.0,28.0,50.0,2,2,1,0,1,0,2
A-2024-12-123,2024-12-29,17:25,ATROPELLO,1,0,0,LIMA,LIMA,SAN BORJA,URBANA,AVENIDA,URBANO,NO CORRESPONDE,-12.111830458182215,-77.00284380737456,DESPEJADO,COMERCIAL,TRAMO RECTO,PLANA ,ASFALTADA,,,,,EN PROCESO DE INVESTIGACIÓN,NO CUENTA CON CAUSA ESPECIFICA,17.0,0,73.5,73.5,61.0,86.0,2,1,1,0,1,0,2
A-2024-12-32,2024-12-30,00:25,ATROPELLO,1,0,0,ICA,CHINCHA,CHINCHA BAJA,RURAL,CARRETERA,NACIONAL,PE-1S,-13.458554,-76.136397,,,,,,,,,,EN PROCESO DE INVESTIGACIÓN,NO CUENTA CON CAUSA ESPECIFICA,0.0,0,49.0,49.0,49.0,49.0,1,0,1,0,0,0,1
A-2024-12-21,2024-12-30,04:30,CHOQUE,1,0,2,AREQUIPA,AREQUIPA,UCHUMAYO,RURAL,CARRETERA,NACIONAL,PE-34A,-16.42796,-71.6918,DESPEJADO,RURAL,TRAMO RECTO,PLANA ,ASFALTADA,SI,PREVENTIVA (P),,SI,EN PROCESO DE INVESTIGACIÓN,NO CUENTA CON CAUSA ESPECIFICA,4.0,0,40.0,40.0,23.0,57.0,2,2,1,0,2,0,2
A-2024-12-26,2024-12-30,21:00,DESPISTE,1,1,1,HUANCAVELICA,CASTROVIRREYNA,CAPILLAS,RURAL,CARRETERA,NACIONAL,PE-26A,-13.2866829046428,-75.53275948163703,DESPEJADO,RURAL,SINUOSA,INCLINADA,AFIRMADO,,,,,EN PROCESO DE INVESTIGACIÓN,NO CUENTA CON CAUSA ESPECIFICA,21.0,0,21.5,21.5,21.0,22.0,2,1,1,1,1,0,2
A-2024-12-57,2024-12-31,04:30,CHOQUE,1,0,2,LA LIBERTAD,CHEPEN,PACANGA,RURAL,CARRETERA,NACIONAL,PE-1N,-7.124171777,-79.48182879,DESPEJADO,RURAL,TRAMO RECTO,PLANA ,ASFALTADA,,,,,EN PROCESO DE INVESTIGACIÓN,NO CUENTA CON CAUSA ESPECIFICA,4.0,0,44.0,44.0,24.0,64.0,2,2,1,0,1,0,2
A-2024-12-25,2024-12-31,04:50,ATROPELLO,1,0,1,AREQUIPA,ISLAY,PUNTA DE BOMBON,RURAL,CARRETERA,NACIONAL,PE-1SD,-17.14855,-71.79622,DESPEJADO,RURAL,TRAMO RECTO,PLANA ,ASFALTADA,SI,INFORMATIVA (I),,SI,EN PROCESO DE INVESTIGACIÓN,NO CUENTA CON CAUSA ESPECIFICA,4.0,0,31.5,31.5,26.0,37.0,2,1,1,0,1,0,2
A-2024-12-23,2024-12-31,06:00,CHOQUE FUGA,1,1,0,PUNO,PUNO,PAUCARCOLLA,RURAL,CARRETERA,SIN CLASIFICAR,SIN CLASIFICAR,-15.778955016478022,-70.03513810535165,,,,,,,,,,EN PROCESO DE INVESTIGACIÓN,NO CUENTA CON CAUSA ESPECIFICA,6.0,0,24.0,24.0,23.0,25.0,2,1,1,1,0,0,3
A-2024-12-71,2024-12-31,17:30,DESPISTE,1,0,1,AYACUCHO,HUAMANGA,AYACUCHO,RURAL,CARRETERA,NACIONAL,PE-28A,-13.159,-74.239,LLUVIOSO,RURAL,CURVA,INCLINADA,AFIRMADO,SI,PREVENTIVA (P),,NO,IMPRUDENCIA DEL CONDUCTOR,EXCESO DE VELOCIDAD,17.0,0,45.0,45.0,31.0,59.0,2,1,1,0,0,0,2
A-2024-12-129,2024-12-31,19:35,ATROPELLO,1,0,0,LIMA,LIMA,SANTIAGO DE SURCO,URBANA,CARRETERA,NACIONAL,PE-1S,-12.100345,-76.979546,DESPEJADO,INDUSTRIAL,TRAMO RECTO,PLANA ,ASFALTADA,,,,,EN PROCESO DE INVESTIGACIÓN,NO CUENTA CON CAUSA ESPECIFICA,19.0,0,38.0,38.0,26.0,50.0,2,1,1,0,1,0,2
A-2025-01-24,2025-01-01,14:00,CHOQUE FUGA,1,0,1,TUMBES,TUMBES,TUMBES,URBANA,CALLE,URBANO,NO CORRESPONDE,-3.5620950299953624,-80.45761222849363,DESPEJADO,RESIDENCIAL,TRAMO RECTO,PLANA ,CONCRETO,,,,,IMPRUDENCIA DEL CONDUCTOR,OTRO (IMPRUDENCIA DEL CONDUCTOR),14.0,0,61.0,61.0,42.0,80.0,2,1,1,0,0,0,3
A-2025-01-125,2025-01-01,16:05,DESPISTE,1,0,0,PIURA,MORROPON,BUENOS AIRES,RURAL,CARRETERA,NACIONAL,PE-02A,-5.238684,-79.992916,,,,,,,,,,EN PROCESO DE INVESTIGACIÓN,NO CUENTA CON CAUSA ESPECIFICA,16.0,0,22.0,22.0,22.0,22.0,1,1,1,0,0,0,1
A-2025-01-31,2025-01-01,18:20,CHOQUE,1,0,2,LA LIBERTAD,ASCOPE,CHOCOPE,RURAL,CARRETERA,NACIONAL,PE-1N,-7.802651368518858,-79.19688102066583,DESPEJADO,RURAL,TRAMO RECTO,PLANA ,ASFALTADA,,,,,EN PROCESO DE INVESTIGACIÓN,NO CUENTA CON CAUSA ESPECIFICA,18.0,0,28.666666666666668,30.0,24.0,32.0,2,2,1,0,2,0,3
A-2025-01-3,2025-01-01,19:00,DESPISTE,1,0,0,PUNO,PUNO,PLATERIA,RURAL,CARRETERA,PROVINCIAL,PU-1221,-16.0199647,-69.9388408,,,,,,,,,,EN PROCESO DE INVESTIGACIÓN,NO CUENTA CON CAUSA ESPECIFICA,19.0,0,45.0,45.0,45.0,45.0,1,1,1,0,0,0,1
A-2025-01-5,2025-01-01,21:30,ATROPELLO,1,0,0,AREQUIPA,AREQUIPA,JACOBO HUNTER,URBANA,AVENIDA,URBANO,NO CORRESPONDE,-16.45123,-71.55468,NUBLADO,COMERCIAL,TRAMO RECTO,PLANA ,ASFALTADA,NO,,,SI,EN PROCESO DE INVESTIGACIÓN,NO CUENTA CON CAUSA ESPECIFICA,21.0,0,66.0,66.0,66.0,66.0,0,0,1,0,0,0,1
A-2025-01-51,2025-01-02,11:30,CHOQUE,1,4,0,ICA,CHINCHA,CHINCHA ALTA,URBANA,CALLE,URBANO,NO CORRESPONDE,-13.420321,-76.130663,,,,,,,,,,EN PROCESO DE INVESTIGACIÓN,NO CUENTA CON CAUSA ESPECIFICA,11.0,0,21.6,30.0,4.0,36.0,2,1,1,4,0,0,6
A-2025-01-126,2025-01-02,14:00,ATROPELLO,1,0,0,PIURA,SECHURA,SECHURA,URBANA,CALLE,URBANO,NO CORRESPONDE,-5.762407,-80.853743,DESPEJADO,RURAL,TRAMO RECTO,PLANA ,ASFALTADA,,,,,EN PROCESO DE INVESTIGACIÓN,NO CUENTA CON CAUSA ESPECIFICA,14.0,0,28.0,28.0,2.0,54.0,2,1,1,0,1,0,2
A-2025-01-34,2025-01-02,18:00,DESPISTE,1,0,1,LA LIBERTAD,BOLIVAR,CONDORMARCA,RURAL,CARRETERA,SIN CLASIFICAR,SIN CLASIFICAR,-7.54611765087164,-77.60686912276813,DESPEJADO,RURAL,TRAMO RECTO,PLANA ,TROCHA,,,,,EN PROCESO DE INVESTIGACIÓN,NO CUENTA CON CAUSA ESPECIFICA,18.0,0,24.0,24.0,16.0,32.0,2,1,1,0,0,0,2