CODIGO_SINIESTRO,FECHA_SINIESTRO,HORA_SINIESTRO,CLASE_SINIESTRO,CANTIDAD_FALLECIDOS,CANTIDAD_LESIONADOS,CANTIDAD_VEHICULOS,DEPARTAMENTO,PROVINCIA,DISTRITO,ZONA,TIPO_VIA,RED_VIAL,COD_CARRETERA,LATITUD,LONGITUD,CONDICION_CLIMATICA,ZONIFICACION,CARACTERISTICAS_VIA,PERFIL_VIA,SUPERFICIE_CALZADA,EXISTE_SENIAL_VERTICAL,CLASIFICACION_SENIAL_VERTICAL_1,CLASIFICACION_SENIAL_VERTICAL_2,EXISTE_SENIAL_HORIZONTAL,CAUSA_FACTOR_PRINCIPAL,CAUSA_ESPECIFICA,HORA,severidad,EDAD_PROMEDIO,EDAD_MEDIANA,EDAD_MIN,EDAD_MAX,TOTAL_MASCULINOS,TOTAL_CONDUCTORES,TOTAL_FALLECIDOS_AGG,TOTAL_LESIONADOS_AGG,TOTAL_LICENCIA,TOTAL_ALCOHOL_POSITIVO,TOTAL_PERSONAS
A-2025-01-62,2025-01-02,22:00,ATROPELLO,1,0,1,CAJAMARCA,CONTUMAZA,YONAN,RURAL,CARRETERA,NACIONAL,PE-08,-7.241869439,-79.05931282,DESPEJADO,RURAL,TRAMO RECTO,PLANA ,ASFALTADA,SI,INFORMATIVA (I),,NO,EN PROCESO DE INVESTIGACIÓN,NO CUENTA CON CAUSA ESPECIFICA,22.0,0,68.0,68.0,68.0,68.0,1,0,1,0,0,0,2
A-2025-01-25,2025-01-03,10:40,DESPISTE,1,0,1,TUMBES,CONTRALMIRANTE VILLAR,CASITAS,RURAL,CARRETERA,DEPARTAMENTAL,TU-105,-4.061167,-80.702533,DESPEJADO,RURAL,TRAMO RECTO,PLANA ,TROCHA,,,,,IMPRUDENCIA DEL CONDUCTOR,OTRO (IMPRUDENCIA DEL CONDUCTOR),10.0,0,46.0,46.0,46.0,46.0,1,1,1,0,0,0,1
A-2025-01-2,2025-01-03,14:05,ATROPELLO,1,0,0,AREQUIPA,AREQUIPA,CAYMA,URBANA,CARRETERA,PROVINCIAL,AR-743,-16.39016271,-71.54600387,DESPEJADO,RESIDENCIAL,TRAMO RECTO,PLANA ,ASFALTADA,SI,INFORMATIVA (I),,SI,EN PROCESO DE INVESTIGACIÓN,NO CUENTA CON CAUSA ESPECIFICA,14.0,0,81.0,81.0,81.0,81.0,0,0,1,0,0,0,1
A-2025-01-73,2025-01-03,15:30,ATROPELLO,1,0,1,CUSCO,CUSCO,SANTIAGO,RURAL,CARRETERA,DEPARTAMENTAL,CU-117,-13.60118,-71.959325,DESPEJADO,RURAL,TRAMO RECTO,PLANA ,ASFALTADA,,,,,IMPRUDENCIA DEL PEATÓN,CRUCE INDEBIDO POR LA CALZADA,15.0,0,58.5,58.5,55.0,62.0,2,1,1,0,1,0,2
A-2025-01-4,2025-01-03,16:59,ESPECIAL,1,0,0,PUNO,CHUCUITO,KELLUYO,RURAL,CARRETERA,SIN CLASIFICAR,SIN CLASIFICAR,-16.639392,-69.22611,,,,,,,,,,EN PROCESO DE INVESTIGACIÓN,NO CUENTA CON CAUSA ESPECIFICA,16.0,0,8.0,8.0,8.0,8.0,1,0,1,0,0,0,1
A-2025-01-1,2025-01-03,23:30,CHOQUE,1,1,2,LIMA,HUARAL,CHANCAY,RURAL,CARRETERA,NACIONAL,PE-1N,-11.4491108,-77.3405447,DESPEJADO,RURAL,TRAMO RECTO,INCLINADA,ASFALTADA,,,,,EN PROCESO DE INVESTIGACIÓN,NO CUENTA CON CAUSA ESPECIFICA,23.0,0,45.666666666666664,45.0,38.0,54.0,3,2,1,1,2,0,3
A-2025-01-96,2025-01-04,00:05,CHOQUE,3,0,0,CUSCO,ESPINAR,ALTO PICHIGUA,RURAL,CARRETERA,NACIONAL,PE-34F,-14.7289382,-71.31884003,DESPEJADO,RURAL,TRAMO RECTO,PLANA ,AFIRMADO,,,,,IMPRUDENCIA DEL CONDUCTOR,EXCESO DE VELOCIDAD,0.0,2,37.0,37.0,30.0,44.0,4,2,3,0,2,0,4
A-2025-01-94,2025-01-04,05:46,CHOQUE,2,1,2,CUSCO,QUISPICANCHI,OROPESA,RURAL,CARRETERA,NACIONAL,PE-3S,-13.598449003776391,-71.77179828819027,DESPEJADO,RURAL,TRAMO RECTO,PLANA ,ASFALTADA,,,,,IMPRUDENCIA DEL CONDUCTOR,INVASIÓN DE CARRIL,5.0,1,38.666666666666664,36.0,24.0,56.0,2,2,2,1,0,0,3
A-2025-01-80,2025-01-04,11:15,ATROPELLO,1,0,0,LIMA,LIMA,MAGDALENA DEL MAR,URBANA,AVENIDA,URBANO,NO CORRESPONDE,-12.090974073655154,-77.06673723684166,DESPEJADO,RESIDENCIAL,TRAMO RECTO,PLANA ,ASFALTADA,SI,PREVENTIVA (P),,NO,IMPRUDENCIA DEL PEATÓN,CRUCE INDEBIDO POR LA CALZADA,11.0,0,64.5,64.5,54.0,75.0,2,1,1,0,1,0,2
A-2025-01-78,2025-01-04,19:10,DESPISTE,1,0,1,CUSCO,LA CONVENCION,SANTA TERESA,RURAL,CARRETERA,DEPARTAMENTAL,CU-107,-13.05319932,-72.62786751,DESPEJADO,RURAL,CURVA,PLANA ,TROCHA,,,,,IMPRUDENCIA DEL CONDUCTOR,EXCESO DE VELOCIDAD,19.0,0,40.5,40.5,25.0,56.0,2,1,1,0,1,0,2
A-2025-01-86,2025-01-04,19:26,CHOQUE CON OBJETO FIJO,1,5,1,CUSCO,CUSCO,WANCHAQ,RURAL,CARRETERA,NACIONAL,PE-3S,-13.534673,-71.9392,DESPEJADO,COMERCIAL,TRAMO RECTO,PLANA ,ASFALTADA,SI,REGULADORA (R),PREVENTIVA (P),NO,IMPRUDENCIA DEL CONDUCTOR,EXCESO DE VELOCIDAD,19.0,0,47.142857142857146,54.0,6.0,65.0,5,1,1,5,1,0,7
A-2025-01-81,2025-01-04,22:15,ATROPELLO,1,0,0,LIMA,LIMA,ATE,URBANA,CARRETERA,SIN CLASIFICAR,NO ES CARRETERA,-12.03388265680954,-76.92836175940424,DESPEJADO,RESIDENCIAL,INTERSECCIÓN,PLANA ,ASFALTADA,,,,,EN PROCESO DE INVESTIGACIÓN,NO CUENTA CON CAUSA ESPECIFICA,22.0,0,65.0,65.0,54.0,76.0,1,1,1,0,0,0,2
A-2025-01-72,2025-01-05,06:00,DESPISTE,1,0,0,CUSCO,CANAS,LANGUI,RURAL,CARRETERA,NACIONAL,PE-34G,-14.3715556,-71.32525,DESPEJADO,RURAL,CURVA,PLANA ,ASFALTADA,,,,,IMPRUDENCIA DEL CONDUCTOR,EXCESO DE VELOCIDAD,6.0,0,27.0,27.0,27.0,27.0,1,1,1,0,1,0,1
A-2025-01-87,2025-01-05,06:00,DESPISTE,1,0,1,CUSCO,CANAS,LANGUI,RURAL,CARRETERA,NACIONAL,PE-34G,-14.3715556,-71.32525,DESPEJADO,RURAL,CURVA,PLANA ,AFIRMADO,,,,,IMPRUDENCIA DEL CONDUCTOR,EXCESO DE VELOCIDAD,6.0,0,27.0,27.0,27.0,27.0,1,1,1,0,1,0,1
A-2025-01-9,2025-01-05,06:00,VOLCADURA,1,0,1,SAN MARTIN,MOYOBAMBA,CALZADA,URBANA,CARRETERA,NACIONAL,PE-5N,-6.039502,-77.06126,DESPEJADO,COMERCIAL,TRAMO RECTO,PLANA ,ASFALTADA,,,,,IMPRUDENCIA DEL CONDUCTOR,OTRO (IMPRUDENCIA DEL CONDUCTOR),6.0,0,32.0,32.0,32.0,32.0,1,1,1,0,0,0,1
A-2025-01-6,2025-01-05,15:00,ATROPELLO,1,0,0,AREQUIPA,CAYLLOMA,MAJES,URBANA,CARRETERA,DEPARTAMENTAL,AR-108,-16.34086,-72.19509,SOLEADO,COMERCIAL,CURVA,PLANA ,ASFALTADA,NO,,,SI,EN PROCESO DE INVESTIGACIÓN,NO CUENTA CON CAUSA ESPECIFICA,15.0,0,75.0,75.0,75.0,75.0,1,0,1,0,0,0,1
A-2025-01-32,2025-01-06,02:00,DESPISTE,2,0,1,HUANUCO,MARAÑON,HUACRACHUCO,RURAL,CARRETERA,NACIONAL,PE-12A,-8.5407504792,-77.211523416,DESPEJADO,RURAL,TRAMO RECTO,PLANA ,AFIRMADO,,,,,INFRAESTRUCTURA Y ENTORNO VIAL,FACTOR AMBIENTAL,2.0,1,40.5,40.5,40.0,41.0,2,1,2,0,1,0,2
A-2025-01-76,2025-01-06,09:30,ATROPELLO FUGA,1,0,1,CUSCO,CUSCO,SANTIAGO,URBANA,CARRETERA,NACIONAL,PE-3S,-13.52769562,-71.98988214,DESPEJADO,COMERCIAL,TRAMO RECTO,PLANA ,ASFALTADA,SI,REGULADORA (R),PREVENTIVA (P),NO,IMPRUDENCIA DEL CONDUCTOR,EXCESO DE VELOCIDAD,9.0,0,54.5,54.5,46.0,63.0,2,1,1,0,1,1,2
A-2025-01-77,2025-01-06,14:20,CHOQUE,1,0,2,CUSCO,ANTA,ANTA,URBANA,CARRETERA,NACIONAL,PE-3S,-13.46848258,-72.13704572,DESPEJADO,COMERCIAL,TRAMO RECTO,PLANA ,ASFALTADA,,,,,IMPRUDENCIA DEL CONDUCTOR,INVASIÓN DE CARRIL,14.0,0,49.5,49.5,31.0,68.0,2,2,1,0,2,0,2
A-2025-01-75,2025-01-06,18:51,DESPISTE,1,1,1,CUSCO,CALCA,LARES,RURAL,CARRETERA,PROVINCIAL,CU-712,-13.06766971,-72.06565578,DESPEJADO,RURAL,TRAMO RECTO,PLANA ,AFIRMADO,,,,,IMPRUDENCIA DEL CONDUCTOR,EXCESO DE VELOCIDAD,18.0,0,38.5,38.5,23.0,54.0,1,1,1,1,0,0,2
A-2025-01-8,2025-01-06,23:45,ATROPELLO,1,0,0,AREQUIPA,CAYLLOMA,MAJES,RURAL,CARRETERA,NACIONAL,PE-1S,-16.40553,-72.22581,DESPEJADO,RURAL,TRAMO RECTO,PLANA ,ASFALTADA,NO,,,SI,EN PROCESO DE INVESTIGACIÓN,NO CUENTA CON CAUSA ESPECIFICA,23.0,0,50.0,50.0,50.0,50.0,1,0,1,0,0,0,1
A-2025-01-74,2025-01-07,06:00,CHOQUE,1,0,0,CUSCO,ANTA,MOLLEPATA,RURAL,CARRETERA,NACIONAL,PE-3S,-13.53805954,-72.52010619,DESPEJADO,RURAL,TRAMO RECTO,PLANA ,ASFALTADA,,,,,IMPRUDENCIA DEL CONDUCTOR,EXCESO DE VELOCIDAD,6.0,0,45.0,45.0,36.0,54.0,2,2,1,0,2,0,2
A-2025-01-82,2025-01-07,07:10,ATROPELLO,1,0,0,LIMA,LIMA,LIMA,URBANA,AVENIDA,URBANO,NO CORRESPONDE,-12.042161710353668,-77.04315979132093,DESPEJADO,COMERCIAL,TRAMO RECTO,PLANA ,ASFALTADA,,,,,IMPRUDENCIA DEL PEATÓN,CRUCE INDEBIDO POR LA CALZADA,7.0,0,39.5,39.5,34.0,45.0,2,1,1,0,1,0,2
A-2025-01-127,2025-01-07,11:00,CHOQUE,1,0,3,PIURA,SECHURA,SECHURA,RURAL,CARRETERA,NACIONAL,PE-1NK,-5.550354,-80.818554,DESPEJADO,RURAL,TRAMO RECTO,PLANA ,ASFALTADA,,,,,EN PROCESO DE INVESTIGACIÓN,NO CUENTA CON CAUSA ESPECIFICA,11.0,0,56.666666666666664,58.0,42.0,70.0,2,3,1,0,0,0,3
A-2025-01-83,2025-01-07,11:40,ATROPELLO,1,0,0,LIMA,LIMA,SAN JUAN DE LURIGANCHO,URBANA,AVENIDA,URBANO,NO CORRESPONDE,-12.023156480367572,-76.96511496545861,DESPEJADO,COMERCIAL,INTERSECCIÓN,PLANA ,ASFALTADA,,,,,EN PROCESO DE INVESTIGACIÓN,NO CUENTA CON CAUSA ESPECIFICA,11.0,0,46.0,46.0,35.0,57.0,2,1,1,0,1,0,2
A-2025-01-97,2025-01-07,12:00,ATROPELLO FUGA,1,0,0,CUSCO,CANCHIS,SAN PABLO,RURAL,CARRETERA,NACIONAL,PE-3S,-14.19784,-71.320042,DESPEJADO,ESCOLAR,TRAMO RECTO,PLANA ,ASFALTADA,,,,,IMPRUDENCIA DEL CONDUCTOR,EXCESO DE VELOCIDAD,12.0,0,42.0,42.0,42.0,42.0,1,0,1,0,0,0,2
A-2025-01-63,2025-01-07,22:15,ATROPELLO FUGA,1,0,1,CAJAMARCA,CHOTA,LAJAS,RURAL,CARRETERA,NACIONAL,PE-3N,-6.543665,-78.705535,LLUVIOSO,RURAL,TRAMO RECTO,INCLINADA,ASFALTADA,SI,PREVENTIVA (P),,NO,EN PROCESO DE INVESTIGACIÓN,NO CUENTA CON CAUSA ESPECIFICA,22.0,0,47.0,47.0,47.0,47.0,1,0,1,0,0,0,2
A-2025-01-10,2025-01-07,22:40,VOLCADURA,1,0,0,AREQUIPA,AREQUIPA,LA JOYA,RURAL,CARRETERA,NACIONAL,PE-1S,-16.693724,-71.870564,DESPEJADO,RESIDENCIAL,TRAMO RECTO,PLANA ,ASFALTADA,SI,INFORMATIVA (I),,SI,EN PROCESO DE INVESTIGACIÓN,NO CUENTA CON CAUSA ESPECIFICA,22.0,0,23.0,23.0,23.0,23.0,1,1,1,0,0,0,1
A-2025-01-26,2025-01-08,05:30,ATROPELLO,1,0,1,TUMBES,ZARUMILLA,PAPAYAL,RURAL,CARRETERA,NACIONAL,PE-1N ,-3.514474845190771,-80.31997737947555,DESPEJADO,RURAL,TRAMO RECTO,PLANA ,ASFALTADA,,,,,IMPRUDENCIA DEL PEATÓN,CRUCE INDEBIDO POR LA CALZADA,5.0,0,59.5,59.5,56.0,63.0,2,1,1,0,1,0,2
A-2025-01-33,2025-01-08,19:00,CHOQUE,1,0,2,LA LIBERTAD,VIRU,VIRU,RURAL,CARRETERA,PROVINCIAL,LI-1176,-8.421529391820037,-78.75230385956986,DESPEJADO,RURAL,TRAMO RECTO,PLANA ,ASFALTADA,,,,,EN PROCESO DE INVESTIGACIÓN,NO CUENTA CON CAUSA ESPECIFICA,19.0,0,37.0,37.0,35.0,39.0,2,2,1,0,1,0,2
A-2025-01-7,2025-01-08,19:30,ATROPELLO,2,0,1,LIMA,HUARAL,AUCALLAMA,RURAL,CARRETERA,NACIONAL,PE-1N,-11.6083912,-77.2175561,DESPEJADO,ESCOLAR,INTERSECCIÓN,PLANA ,ASFALTADA,SI,PREVENTIVA (P),PREVENTIVA (P),SI,EN PROCESO DE INVESTIGACIÓN,NO CUENTA CON CAUSA ESPECIFICA,19.0,1,66.5,66.5,63.0,70.0,1,0,2,0,0,0,2
A-2025-01-64,2025-01-08,20:30,DESPISTE,1,0,1,CAJAMARCA,CAJABAMBA,CONDEBAMBA,URBANA,CARRETERA,NACIONAL,PE-3N,-7.524396,-78.147494,DESPEJADO,COMERCIAL,CURVA,PLANA ,ASFALTADA,,,,,IMPRUDENCIA DEL CONDUCTOR,EXCESO DE VELOCIDAD,20.0,0,23.0,23.0,23.0,23.0,1,1,1,0,1,0,1
A-2025-01-61,2025-01-08,21:00,DESPISTE,2,0,1,AYACUCHO,HUAMANGA,OCROS,RURAL,CARRETERA,PROVINCIAL,AY-751,-13.370327,-73.90041,DESPEJADO,RURAL,CURVA,INCLINADA,AFIRMADO,,,,,IMPRUDENCIA DEL CONDUCTOR,CONDUCIR EN ESTADO DE EBRIEDAD Y/O DROGADICCIÓN,21.0,1,43.5,43.5,35.0,52.0,2,1,2,0,1,1,2
A-2025-01-84,2025-01-08,22:50,DESPISTE,1,0,0,LIMA,LIMA,LURIN,URBANA,AVENIDA,URBANO,NO ES CARRETERA,-12.284073708732857,-76.86337971399395,DESPEJADO,INDUSTRIAL,TRAMO RECTO,PLANA ,ASFALTADA,,,,,EN PROCESO DE INVESTIGACIÓN,NO CUENTA CON CAUSA ESPECIFICA,22.0,0,23.0,23.0,23.0,23.0,1,1,1,0,0,0,1
A-2025-01-47,2025-01-09,10:50,DESPISTE,2,4,1,HUANCAVELICA,TAYACAJA,ACOSTAMBO,RURAL,CARRETERA,NACIONAL,PE-3S,-12.39773242,-75.05046259,DESPEJADO,RURAL,TRAMO RECTO,PLANA ,ASFALTADA,SI,PREVENTIVA (P),,NO,EN PROCESO DE INVESTIGACIÓN,NO CUENTA CON CAUSA ESPECIFICA,10.0,1,28.166666666666668,28.0,6.0,52.0,4,1,2,4,0,0,6
A-2025-01-48,2025-01-10,10:10,DESPISTE,1,0,1,HUANCAVELICA,ANGARAES,LIRCAY,RURAL,CARRETERA,DEPARTAMENTAL,HV-107,-12.967431,-74.713102,DESPEJADO,RURAL,TRAMO RECTO,PLANA ,ASFALTADA,SI,PREVENTIVA (P),,NO,EN PROCESO DE INVESTIGACIÓN,NO CUENTA CON CAUSA ESPECIFICA,10.0,0,47.0,47.0,47.0,47.0,1,1,1,0,0,0,1
A-2025-01-66,2025-01-11,01:40,DESPISTE,2,4,1,CAJAMARCA,CAJAMARCA,COSPAN,RURAL,CARRETERA,DEPARTAMENTAL,CA-106,-7.471807,-78.534956,NUBLADO,RURAL,TRAMO RECTO,INCLINADA,TROCHA,,,,,IMPRUDENCIA DEL CONDUCTOR,EXCESO DE VELOCIDAD,1.0,1,36.5,41.5,11.0,59.0,4,1,2,4,1,0,6
A-2025-01-35,2025-01-11,06:02,CHOQUE,1,0,2,LA LIBERTAD,PACASMAYO,SAN PEDRO DE LLOC,RURAL,CARRETERA,NACIONAL,PE-1N,-7.419061555000607,-79.5350589325773,DESPEJADO,RURAL,TRAMO RECTO,PLANA ,ASFALTADA,,,,,EN PROCESO DE INVESTIGACIÓN,NO CUENTA CON CAUSA ESPECIFICA,6.0,0,39.0,39.0,30.0,48.0,2,2,1,0,1,0,2
A-2025-01-85,2025-01-11,11:00,CAÍDA DE PASAJERO,1,0,0,LIMA,LIMA,LURIN,RURAL,AVENIDA,URBANO,NO CORRESPONDE,-12.266720583284222,-76.88368966576117,DESPEJADO,INDUSTRIAL,TRAMO RECTO,PLANA ,ASFALTADA,,,,,EN PROCESO DE INVESTIGACIÓN,NO CUENTA CON CAUSA ESPECIFICA,11.0,0,22.5,22.5,9.0,36.0,1,1,1,0,1,0,2
A-2025-01-58,2025-01-11,18:30,CHOQUE,1,14,2,AYACUCHO,HUAMANGA,CHIARA,RURAL,CARRETERA,NACIONAL,PE-3S,-13.3445747,-74.1211239,LLUVIOSO,RURAL,CURVA,PLANA ,ASFALTADA,,,,,IMPRUDENCIA DEL CONDUCTOR,EXCESO DE VELOCIDAD,18.0,0,37.35294117647059,40.0,2.0,77.0,10,2,1,14,2,0,17
A-2025-01-11,2025-01-11,20:00,DESPISTE,1,0,0,PUNO,CHUCUITO,ZEPITA,RURAL,CARRETERA,SIN CLASIFICAR,SIN CLASIFICAR,-16.454531,-69.138518,,,,,,,,,,EN PROCESO DE INVESTIGACIÓN,NO CUENTA CON CAUSA ESPECIFICA,20.0,0,17.0,17.0,17.0,17.0,1,1,1,0,0,0,1
A-2025-01-65,2025-01-11,22:30,DESPISTE,1,1,1,CAJAMARCA,CAJABAMBA,CONDEBAMBA,RURAL,CARRETERA,NACIONAL,PE-3N,-7.521706,-78.146309,DESPEJADO,RURAL,CURVA,PLANA ,ASFALTADA,SI,PREVENTIVA (P),,SI,IMPRUDENCIA DEL CONDUCTOR,EXCESO DE VELOCIDAD,22.0,0,19.5,19.5,18.0,21.0,2,1,1,1,0,0,2
A-2025-01-91,2025-01-11,23:00,DESPISTE,1,0,1,CUSCO,PAUCARTAMBO,PAUCARTAMBO,RURAL,CARRETERA,DEPARTAMENTAL,CU-116,-13.332718703227975,-71.58100818713108,DESPEJADO,RURAL,TRAMO RECTO,PLANA ,AFIRMADO,,,,,IMPRUDENCIA DEL CONDUCTOR,CONDUCIR EN SENTIDO CONTRARIO,23.0,0,26.0,26.0,26.0,26.0,1,1,1,0,0,0,1
A-2025-01-13,2025-01-11,23:05,ATROPELLO,1,0,0,AREQUIPA,AREQUIPA,CERRO COLORADO,URBANA,CARRETERA,NACIONAL,PE-34A,-16.37993,-71.57551,DESPEJADO,COMERCIAL,OTRO,PLANA ,ASFALTADA,NO,,,SI,EN PROCESO DE INVESTIGACIÓN,NO CUENTA CON CAUSA ESPECIFICA,23.0,0,24.0,24.0,24.0,24.0,1,0,1,0,0,0,2
A-2025-01-89,2025-01-12,01:30,ATROPELLO,1,1,0,LIMA,LIMA,VILLA EL SALVADOR,URBANA,CARRETERA,NACIONAL,PE-1S,-12.23728,-76.954092,DESPEJADO,COMERCIAL,TRAMO RECTO,PLANA ,ASFALTADA,,,,,EN PROCESO DE INVESTIGACIÓN,NO CUENTA CON CAUSA ESPECIFICA,1.0,0,24.0,24.0,24.0,24.0,2,1,1,1,1,0,2
A-2025-01-68,2025-01-12,09:40,CHOQUE,1,1,2,CAJAMARCA,JAEN,JAEN,URBANA,CARRETERA,NACIONAL,PE-5N,-5.68531,-78.78899,DESPEJADO,COMERCIAL,TRAMO RECTO,PLANA ,ASFALTADA,,,,,IMPRUDENCIA DEL CONDUCTOR,CONDUCIR EN ESTADO DE EBRIEDAD Y/O DROGADICCIÓN,9.0,0,36.5,36.5,34.0,39.0,2,2,1,1,0,1,2
A-2025-01-67,2025-01-12,16:45,VOLCADURA,1,0,1,CAJAMARCA,SAN MIGUEL,LLAPA,RURAL,CARRETERA,DEPARTAMENTAL,CA-100,-6.968318,-78.796152,NUBLADO,RURAL,CURVA,PLANA ,AFIRMADO,,,,,IMPRUDENCIA DEL CONDUCTOR,CONDUCIR EN ESTADO DE EBRIEDAD Y/O DROGADICCIÓN,16.0,0,54.0,54.0,54.0,54.0,1,1,1,0,1,1,1
A-2025-01-59,2025-01-12,21:00,DESPISTE,1,0,1,AYACUCHO,HUAMANGA,CHIARA,RURAL,CARRETERA,DEPARTAMENTAL,AY-103,-13.47184039,-74.16084918,DESPEJADO,RURAL,CURVA,INCLINADA,ASFALTADA,SI,PREVENTIVA (P),,NO,IMPRUDENCIA DEL CONDUCTOR,CONDUCIR EN ESTADO DE EBRIEDAD Y/O DROGADICCIÓN,21.0,0,36.0,36.0,36.0,36.0,1,1,1,0,0,1,1
A-2025-01-12,2025-01-12,23:26,DESPISTE,1,2,0,PUNO,PUNO,PUNO,RURAL,CARRETERA,NACIONAL,PE-3S,-15.853979951076548,-69.97491172726299,,,,,,,,,,IMPRUDENCIA DEL CONDUCTOR,EXCESO DE VELOCIDAD,23.0,0,68.66666666666667,62.0,56.0,88.0,2,1,1,2,0,0,3
A-2025-01-90,2025-01-13,00:50,ATROPELLO,1,0,0,LIMA,LIMA,SANTIAGO DE SURCO,URBANA,CARRETERA,NACIONAL,PE-1S,-12.126797,-76.97689,DESPEJADO,RESIDENCIAL,TRAMO RECTO,PLANA ,ASFALTADA,,,,,EN PROCESO DE INVESTIGACIÓN,NO CUENTA CON CAUSA ESPECIFICA,0.0,0,51.0,51.0,33.0,69.0,2,1,1,0,1,0,2
A-2025-01-36,2025-01-13,12:10,CHOQUE,1,2,2,LA LIBERTAD,PACASMAYO,GUADALUPE,URBANA,CARRETERA,NACIONAL,PE-1N,-7.2490802571555,-79.47103997616402,DESPEJADO,COMERCIAL,TRAMO RECTO,PLANA ,ASFALTADA,,,,,EN PROCESO DE INVESTIGACIÓN,NO CUENTA CON CAUSA ESPECIFICA,12.0,0,47.666666666666664,54.0,10.0,79.0,3,2,1,2,0,0,3
A-2025-01-60,2025-01-13,16:00,DESPISTE,3,9,1,AYACUCHO,HUANCA SANCOS,SACSAMARCA,RURAL,CARRETERA,DEPARTAMENTAL,AY-110,-14.11171313424651,-74.21122520072382,DESPEJADO,RURAL,TRAMO RECTO,INCLINADA,AFIRMADO,,,,,IMPRUDENCIA DEL CONDUCTOR,EXCESO DE VELOCIDAD,16.0,2,22.153846153846153,21.0,5.0,44.0,5,1,3,9,1,0,13
A-2025-01-100,2025-01-14,07:40,ATROPELLO,1,0,0,LIMA,LIMA,COMAS,URBANA,AVENIDA,URBANO,NO CORRESPONDE,-11.93746533063863,-77.04922797668507,DESPEJADO,COMERCIAL,TRAMO RECTO,PLANA ,ASFALTADA,,,,,EN PROCESO DE INVESTIGACIÓN,NO CUENTA CON CAUSA ESPECIFICA,7.0,0,62.0,62.0,50.0,74.0,1,1,1,0,1,0,2
A-2025-01-101,2025-01-14,08:00,ATROPELLO,1,0,0,LIMA,LIMA,SAN JUAN DE LURIGANCHO,URBANA,AVENIDA,URBANO,NO CORRESPONDE,-11.954922737556805,-76.98278480530283,DESPEJADO,COMERCIAL,INTERSECCIÓN,PLANA ,ASFALTADA,,,,,EN PROCESO DE INVESTIGACIÓN,NO CUENTA CON CAUSA ESPECIFICA,8.0,0,52.0,52.0,38.0,66.0,2,1,1,0,1,0,2
A-2025-01-14,2025-01-14,18:00,CHOQUE,1,0,2,LIMA,HUARAL,CHANCAY,URBANA,CARRETERA,NACIONAL,PE-1N,-11.4938108,-77.3036347,DESPEJADO,ESCOLAR,INTERSECCIÓN,PLANA ,ASFALTADA,SI,PREVENTIVA (P),REGULADORA (R),NO,EN PROCESO DE INVESTIGACIÓN,NO CUENTA CON CAUSA ESPECIFICA,18.0,0,51.5,51.5,45.0,58.0,2,2,1,0,1,0,2
A-2025-01-102,2025-01-15,01:10,DESPISTE,1,0,0,LIMA,LIMA,ATE,URBANA,AVENIDA,URBANO,NO CORRESPONDE,-12.064299212173214,-76.97160080323245,DESPEJADO,INDUSTRIAL,INTERSECCIÓN,PLANA ,ASFALTADA,,,,,EN PROCESO DE INVESTIGACIÓN,NO CUENTA CON CAUSA ESPECIFICA,1.0,0,24.0,24.0,24.0,24.0,1,1,1,0,1,0,1
A-2025-01-103,2025-01-15,14:45,ATROPELLO,1,0,0,LIMA,LIMA,PUEBLO LIBRE,URBANA,AVENIDA,URBANO,NO CORRESPONDE,-12.079649946181071,-77.06124883117977,DESPEJADO,RESIDENCIAL,INTERSECCIÓN,PLANA ,ASFALTADA,,,,,EN PROCESO DE INVESTIGACIÓN,NO CUENTA CON CAUSA ESPECIFICA,14.0,0,56.5,56.5,41.0,72.0,2,1,1,0,1,0,2
A-2025-01-15,2025-01-15,20:20,CHOQUE,1,1,3,PUNO,CHUCUITO,ZEPITA,RURAL,CARRETERA,NACIONAL,PE-3S,-16.54591944,-69.05253883,DESPEJADO,RURAL,TRAMO RECTO,PLANA ,ASFALTADA,,,,,IMPRUDENCIA DEL CONDUCTOR,CONDUCIR EN ESTADO DE EBRIEDAD Y/O DROGADICCIÓN,20.0,0,38.0,37.0,24.0,53.0,3,3,1,1,2,0,3
A-2025-01-95,2025-01-16,02:50,DESPISTE,1,0,0,CUSCO,CANCHIS,CHECACUPE,URBANA,CALLE,URBANO,NO CORRESPONDE,-14.025484420816198,-71.45640160570592,DESPEJADO,RESIDENCIAL,TRAMO RECTO,PLANA ,CONCRETO,,,,,IMPRUDENCIA DEL CONDUCTOR,CONDUCIR EN ESTADO DE EBRIEDAD Y/O DROGADICCIÓN,2.0,0,30.0,30.0,30.0,30.0,1,1,1,0,1,0,1
A-2025-01-107,2025-01-16,09:00,ATROPELLO,1,0,0,CUSCO,LA CONVENCION,QUELLOUNO,RURAL,CARRETERA,PROVINCIAL,CU-772,-12.636747,-72.4692,DESPEJADO,RURAL,TRAMO RECTO,PLANA ,AFIRMADO,,,,,IMPRUDENCIA DEL CONDUCTOR,FATIGA Y/O CANSANCIO,9.0,0,27.5,27.5,0.0,55.0,2,1,1,0,1,0,2
A-2025-01-104,2025-01-16,09:40,ATROPELLO,1,0,0,LIMA,LIMA,SAN JUAN DE LURIGANCHO,URBANA,AVENIDA,URBANO,NO CORRESPONDE,-12.027720130183406,-77.01133096296797,DESPEJADO,RESIDENCIAL,TRAMO RECTO,PLANA ,ASFALTADA,NO,,,SI,EN PROCESO DE INVESTIGACIÓN,NO CUENTA CON CAUSA ESPECIFICA,9.0,0,53.5,53.5,28.0,79.0,2,1,1,0,1,0,2