CODIGO_SINIESTRO,FECHA_SINIESTRO,HORA_SINIESTRO,CLASE_SINIESTRO,CANTIDAD_FALLECIDOS,CANTIDAD_LESIONADOS,CANTIDAD_VEHICULOS,DEPARTAMENTO,PROVINCIA,DISTRITO,ZONA,TIPO_VIA,RED_VIAL,COD_CARRETERA,LATITUD,LONGITUD,CONDICION_CLIMATICA,ZONIFICACION,CARACTERISTICAS_VIA,PERFIL_VIA,SUPERFICIE_CALZADA,EXISTE_SENIAL_VERTICAL,CLASIFICACION_SENIAL_VERTICAL_1,CLASIFICACION_SENIAL_VERTICAL_2,EXISTE_SENIAL_HORIZONTAL,CAUSA_FACTOR_PRINCIPAL,CAUSA_ESPECIFICA,HORA,severidad,EDAD_PROMEDIO,EDAD_MEDIANA,EDAD_MIN,EDAD_MAX,TOTAL_MASCULINOS,TOTAL_CONDUCTORES,TOTAL_FALLECIDOS_AGG,TOTAL_LESIONADOS_AGG,TOTAL_LICENCIA,TOTAL_ALCOHOL_POSITIVO,TOTAL_PERSONAS
A-2025-02-50,2025-02-04,01:00,DESPISTE,1,1,1,HUANCAVELICA,TAYACAJA,ACOSTAMBO,RURAL,CARRETERA,NACIONAL,PE-3S,-12.39962104,-75.04853587,DESPEJADO,RURAL,TRAMO RECTO,PLANA ,ASFALTADA,SI,PREVENTIVA (P),,SI,EN PROCESO DE INVESTIGACIÓN,NO CUENTA CON CAUSA ESPECIFICA,1.0,0,34.5,34.5,30.0,39.0,2,1,1,1,0,0,2
A-2025-02-15,2025-02-04,14:30,CHOQUE,2,1,0,AREQUIPA,AREQUIPA,YURA,URBANA,CARRETERA,NACIONAL,PE-34A,-16.109627,-71.629489,NUBLADO,RURAL,CURVA,INCLINADA,ASFALTADA,NO,,,SI,EN PROCESO DE INVESTIGACIÓN,NO CUENTA CON CAUSA ESPECIFICA,14.0,1,42.0,40.5,29.0,58.0,3,3,2,1,3,0,4
A-2025-02-77,2025-02-04,23:00,ATROPELLO,1,0,0,LIMA,LIMA,SAN JUAN DE MIRAFLORES,URBANA,CARRETERA,NACIONAL,PE-1S,-12.191107,-76.972735,DESPEJADO,INDUSTRIAL,TRAMO RECTO,PLANA ,ASFALTADA,,,,,EN PROCESO DE INVESTIGACIÓN,NO CUENTA CON CAUSA ESPECIFICA,23.0,0,25.0,25.0,25.0,25.0,2,1,1,0,1,0,2
A-2025-02-78,2025-02-04,23:30,ATROPELLO FUGA,1,0,0,LIMA,LIMA,LA VICTORIA,URBANA,AVENIDA,URBANO,NO CORRESPONDE,-12.06989176790404,-77.016826961116,DESPEJADO,COMERCIAL,TRAMO RECTO,PLANA ,ASFALTADA,,,,,EN PROCESO DE INVESTIGACIÓN,NO CUENTA CON CAUSA ESPECIFICA,23.0,0,,,,,1,0,1,0,0,0,2
A-2025-02-79,2025-02-05,04:50,DESPISTE,1,0,0,LIMA,LIMA,CHACLACAYO,URBANA,CARRETERA,NACIONAL,PE-22,-11.993569,-76.82844,DESPEJADO,INDUSTRIAL,TRAMO RECTO,PLANA ,ASFALTADA,,,,,EN PROCESO DE INVESTIGACIÓN,NO CUENTA CON CAUSA ESPECIFICA,4.0,0,73.0,73.0,73.0,73.0,1,1,1,0,0,0,1
A-2025-02-80,2025-02-05,08:30,ATROPELLO FUGA,1,0,0,LIMA,LIMA,VILLA MARIA DEL TRIUNFO,URBANA,AVENIDA,URBANO,NO CORRESPONDE,-12.17974230849083,-76.93685610505236,DESPEJADO,RESIDENCIAL,INTERSECCIÓN,PLANA ,ASFALTADA,,,,,EN PROCESO DE INVESTIGACIÓN,NO CUENTA CON CAUSA ESPECIFICA,8.0,0,82.0,82.0,82.0,82.0,0,0,1,0,0,0,2
A-2025-02-81,2025-02-05,11:30,ATROPELLO,1,0,0,LIMA,LIMA,LA VICTORIA,URBANA,AVENIDA,URBANO,NO CORRESPONDE,-12.08141252720953,-77.01889809371944,DESPEJADO,COMERCIAL,TRAMO RECTO,PLANA ,ASFALTADA,,,,,EN PROCESO DE INVESTIGACIÓN,NO CUENTA CON CAUSA ESPECIFICA,11.0,0,47.0,47.0,47.0,47.0,2,1,1,0,1,0,2
A-2025-02-82,2025-02-05,15:55,ATROPELLO,1,1,0,LIMA,LIMA,SANTIAGO DE SURCO,URBANA,AVENIDA,URBANO,NO CORRESPONDE,-12.160470244692483,-76.98934716155456,DESPEJADO,RESIDENCIAL,INTERSECCIÓN,PLANA ,ASFALTADA,,,,,EN PROCESO DE INVESTIGACIÓN,NO CUENTA CON CAUSA ESPECIFICA,15.0,0,51.0,53.0,24.0,76.0,3,2,1,1,1,0,3
A-2025-02-22,2025-02-05,20:50,CHOQUE FUGA,1,0,1,LA LIBERTAD,CHEPEN,CHEPEN,RURAL,CARRETERA,NACIONAL,PE-1N,-7.2224201402,-79.4384094891,DESPEJADO,RURAL,TRAMO RECTO,PLANA ,ASFALTADA,,,,,EN PROCESO DE INVESTIGACIÓN,NO CUENTA CON CAUSA ESPECIFICA,20.0,0,31.0,31.0,31.0,31.0,1,2,1,0,0,0,2
A-2025-02-14,2025-02-06,05:00,CHOQUE,1,2,2,ICA,CHINCHA,GROCIO PRADO,RURAL,CARRETERA,NACIONAL,PE-1S,-13.383005,-76.204386,DESPEJADO,RURAL,TRAMO RECTO,PLANA ,ASFALTADA,,,,,EN PROCESO DE INVESTIGACIÓN,NO CUENTA CON CAUSA ESPECIFICA,5.0,0,40.75,40.0,22.0,61.0,4,2,1,2,2,1,4
A-2025-02-83,2025-02-06,05:55,VOLCADURA,1,0,0,LIMA,LIMA,SANTA ANITA,URBANA,AVENIDA,URBANO,NO CORRESPONDE,-12.05070178114465,-76.95537474495718,DESPEJADO,INDUSTRIAL,TRAMO RECTO,PLANA ,ASFALTADA,,,,,EN PROCESO DE INVESTIGACIÓN,NO CUENTA CON CAUSA ESPECIFICA,5.0,0,20.0,20.0,20.0,20.0,1,1,1,0,1,0,1
A-2025-02-106,2025-02-06,16:35,ATROPELLO,1,0,0,LIMA,LIMA,LA MOLINA,URBANA,AVENIDA,URBANO,NO CORRESPONDE,-12.061589126116075,-76.9533148487278,DESPEJADO,INDUSTRIAL,TRAMO RECTO,PLANA ,ASFALTADA,,,,,EN PROCESO DE INVESTIGACIÓN,NO CUENTA CON CAUSA ESPECIFICA,16.0,0,35.5,35.5,23.0,48.0,2,1,1,0,0,0,2
A-2025-02-16,2025-02-06,22:35,CHOQUE,1,0,0,AREQUIPA,AREQUIPA,LA JOYA,URBANA,CARRETERA,NACIONAL,PE-1S,-16.679576,-71.870924,DESPEJADO,INDUSTRIAL,TRAMO RECTO,PLANA ,ASFALTADA,SI,REGULADORA (R),PREVENTIVA (P),SI,EN PROCESO DE INVESTIGACIÓN,NO CUENTA CON CAUSA ESPECIFICA,22.0,0,37.5,37.5,34.0,41.0,2,2,1,0,1,0,2
A-2025-02-57,2025-02-07,00:25,DESPISTE,1,0,1,AYACUCHO,HUAMANGA,ANDRES AVELINO CACERES DORREGARAY,URBANA,AVENIDA,URBANO,NO CORRESPONDE,-13.161562724023874,-74.21126818084073,DESPEJADO,RESIDENCIAL,TRAMO RECTO,PLANA ,ASFALTADA,SI,INFORMATIVA (I),,NO,IMPRUDENCIA DEL CONDUCTOR,CONDUCIR EN ESTADO DE EBRIEDAD Y/O DROGADICCIÓN,0.0,0,23.0,23.0,23.0,23.0,1,1,1,0,0,1,1
A-2025-02-84,2025-02-07,02:20,DESPISTE,1,0,0,LIMA,LIMA,SAN LUIS,URBANA,AVENIDA,URBANO,NO CORRESPONDE,-12.080369729132563,-77.00304106006965,DESPEJADO,RESIDENCIAL,INTERSECCIÓN,PLANA ,ASFALTADA,SI,PREVENTIVA (P),,NO,EN PROCESO DE INVESTIGACIÓN,NO CUENTA CON CAUSA ESPECIFICA,2.0,0,22.0,22.0,22.0,22.0,1,1,1,0,0,0,1
A-2025-02-110,2025-02-07,03:30,DESPISTE,2,3,1,PIURA,HUANCABAMBA,HUANCABAMBA,RURAL,CARRETERA,PROVINCIAL,PI-853,-5.200849209,-79.47714485,DESPEJADO,RURAL,TRAMO RECTO,PLANA ,ASFALTADA,,,,,EN PROCESO DE INVESTIGACIÓN,NO CUENTA CON CAUSA ESPECIFICA,3.0,1,32.6,25.0,23.0,60.0,5,1,2,3,1,0,5
A-2025-02-5,2025-02-08,02:20,ATROPELLO FUGA,1,0,0,PUNO,PUNO,PUNO,URBANA,JIRÓN,URBANO,NO CORRESPONDE,-15.837482,-70.025428,,,,,,,,,,EN PROCESO DE INVESTIGACIÓN,NO CUENTA CON CAUSA ESPECIFICA,2.0,0,33.0,33.0,33.0,33.0,1,0,1,0,0,0,2
A-2025-02-23,2025-02-08,03:00,DESPISTE,1,0,1,LA LIBERTAD,OTUZCO,USQUIL,RURAL,CARRETERA,PROVINCIAL,LI-772,-7.7602013616,-78.4165422249,DESPEJADO,RURAL,TRAMO RECTO,PLANA ,ASFALTADA,,,,,EN PROCESO DE INVESTIGACIÓN,NO CUENTA CON CAUSA ESPECIFICA,3.0,0,32.5,32.5,25.0,40.0,2,1,1,0,1,0,2
A-2025-02-32,2025-02-08,16:00,CHOQUE,1,0,0,AREQUIPA,CARAVELI,CHAPARRA,URBANA,CARRETERA,NACIONAL,PE-1S,-15.877421,-74.171943,DESPEJADO,RURAL,INTERSECCIÓN,INCLINADA,ASFALTADA,SI,PREVENTIVA (P),,SI,EN PROCESO DE INVESTIGACIÓN,NO CUENTA CON CAUSA ESPECIFICA,16.0,0,39.27272727272727,41.5,4.0,78.0,9,2,1,0,2,0,22
A-2025-02-24,2025-02-08,16:30,DESPISTE,3,0,1,LA LIBERTAD,SANCHEZ CARRION,CURGOS,RURAL,CARRETERA,DEPARTAMENTAL,LI-134,-7.894523267982306,-77.94596723055506,DESPEJADO,RURAL,TRAMO RECTO,PLANA ,TROCHA,,,,,EN PROCESO DE INVESTIGACIÓN,NO CUENTA CON CAUSA ESPECIFICA,16.0,2,29.75,34.0,15.0,36.0,2,1,3,0,1,0,4
A-2025-02-10,2025-02-08,22:30,DESPISTE,1,0,1,LIMA,HUARAL,HUARAL,RURAL,CARRETERA,PROVINCIAL,LM-667,-11.4167312,-77.2921387,DESPEJADO,RURAL,TRAMO RECTO,PLANA ,ASFALTADA,,,,,EN PROCESO DE INVESTIGACIÓN,NO CUENTA CON CAUSA ESPECIFICA,22.0,0,61.0,61.0,61.0,61.0,1,1,1,0,0,0,1
A-2025-02-85,2025-02-08,23:10,ATROPELLO,1,0,0,LIMA,LIMA,PUENTE PIEDRA,URBANA,CARRETERA,NACIONAL,PE-1N,-11.826077,-77.121776,DESPEJADO,COMERCIAL,TRAMO RECTO,PLANA ,ASFALTADA,,,,,EN PROCESO DE INVESTIGACIÓN,NO CUENTA CON CAUSA ESPECIFICA,23.0,0,48.0,48.0,28.0,68.0,2,1,1,0,1,0,2
A-2025-02-54,2025-02-08,23:30,ATROPELLO,1,0,0,ICA,CHINCHA,ALTO LARAN,URBANA,CARRETERA,NACIONAL,PE-1S,-13.444899,-76.13558,,,,,,,,,,EN PROCESO DE INVESTIGACIÓN,NO CUENTA CON CAUSA ESPECIFICA,23.0,0,38.0,38.0,21.0,55.0,2,1,1,0,0,0,2
A-2025-02-86,2025-02-09,02:50,ATROPELLO,1,0,0,LIMA,LIMA,CHACLACAYO,URBANA,CARRETERA,NACIONAL,PE-22,-11.980798,-76.792217,DESPEJADO,RESIDENCIAL,TRAMO RECTO,PLANA ,ASFALTADA,,,,,EN PROCESO DE INVESTIGACIÓN,NO CUENTA CON CAUSA ESPECIFICA,2.0,0,42.0,42.0,35.0,49.0,2,1,1,0,1,0,2
A-2025-02-88,2025-02-09,03:10,ATROPELLO,1,0,0,LIMA,LIMA,RIMAC,URBANA,CARRETERA,NACIONAL,PE-1N,-12.0407342401879,-77.01728822773019,DESPEJADO,COMERCIAL,TRAMO RECTO,PLANA ,ASFALTADA,,,,,EN PROCESO DE INVESTIGACIÓN,NO CUENTA CON CAUSA ESPECIFICA,3.0,0,27.0,27.0,27.0,27.0,2,1,1,0,1,0,2
A-2025-02-6,2025-02-09,05:00,DESPISTE,1,0,0,PUNO,PUNO,PICHACANI,RURAL,CARRETERA,SIN CLASIFICAR,SIN CLASIFICAR,-16.160242,-70.070883,,,,,,,,,,EN PROCESO DE INVESTIGACIÓN,NO CUENTA CON CAUSA ESPECIFICA,5.0,0,53.0,53.0,53.0,53.0,1,1,1,0,0,0,1
A-2025-02-87,2025-02-09,06:00,DESPISTE,1,1,0,LIMA,LIMA,SAN BARTOLO,RURAL,CARRETERA,NACIONAL,PE-1S,-12.397032,-76.758067,DESPEJADO,RURAL,TRAMO RECTO,PLANA ,ASFALTADA,,,,,EN PROCESO DE INVESTIGACIÓN,NO CUENTA CON CAUSA ESPECIFICA,6.0,0,25.0,25.0,25.0,25.0,1,1,1,1,1,0,2
A-2025-02-62,2025-02-09,11:50,CHOQUE,1,1,3,CAJAMARCA,CUTERVO,CUTERVO,URBANA,JIRÓN,URBANO,NO CORRESPONDE,-6.377628541,-78.81458886,DESPEJADO,COMERCIAL,TRAMO RECTO,PLANA ,CONCRETO,,,,,EN PROCESO DE INVESTIGACIÓN,NO CUENTA CON CAUSA ESPECIFICA,11.0,0,32.666666666666664,28.0,22.0,48.0,3,3,1,1,0,0,3
A-2025-02-89,2025-02-09,14:00,CHOQUE,1,0,0,LIMA,LIMA,COMAS,URBANA,AVENIDA,URBANO,NO CORRESPONDE,-11.934025691395728,-77.06116072127766,DESPEJADO,RESIDENCIAL,TRAMO RECTO,PLANA ,ASFALTADA,,,,,EN PROCESO DE INVESTIGACIÓN,NO CUENTA CON CAUSA ESPECIFICA,14.0,0,34.5,34.5,34.0,35.0,2,2,1,0,2,0,2
A-2025-02-17,2025-02-09,18:50,ATROPELLO,1,1,0,AREQUIPA,ISLAY,MOLLENDO,URBANA,CARRETERA,NACIONAL,PE-1SD,-17.00552,-72.014936,NUBLADO,INDUSTRIAL,TRAMO RECTO,PLANA ,ASFALTADA,SI,REGULADORA (R),PREVENTIVA (P),SI,EN PROCESO DE INVESTIGACIÓN,NO CUENTA CON CAUSA ESPECIFICA,18.0,0,45.0,45.0,35.0,55.0,2,1,1,1,1,0,2
A-2025-02-8,2025-02-09,19:00,ATROPELLO,1,0,1,PUNO,CHUCUITO,DESAGUADERO,RURAL,CARRETERA,NACIONAL,PE-3S,-16.560755,-69.04202,DESPEJADO,RURAL,TRAMO RECTO,PLANA ,ASFALTADA,,,,,IMPRUDENCIA DEL CONDUCTOR,CONDUCIR EN ESTADO DE EBRIEDAD Y/O DROGADICCIÓN,19.0,0,34.0,34.0,25.0,43.0,1,1,1,0,1,0,2
A-2025-02-7,2025-02-09,20:15,CHOQUE FUGA,1,0,0,PUNO,YUNGUYO,YUNGUYO,RURAL,CARRETERA,DEPARTAMENTAL,PU-130,-16.34003,-69.048818,,,,,,,,,,EN PROCESO DE INVESTIGACIÓN,NO CUENTA CON CAUSA ESPECIFICA,20.0,0,58.0,58.0,58.0,58.0,1,1,1,0,0,0,2
A-2025-02-90,2025-02-09,20:30,ATROPELLO FUGA,1,0,0,LIMA,LIMA,LURIN,URBANA,CARRETERA,NACIONAL,PE-1S,-12.250098,-76.930909,DESPEJADO,COMERCIAL,TRAMO RECTO,PLANA ,ASFALTADA,,,,,EN PROCESO DE INVESTIGACIÓN,NO CUENTA CON CAUSA ESPECIFICA,20.0,0,,,,,1,0,1,0,0,0,2
A-2025-02-26,2025-02-10,20:20,DESPISTE,1,2,1,LA LIBERTAD,TRUJILLO,POROTO,RURAL,CARRETERA,PROVINCIAL,LI-1078,-8.0326868432,-78.7963548628,DESPEJADO,RURAL,TRAMO RECTO,PLANA ,TROCHA,,,,,EN PROCESO DE INVESTIGACIÓN,NO CUENTA CON CAUSA ESPECIFICA,20.0,0,38.25,42.0,13.0,56.0,1,1,1,2,0,0,4
A-2025-02-9,2025-02-11,10:25,ATROPELLO,1,0,0,PUNO,PUNO,CHUCUITO,RURAL,CARRETERA,NACIONAL,PE-3S,-15.890218,-69.888463,,,,,,,,,,IMPRUDENCIA DEL CONDUCTOR,EXCESO DE VELOCIDAD,10.0,0,69.5,69.5,45.0,94.0,2,1,1,0,0,0,2
A-2025-02-91,2025-02-11,23:30,DESPISTE,1,0,0,LIMA,LIMA,ATE,URBANA,CARRETERA,NACIONAL,PE-22,-12.009017,-76.864641,DESPEJADO,COMERCIAL,TRAMO RECTO,PLANA ,ASFALTADA,,,,,EN PROCESO DE INVESTIGACIÓN,NO CUENTA CON CAUSA ESPECIFICA,23.0,0,48.0,48.0,48.0,48.0,1,1,1,0,1,0,1
A-2025-02-58,2025-02-12,17:30,ESPECIAL,1,0,0,AYACUCHO,HUANTA,HUAMANGUILLA,RURAL,CARRETERA,SIN CLASIFICAR,SIN CLASIFICAR,-13.012644,-74.223282,LLUVIOSO,RURAL,CURVA,INCLINADA,TROCHA,,,,,IMPRUDENCIA DEL CONDUCTOR,VEHÍCULO MAL ESTACIONADO,17.0,0,79.0,79.0,77.0,81.0,1,1,1,0,0,0,2
A-2025-02-92,2025-02-13,02:15,ATROPELLO,1,0,0,LIMA,LIMA,PUNTA HERMOSA,URBANA,CARRETERA,NACIONAL,PE-1S,-12.314491,-76.832649,DESPEJADO,COMERCIAL,TRAMO RECTO,PLANA ,ASFALTADA,,,,,EN PROCESO DE INVESTIGACIÓN,NO CUENTA CON CAUSA ESPECIFICA,2.0,0,55.0,55.0,55.0,55.0,2,1,1,0,1,0,2
A-2025-02-12,2025-02-14,01:10,ESPECIAL,3,30,2,LIMA,HUARAL,CHANCAY,RURAL,CARRETERA,NACIONAL,PE-1N,-11.607227,-77.2401868,DESPEJADO,RURAL,PUENTE,PLANA ,ASFALTADA,SI,PREVENTIVA (P),,NO,EN PROCESO DE INVESTIGACIÓN,NO CUENTA CON CAUSA ESPECIFICA,1.0,2,44.294117647058826,43.5,22.0,76.0,22,2,3,30,2,0,34
A-2025-02-27,2025-02-14,15:30,ATROPELLO FUGA,1,0,0,LA LIBERTAD,PACASMAYO,SAN PEDRO DE LLOC,RURAL,CARRETERA,PROVINCIAL,LI-601,-7.455450007642637,-79.51805305431442,DESPEJADO,RURAL,TRAMO RECTO,PLANA ,TROCHA,,,,,EN PROCESO DE INVESTIGACIÓN,NO CUENTA CON CAUSA ESPECIFICA,15.0,0,8.0,8.0,8.0,8.0,0,0,1,0,0,0,2
A-2025-02-111,2025-02-14,16:30,DESPISTE,1,0,1,PIURA,PIURA,CASTILLA,RURAL,CARRETERA,NACIONAL,PE-1NJ,-5.177138,-80.562283,DESPEJADO,RURAL,TRAMO RECTO,PLANA ,ASFALTADA,,,,,EN PROCESO DE INVESTIGACIÓN,NO CUENTA CON CAUSA ESPECIFICA,16.0,0,57.0,57.0,57.0,57.0,1,1,1,0,0,0,1
A-2025-02-113,2025-02-14,20:00,DESPISTE,1,1,0,PIURA,HUANCABAMBA,SONDOR,RURAL,CARRETERA,PROVINCIAL,PI-912,-5.486393,-79.366206,DESPEJADO,RURAL,CURVA,PLANA ,TROCHA,,,,,EN PROCESO DE INVESTIGACIÓN,NO CUENTA CON CAUSA ESPECIFICA,20.0,0,41.5,41.5,40.0,43.0,1,1,1,1,0,0,2
A-2025-02-18,2025-02-14,22:30,ATROPELLO FUGA,1,0,0,AREQUIPA,AREQUIPA,YURA,URBANA,CARRETERA,NACIONAL,PE-34A,-16.305901,-71.616539,LLUVIOSO,RESIDENCIAL,TRAMO RECTO,PLANA ,ASFALTADA,SI,PREVENTIVA (P),,SI,EN PROCESO DE INVESTIGACIÓN,NO CUENTA CON CAUSA ESPECIFICA,22.0,0,69.0,69.0,69.0,69.0,1,0,1,0,0,0,2
A-2025-02-104,2025-02-15,03:31,CHOQUE,1,0,0,CUSCO,CUSCO,POROY,RURAL,CARRETERA,NACIONAL,PE-3S,-13.497872,-72.035011,DESPEJADO,RURAL,TRAMO RECTO,PLANA ,ASFALTADA,,,,,IMPRUDENCIA DEL CONDUCTOR,INVASIÓN DE CARRIL,3.0,0,41.25,44.5,30.0,46.0,3,3,1,0,3,0,4
A-2025-02-107,2025-02-15,08:30,ATROPELLO FUGA,1,0,0,LIMA,LIMA,ATE,URBANA,AVENIDA,URBANO,NO CORRESPONDE,-12.031580484526938,-76.93158047333715,DESPEJADO,COMERCIAL,TRAMO RECTO,PLANA ,ASFALTADA,SI,INFORMATIVA (I),,NO,EN PROCESO DE INVESTIGACIÓN,NO CUENTA CON CAUSA ESPECIFICA,8.0,0,35.0,35.0,35.0,35.0,1,0,1,0,0,0,2
A-2025-02-29,2025-02-15,12:30,ATROPELLO,1,0,1,LA LIBERTAD,TRUJILLO,SALAVERRY,URBANA,CARRETERA,NACIONAL,PE-10,-8.195911184436715,-78.98995040338481,DESPEJADO,INDUSTRIAL,TRAMO RECTO,PLANA ,ASFALTADA,,,,,EN PROCESO DE INVESTIGACIÓN,NO CUENTA CON CAUSA ESPECIFICA,12.0,0,41.5,41.5,30.0,53.0,2,1,1,0,1,0,2
A-2025-02-64,2025-02-15,13:40,ATROPELLO,1,0,1,CAJAMARCA,HUALGAYOC,HUALGAYOC,RURAL,CARRETERA,NACIONAL,PE-3N,-6.721302,-78.558327,DESPEJADO,RURAL,TRAMO RECTO,INCLINADA,ASFALTADA,,,,,IMPRUDENCIA DEL PEATÓN,OTRO (IMPRUDENCIA DEL PEATÓN),13.0,0,29.5,29.5,4.0,55.0,1,1,1,0,0,0,2
A-2025-02-30,2025-02-15,23:10,CHOQUE,1,0,2,LA LIBERTAD,TRUJILLO,MOCHE,URBANA,CARRETERA,NACIONAL,PE-1N,-8.1544961538,-79.012340231,DESPEJADO,INDUSTRIAL,TRAMO RECTO,PLANA ,ASFALTADA,,,,,EN PROCESO DE INVESTIGACIÓN,NO CUENTA CON CAUSA ESPECIFICA,23.0,0,35.0,35.0,27.0,43.0,2,2,1,0,1,0,2
A-2025-02-36,2025-02-16,02:30,CHOQUE,1,2,2,LA LIBERTAD,ASCOPE,PAIJAN,RURAL,CARRETERA,NACIONAL,PE-1N,-7.7533495158,-79.2777112142,DESPEJADO,RURAL,TRAMO RECTO,PLANA ,ASFALTADA,,,,,EN PROCESO DE INVESTIGACIÓN,NO CUENTA CON CAUSA ESPECIFICA,2.0,0,24.333333333333332,23.0,21.0,29.0,3,2,1,2,0,0,3
A-2025-02-33,2025-02-16,05:30,ATROPELLO FUGA,1,0,0,LA LIBERTAD,VIRU,VIRU,RURAL,CARRETERA,NACIONAL,PE-1N,-8.442423758023782,-78.74968879992255,DESPEJADO,RURAL,TRAMO RECTO,PLANA ,ASFALTADA,,,,,EN PROCESO DE INVESTIGACIÓN,NO CUENTA CON CAUSA ESPECIFICA,5.0,0,,,,,1,0,1,0,0,0,2
A-2025-02-93,2025-02-16,05:30,CHOQUE FUGA,1,0,0,LIMA,LIMA,PUENTE PIEDRA,URBANA,CARRETERA,NACIONAL,PE-1N,-11.867788,-77.072475,DESPEJADO,INDUSTRIAL,TRAMO RECTO,PLANA ,ASFALTADA,,,,,EN PROCESO DE INVESTIGACIÓN,NO CUENTA CON CAUSA ESPECIFICA,5.0,0,48.0,48.0,48.0,48.0,2,2,1,0,1,0,2
A-2025-02-19,2025-02-16,06:30,CHOQUE,1,1,2,PUNO,PUNO,MAÑAZO,RURAL,CARRETERA,DEPARTAMENTAL,PU-122,-15.7933474,-70.3470706,DESPEJADO,RURAL,TRAMO RECTO,PLANA ,ASFALTADA,,,,,IMPRUDENCIA DEL CONDUCTOR,INVASIÓN DE CARRIL,6.0,0,32.5,32.5,31.0,34.0,1,2,1,1,0,0,2
A-2025-02-112,2025-02-16,07:30,CHOQUE,1,0,0,PIURA,HUANCABAMBA,HUARMACA,RURAL,CARRETERA,NACIONAL,PE-3N,-5.780642,-79.39637,,,,,,,,,,EN PROCESO DE INVESTIGACIÓN,NO CUENTA CON CAUSA ESPECIFICA,7.0,0,54.5,54.5,51.0,58.0,2,2,1,0,0,0,2
A-2025-02-52,2025-02-16,13:00,DESPISTE,1,3,1,CUSCO,LA CONVENCION,ECHARATE,RURAL,CARRETERA,PROVINCIAL,CU-609,-12.73714798,-73.13197609,DESPEJADO,RURAL,TRAMO RECTO,INCLINADA,CONCRETO,,,,,IMPERICIA DEL CONDUCTOR,,13.0,0,44.75,43.5,20.0,72.0,2,1,1,3,0,0,4
A-2025-02-13,2025-02-16,16:30,ATROPELLO FUGA,1,0,0,LIMA,HUARAL,PACARAOS,RURAL,CARRETERA,NACIONAL,PE-20C,-11.1920014,-76.6458709,LLUVIOSO,RURAL,SINUOSA,INCLINADA,AFIRMADO,SI,PREVENTIVA (P),PREVENTIVA (P),NO,EN PROCESO DE INVESTIGACIÓN,NO CUENTA CON CAUSA ESPECIFICA,16.0,0,81.0,81.0,81.0,81.0,1,0,1,0,0,0,2
A-2025-02-94,2025-02-16,19:30,ATROPELLO,1,0,0,LIMA,LIMA,SAN BORJA,URBANA,CARRETERA,NACIONAL,PE-1S,-12.0943478111155,-76.98057726840962,DESPEJADO,RESIDENCIAL,TRAMO RECTO,PLANA ,ASFALTADA,,,,,EN PROCESO DE INVESTIGACIÓN,NO CUENTA CON CAUSA ESPECIFICA,19.0,0,54.5,54.5,50.0,59.0,2,1,1,0,1,0,2
A-2025-02-95,2025-02-17,06:10,CHOQUE,2,1,0,LIMA,LIMA,PUNTA NEGRA,URBANA,CARRETERA,NACIONAL,PE-1S,-12.362247,-76.794153,DESPEJADO,RURAL,TRAMO RECTO,PLANA ,ASFALTADA,,,,,EN PROCESO DE INVESTIGACIÓN,NO CUENTA CON CAUSA ESPECIFICA,6.0,1,35.6,37.0,27.0,43.0,2,2,2,1,2,0,5
A-2025-02-75,2025-02-17,09:30,ATROPELLO,1,0,1,CUSCO,QUISPICANCHI,HUARO,RURAL,CARRETERA,NACIONAL,PE-3S,-13.6846127,-71.651448,DESPEJADO,RURAL,CURVA,PLANA ,ASFALTADA,,,,,IMPRUDENCIA DEL PEATÓN,CRUCE INDEBIDO POR LA CALZADA,9.0,0,21.0,21.0,17.0,25.0,2,1,1,0,1,0,2
A-2025-02-74,2025-02-17,11:00,DESPISTE,4,0,1,CUSCO,URUBAMBA,OLLANTAYTAMBO,RURAL,CARRETERA,NACIONAL,PE-28B,-13.2645,-72.2665,DESPEJADO,RURAL,TRAMO RECTO,PLANA ,ASFALTADA,,,,,IMPRUDENCIA DEL CONDUCTOR,EXCESO DE VELOCIDAD,11.0,2,35.25,33.5,31.0,43.0,4,1,4,0,1,0,4
A-2025-02-34,2025-02-17,17:20,CHOQUE,1,0,2,LA LIBERTAD,VIRU,VIRU,RURAL,CARRETERA,NACIONAL,PE-1N,-8.41220326274806,-78.80055960047112,DESPEJADO,RURAL,TRAMO RECTO,PLANA ,ASFALTADA,,,,,EN PROCESO DE INVESTIGACIÓN,NO CUENTA CON CAUSA ESPECIFICA,17.0,0,35.0,35.0,29.0,41.0,2,2,1,0,1,0,2
A-2025-02-105,2025-02-17,22:00,CHOQUE,1,0,1,CUSCO,ESPINAR,ESPINAR,RURAL,AVENIDA,URBANO,NO CORRESPONDE,-14.792322,-71.402907,DESPEJADO,RURAL,TRAMO RECTO,PLANA ,ASFALTADA,,,,,IMPERICIA DEL CONDUCTOR,,22.0,0,29.5,29.5,20.0,39.0,2,2,1,0,1,0,2
A-2025-02-70,2025-02-17,22:00,DESPISTE,1,0,1,CUSCO,QUISPICANCHI,MARCAPATA,RURAL,CARRETERA,NACIONAL,PE-30C,-13.5828,-71.0349,DESPEJADO,RURAL,CURVA,PLANA ,ASFALTADA,,,,,IMPRUDENCIA DEL CONDUCTOR,EXCESO DE VELOCIDAD,22.0,0,16.0,16.0,16.0,16.0,1,1,1,0,0,0,1