CODIGO_SINIESTRO,FECHA_SINIESTRO,HORA_SINIESTRO,CLASE_SINIESTRO,CANTIDAD_FALLECIDOS,CANTIDAD_LESIONADOS,CANTIDAD_VEHICULOS,DEPARTAMENTO,PROVINCIA,DISTRITO,ZONA,TIPO_VIA,RED_VIAL,COD_CARRETERA,LATITUD,LONGITUD,CONDICION_CLIMATICA,ZONIFICACION,CARACTERISTICAS_VIA,PERFIL_VIA,SUPERFICIE_CALZADA,EXISTE_SENIAL_VERTICAL,CLASIFICACION_SENIAL_VERTICAL_1,CLASIFICACION_SENIAL_VERTICAL_2,EXISTE_SENIAL_HORIZONTAL,CAUSA_FACTOR_PRINCIPAL,CAUSA_ESPECIFICA,HORA,severidad,EDAD_PROMEDIO,EDAD_MEDIANA,EDAD_MIN,EDAD_MAX,TOTAL_MASCULINOS,TOTAL_CONDUCTORES,TOTAL_FALLECIDOS_AGG,TOTAL_LESIONADOS_AGG,TOTAL_LICENCIA,TOTAL_ALCOHOL_POSITIVO,TOTAL_PERSONAS
A-2025-02-66,2025-02-18,06:00,DESPISTE,1,4,1,CAJAMARCA,HUALGAYOC,BAMBAMARCA,RURAL,CARRETERA,NACIONAL,PE-1N,-6.677202,-78.4457155,NUBLADO,RURAL,TRAMO RECTO,INCLINADA,AFIRMADO,,,,,IMPRUDENCIA DEL CONDUCTOR,OTRO (IMPRUDENCIA DEL CONDUCTOR),6.0,0,34.2,34.0,0.0,55.0,4,1,1,4,1,0,5
A-2025-02-65,2025-02-18,07:20,DESPISTE,1,0,1,CAJAMARCA,CAJAMARCA,NAMORA,RURAL,CARRETERA,NACIONAL,PE-3N,-7.217331674,-78.28731138,DESPEJADO,RURAL,CURVA,INCLINADA,ASFALTADA,,,,,EN PROCESO DE INVESTIGACIÓN,NO CUENTA CON CAUSA ESPECIFICA,7.0,0,38.0,38.0,38.0,38.0,1,1,1,0,0,0,1
A-2025-02-37,2025-02-18,16:00,ATROPELLO,1,1,1,LA LIBERTAD,TRUJILLO,LA ESPERANZA,URBANA,AVENIDA,URBANO,NO CORRESPONDE,-8.0769660086,-79.0472639097,DESPEJADO,RESIDENCIAL,TRAMO RECTO,PLANA ,ASFALTADA,,,,,EN PROCESO DE INVESTIGACIÓN,NO CUENTA CON CAUSA ESPECIFICA,16.0,0,52.5,52.5,24.0,81.0,1,1,1,1,1,0,2
A-2025-02-96,2025-02-18,18:20,CHOQUE,1,1,0,LIMA,LIMA,SAN JUAN DE MIRAFLORES,URBANA,AVENIDA,URBANO,NO CORRESPONDE,-12.163632294391675,-76.97293924414218,DESPEJADO,COMERCIAL,TRAMO RECTO,PLANA ,ASFALTADA,,,,,EN PROCESO DE INVESTIGACIÓN,NO CUENTA CON CAUSA ESPECIFICA,18.0,0,46.0,46.0,33.0,59.0,1,2,1,1,1,0,3
A-2025-02-97,2025-02-18,19:45,ATROPELLO FUGA,1,0,0,LIMA,LIMA,MAGDALENA DEL MAR,URBANA,AVENIDA,URBANO,NO CORRESPONDE,-12.09148149624209,-77.07320447513847,DESPEJADO,COMERCIAL,TRAMO RECTO,PLANA ,ASFALTADA,,,,,EN PROCESO DE INVESTIGACIÓN,NO CUENTA CON CAUSA ESPECIFICA,19.0,0,32.0,32.0,32.0,32.0,1,0,1,0,0,0,2
A-2025-02-38,2025-02-19,05:30,CHOQUE,1,7,2,LA LIBERTAD,CHEPEN,PACANGA,RURAL,CARRETERA,NACIONAL,PE-1N,-7.1266672765,-79.4788191263,DESPEJADO,RURAL,TRAMO RECTO,PLANA ,ASFALTADA,,,,,EN PROCESO DE INVESTIGACIÓN,NO CUENTA CON CAUSA ESPECIFICA,5.0,0,32.77777777777778,28.0,12.0,56.0,6,2,1,7,1,0,9
A-2025-02-98,2025-02-19,19:40,ATROPELLO,2,0,0,LIMA,LIMA,RIMAC,URBANA,CARRETERA,NACIONAL,PE-1N,-12.041021196755414,-77.01780613195449,DESPEJADO,COMERCIAL,TRAMO RECTO,PLANA ,ASFALTADA,,,,,EN PROCESO DE INVESTIGACIÓN,NO CUENTA CON CAUSA ESPECIFICA,19.0,1,19.0,5.0,3.0,49.0,3,1,2,0,1,0,3
A-2025-02-20,2025-02-20,22:40,CHOQUE,1,0,0,PUNO,CHUCUITO,JULI,URBANA,AVENIDA,URBANO,NO CORRESPONDE,-16.219494930604036,-69.47583312348367,,,,,,,,,,EN PROCESO DE INVESTIGACIÓN,NO CUENTA CON CAUSA ESPECIFICA,22.0,0,44.0,44.0,43.0,45.0,2,2,1,0,0,0,2
A-2025-02-69,2025-02-21,05:30,CHOQUE,1,1,2,CAJAMARCA,CAJAMARCA,LLACANORA,RURAL,CARRETERA,NACIONAL,PE-3N,-7.190046,-78.47066,DESPEJADO,RURAL,TRAMO RECTO,PLANA ,ASFALTADA,,,,,IMPRUDENCIA DEL CONDUCTOR,OTRO (IMPRUDENCIA DEL CONDUCTOR),5.0,0,29.666666666666668,21.0,20.0,48.0,2,2,1,1,2,0,3
A-2025-02-67,2025-02-21,07:00,DESPISTE,1,2,1,CAJAMARCA,CELENDIN,SOROCHUCO,RURAL,CARRETERA,PROVINCIAL,CA-1043,-6.964840299,-78.30689282,LLUVIOSO,RURAL,TRAMO RECTO,PLANA ,AFIRMADO,,,,,IMPRUDENCIA DEL CONDUCTOR,OTRO (IMPRUDENCIA DEL CONDUCTOR),7.0,0,33.0,32.0,19.0,48.0,1,1,1,2,0,0,3
A-2025-02-68,2025-02-21,07:00,CHOQUE,1,1,2,CAJAMARCA,CELENDIN,HUASMIN,RURAL,CARRETERA,PROVINCIAL,CA-1000,-6.818408,-78.287364,DESPEJADO,RURAL,TRAMO RECTO,PLANA ,AFIRMADO,,,,,IMPRUDENCIA DEL CONDUCTOR,EXCESO DE VELOCIDAD,7.0,0,28.0,22.0,18.0,44.0,3,2,1,1,0,0,3
A-2025-02-99,2025-02-22,09:05,ATROPELLO,1,0,0,LIMA,LIMA,LOS OLIVOS,URBANA,AVENIDA,URBANO,NO CORRESPONDE,-11.984292813246476,-77.06789078790082,DESPEJADO,RESIDENCIAL,TRAMO RECTO,PLANA ,ASFALTADA,,,,,EN PROCESO DE INVESTIGACIÓN,NO CUENTA CON CAUSA ESPECIFICA,9.0,0,55.5,55.5,32.0,79.0,1,1,1,0,1,0,2
A-2025-02-114,2025-02-22,18:00,CHOQUE,1,1,1,PIURA,MORROPON,CHULUCANAS,RURAL,CARRETERA,NACIONAL,PE-1NJ,-5.147095743,-80.26742672,DESPEJADO,RURAL,TRAMO RECTO,PLANA ,ASFALTADA,,,,,IMPRUDENCIA DEL CONDUCTOR,EXCESO DE VELOCIDAD,18.0,0,44.0,44.0,40.0,48.0,2,2,1,1,0,0,2
A-2025-03-13-A,2025-02-22,23:30,ATROPELLO FUGA,1,0,0,CUSCO,QUISPICANCHI,LUCRE,RURAL,CARRETERA,NACIONAL,PE-3S,-13.608327,-71.747919,DESPEJADO,RURAL,TRAMO RECTO,PLANA ,ASFALTADA,NO,,,SI,EN PROCESO DE INVESTIGACIÓN,NO CUENTA CON CAUSA ESPECIFICA,23.0,0,28.0,28.0,28.0,28.0,1,0,1,0,0,0,2
A-2025-02-100,2025-02-23,02:40,ATROPELLO,1,0,0,LIMA,LIMA,SAN JUAN DE MIRAFLORES,URBANA,CARRETERA,NACIONAL,PE-1S,-12.161960285368345,-76.98191405002699,DESPEJADO,COMERCIAL,TRAMO RECTO,PLANA ,ASFALTADA,,,,,EN PROCESO DE INVESTIGACIÓN,NO CUENTA CON CAUSA ESPECIFICA,2.0,0,32.0,32.0,32.0,32.0,2,1,1,0,1,0,2
A-2025-02-115,2025-02-23,03:30,ATROPELLO,1,1,0,PIURA,PIURA,LA UNION,RURAL,CARRETERA,NACIONAL,PE-1NK,-5.382071,-80.739433,DESPEJADO,RURAL,TRAMO RECTO,PLANA ,ASFALTADA,,,,,EN PROCESO DE INVESTIGACIÓN,NO CUENTA CON CAUSA ESPECIFICA,3.0,0,29.0,21.0,13.0,53.0,2,1,1,1,1,0,3
A-2025-02-101,2025-02-24,03:20,CHOQUE,3,0,0,LIMA,LIMA,ANCON,RURAL,CARRETERA,NACIONAL,PE-1N,-11.801137,-77.138089,DESPEJADO,RURAL,TRAMO RECTO,PLANA ,ASFALTADA,,,,,EN PROCESO DE INVESTIGACIÓN,NO CUENTA CON CAUSA ESPECIFICA,3.0,2,41.0,40.0,34.0,49.0,4,2,3,0,2,0,4
A-2025-02-42,2025-02-24,07:05,ATROPELLO FUGA,1,0,0,SAN MARTIN,RIOJA,NUEVA CAJAMARCA,RURAL,CARRETERA,PROVINCIAL,SM-520,-5.922418,-77.300435,SOLEADO,RURAL,TRAMO RECTO,PLANA ,ASFALTADA,,,,,EN PROCESO DE INVESTIGACIÓN,NO CUENTA CON CAUSA ESPECIFICA,7.0,0,65.0,65.0,65.0,65.0,1,0,1,0,0,0,2
A-2025-02-53,2025-02-24,07:15,DESPISTE,1,1,1,CUSCO,LA CONVENCION,VILCABAMBA,RURAL,CARRETERA,DEPARTAMENTAL,CU-100,-13.04953848,-72.90048083,NUBLADO,RURAL,SINUOSA,INCLINADA,AFIRMADO,,,,,NEGLIGENCIA DEL CONDUCTOR,OTRO (NEGLIGENCIA DEL CONDUCTOR),7.0,0,22.0,28.0,7.0,31.0,1,1,1,1,0,0,3
A-2025-02-35,2025-02-24,16:00,DESPISTE,1,0,0,AREQUIPA,AREQUIPA,CAYMA,URBANA,OTRO,URBANO,NO CORRESPONDE,-16.321459,-71.54468,NUBLADO,RURAL,OTRO,INCLINADA,TROCHA,,,,,EN PROCESO DE INVESTIGACIÓN,NO CUENTA CON CAUSA ESPECIFICA,16.0,0,38.0,38.0,38.0,38.0,1,1,1,0,1,0,1
A-2025-02-41,2025-02-25,00:00,DESPISTE,1,0,1,LA LIBERTAD,JULCAN,JULCAN,RURAL,CARRETERA,DEPARTAMENTAL,LI-120,-8.074350010507949,-78.42064613168603,DESPEJADO,RURAL,TRAMO RECTO,PLANA ,TROCHA,,,,,EN PROCESO DE INVESTIGACIÓN,NO CUENTA CON CAUSA ESPECIFICA,0.0,0,0.0,0.0,0.0,0.0,0,0,1,0,0,0,2
A-2025-02-102,2025-02-25,05:50,CHOQUE,1,0,0,LIMA,LIMA,SANTIAGO DE SURCO,URBANA,CARRETERA,NACIONAL,PE-1S,-12.117231,-76.977406,DESPEJADO,ESCOLAR,TRAMO RECTO,PLANA ,ASFALTADA,,,,,EN PROCESO DE INVESTIGACIÓN,NO CUENTA CON CAUSA ESPECIFICA,5.0,0,46.0,46.0,43.0,49.0,2,2,1,0,2,0,2
A-2025-02-28,2025-02-25,06:00,DESPISTE,1,3,1,LIMA,HUARAL,ATAVILLOS BAJO,RURAL,CARRETERA,PROVINCIAL,LM-638,-11.3754942,-76.7928833,DESPEJADO,RURAL,SINUOSA,INCLINADA,TROCHA,,,,,EN PROCESO DE INVESTIGACIÓN,NO CUENTA CON CAUSA ESPECIFICA,6.0,0,43.5,44.0,17.0,69.0,4,1,1,3,1,0,4
A-2025-02-39,2025-02-25,06:00,CHOQUE,1,0,2,LA LIBERTAD,TRUJILLO,HUANCHACO,RURAL,CARRETERA,NACIONAL,PE-1N,-8.055997428,-79.08822196,DESPEJADO,RURAL,TRAMO RECTO,PLANA ,ASFALTADA,,,,,EN PROCESO DE INVESTIGACIÓN,NO CUENTA CON CAUSA ESPECIFICA,6.0,0,46.0,51.0,33.0,54.0,3,2,1,0,1,0,3
A-2025-02-40,2025-02-25,12:00,ATROPELLO FUGA,1,1,0,LA LIBERTAD,TRUJILLO,LA ESPERANZA,URBANA,AVENIDA,URBANO,NO CORRESPONDE,-8.049221759796252,-79.05678000798721,DESPEJADO,RESIDENCIAL,TRAMO RECTO,PLANA ,ASFALTADA,,,,,EN PROCESO DE INVESTIGACIÓN,NO CUENTA CON CAUSA ESPECIFICA,12.0,0,77.0,77.0,76.0,78.0,1,0,1,1,0,0,3
A-2025-02-31,2025-02-27,06:50,ATROPELLO FUGA,1,0,0,LIMA,HUARAL,HUARAL,RURAL,CARRETERA,NACIONAL,PE-1NB,-11.5090178,-77.2318686,DESPEJADO,RURAL,TRAMO RECTO,PLANA ,ASFALTADA,,,,,EN PROCESO DE INVESTIGACIÓN,NO CUENTA CON CAUSA ESPECIFICA,6.0,0,68.0,68.0,68.0,68.0,1,0,1,0,0,0,2
A-2025-02-56,2025-02-27,07:30,DESPISTE,1,0,1,ANCASH,BOLOGNESI,HUALLANCA,RURAL,CARRETERA,PROVINCIAL,AN-1263,-9.912037279293,-76.95093504689598,NUBLADO,RURAL,PUENTE,PLANA ,TROCHA,,,,,IMPERICIA DEL CONDUCTOR,,7.0,0,53.5,53.5,49.0,58.0,1,1,1,0,0,0,2
A-2025-02-47,2025-02-27,18:40,CHOQUE,2,0,0,AREQUIPA,CAMANA,SAMUEL PASTOR,URBANA,CARRETERA,NACIONAL,PE-1S,-16.655917,-72.650658,DESPEJADO,COMERCIAL,TRAMO RECTO,PLANA ,ASFALTADA,SI,PREVENTIVA (P),PREVENTIVA (P),SI,EN PROCESO DE INVESTIGACIÓN,NO CUENTA CON CAUSA ESPECIFICA,18.0,1,39.891304347826086,38.0,0.0,82.0,28,2,2,0,2,0,46
A-2025-02-44,2025-02-27,20:15,CHOQUE,6,6,3,LIMA,HUARAL,CHANCAY,RURAL,CARRETERA,NACIONAL,PE-1N,-11.6024709,-77.2457919,DESPEJADO,RURAL,TRAMO RECTO,PLANA ,ASFALTADA,SI,REGULADORA (R),REGULADORA (R),NO,EN PROCESO DE INVESTIGACIÓN,NO CUENTA CON CAUSA ESPECIFICA,20.0,2,42.5,47.5,6.0,80.0,7,3,6,6,3,0,14
A-2025-02-46,2025-02-28,03:30,DESPISTE,1,0,0,AREQUIPA,ISLAY,PUNTA DE BOMBON,URBANA,AVENIDA,URBANO,NO CORRESPONDE,-17.161947,-71.795501,DESPEJADO,RESIDENCIAL,CURVA,INCLINADA,ASFALTADA,SI,REGULADORA (R),PREVENTIVA (P),SI,EN PROCESO DE INVESTIGACIÓN,NO CUENTA CON CAUSA ESPECIFICA,3.0,0,31.0,31.0,31.0,31.0,1,1,1,0,0,0,1
A-2025-02-43,2025-02-28,08:00,ATROPELLO,1,0,1,SAN MARTIN,RIOJA,ELIAS SOPLIN VARGAS,URBANA,CARRETERA,NACIONAL,PE-5N,-5.98654,-77.284783,DESPEJADO,RESIDENCIAL,INTERSECCIÓN,PLANA ,ASFALTADA,,,,,EN PROCESO DE INVESTIGACIÓN,NO CUENTA CON CAUSA ESPECIFICA,8.0,0,53.0,53.0,26.0,80.0,2,1,1,0,0,0,2
A-2025-02-48,2025-02-28,16:30,DESPISTE,1,4,1,LIMA,HUARAL,AUCALLAMA,RURAL,CARRETERA,NACIONAL,PE-1N,-11.6098876,-77.2005398,DESPEJADO,RURAL,TRAMO RECTO,INCLINADA,ASFALTADA,SI,REGULADORA (R),,NO,EN PROCESO DE INVESTIGACIÓN,NO CUENTA CON CAUSA ESPECIFICA,16.0,0,44.8,50.0,29.0,63.0,3,1,1,4,1,0,5
A-2025-02-51,2025-02-28,16:50,DESPISTE,1,0,1,HUANCAVELICA,ACOBAMBA,POMACOCHA,RURAL,CARRETERA,SIN CLASIFICAR,SIN CLASIFICAR,-12.824457,-74.53272,DESPEJADO,RURAL,TRAMO RECTO,PLANA ,TROCHA,,,,,EN PROCESO DE INVESTIGACIÓN,NO CUENTA CON CAUSA ESPECIFICA,16.0,0,72.0,72.0,72.0,72.0,1,1,1,0,0,0,1
A-2025-02-108,2025-02-28,22:00,ATROPELLO FUGA,1,0,0,LIMA,LIMA,EL AGUSTINO,URBANA,AVENIDA,URBANO,NO CORRESPONDE,-12.03002832402608,-76.99372108679391,DESPEJADO,INDUSTRIAL,TRAMO RECTO,PLANA ,ASFALTADA,,,,,EN PROCESO DE INVESTIGACIÓN,NO CUENTA CON CAUSA ESPECIFICA,22.0,0,38.0,38.0,38.0,38.0,1,0,1,0,0,0,2
A-2025-03-70,2025-03-01,01:50,ATROPELLO,1,1,0,LIMA,LIMA,PUENTE PIEDRA,URBANA,CARRETERA,NACIONAL,PE-1N,-11.856644,-77.084768,DESPEJADO,COMERCIAL,TRAMO RECTO,PLANA ,ASFALTADA,,,,,EN PROCESO DE INVESTIGACIÓN,NO CUENTA CON CAUSA ESPECIFICA,1.0,0,34.5,34.5,29.0,40.0,2,1,1,1,1,0,2
A-2025-03-71,2025-03-01,03:30,ATROPELLO FUGA,1,0,0,LIMA,LIMA,SAN JUAN DE MIRAFLORES,URBANA,CARRETERA,NACIONAL,PE-1S,-12.169188167936444,-76.97961285336164,DESPEJADO,COMERCIAL,TRAMO RECTO,PLANA ,ASFALTADA,,,,,EN PROCESO DE INVESTIGACIÓN,NO CUENTA CON CAUSA ESPECIFICA,3.0,0,,,,,1,0,1,0,0,0,2
A-2025-03-1,2025-03-01,06:00,DESPISTE,1,1,0,AREQUIPA,ISLAY,MOLLENDO,RURAL,CARRETERA,NACIONAL,PE-34,-16.893335,-72.036419,DESPEJADO,RURAL,CURVA,INCLINADA,ASFALTADA,SI,REGULADORA (R),,SI,EN PROCESO DE INVESTIGACIÓN,NO CUENTA CON CAUSA ESPECIFICA,6.0,0,62.0,62.0,53.0,71.0,1,1,1,1,0,0,2
A-2025-03-55,2025-03-01,09:20,CHOQUE,1,0,3,CAJAMARCA,CUTERVO,CUTERVO,URBANA,CARRETERA,NACIONAL,PE-3N,-6.377396,-78.811572,DESPEJADO,COMERCIAL,TRAMO RECTO,INCLINADA,CONCRETO,,,,,IMPRUDENCIA DEL CONDUCTOR,OTRO (IMPRUDENCIA DEL CONDUCTOR),9.0,0,44.0,44.0,36.0,52.0,2,2,1,0,1,0,3
A-2025-03-2,2025-03-01,17:20,DESPISTE,1,0,0,AREQUIPA,ISLAY,COCACHACRA,RURAL,CARRETERA,NACIONAL,PE-1S,-17.0013843,-71.71428599,DESPEJADO,RURAL,CURVA,PLANA ,ASFALTADA,SI,PREVENTIVA (P),PREVENTIVA (P),SI,EN PROCESO DE INVESTIGACIÓN,NO CUENTA CON CAUSA ESPECIFICA,17.0,0,56.0,56.0,56.0,56.0,1,1,1,0,1,0,1
A-2025-03-68,2025-03-01,19:45,CHOQUE,1,0,2,CUSCO,LA CONVENCION,PICHARI,RURAL,CARRETERA,PROVINCIAL,CU-528,-12.513098,-73.846375,DESPEJADO,RURAL,CURVA,INCLINADA,AFIRMADO,,,,,IMPRUDENCIA DEL CONDUCTOR,CONDUCIR EN ESTADO DE EBRIEDAD Y/O DROGADICCIÓN,19.0,0,26.0,26.0,23.0,29.0,2,2,1,0,0,1,2
A-2025-03-86,2025-03-01,21:30,ATROPELLO,1,0,0,LIMA,LIMA,PUEBLO LIBRE,URBANA,AVENIDA,URBANO,NO CORRESPONDE,-12.07940751311462,-77.06570588895616,DESPEJADO,COMERCIAL,TRAMO RECTO,PLANA ,ASFALTADA,,,,,EN PROCESO DE INVESTIGACIÓN,NO CUENTA CON CAUSA ESPECIFICA,21.0,0,68.0,68.0,45.0,91.0,2,1,1,0,0,0,2
A-2025-03-62,2025-03-02,05:50,ATROPELLO FUGA,1,0,1,CAJAMARCA,SAN IGNACIO,SAN IGNACIO,RURAL,CARRETERA,NACIONAL,PE-5N,-5.1350091,-78.992492,DESPEJADO,RURAL,TRAMO RECTO,INCLINADA,ASFALTADA,,,,,EN PROCESO DE INVESTIGACIÓN,NO CUENTA CON CAUSA ESPECIFICA,5.0,0,17.0,17.0,17.0,17.0,1,0,1,0,0,0,2
A-2025-03-3,2025-03-02,09:30,ATROPELLO FUGA,1,0,0,AREQUIPA,AREQUIPA,VITOR,URBANA,CARRETERA,NACIONAL,PE-1S,-16.465468,-71.934318,DESPEJADO,COMERCIAL,TRAMO RECTO,PLANA ,ASFALTADA,NO,,,SI,EN PROCESO DE INVESTIGACIÓN,NO CUENTA CON CAUSA ESPECIFICA,9.0,0,53.0,53.0,53.0,53.0,1,0,1,0,0,0,2
A-2025-03-72,2025-03-02,12:00,CHOQUE,2,3,0,LIMA,LIMA,PUNTA NEGRA,RURAL,CARRETERA,NACIONAL,PE-1S,-12.371581,-76.784265,DESPEJADO,INDUSTRIAL,TRAMO RECTO,PLANA ,ASFALTADA,,,,,EN PROCESO DE INVESTIGACIÓN,NO CUENTA CON CAUSA ESPECIFICA,12.0,1,46.6,41.0,31.0,63.0,3,3,2,3,2,0,5
A-2025-03-4,2025-03-02,22:20,DESPISTE,1,0,0,AREQUIPA,AREQUIPA,SOCABAYA,URBANA,CARRETERA,DEPARTAMENTAL,AR-117,-16.47925,-71.52575,DESPEJADO,RESIDENCIAL,CURVA,PLANA ,ASFALTADA,,,,,EN PROCESO DE INVESTIGACIÓN,NO CUENTA CON CAUSA ESPECIFICA,22.0,0,32.0,32.0,32.0,32.0,1,1,1,0,0,0,1
A-2025-03-54,2025-03-03,14:30,CHOQUE,1,8,2,HUANCAVELICA,HUAYTARA,PILPICHACA,RURAL,CARRETERA,NACIONAL,PE-28A,-13.412535,-74.923013,LLUVIOSO,RURAL,CURVA,INCLINADA,ASFALTADA,,,,,IMPRUDENCIA DEL CONDUCTOR,EXCESO DE VELOCIDAD,14.0,0,45.27272727272727,45.0,1.0,66.0,5,2,1,8,2,0,11
A-2025-03-48,2025-03-03,19:16,ATROPELLO,1,0,0,APURIMAC,ANDAHUAYLAS,PAMPACHIRI,URBANA,CARRETERA,NACIONAL,PE-30B,-14.185717994630814,-73.54518146115718,DESPEJADO,COMERCIAL,TRAMO RECTO,PLANA ,ASFALTADA,SI,PREVENTIVA (P),,NO,IMPRUDENCIA DEL PEATÓN,ESTADO DE EBRIEDAD Y/O DROGADICCIÓN,19.0,0,50.5,50.5,25.0,76.0,2,1,1,0,0,0,2
A-2025-03-11,2025-03-03,22:20,CHOQUE FUGA,1,4,1,SAN MARTIN,RIOJA,RIOJA,RURAL,CARRETERA,NACIONAL,PE-5N,-6.036711,-77.196456,DESPEJADO,RURAL,TRAMO RECTO,PLANA ,ASFALTADA,,,,,EN PROCESO DE INVESTIGACIÓN,NO CUENTA CON CAUSA ESPECIFICA,22.0,0,14.666666666666666,10.5,2.0,33.0,5,1,1,4,0,0,7
A-2025-03-56,2025-03-04,10:35,ATROPELLO,1,0,1,CAJAMARCA,JAEN,SAN FELIPE,URBANA,CARRETERA,NACIONAL,PE-3N,-5.800541452,-79.37421891,DESPEJADO,COMERCIAL,TRAMO RECTO,INCLINADA,ASFALTADA,,,,,NEGLIGENCIA DEL CONDUCTOR,OTRO (NEGLIGENCIA DEL CONDUCTOR),10.0,0,51.5,51.5,34.0,69.0,1,1,1,0,1,0,2
A-2025-03-6,2025-03-04,13:15,CHOQUE,1,23,0,AREQUIPA,CAYLLOMA,SAN ANTONIO DE CHUCA,RURAL,CARRETERA,NACIONAL,PE-34E,-15.900136,-71.373568,LLUVIOSO,RURAL,CURVA,PLANA ,ASFALTADA,SI,PREVENTIVA (P),PREVENTIVA (P),SI,EN PROCESO DE INVESTIGACIÓN,NO CUENTA CON CAUSA ESPECIFICA,13.0,0,29.115384615384617,28.0,0.0,68.0,8,2,1,23,2,0,26
A-2025-03-67,2025-03-04,22:00,DESPISTE,1,1,1,CAJAMARCA,CELENDIN,SUCRE,RURAL,CARRETERA,PROVINCIAL,CA-1541,-6.953219,-78.156725,DESPEJADO,RURAL,CURVA,INCLINADA,AFIRMADO,,,,,EN PROCESO DE INVESTIGACIÓN,NO CUENTA CON CAUSA ESPECIFICA,22.0,0,60.0,60.0,59.0,61.0,1,1,1,1,1,0,2
A-2025-03-103,2025-03-05,12:20,CHOQUE FUGA,1,0,0,PIURA,PIURA,VEINTISEIS DE OCTUBRE,URBANA,AVENIDA,URBANO,NO CORRESPONDE,-5.183269,-80.666291,,,,,,,,,,EN PROCESO DE INVESTIGACIÓN,NO CUENTA CON CAUSA ESPECIFICA,12.0,0,44.5,44.5,44.0,45.0,1,1,1,0,0,0,2
A-2025-03-104,2025-03-05,14:00,ATROPELLO,1,0,1,PIURA,MORROPON,MORROPON,RURAL,CARRETERA,NACIONAL,PE-02C,-5.210241373981011,-80.01617688761642,DESPEJADO,RURAL,TRAMO RECTO,PLANA ,ASFALTADA,SI,REGULADORA (R),,NO,EN PROCESO DE INVESTIGACIÓN,NO CUENTA CON CAUSA ESPECIFICA,14.0,0,41.0,41.0,40.0,42.0,2,1,1,0,0,0,2
A-2025-03-57,2025-03-05,15:18,CHOQUE,1,1,2,CAJAMARCA,SAN MARCOS,ICHOCAN,RURAL,CARRETERA,NACIONAL,PE-3N,-7.374746459,-78.12852608,DESPEJADO,RURAL,TRAMO RECTO,PLANA ,ASFALTADA,,,,,EN PROCESO DE INVESTIGACIÓN,NO CUENTA CON CAUSA ESPECIFICA,15.0,0,25.666666666666668,18.0,15.0,44.0,2,2,1,1,1,0,3
A-2025-03-73,2025-03-05,16:10,CHOQUE FUGA,1,1,0,LIMA,LIMA,SAN JUAN DE MIRAFLORES,URBANA,AVENIDA,URBANO,NO CORRESPONDE,-12.169034361371407,-76.97770901878035,DESPEJADO,COMERCIAL,TRAMO RECTO,PLANA ,ASFALTADA,SI,PREVENTIVA (P),PREVENTIVA (P),NO,EN PROCESO DE INVESTIGACIÓN,NO CUENTA CON CAUSA ESPECIFICA,16.0,0,27.0,27.0,24.0,30.0,2,1,1,1,1,0,3
A-2025-03-69,2025-03-06,03:00,DESPISTE,2,0,1,AYACUCHO,HUAMANGA,VINCHOS,RURAL,CARRETERA,PROVINCIAL,AY-810,-13.229054,-74.389388,LLUVIOSO,RURAL,SINUOSA,PLANA ,ASFALTADA,,,,,IMPRUDENCIA DEL CONDUCTOR,EXCESO DE VELOCIDAD,3.0,1,25.0,25.0,19.0,31.0,2,1,2,0,1,0,2
A-2025-03-5,2025-03-06,11:50,ATROPELLO,1,0,0,AREQUIPA,AREQUIPA,CERRO COLORADO,URBANA,OTRO,URBANO,NO CORRESPONDE,-16.378353,-71.576373,NUBLADO,COMERCIAL,TRAMO RECTO,PLANA ,AFIRMADO,,,,,EN PROCESO DE INVESTIGACIÓN,NO CUENTA CON CAUSA ESPECIFICA,11.0,0,49.0,49.0,48.0,50.0,2,1,1,0,1,0,2
A-2025-03-75,2025-03-06,17:30,CHOQUE,2,9,0,LIMA,LIMA,CARABAYLLO,RURAL,CARRETERA,NACIONAL,PE-20A,-11.779259,-76.983315,DESPEJADO,RURAL,TRAMO RECTO,PLANA ,ASFALTADA,,,,,EN PROCESO DE INVESTIGACIÓN,NO CUENTA CON CAUSA ESPECIFICA,17.0,1,29.75,26.0,1.0,63.0,5,2,2,9,2,0,12
A-2025-03-74,2025-03-06,20:00,ATROPELLO FUGA,1,0,0,LIMA,LIMA,VILLA EL SALVADOR,URBANA,CARRETERA,NACIONAL,PE-1S,-12.1970602783019,-76.97311710868374,DESPEJADO,COMERCIAL,TRAMO RECTO,PLANA ,ASFALTADA,SI,REGULADORA (R),,NO,EN PROCESO DE INVESTIGACIÓN,NO CUENTA CON CAUSA ESPECIFICA,20.0,0,,,,,1,0,1,0,0,0,2
A-2025-03-17,2025-03-07,00:30,DESPISTE,1,0,1,CUSCO,CANCHIS,SICUANI,RURAL,CARRETERA,NACIONAL,PE-3S,-14.299662,-71.213943,LLUVIOSO,RURAL,TRAMO RECTO,PLANA ,ASFALTADA,,,,,IMPRUDENCIA DEL CONDUCTOR,OTRO (IMPRUDENCIA DEL CONDUCTOR),0.0,0,24.0,24.0,24.0,24.0,1,1,1,0,0,0,1