CODIGO_SINIESTRO,FECHA_SINIESTRO,HORA_SINIESTRO,CLASE_SINIESTRO,CANTIDAD_FALLECIDOS,CANTIDAD_LESIONADOS,CANTIDAD_VEHICULOS,DEPARTAMENTO,PROVINCIA,DISTRITO,ZONA,TIPO_VIA,RED_VIAL,COD_CARRETERA,LATITUD,LONGITUD,CONDICION_CLIMATICA,ZONIFICACION,CARACTERISTICAS_VIA,PERFIL_VIA,SUPERFICIE_CALZADA,EXISTE_SENIAL_VERTICAL,CLASIFICACION_SENIAL_VERTICAL_1,CLASIFICACION_SENIAL_VERTICAL_2,EXISTE_SENIAL_HORIZONTAL,CAUSA_FACTOR_PRINCIPAL,CAUSA_ESPECIFICA,HORA,severidad,EDAD_PROMEDIO,EDAD_MEDIANA,EDAD_MIN,EDAD_MAX,TOTAL_MASCULINOS,TOTAL_CONDUCTORES,TOTAL_FALLECIDOS_AGG,TOTAL_LESIONADOS_AGG,TOTAL_LICENCIA,TOTAL_ALCOHOL_POSITIVO,TOTAL_PERSONAS
A-2025-07-57,2025-07-12,12:00,ATROPELLO,1,0,1,CUSCO,CANCHIS,SICUANI,RURAL,CARRETERA,NACIONAL,PE-3S,-14.22577727,-71.2828127,DESPEJADO,RURAL,TRAMO RECTO,PLANA ,ASFALTADA,,,,,IMPRUDENCIA DEL PEATÓN,CRUCE INDEBIDO POR LA CALZADA,12.0,0,51.0,51.0,27.0,75.0,2,1,1,0,1,0,2
A-2025-07-58,2025-07-13,17:31,ATROPELLO,1,0,0,CUSCO,CANCHIS,SICUANI,RURAL,CARRETERA,NACIONAL,PE-3S,-14.2445622,-71.2604167,DESPEJADO,RURAL,TRAMO RECTO,PLANA ,ASFALTADA,,,,,IMPRUDENCIA DEL CONDUCTOR,EXCESO DE VELOCIDAD,17.0,0,48.0,48.0,27.0,69.0,2,1,1,0,1,0,2
A-2025-07-73,2025-07-13,21:30,DESPISTE,1,2,1,CAJAMARCA,JAEN,COLASAY,RURAL,CARRETERA,PROVINCIAL,CA-672,-5.975650394,-79.04322164,DESPEJADO,RURAL,CURVA,INCLINADA,CASCAJO/RIPIO,,,,,IMPRUDENCIA DEL CONDUCTOR,EXCESO DE VELOCIDAD,21.0,0,52.333333333333336,58.0,39.0,60.0,2,1,1,2,0,0,3
A-2025-07-18,2025-07-14,07:50,DESPISTE,1,0,1,SAN MARTIN,LAMAS,ALONSO DE ALVARADO,RURAL,CARRETERA,NACIONAL,PE-5N,-6.231853477,-76.80798597,DESPEJADO,RURAL,TRAMO RECTO,INCLINADA,ASFALTADA,,,,,EN PROCESO DE INVESTIGACIÓN,NO CUENTA CON CAUSA ESPECIFICA,7.0,0,44.0,44.0,44.0,44.0,1,1,1,0,1,0,1
A-2025-07-72,2025-07-14,08:50,CHOQUE,1,0,1,CAJAMARCA,CAJAMARCA,CAJAMARCA,RURAL,CARRETERA,NACIONAL,PE-3N,-7.080033,-78.592559,DESPEJADO,RURAL,TRAMO RECTO,INCLINADA,ASFALTADA,,,,,IMPRUDENCIA DEL CONDUCTOR,EXCESO DE VELOCIDAD,8.0,0,31.5,31.5,21.0,42.0,2,2,1,0,1,0,2
A-2025-07-22,2025-07-15,13:30,CHOQUE,3,1,0,AREQUIPA,AREQUIPA,VITOR,RURAL,CARRETERA,NACIONAL,PE-1S,-16.445773,-71.974013,DESPEJADO,RURAL,TRAMO RECTO,PLANA ,ASFALTADA,SI,PREVENTIVA (P),,SI,EN PROCESO DE INVESTIGACIÓN,NO CUENTA CON CAUSA ESPECIFICA,13.0,2,31.0,31.0,31.0,31.0,1,2,3,1,0,0,4
A-2025-07-12,2025-07-16,01:50,ATROPELLO FUGA,1,0,0,AREQUIPA,AREQUIPA,CAYMA,URBANA,CARRETERA,PROVINCIAL,AR-747,-16.389218,-71.549067,DESPEJADO,COMERCIAL,TRAMO RECTO,PLANA ,ASFALTADA,SI,INFORMATIVA (I),,SI,EN PROCESO DE INVESTIGACIÓN,NO CUENTA CON CAUSA ESPECIFICA,1.0,0,27.0,27.0,27.0,27.0,0,0,1,0,0,0,2
A-2025-07-74,2025-07-16,03:10,DESPISTE,1,1,1,CAJAMARCA,CAJABAMBA,CONDEBAMBA,RURAL,CARRETERA,PROVINCIAL,CA-1656,-7.583036,-78.065661,DESPEJADO,RURAL,CURVA,INCLINADA,AFIRMADO,,,,,IMPRUDENCIA DEL CONDUCTOR,CONDUCIR EN ESTADO DE EBRIEDAD Y/O DROGADICCIÓN,3.0,0,11.0,11.0,3.0,19.0,2,1,1,1,0,1,2
A-2025-07-23,2025-07-19,04:50,FERROVIARIO,1,0,0,AREQUIPA,AREQUIPA,YURA,RURAL,SIN CLASIFICAR,SIN CLASIFICAR,SIN CLASIFICAR,-16.294903,-71.632503,DESPEJADO,RURAL,TRAMO RECTO,PLANA ,CASCAJO/RIPIO,,,,,EN PROCESO DE INVESTIGACIÓN,NO CUENTA CON CAUSA ESPECIFICA,4.0,0,39.0,39.0,39.0,39.0,2,1,1,0,1,0,2
A-2025-07-4,2025-07-19,07:30,CHOQUE,1,0,2,HUANCAVELICA,HUANCAVELICA,HUANDO,URBANA,CARRETERA,NACIONAL,PE-26,-12.5714538179204,-74.95389574736303,DESPEJADO,COMERCIAL,TRAMO RECTO,PLANA ,ASFALTADA,,,,,EN PROCESO DE INVESTIGACIÓN,NO CUENTA CON CAUSA ESPECIFICA,7.0,0,45.5,45.5,36.0,55.0,2,2,1,0,1,0,2
A-2025-07-55,2025-07-20,02:30,ATROPELLO,1,0,1,AYACUCHO,HUAMANGA,AYACUCHO,RURAL,CARRETERA,NACIONAL,PE-28A,-13.184936792494174,-74.25735360645346,DESPEJADO,RURAL,TRAMO RECTO,INCLINADA,ASFALTADA,,,,,IMPRUDENCIA DEL CONDUCTOR,CONDUCIR EN ESTADO DE EBRIEDAD Y/O DROGADICCIÓN,2.0,0,36.5,36.5,33.0,40.0,2,1,1,0,1,2,2
A-2025-07-75,2025-07-20,07:30,DESPISTE,1,0,1,CAJAMARCA,SAN IGNACIO,SAN IGNACIO,RURAL,CARRETERA,NACIONAL,PE-5N,-5.165646,-78.910036,DESPEJADO,RURAL,TRAMO RECTO,PLANA ,ASFALTADA,SI,PREVENTIVA (P),,SI,IMPRUDENCIA DEL CONDUCTOR,OTRO (IMPRUDENCIA DEL CONDUCTOR),7.0,0,36.0,36.0,36.0,36.0,1,1,1,0,0,0,1
A-2025-07-76,2025-07-20,07:30,DESPISTE,1,0,0,CAJAMARCA,CHOTA,CHOTA,,CARRETERA,NACIONAL,PE-3N,-6.617740784,-78.58579177,,,,,,,,,,EN PROCESO DE INVESTIGACIÓN,NO CUENTA CON CAUSA ESPECIFICA,7.0,0,39.0,39.0,39.0,39.0,1,1,1,0,0,0,2
A-2025-07-52,2025-07-20,18:50,CHOQUE,1,0,2,AYACUCHO,HUANTA,HUANTA,RURAL,CARRETERA,NACIONAL,PE-3S,-12.930705,-74.262873,DESPEJADO,RURAL,CURVA,INCLINADA,ASFALTADA,SI,PREVENTIVA (P),,NO,IMPRUDENCIA DEL CONDUCTOR,INVASIÓN DE CARRIL,18.0,0,37.5,37.5,21.0,54.0,2,2,1,0,1,0,2
A-2025-07-13,2025-07-21,14:30,DESPISTE,1,0,0,AREQUIPA,CAYLLOMA,MAJES,RURAL,CARRETERA,SIN CLASIFICAR,SIN CLASIFICAR,-16.393125,-72.224887,DESPEJADO,RURAL,TRAMO RECTO,PLANA ,ASFALTADA,,,,,EN PROCESO DE INVESTIGACIÓN,NO CUENTA CON CAUSA ESPECIFICA,14.0,0,54.0,54.0,54.0,54.0,1,1,1,0,0,0,1
A-2025-07-5,2025-07-22,20:30,CHOQUE FUGA,1,0,1,LIMA,HUARAL,CHANCAY,RURAL,CARRETERA,NACIONAL,PE-1N,-11.4326752,-77.362552,DESPEJADO,RURAL,OTRO,INCLINADA,ASFALTADA,SI,PREVENTIVA (P),,NO,EN PROCESO DE INVESTIGACIÓN,NO CUENTA CON CAUSA ESPECIFICA,20.0,0,20.0,20.0,20.0,20.0,1,1,1,0,1,0,2
A-2025-07-47,2025-07-23,10:11,ATROPELLO,1,0,0,AYACUCHO,HUAMANGA,SAN JUAN BAUTISTA,URBANA,JIRÓN,URBANO,NO CORRESPONDE,-13.16676229,-74.22156889,DESPEJADO,RESIDENCIAL,TRAMO RECTO,INCLINADA,ASFALTADA,,,,,IMPRUDENCIA DEL CONDUCTOR,OTRO (IMPRUDENCIA DEL CONDUCTOR),10.0,0,50.5,50.5,21.0,80.0,2,1,1,0,1,0,2
A-2025-07-9,2025-07-24,07:00,CHOQUE,1,1,1,TUMBES,TUMBES,CORRALES,RURAL,CARRETERA,NACIONAL,PE-1N,-3.594363347555513,-80.4805451009477,DESPEJADO,RURAL,TRAMO RECTO,PLANA ,ASFALTADA,NO,,,NO,IMPRUDENCIA DEL CONDUCTOR,INVASIÓN DE CARRIL,7.0,0,40.75,41.0,21.0,60.0,4,3,1,1,1,1,4
A-2025-07-16,2025-07-24,09:30,DESPISTE,2,2,1,HUANCAVELICA,ACOBAMBA,ANTA,RURAL,CARRETERA,DEPARTAMENTAL,HV-107,-12.77822917,-74.67188776,DESPEJADO,RURAL,CURVA,PLANA ,ASFALTADA,SI,PREVENTIVA (P),PREVENTIVA (P),NO,EN PROCESO DE INVESTIGACIÓN,NO CUENTA CON CAUSA ESPECIFICA,9.0,1,33.0,32.5,13.0,54.0,3,1,2,2,0,0,4
A-2025-07-10,2025-07-24,15:31,DESPISTE,1,0,1,ANCASH,RECUAY,CATAC,RURAL,CARRETERA,NACIONAL,PE-3N,-9.90924236,-77.3916343,DESPEJADO,RURAL,CURVA,INCLINADA,TROCHA,,,,,EN PROCESO DE INVESTIGACIÓN,NO CUENTA CON CAUSA ESPECIFICA,15.0,0,41.0,41.0,41.0,41.0,1,1,1,0,0,0,1
A-2025-07-24,2025-07-24,18:00,ATROPELLO,1,0,0,AREQUIPA,AREQUIPA,UCHUMAYO,URBANA,CARRETERA,NACIONAL,PE-34A,-16.407988,-71.609071,DESPEJADO,RURAL,TRAMO RECTO,PLANA ,ASFALTADA,SI,PREVENTIVA (P),,SI,EN PROCESO DE INVESTIGACIÓN,NO CUENTA CON CAUSA ESPECIFICA,18.0,0,53.5,53.5,29.0,78.0,2,1,1,0,1,0,2
A-2025-07-59,2025-07-26,06:30,DESPISTE,1,1,1,CUSCO,CHUMBIVILCAS,VELILLE,RURAL,CARRETERA,NACIONAL,PE-3SG,-14.546139,-71.903889,DESPEJADO,RURAL,TRAMO RECTO,PLANA ,AFIRMADO,,,,,IMPRUDENCIA DEL CONDUCTOR,CONDUCIR EN ESTADO DE EBRIEDAD Y/O DROGADICCIÓN,6.0,0,36.5,36.5,36.0,37.0,2,1,1,1,1,1,2
A-2025-07-26,2025-07-26,09:30,DESPISTE,2,4,1,HUANCAVELICA,HUAYTARA,PILPICHACA,RURAL,CARRETERA,NACIONAL,PE-28A,-13.44045843,-74.96093792,DESPEJADO,RURAL,TRAMO RECTO,PLANA ,ASFALTADA,SI,PREVENTIVA (P),PREVENTIVA (P),NO,EN PROCESO DE INVESTIGACIÓN,NO CUENTA CON CAUSA ESPECIFICA,9.0,1,30.166666666666668,34.5,14.0,42.0,4,1,2,4,1,0,6
A-2025-07-11,2025-07-26,19:30,CHOQUE,1,0,2,ANCASH,YUNGAY,YUNGAY,RURAL,CARRETERA,SIN CLASIFICAR,SIN CLASIFICAR,-9.064603534715877,-77.73958032286248,DESPEJADO,RURAL,TRAMO RECTO,PLANA ,ASFALTADA,,,,,EN PROCESO DE INVESTIGACIÓN,NO CUENTA CON CAUSA ESPECIFICA,19.0,0,43.0,43.0,33.0,53.0,2,2,1,0,1,1,2
A-2025-07-53,2025-07-28,16:30,CAÍDA DE PASAJERO,1,0,0,CUSCO,ANTA,CHINCHAYPUJIO,RURAL,CARRETERA,PROVINCIAL,CU-1242,-13.626098835481228,-72.24029474646503,DESPEJADO,RURAL,CURVA,PLANA ,AFIRMADO,,,,,IMPRUDENCIA DEL CONDUCTOR,FATIGA Y/O CANSANCIO,16.0,0,16.0,16.0,2.0,30.0,2,1,1,0,1,0,2
A-2025-07-20,2025-07-29,03:00,DESPISTE,1,0,1,SAN MARTIN,MOYOBAMBA,JEPELACIO,RURAL,CARRETERA,NACIONAL,PE-5N,-6.162995,-76.83646,LLUVIOSO,RURAL,CURVA,PLANA ,ASFALTADA,,,,,EN PROCESO DE INVESTIGACIÓN,NO CUENTA CON CAUSA ESPECIFICA,3.0,0,28.0,28.0,28.0,28.0,1,1,1,0,0,0,1
A-2025-07-33,2025-07-29,20:00,CHOQUE,1,0,2,TUMBES,CONTRALMIRANTE VILLAR,ZORRITOS,RURAL,CARRETERA,NACIONAL,PE-1N,-3.7147262790658586,-80.73764025306184,DESPEJADO,RURAL,TRAMO RECTO,PLANA ,ASFALTADA,,,,,IMPRUDENCIA DEL CONDUCTOR,INVASIÓN DE CARRIL,20.0,0,35.5,35.5,34.0,37.0,2,2,1,0,1,0,2
A-2025-07-21,2025-07-29,23:50,DESPISTE,1,0,1,SAN MARTIN,RIOJA,NUEVA CAJAMARCA,URBANA,JIRÓN,URBANO,NO CORRESPONDE,-5.927366943,-77.31900364,DESPEJADO,RESIDENCIAL,TRAMO RECTO,PLANA ,AFIRMADO,,,,,EN PROCESO DE INVESTIGACIÓN,NO CUENTA CON CAUSA ESPECIFICA,23.0,0,21.0,21.0,21.0,21.0,1,1,1,0,0,0,1
A-2025-08-13,2025-08-02,21:20,ATROPELLO FUGA,2,0,0,AREQUIPA,AREQUIPA,CERRO COLORADO,URBANA,CARRETERA,NACIONAL,PE-34A,-16.351566,-71.580756,DESPEJADO,COMERCIAL,TRAMO RECTO,INCLINADA,ASFALTADA,NO,,,SI,EN PROCESO DE INVESTIGACIÓN,NO CUENTA CON CAUSA ESPECIFICA,21.0,1,74.0,74.0,74.0,74.0,1,0,2,0,0,0,3
A-2025-08-87,2025-08-03,01:30,DESPISTE,1,2,1,AYACUCHO,CANGALLO,CHUSCHI,RURAL,CARRETERA,DEPARTAMENTAL,AY-107,-13.595,-74.351,DESPEJADO,RURAL,CURVA,INCLINADA,TROCHA,,,,,IMPRUDENCIA DEL CONDUCTOR,CONDUCIR EN ESTADO DE EBRIEDAD Y/O DROGADICCIÓN,1.0,0,14.333333333333334,20.0,3.0,20.0,1,1,1,2,0,1,3
A-2025-08-155,2025-08-03,03:20,CHOQUE,2,2,2,CUSCO,ESPINAR,PALLPATA,RURAL,CARRETERA,NACIONAL,PE-34J,-14.916305,-71.193779,DESPEJADO,RURAL,CURVA,PLANA ,ASFALTADA,,,,,IMPRUDENCIA DEL CONDUCTOR,INVASIÓN DE CARRIL,3.0,1,45.5,49.0,31.0,53.0,2,2,2,2,2,0,4
A-2025-08-153,2025-08-03,09:40,DESPISTE,1,1,1,CUSCO,QUISPICANCHI,CAMANTI,RURAL,CARRETERA,NACIONAL,PE-30C,-13.224433,-70.7423,DESPEJADO,RURAL,CURVA,PLANA ,ASFALTADA,,,,,IMPRUDENCIA DEL CONDUCTOR,CONDUCIR EN ESTADO DE EBRIEDAD Y/O DROGADICCIÓN,9.0,0,26.0,26.0,21.0,31.0,2,1,1,1,1,1,2
A-2025-08-32,2025-08-04,06:10,CHOQUE,1,2,3,TUMBES,ZARUMILLA,PAPAYAL,RURAL,CARRETERA,NACIONAL,PE-1N,-3.5270681428462614,-80.35939572108758,DESPEJADO,RURAL,TRAMO RECTO,PLANA ,ASFALTADA,,,,,IMPRUDENCIA DEL CONDUCTOR,INVASIÓN DE CARRIL,6.0,0,42.333333333333336,39.0,38.0,50.0,2,2,1,2,0,0,4
A-2025-08-2,2025-08-05,18:00,CHOQUE FUGA,1,0,0,AREQUIPA,ISLAY,DEAN VALDIVIA,RURAL,CARRETERA,PROVINCIAL,AR-817,-17.123828,-71.850587,DESPEJADO,RURAL,TRAMO RECTO,PLANA ,ASFALTADA,,,,,EN PROCESO DE INVESTIGACIÓN,NO CUENTA CON CAUSA ESPECIFICA,18.0,0,73.0,73.0,73.0,73.0,1,1,1,0,0,0,2
A-2025-08-1,2025-08-08,10:00,ATROPELLO,1,0,0,HUANCAVELICA,ACOBAMBA,ROSARIO,RURAL,CARRETERA,SIN CLASIFICAR,SIN CLASIFICAR,-12.775655,-74.58469,DESPEJADO,RURAL,TRAMO RECTO,PLANA ,TROCHA,,,,,EN PROCESO DE INVESTIGACIÓN,NO CUENTA CON CAUSA ESPECIFICA,10.0,0,21.0,21.0,5.0,37.0,2,1,1,0,1,0,2
A-2025-08-95,2025-08-09,03:30,CHOQUE,1,1,2,AYACUCHO,LUCANAS,LUCANAS,RURAL,CARRETERA,NACIONAL,PE-30A,-14.6623,-74.386078,DESPEJADO,RURAL,TRAMO RECTO,PLANA ,ASFALTADA,SI,REGULADORA (R),,NO,IMPRUDENCIA DEL CONDUCTOR,EXCESO DE VELOCIDAD,3.0,0,47.666666666666664,41.0,40.0,62.0,3,2,1,1,2,0,3
A-2025-08-27,2025-08-09,05:40,CHOQUE,2,11,0,AREQUIPA,AREQUIPA,YURA,RURAL,CARRETERA,NACIONAL,PE-34A,-16.069505,-71.572433,DESPEJADO,RURAL,TRAMO RECTO,PLANA ,ASFALTADA,NO,,,SI,EN PROCESO DE INVESTIGACIÓN,NO CUENTA CON CAUSA ESPECIFICA,5.0,1,36.57142857142857,34.0,19.0,62.0,7,2,2,11,2,0,14
A-2025-08-6,2025-08-10,00:35,CHOQUE,1,0,2,SAN MARTIN,MOYOBAMBA,CALZADA,RURAL,CARRETERA,NACIONAL,PE-5N,-6.038646,-77.081384,DESPEJADO,RURAL,TRAMO RECTO,PLANA ,ASFALTADA,,,,,EN PROCESO DE INVESTIGACIÓN,NO CUENTA CON CAUSA ESPECIFICA,0.0,0,50.0,50.0,34.0,66.0,2,2,1,0,1,0,2
A-2025-08-156,2025-08-10,10:00,ATROPELLO,1,0,1,CUSCO,CALCA,CALCA,RURAL,AVENIDA,URBANO,NO CORRESPONDE,-13.32366325,-71.94946675,DESPEJADO,RURAL,TRAMO RECTO,INCLINADA,ASFALTADA,,,,,IMPRUDENCIA DEL PEATÓN,CRUCE INDEBIDO POR LA CALZADA,10.0,0,54.5,54.5,32.0,77.0,1,1,1,0,1,0,2
A-2025-08-5,2025-08-11,06:00,CHOQUE,1,1,0,APURIMAC,ANDAHUAYLAS,SAN MIGUEL DE CHACCRAMPA,RURAL,CARRETERA,DEPARTAMENTAL,AP-104,-13.92459538,-73.61262951,SOLEADO,RURAL,CURVA,PLANA ,TROCHA,,,,,IMPRUDENCIA DEL CONDUCTOR,EXCESO DE VELOCIDAD,6.0,0,24.0,24.0,19.0,29.0,2,2,1,1,0,0,2
A-2025-08-89,2025-08-13,23:30,CHOQUE,3,4,0,CUSCO,QUISPICANCHI,OROPESA,,CARRETERA,NACIONAL,PE-3S,-13.595443,-71.781486,,,,,,,,,,EN PROCESO DE INVESTIGACIÓN,NO CUENTA CON CAUSA ESPECIFICA,23.0,2,19.857142857142858,15.0,15.0,46.0,7,2,3,4,0,0,7
A-2025-08-88,2025-08-15,03:30,CHOQUE,1,0,2,AYACUCHO,HUAMANGA,QUINUA,RURAL,CARRETERA,NACIONAL,PE-28B,-13.0615749435509,-74.16638307526644,DESPEJADO,RURAL,CURVA,INCLINADA,ASFALTADA,SI,PREVENTIVA (P),,NO,IMPRUDENCIA DEL CONDUCTOR,CONDUCIR EN ESTADO DE EBRIEDAD Y/O DROGADICCIÓN,3.0,0,28.5,28.5,27.0,30.0,2,2,1,0,1,1,2
A-2025-08-24,2025-08-16,19:00,CHOQUE,1,0,2,SAN MARTIN,MOYOBAMBA,YANTALO,RURAL,CARRETERA,DEPARTAMENTAL,SM-113,-5.969565,-77.049934,DESPEJADO,RURAL,TRAMO RECTO,PLANA ,ASFALTADA,,,,,EN PROCESO DE INVESTIGACIÓN,NO CUENTA CON CAUSA ESPECIFICA,19.0,0,33.0,33.0,28.0,38.0,1,2,1,0,0,0,2
A-2025-08-152,2025-08-17,11:00,DESPISTE,1,0,1,CUSCO,LA CONVENCION,HUAYOPATA,RURAL,CARRETERA,NACIONAL,PE-28B,-13.00442588,-72.50736751,DESPEJADO,RURAL,CURVA,PLANA ,ASFALTADA,SI,INFORMATIVA (I),PREVENTIVA (P),NO,IMPRUDENCIA DEL CONDUCTOR,EXCESO DE VELOCIDAD,11.0,0,57.0,57.0,57.0,57.0,1,1,1,0,0,0,1
A-2025-08-131,2025-08-19,18:15,ATROPELLO,1,1,0,CUSCO,PAUCARTAMBO,KOSÑIPATA,RURAL,CARRETERA,PROVINCIAL,CU-113,-12.975169641189671,-71.42560913187148,DESPEJADO,RURAL,TRAMO RECTO,PLANA ,AFIRMADO,,,,,IMPRUDENCIA DEL CONDUCTOR,EXCESO DE VELOCIDAD,18.0,0,12.0,12.0,3.0,21.0,1,1,1,1,0,0,2
A-2025-08-154,2025-08-19,19:40,ATROPELLO,1,0,2,CUSCO,CANCHIS,SICUANI,RURAL,CARRETERA,NACIONAL,PE-3S,-14.310066876000374,-71.20737808213053,DESPEJADO,RURAL,TRAMO RECTO,PLANA ,ASFALTADA,,,,,IMPRUDENCIA DEL PEATÓN,CRUCE INDEBIDO POR LA CALZADA,19.0,0,32.0,28.0,23.0,45.0,3,2,1,0,1,0,3
A-2025-08-18,2025-08-22,12:35,DESPISTE,1,7,1,HUANCAVELICA,ANGARAES,CCOCHACCASA,RURAL,CARRETERA,PROVINCIAL,HV-900,-12.947990773751666,-74.77038499862464,DESPEJADO,RURAL,TRAMO RECTO,PLANA ,AFIRMADO,,,,,EN PROCESO DE INVESTIGACIÓN,NO CUENTA CON CAUSA ESPECIFICA,12.0,0,38.375,34.5,26.0,56.0,8,1,1,7,1,0,8
A-2025-08-40,2025-08-23,05:20,DESPISTE,1,2,0,AREQUIPA,AREQUIPA,LA JOYA,RURAL,CARRETERA,DEPARTAMENTAL,AR-115,-16.541826,-71.705467,DESPEJADO,RURAL,TRAMO RECTO,INCLINADA,ASFALTADA,SI,REGULADORA (R),PREVENTIVA (P),SI,EN PROCESO DE INVESTIGACIÓN,NO CUENTA CON CAUSA ESPECIFICA,5.0,0,34.0,33.0,19.0,50.0,3,1,1,2,1,0,3
A-2025-08-90,2025-08-23,21:14,CHOQUE FUGA,3,0,2,AYACUCHO,HUAMANGA,ANDRES AVELINO CACERES DORREGARAY,URBANA,CARRETERA,NACIONAL,PE-3S,-13.161954486572489,-74.217768271299,DESPEJADO,RESIDENCIAL,CURVA,INCLINADA,ASFALTADA,,,,,IMPRUDENCIA DEL CONDUCTOR,INVASIÓN DE CARRIL,21.0,2,28.75,27.5,6.0,54.0,2,2,3,0,0,0,4
A-2025-08-122,2025-08-23,21:30,ATROPELLO FUGA,1,0,1,AYACUCHO,HUAMANGA,SAN JUAN BAUTISTA,RURAL,CARRETERA,NACIONAL,PE-3S,-13.195297,-74.202945,DESPEJADO,RURAL,TRAMO RECTO,INCLINADA,ASFALTADA,,,,,IMPRUDENCIA DEL PEATÓN,ESTADO DE EBRIEDAD Y/O DROGADICCIÓN,21.0,0,52.5,52.5,46.0,59.0,2,1,1,0,0,1,2
A-2025-08-47,2025-08-24,17:30,ATROPELLO,1,0,0,AREQUIPA,AREQUIPA,JOSE LUIS BUSTAMANTE Y RIVERO,URBANA,AVENIDA,URBANO,NO CORRESPONDE,-16.43091764,-71.52639792,DESPEJADO,COMERCIAL,TRAMO RECTO,PLANA ,ASFALTADA,NO,,,SI,EN PROCESO DE INVESTIGACIÓN,NO CUENTA CON CAUSA ESPECIFICA,17.0,0,57.5,57.5,31.0,84.0,1,1,1,0,1,1,2
A-2025-08-91,2025-08-25,14:45,VOLCADURA,1,2,1,HUANCAVELICA,HUAYTARA,PILPICHACA,RURAL,CARRETERA,NACIONAL,PE-28A,-13.34751973,-74.69164304,LLUVIOSO,RURAL,CURVA,INCLINADA,ASFALTADA,SI,PREVENTIVA (P),PREVENTIVA (P),NO,NEGLIGENCIA DEL CONDUCTOR,CONDUCIR CON FALLAS DE NEUMÁTICOS,14.0,0,66.75,67.0,64.0,69.0,2,1,1,2,1,0,4
A-2025-08-39,2025-08-27,12:30,DESPISTE,2,0,1,HUANCAVELICA,CASTROVIRREYNA,CAPILLAS,RURAL,CARRETERA,NACIONAL,PE-26,-13.368891,-75.771641,DESPEJADO,RURAL,TRAMO RECTO,PLANA ,ASFALTADA,,,,,EN PROCESO DE INVESTIGACIÓN,NO CUENTA CON CAUSA ESPECIFICA,12.0,1,60.0,60.0,59.0,61.0,1,1,2,0,1,0,2
A-2025-08-83,2025-08-28,05:00,DESPISTE,3,1,0,CUSCO,CALCA,LARES,RURAL,CARRETERA,PROVINCIAL,CU-709,-13.017787,-72.046501,DESPEJADO,RURAL,CURVA,PLANA ,ASFALTADA,,,,,IMPRUDENCIA DEL CONDUCTOR,EXCESO DE VELOCIDAD,5.0,2,33.25,44.0,0.0,45.0,3,1,3,1,1,0,4
A-2025-08-35,2025-08-28,17:00,VOLCADURA,1,0,0,AREQUIPA,AREQUIPA,CAYMA,URBANA,CALLE,URBANO,NO CORRESPONDE,-16.35246577048342,-71.55154583287722,DESPEJADO,RESIDENCIAL,TRAMO RECTO,INCLINADA,ASFALTADA,NO,,,SI,EN PROCESO DE INVESTIGACIÓN,NO CUENTA CON CAUSA ESPECIFICA,17.0,0,23.0,23.0,23.0,23.0,0,0,1,0,0,0,2
A-2025-08-41,2025-08-29,23:50,DESPISTE,4,1,1,HUANCAVELICA,TAYACAJA,ACOSTAMBO,RURAL,CARRETERA,PROVINCIAL,HV-619,-12.491183,-74.960655,DESPEJADO,RURAL,TRAMO RECTO,PLANA ,TROCHA,,,,,EN PROCESO DE INVESTIGACIÓN,NO CUENTA CON CAUSA ESPECIFICA,23.0,2,32.0,24.0,11.0,58.0,3,1,4,1,1,0,5
A-2025-08-48,2025-08-30,01:00,VOLCADURA,1,0,0,AREQUIPA,AREQUIPA,CERRO COLORADO,URBANA,AVENIDA,URBANO,NO CORRESPONDE,-16.333158,-71.576935,SOLEADO,COMERCIAL,CURVA,PLANA ,ASFALTADA,SI,PREVENTIVA (P),PREVENTIVA (P),SI,EN PROCESO DE INVESTIGACIÓN,NO CUENTA CON CAUSA ESPECIFICA,1.0,0,28.0,28.0,28.0,28.0,1,1,1,0,1,0,1
A-2025-08-151,2025-08-30,09:00,DESPISTE,2,35,2,CUSCO,ANTA,CACHIMAYO,RURAL,CARRETERA,NACIONAL,PE-3S,-13.489751,-72.061916,DESPEJADO,RURAL,TRAMO RECTO,PLANA ,ASFALTADA,,,,,IMPRUDENCIA DEL CONDUCTOR,EXCESO DE VELOCIDAD,9.0,1,39.526315789473685,40.0,18.0,74.0,21,2,2,35,2,0,38
A-2025-08-84,2025-08-31,00:00,ATROPELLO,1,0,1,CUSCO,ANTA,ANCAHUASI,RURAL,CARRETERA,NACIONAL,PE-3S,-13.4613157,-72.289675,DESPEJADO,RURAL,TRAMO RECTO,PLANA ,ASFALTADA,,,,,IMPRUDENCIA DEL PEATÓN,ESTADO DE EBRIEDAD Y/O DROGADICCIÓN,0.0,0,41.5,41.5,39.0,44.0,2,1,1,0,1,1,2
A-2025-08-34,2025-08-31,04:40,DESPISTE,1,1,1,TUMBES,CONTRALMIRANTE VILLAR,CANOAS DE PUNTA SAL,RURAL,CARRETERA,NACIONAL,PE-1N,-3.9516883245415135,-80.94752307923065,DESPEJADO,RURAL,CURVA,INCLINADA,ASFALTADA,,,,,IMPRUDENCIA DEL CONDUCTOR,OTRO (IMPRUDENCIA DEL CONDUCTOR),4.0,0,21.5,21.5,16.0,27.0,1,1,1,1,0,0,2
A-2025-09-28,2025-09-01,00:02,DESPISTE,1,0,1,SAN MARTIN,MOYOBAMBA,CALZADA,URBANA,CARRETERA,NACIONAL,PE-5N,-6.041788,-77.13269,DESPEJADO,RESIDENCIAL,CURVA,PLANA ,ASFALTADA,,,,,EN PROCESO DE INVESTIGACIÓN,NO CUENTA CON CAUSA ESPECIFICA,0.0,0,52.0,52.0,52.0,52.0,0,1,1,0,0,0,1