CODIGO_SINIESTRO,FECHA_SINIESTRO,HORA_SINIESTRO,CLASE_SINIESTRO,CANTIDAD_FALLECIDOS,CANTIDAD_LESIONADOS,CANTIDAD_VEHICULOS,DEPARTAMENTO,PROVINCIA,DISTRITO,ZONA,TIPO_VIA,RED_VIAL,COD_CARRETERA,LATITUD,LONGITUD,CONDICION_CLIMATICA,ZONIFICACION,CARACTERISTICAS_VIA,PERFIL_VIA,SUPERFICIE_CALZADA,EXISTE_SENIAL_VERTICAL,CLASIFICACION_SENIAL_VERTICAL_1,CLASIFICACION_SENIAL_VERTICAL_2,EXISTE_SENIAL_HORIZONTAL,CAUSA_FACTOR_PRINCIPAL,CAUSA_ESPECIFICA,HORA,severidad,EDAD_PROMEDIO,EDAD_MEDIANA,EDAD_MIN,EDAD_MAX,TOTAL_MASCULINOS,TOTAL_CONDUCTORES,TOTAL_FALLECIDOS_AGG,TOTAL_LESIONADOS_AGG,TOTAL_LICENCIA,TOTAL_ALCOHOL_POSITIVO,TOTAL_PERSONAS
A-2025-09-39,2025-09-01,09:00,DESPISTE,1,0,1,HUANCAVELICA,TAYACAJA,AHUAYCHA,RURAL,CARRETERA,SIN CLASIFICAR,SIN CLASIFICAR,-12.398457131576746,-74.8868624413422,DESPEJADO,RURAL,TRAMO RECTO,PLANA ,TROCHA,,,,,EN PROCESO DE INVESTIGACIÓN,NO CUENTA CON CAUSA ESPECIFICA,9.0,0,49.0,49.0,49.0,49.0,1,1,1,0,1,0,1
A-2025-09-195,2025-09-01,15:10,ATROPELLO,1,0,0,CUSCO,QUISPICANCHI,CCATCA,RURAL,CARRETERA,NACIONAL,PE-30C,-13.622459,-71.546893,DESPEJADO,RURAL,TRAMO RECTO,PLANA ,ASFALTADA,SI,REGULADORA (R),PREVENTIVA (P),NO,IMPRUDENCIA DEL CONDUCTOR,EXCESO DE VELOCIDAD,15.0,0,79.0,79.0,79.0,79.0,1,0,1,0,0,0,2
A-2025-09-263,2025-09-01,18:30,ATROPELLO FUGA,1,0,0,AYACUCHO,HUAMANGA,VINCHOS,RURAL,CARRETERA,NACIONAL,PE-28A,-13.357008,-74.414337,,,,,,,,,,EN PROCESO DE INVESTIGACIÓN,NO CUENTA CON CAUSA ESPECIFICA,18.0,0,60.0,60.0,60.0,60.0,1,0,1,0,0,0,2
A-2025-09-194,2025-09-02,18:30,VOLCADURA,1,0,1,CUSCO,CHUMBIVILCAS,COLQUEMARCA,RURAL,CARRETERA,DEPARTAMENTAL,CU-127,-14.339286351337746,-72.00417709519428,DESPEJADO,RURAL,TRAMO RECTO,PLANA ,AFIRMADO,,,,,IMPRUDENCIA DEL CONDUCTOR,FATIGA Y/O CANSANCIO,18.0,0,28.0,28.0,28.0,28.0,1,1,1,0,1,0,1
A-2025-09-219,2025-09-03,15:00,DESPISTE,1,0,1,AYACUCHO,CANGALLO,PARAS,RURAL,CARRETERA,DEPARTAMENTAL,AY-106,-13.466142434885144,-74.649562141937,LLUVIOSO,RURAL,CURVA,PLANA ,TROCHA,,,,,IMPRUDENCIA DEL CONDUCTOR,OTRO (IMPRUDENCIA DEL CONDUCTOR),15.0,0,10.0,10.0,2.0,18.0,2,1,1,0,0,0,2
A-2025-09-207,2025-09-03,23:00,CHOQUE,1,0,2,AYACUCHO,CANGALLO,PARAS,RURAL,CARRETERA,NACIONAL,PE-28A,-13.352814223552134,-74.6544330697182,DESPEJADO,RURAL,CURVA,INCLINADA,ASFALTADA,SI,PREVENTIVA (P),,NO,IMPRUDENCIA DEL CONDUCTOR,OTRO (IMPRUDENCIA DEL CONDUCTOR),23.0,0,41.333333333333336,39.0,35.0,50.0,3,2,1,0,2,1,3
A-2025-09-181,2025-09-04,06:28,ATROPELLO,1,0,0,CUSCO,PAUCARTAMBO,KOSÑIPATA,URBANA,CALLE,URBANO,NO CORRESPONDE,-12.912910792486867,-71.40525960842317,DESPEJADO,RESIDENCIAL,TRAMO RECTO,PLANA ,CONCRETO,,,,,IMPRUDENCIA DEL CONDUCTOR,EXCESO DE VELOCIDAD,6.0,0,57.5,57.5,36.0,79.0,1,1,1,0,1,0,2
A-2025-09-55,2025-09-04,13:15,DESPISTE,1,0,1,HUANCAVELICA,HUAYTARA,PILPICHACA,RURAL,CARRETERA,NACIONAL,PE-28E,-13.328889,-74.992257,DESPEJADO,RURAL,TRAMO RECTO,PLANA ,AFIRMADO,,,,,EN PROCESO DE INVESTIGACIÓN,NO CUENTA CON CAUSA ESPECIFICA,13.0,0,24.0,24.0,24.0,24.0,1,1,1,0,0,0,1
A-2025-09-193,2025-09-04,17:00,DESPISTE,1,0,1,CUSCO,CHUMBIVILCAS,COLQUEMARCA,URBANA,CARRETERA,DEPARTAMENTAL,CU-119,-14.29925320828684,-72.03678189618539,DESPEJADO,RURAL,TRAMO RECTO,PLANA ,AFIRMADO,,,,,IMPRUDENCIA DEL CONDUCTOR,FATIGA Y/O CANSANCIO,17.0,0,55.0,55.0,55.0,55.0,1,1,1,0,1,0,1
A-2025-09-53,2025-09-05,00:05,CHOQUE,1,1,0,AREQUIPA,CAYLLOMA,SAN ANTONIO DE CHUCA,RURAL,CARRETERA,NACIONAL,PE-34A,-15.86967,-71.137238,DESPEJADO,RURAL,TRAMO RECTO,PLANA ,ASFALTADA,NO,,,SI,IMPRUDENCIA DEL CONDUCTOR,OTRO (IMPRUDENCIA DEL CONDUCTOR),0.0,0,46.0,46.0,39.0,53.0,2,2,1,1,2,0,3
A-2025-09-191,2025-09-05,17:35,VOLCADURA,1,0,2,CUSCO,CHUMBIVILCAS,COLQUEMARCA,RURAL,CARRETERA,NACIONAL,PE-3SY,-14.336007306413311,-71.95862143020156,DESPEJADO,RURAL,TRAMO RECTO,PLANA ,ASFALTADA,,,,,IMPRUDENCIA DEL CONDUCTOR,CONDUCIR EN ESTADO DE EBRIEDAD Y/O DROGADICCIÓN,17.0,0,41.0,41.0,41.0,41.0,1,1,1,0,1,0,1
A-2025-09-30,2025-09-05,20:35,CHOQUE,3,0,2,SAN MARTIN,RIOJA,NUEVA CAJAMARCA,RURAL,CARRETERA,NACIONAL,PE-5N,-5.826285,-77.372659,DESPEJADO,RURAL,TRAMO RECTO,PLANA ,ASFALTADA,,,,,IMPRUDENCIA DEL CONDUCTOR,CONDUCIR EN ESTADO DE EBRIEDAD Y/O DROGADICCIÓN,20.0,2,25.666666666666668,26.0,22.0,29.0,2,2,3,0,1,0,3
A-2025-09-11,2025-09-06,09:00,DESPISTE,1,1,0,AREQUIPA,AREQUIPA,YURA,RURAL,CARRETERA,NACIONAL,PE-34A,-16.24303793358947,-71.67024990420613,DESPEJADO,RURAL,CURVA,INCLINADA,ASFALTADA,SI,PREVENTIVA (P),,SI,EN PROCESO DE INVESTIGACIÓN,NO CUENTA CON CAUSA ESPECIFICA,9.0,0,29.5,29.5,29.0,30.0,2,1,1,1,1,0,2
A-2025-09-209,2025-09-07,21:46,ATROPELLO,1,0,1,CUSCO,CUSCO,WANCHAQ,URBANA,CALLE,URBANO,NO CORRESPONDE,-13.530732,-71.959368,DESPEJADO,RESIDENCIAL,TRAMO RECTO,PLANA ,CONCRETO,,,,,IMPRUDENCIA DEL PEATÓN,CRUCE INDEBIDO POR LA CALZADA,21.0,0,37.5,37.5,25.0,50.0,2,1,1,0,0,1,2
A-2025-09-56,2025-09-08,02:10,CHOQUE CON OBJETO FIJO,1,0,1,SAN MARTIN,RIOJA,PARDO MIGUEL,URBANA,CARRETERA,NACIONAL,PE-5N,-5.733252,-77.506772,DESPEJADO,RESIDENCIAL,CURVA,INCLINADA,ASFALTADA,,,,,EN PROCESO DE INVESTIGACIÓN,NO CUENTA CON CAUSA ESPECIFICA,2.0,0,17.0,17.0,17.0,17.0,1,1,1,0,0,0,1
A-2025-09-192,2025-09-08,22:41,ATROPELLO,1,0,1,CUSCO,CUSCO,WANCHAQ,URBANA,CALLE,URBANO,NO CORRESPONDE,-13.530732,-71.959368,NUBLADO,RESIDENCIAL,TRAMO RECTO,PLANA ,CONCRETO,NO,,,SI,IMPRUDENCIA DEL PEATÓN,ESTADO DE EBRIEDAD Y/O DROGADICCIÓN,22.0,0,37.5,37.5,25.0,50.0,2,1,1,0,0,1,2
A-2025-09-220,2025-09-09,01:20,CHOQUE FUGA,1,0,1,AYACUCHO,HUAMANGA,SAN JUAN BAUTISTA,RURAL,CARRETERA,NACIONAL,PE-3S,-13.200099,-74.205363,DESPEJADO,RURAL,TRAMO RECTO,INCLINADA,ASFALTADA,SI,PREVENTIVA (P),,NO,IMPRUDENCIA DEL CONDUCTOR,EXCESO DE VELOCIDAD,1.0,0,40.0,40.0,40.0,40.0,1,1,1,0,0,1,2
A-2025-09-189,2025-09-09,09:00,DESPISTE,1,0,1,CUSCO,CHUMBIVILCAS,SANTO TOMAS,RURAL,CARRETERA,NACIONAL,PE-3SG,-14.479037,-72.093613,DESPEJADO,RURAL,CURVA,PLANA ,AFIRMADO,,,,,IMPRUDENCIA DEL CONDUCTOR,EXCESO DE VELOCIDAD,9.0,0,40.0,40.0,40.0,40.0,1,1,1,0,0,0,1
A-2025-09-217,2025-09-09,23:00,DESPISTE,1,1,1,AYACUCHO,HUAMANGA,CHIARA,RURAL,CARRETERA,NACIONAL,PE-32A,-13.384927044679095,-74.19011049669709,DESPEJADO,RURAL,TRAMO RECTO,PLANA ,ASFALTADA,,,,,IMPRUDENCIA DEL CONDUCTOR,CONDUCIR EN ESTADO DE EBRIEDAD Y/O DROGADICCIÓN,23.0,0,24.5,24.5,23.0,26.0,2,1,1,1,1,1,2
A-2025-09-190,2025-09-10,15:30,CHOQUE,1,1,2,CUSCO,CANCHIS,TINTA,RURAL,CARRETERA,NACIONAL,PE-3S,-14.15364,-71.391025,DESPEJADO,RURAL,TRAMO RECTO,PLANA ,ASFALTADA,,,,,IMPRUDENCIA DEL CONDUCTOR,EXCESO DE VELOCIDAD,15.0,0,28.666666666666668,29.0,27.0,30.0,2,2,1,1,1,0,3
A-2025-09-188,2025-09-12,03:30,ATROPELLO FUGA,1,0,0,CUSCO,LA CONVENCION,SANTA ANA,RURAL,CARRETERA,NACIONAL,PE-28B,-12.944911,-72.670273,DESPEJADO,RURAL,CURVA,PLANA ,ASFALTADA,,,,,IMPRUDENCIA DEL CONDUCTOR,EXCESO DE VELOCIDAD,3.0,0,21.0,21.0,21.0,21.0,1,0,1,0,0,0,2
A-2025-09-182,2025-09-14,07:00,DESPISTE,1,0,0,CUSCO,PAUCARTAMBO,PAUCARTAMBO,RURAL,CARRETERA,PROVINCIAL,CU-1020,-13.357721,-71.556543,DESPEJADO,RURAL,TRAMO RECTO,PLANA ,AFIRMADO,,,,,IMPRUDENCIA DEL CONDUCTOR,EXCESO DE VELOCIDAD,7.0,0,30.0,30.0,30.0,30.0,1,1,1,0,0,0,1
A-2025-09-146,2025-09-15,04:30,VOLCADURA,1,0,1,SAN MARTIN,RIOJA,NUEVA CAJAMARCA,URBANA,JIRÓN,URBANO,NO CORRESPONDE,-5.953819,-77.302342,DESPEJADO,COMERCIAL,TRAMO RECTO,PLANA ,ASFALTADA,,,,,EN PROCESO DE INVESTIGACIÓN,NO CUENTA CON CAUSA ESPECIFICA,4.0,0,39.0,39.0,39.0,39.0,1,1,1,0,0,0,1
A-2025-09-37,2025-09-15,05:30,DESPISTE,1,0,1,LIMA,HUARAL,IHUARI,RURAL,CARRETERA,PROVINCIAL,LM-644,-11.2247331,-76.9100512,SOLEADO,RURAL,SINUOSA,INCLINADA,TROCHA,,,,,EN PROCESO DE INVESTIGACIÓN,NO CUENTA CON CAUSA ESPECIFICA,5.0,0,32.0,32.0,32.0,32.0,1,1,1,0,1,0,1
A-2025-09-154,2025-09-15,12:40,CHOQUE,1,0,0,AREQUIPA,CAYLLOMA,CALLALLI,RURAL,CARRETERA,NACIONAL,PE-34J,-15.530523,-71.055222,DESPEJADO,RURAL,TRAMO RECTO,PLANA ,ASFALTADA,SI,PREVENTIVA (P),,SI,EN PROCESO DE INVESTIGACIÓN,NO CUENTA CON CAUSA ESPECIFICA,12.0,0,42.0,42.0,20.0,62.0,9,2,1,0,2,0,14
A-2025-09-159,2025-09-15,22:30,CHOQUE,1,1,3,SAN MARTIN,MOYOBAMBA,MOYOBAMBA,RURAL,CARRETERA,NACIONAL,PE-5N,-6.044842,-77.008884,DESPEJADO,RURAL,TRAMO RECTO,PLANA ,ASFALTADA,,,,,IMPRUDENCIA DEL CONDUCTOR,CONDUCIR EN ESTADO DE EBRIEDAD Y/O DROGADICCIÓN,22.0,0,35.333333333333336,34.0,30.0,42.0,3,3,1,1,1,0,3
A-2025-09-178,2025-09-16,03:30,CHOQUE,2,0,2,CUSCO,URUBAMBA,OLLANTAYTAMBO,RURAL,CARRETERA,NACIONAL,PE-28B,-13.242697,-72.293616,DESPEJADO,RURAL,TRAMO RECTO,PLANA ,ASFALTADA,,,,,IMPRUDENCIA DEL CONDUCTOR,CONDUCIR EN ESTADO DE EBRIEDAD Y/O DROGADICCIÓN,3.0,1,26.333333333333332,27.0,25.0,27.0,2,2,2,0,2,0,3
A-2025-09-54,2025-09-16,18:50,ATROPELLO FUGA,1,0,0,AREQUIPA,AREQUIPA,LA JOYA,URBANA,CARRETERA,NACIONAL,PE-1S,-16.726349,-71.870022,NUBLADO,RURAL,TRAMO RECTO,INCLINADA,ASFALTADA,SI,REGULADORA (R),INFORMATIVA (I),SI,EN PROCESO DE INVESTIGACIÓN,NO CUENTA CON CAUSA ESPECIFICA,18.0,0,73.0,73.0,73.0,73.0,1,0,1,0,0,0,2
A-2025-09-216,2025-09-17,01:30,DESPISTE,1,4,1,AYACUCHO,CANGALLO,PARAS,RURAL,CARRETERA,NACIONAL,PE-28A,-13.354,-74.792,DESPEJADO,RESIDENCIAL,CURVA,INCLINADA,ASFALTADA,SI,PREVENTIVA (P),,NO,IMPRUDENCIA DEL CONDUCTOR,INVASIÓN DE CARRIL,1.0,0,30.666666666666668,33.0,18.0,43.0,2,1,1,4,1,0,6
A-2025-09-38,2025-09-17,06:30,ATROPELLO FUGA,1,0,0,LIMA,HUAURA,HUACHO,RURAL,CARRETERA,NACIONAL,PE-1N,-11.4099354,-77.3765669,DESPEJADO,RURAL,TRAMO RECTO,INCLINADA,ASFALTADA,SI,REGULADORA (R),,NO,EN PROCESO DE INVESTIGACIÓN,NO CUENTA CON CAUSA ESPECIFICA,6.0,0,59.0,59.0,59.0,59.0,1,0,1,0,0,0,2
A-2025-09-175,2025-09-17,08:30,ATROPELLO FUGA,1,0,1,CUSCO,ESPINAR,ESPINAR,RURAL,AVENIDA,URBANO,NO CORRESPONDE,-14.80180822,-71.41674826,DESPEJADO,RESIDENCIAL,TRAMO RECTO,PLANA ,CONCRETO,,,,,IMPRUDENCIA DEL CONDUCTOR,CONDUCIR EN ESTADO DE EBRIEDAD Y/O DROGADICCIÓN,8.0,0,62.0,62.0,62.0,62.0,1,0,1,0,0,0,2
A-2025-09-172,2025-09-19,15:30,ATROPELLO,1,0,1,CUSCO,ACOMAYO,SANGARARA,RURAL,CARRETERA,DEPARTAMENTAL,CU-117,-13.999685,-71.52858,DESPEJADO,RURAL,CURVA,PLANA ,AFIRMADO,,,,,IMPRUDENCIA DEL PEATÓN,CRUCE INDEBIDO POR LA CALZADA,15.0,0,15.5,15.5,9.0,22.0,2,1,1,0,1,0,2
A-2025-09-208,2025-09-19,16:40,ATROPELLO,1,1,0,AYACUCHO,HUAMANGA,VINCHOS,RURAL,CARRETERA,PROVINCIAL,AY-849,-13.366,-74.313,DESPEJADO,RURAL,TRAMO RECTO,INCLINADA,AFIRMADO,,,,,IMPRUDENCIA DEL PEATÓN,CRUCE INDEBIDO POR LA CALZADA,16.0,0,34.333333333333336,25.0,22.0,56.0,3,1,1,1,0,0,3
A-2025-09-57,2025-09-19,20:00,ATROPELLO FUGA,1,0,0,AREQUIPA,AREQUIPA,CERRO COLORADO,URBANA,JIRÓN,URBANO,NO CORRESPONDE,-16.40197,-71.5762,DESPEJADO,COMERCIAL,TRAMO RECTO,PLANA ,ASFALTADA,SI,INFORMATIVA (I),,SI,EN PROCESO DE INVESTIGACIÓN,NO CUENTA CON CAUSA ESPECIFICA,20.0,0,16.0,16.0,9.0,23.0,2,1,1,0,0,1,2
A-2025-09-222,2025-09-20,13:00,ATROPELLO,1,0,0,CUSCO,CANCHIS,SICUANI,RURAL,CARRETERA,NACIONAL,PE-3S,-14.29031,-71.221327,DESPEJADO,RURAL,TRAMO RECTO,PLANA ,CONCRETO,,,,,IMPRUDENCIA DEL PEATÓN,CRUCE INDEBIDO POR LA CALZADA,13.0,0,27.0,27.0,19.0,35.0,2,1,1,0,0,0,2
A-2025-09-78,2025-09-20,14:18,DESPISTE,1,0,1,HUANCAVELICA,ACOBAMBA,PAUCARA,RURAL,CARRETERA,NACIONAL,PE-3SM,-12.665855,-74.712145,DESPEJADO,RURAL,TRAMO RECTO,PLANA ,CONCRETO,,,,,EN PROCESO DE INVESTIGACIÓN,NO CUENTA CON CAUSA ESPECIFICA,14.0,0,34.0,34.0,34.0,34.0,1,1,1,0,0,0,1
A-2025-09-174,2025-09-20,19:20,ATROPELLO,1,0,1,CUSCO,CUSCO,WANCHAQ,URBANA,CARRETERA,NACIONAL,PE-3S,-13.532413,-71.962001,DESPEJADO,RESIDENCIAL,TRAMO RECTO,PLANA ,CONCRETO,SI,PREVENTIVA (P),REGULADORA (R),NO,IMPRUDENCIA DEL CONDUCTOR,EXCESO DE VELOCIDAD,19.0,0,33.5,33.5,28.0,39.0,2,1,1,0,1,0,2
A-2025-09-177,2025-09-20,20:00,ATROPELLO FUGA,1,0,0,CUSCO,CUSCO,SAN JERONIMO,RURAL,AVENIDA,URBANO,NO CORRESPONDE,-13.553208,-71.881763,DESPEJADO,RURAL,TRAMO RECTO,PLANA ,ASFALTADA,,,,,IMPRUDENCIA DEL CONDUCTOR,EXCESO DE VELOCIDAD,20.0,0,51.0,51.0,51.0,51.0,1,0,1,0,0,0,2
A-2025-09-170,2025-09-22,10:35,CHOQUE,1,0,2,SAN MARTIN,RIOJA,RIOJA,URBANA,AVENIDA,URBANO,NO CORRESPONDE,-6.060153,-77.179152,SOLEADO,COMERCIAL,INTERSECCIÓN,PLANA ,ASFALTADA,,,,,EN PROCESO DE INVESTIGACIÓN,NO CUENTA CON CAUSA ESPECIFICA,10.0,0,47.5,47.5,13.0,82.0,2,2,1,0,0,0,2
A-2025-09-124,2025-09-25,17:40,CHOQUE,1,0,2,TUMBES,TUMBES,PAMPAS DE HOSPITAL,RURAL,CARRETERA,DEPARTAMENTAL,TU-104,-3.68369253583533,-80.43698072015664,DESPEJADO,RURAL,TRAMO RECTO,PLANA ,ASFALTADA,,,,,IMPRUDENCIA DEL CONDUCTOR,OTRO (IMPRUDENCIA DEL CONDUCTOR),17.0,0,64.5,64.5,55.0,74.0,2,2,1,0,1,0,2
A-2025-09-171,2025-09-27,01:25,CHOQUE,1,0,2,SAN MARTIN,MOYOBAMBA,CALZADA,RURAL,CARRETERA,NACIONAL,PE-5N,-6.04457,-77.144425,DESPEJADO,RURAL,TRAMO RECTO,PLANA ,ASFALTADA,,,,,EN PROCESO DE INVESTIGACIÓN,NO CUENTA CON CAUSA ESPECIFICA,1.0,0,47.0,47.0,41.0,53.0,2,2,1,0,1,0,2
A-2025-09-215,2025-09-27,09:00,ATROPELLO,1,0,0,AYACUCHO,HUAMANGA,ANDRES AVELINO CACERES DORREGARAY,URBANA,PASAJE,URBANO,NO CORRESPONDE,-13.15438996,-74.20093599,DESPEJADO,RESIDENCIAL,TRAMO RECTO,PLANA ,TROCHA,,,,,IMPRUDENCIA DEL CONDUCTOR,OTRO (IMPRUDENCIA DEL CONDUCTOR),9.0,0,16.5,16.5,5.0,28.0,2,1,1,0,1,0,2
A-2025-09-264,2025-09-28,12:40,DESPISTE,1,0,1,AYACUCHO,HUAMANGA,ACOCRO,RURAL,CARRETERA,NACIONAL,PE-3S,-13.414866,-73.967526,LLUVIOSO,RURAL,CURVA,INCLINADA,ASFALTADA,,,,,IMPRUDENCIA DEL CONDUCTOR,CONDUCIR EN ESTADO DE EBRIEDAD Y/O DROGADICCIÓN,12.0,0,23.0,23.0,23.0,23.0,1,1,1,0,0,1,1
A-2025-10-1,2025-10-01,07:30,CHOQUE,1,2,2,LIMA,HUARAL,HUARAL,RURAL,CARRETERA,PROVINCIAL,LM-667,-11.4243413,-77.2858457,DESPEJADO,RURAL,TRAMO RECTO,PLANA ,ASFALTADA,,,,,EN PROCESO DE INVESTIGACIÓN,NO CUENTA CON CAUSA ESPECIFICA,7.0,0,36.666666666666664,40.0,26.0,44.0,3,2,1,2,2,0,3
A-2025-10-14,2025-10-02,03:30,CHOQUE,1,6,0,AREQUIPA,CAYLLOMA,SAN ANTONIO DE CHUCA,RURAL,CARRETERA,NACIONAL,PE-34A,-15.85050879,-71.11400513,DESPEJADO,RURAL,TRAMO RECTO,PLANA ,ASFALTADA,,,,,EN PROCESO DE INVESTIGACIÓN,NO CUENTA CON CAUSA ESPECIFICA,3.0,0,45.625,48.5,22.0,77.0,5,2,1,6,2,0,8
A-2025-10-173,2025-10-02,07:00,CHOQUE,3,1,2,CUSCO,QUISPICANCHI,OCONGATE,RURAL,CARRETERA,NACIONAL,PE-30C,-13.617150416740582,-71.25246657565249,DESPEJADO,RURAL,TRAMO RECTO,PLANA ,ASFALTADA,,,,,IMPRUDENCIA DEL CONDUCTOR,EXCESO DE VELOCIDAD,7.0,2,37.5,33.5,23.0,63.0,4,2,3,1,2,0,6
A-2025-10-274,2025-10-06,03:45,CHOQUE,1,1,2,CUSCO,QUISPICANCHI,CUSIPATA,RURAL,CARRETERA,NACIONAL,PE-3S,-13.932017,-71.503561,DESPEJADO,RURAL,TRAMO RECTO,PLANA ,ASFALTADA,,,,,IMPRUDENCIA DEL CONDUCTOR,INVASIÓN DE CARRIL,3.0,0,53.0,53.0,52.0,54.0,2,2,1,1,1,0,2
A-2025-10-35,2025-10-06,05:35,ATROPELLO FUGA,1,0,1,SAN MARTIN,RIOJA,RIOJA,URBANA,CARRETERA,NACIONAL,PE-5N,-6.049896,-77.17306,DESPEJADO,COMERCIAL,TRAMO RECTO,PLANA ,ASFALTADA,,,,,EN PROCESO DE INVESTIGACIÓN,NO CUENTA CON CAUSA ESPECIFICA,5.0,0,67.0,67.0,67.0,67.0,0,0,1,0,0,0,2
A-2025-10-272,2025-10-07,05:45,DESPISTE,1,1,1,CUSCO,PARURO,CCAPI,RURAL,CARRETERA,DEPARTAMENTAL,CU-119B,-13.849161,-71.945618,DESPEJADO,RURAL,TRAMO RECTO,INCLINADA,AFIRMADO,,,,,IMPRUDENCIA DEL CONDUCTOR,FATIGA Y/O CANSANCIO,5.0,0,51.5,51.5,49.0,54.0,2,1,1,1,1,0,2
A-2025-10-94,2025-10-07,14:50,CHOQUE,1,1,2,AYACUCHO,HUANTA,HUANTA,URBANA,CARRETERA,NACIONAL,PE-3S,-12.941257,-74.251382,DESPEJADO,RURAL,CURVA,INCLINADA,ASFALTADA,SI,PREVENTIVA (P),REGULADORA (R),NO,IMPRUDENCIA DEL CONDUCTOR,EXCESO DE VELOCIDAD,14.0,0,15.666666666666666,13.0,3.0,31.0,2,2,1,1,0,0,3
A-2025-10-93,2025-10-08,17:00,CHOQUE,2,0,0,CUSCO,QUISPICANCHI,URCOS,RURAL,CARRETERA,NACIONAL,PE-30C,-13.650235,-71.592558,DESPEJADO,RURAL,CURVA,PLANA ,ASFALTADA,,,,,IMPRUDENCIA DEL CONDUCTOR,INVASIÓN DE CARRIL,17.0,1,25.0,16.0,16.0,43.0,2,2,2,0,1,0,3
A-2025-10-75,2025-10-10,16:20,DESPISTE,1,1,0,AREQUIPA,AREQUIPA,SOCABAYA,URBANA,CARRETERA,PROVINCIAL,AR-795,-16.465726,-71.541744,DESPEJADO,RURAL,INTERSECCIÓN,PLANA ,ASFALTADA,,,,,EN PROCESO DE INVESTIGACIÓN,NO CUENTA CON CAUSA ESPECIFICA,16.0,0,35.0,35.0,26.0,44.0,1,1,1,1,1,0,2
A-2025-10-275,2025-10-11,06:30,CHOQUE,1,0,0,AREQUIPA,AREQUIPA,CERRO COLORADO,URBANA,CARRETERA,NACIONAL,PE-34A,-16.393403,-71.583374,DESPEJADO,COMERCIAL,TRAMO RECTO,PLANA ,ASFALTADA,NO,,,SI,IMPRUDENCIA DEL CONDUCTOR,OTRO (IMPRUDENCIA DEL CONDUCTOR),6.0,0,40.333333333333336,43.0,30.0,48.0,3,3,1,0,0,0,3
A-2025-10-277,2025-10-11,09:00,DESPISTE,9,0,1,HUANCAVELICA,TAYACAJA,PAMPAS,RURAL,CARRETERA,NACIONAL,PE-3S,-12.503808764420713,-74.84291259122247,DESPEJADO,RURAL,CURVA,PLANA ,ASFALTADA,SI,PREVENTIVA (P),,NO,IMPRUDENCIA DEL CONDUCTOR,EXCESO DE VELOCIDAD,9.0,2,44.0,42.5,15.0,75.0,4,1,9,0,1,0,9
A-2025-10-39,2025-10-11,16:00,DESPISTE,1,2,1,SAN MARTIN,LAMAS,ALONSO DE ALVARADO,RURAL,CARRETERA,PROVINCIAL,SM-656,-6.271443,-76.77876,DESPEJADO,RURAL,TRAMO RECTO,INCLINADA,AFIRMADO,,,,,EN PROCESO DE INVESTIGACIÓN,NO CUENTA CON CAUSA ESPECIFICA,16.0,0,63.0,66.0,41.0,79.0,3,1,1,2,1,0,4
A-2025-10-40,2025-10-11,18:30,ATROPELLO,1,0,1,SAN MARTIN,RIOJA,NUEVA CAJAMARCA,RURAL,CARRETERA,NACIONAL,PE-5N,-5.902148238,-77.3268811,DESPEJADO,RURAL,TRAMO RECTO,PLANA ,ASFALTADA,,,,,EN PROCESO DE INVESTIGACIÓN,NO CUENTA CON CAUSA ESPECIFICA,18.0,0,50.5,50.5,32.0,69.0,1,1,1,0,0,0,2
A-2025-10-49,2025-10-12,05:30,CHOQUE,1,4,2,SAN MARTIN,RIOJA,NUEVA CAJAMARCA,URBANA,CARRETERA,NACIONAL,PE-5N,-5.943543,-77.306208,DESPEJADO,COMERCIAL,TRAMO RECTO,PLANA ,ASFALTADA,,,,,EN PROCESO DE INVESTIGACIÓN,NO CUENTA CON CAUSA ESPECIFICA,5.0,0,23.0,24.0,17.0,29.0,4,2,1,4,0,0,5
A-2025-10-68,2025-10-12,22:10,ATROPELLO,1,0,1,SAN MARTIN,LAMAS,ALONSO DE ALVARADO,RURAL,CARRETERA,NACIONAL,PE-5N,-6.259737439,-76.78171496,DESPEJADO,RURAL,TRAMO RECTO,PLANA ,ASFALTADA,,,,,EN PROCESO DE INVESTIGACIÓN,NO CUENTA CON CAUSA ESPECIFICA,22.0,0,57.5,57.5,37.0,78.0,2,1,1,0,1,0,2
A-2025-10-65,2025-10-13,12:50,DESPISTE,1,0,1,TUMBES,TUMBES,PAMPAS DE HOSPITAL,RURAL,CARRETERA,PROVINCIAL,TU-532,-3.6929703,-80.4471108,DESPEJADO,RURAL,CURVA,INCLINADA,ASFALTADA,SI,PREVENTIVA (P),,NO,IMPRUDENCIA DEL CONDUCTOR,CONDUCIR EN ESTADO DE EBRIEDAD Y/O DROGADICCIÓN,12.0,0,54.0,54.0,54.0,54.0,1,1,1,0,1,1,1
A-2025-10-90,2025-10-14,07:00,DESPISTE,1,0,1,CUSCO,PAUCARTAMBO,PAUCARTAMBO,RURAL,CARRETERA,PROVINCIAL,CU-116,-13.357721,-71.556543,DESPEJADO,RURAL,CURVA,PLANA ,AFIRMADO,,,,,IMPRUDENCIA DEL CONDUCTOR,EXCESO DE VELOCIDAD,7.0,0,30.0,30.0,30.0,30.0,1,1,1,0,0,0,1